Analysis & Synthesis report for Calculator
Sun Jun 21 21:39:39 2026
Quartus Prime Version 23.1std.0 Build 991 11/28/2023 SC Lite Edition


---------------------
; Table of Contents ;
---------------------
  1. Legal Notice
  2. Analysis & Synthesis Summary
  3. Analysis & Synthesis Settings
  4. Parallel Compilation
  5. Analysis & Synthesis Source Files Read
  6. Analysis & Synthesis Resource Usage Summary
  7. Analysis & Synthesis Resource Utilization by Entity
  8. General Register Statistics
  9. Multiplexer Restructuring Statistics (Restructuring Performed)
 10. Port Connectivity Checks: "bcdconv:bcd|Divider:u5"
 11. Port Connectivity Checks: "bcdconv:bcd|Divider:u4"
 12. Port Connectivity Checks: "bcdconv:bcd|Divider:u3"
 13. Port Connectivity Checks: "bcdconv:bcd|Divider:u2"
 14. Port Connectivity Checks: "bcdconv:bcd|Divider:u1"
 15. Port Connectivity Checks: "bcdconv:bcd|FAdder:v1"
 16. Port Connectivity Checks: "Divider:div|FAdder:v4"
 17. Port Connectivity Checks: "Divider:div|FAdder:v3"
 18. Port Connectivity Checks: "Divider:div|pu4s:u1|pu:u1|FAdder:u1"
 19. Port Connectivity Checks: "Divider:div|pu4s:u1"
 20. Port Connectivity Checks: "Divider:div|FAdder:v2"
 21. Port Connectivity Checks: "Divider:div|FAdder:v1"
 22. Port Connectivity Checks: "FAdder:dif"
 23. Port Connectivity Checks: "FAdder:sum"
 24. Port Connectivity Checks: "binconv:a11|FAdder:u9"
 25. Port Connectivity Checks: "binconv:a11|FAdder:u7"
 26. Port Connectivity Checks: "binconv:a11|FAdder:u6"
 27. Port Connectivity Checks: "binconv:a11|FAdder:u5"
 28. Port Connectivity Checks: "binconv:a11|Multiplier:u3"
 29. Port Connectivity Checks: "binconv:a11|Multiplier:u2"
 30. Port Connectivity Checks: "binconv:a11|Multiplier:u1|FAdder_32bit:v3"
 31. Port Connectivity Checks: "binconv:a11|Multiplier:u1|FAdder_32bit:u7"
 32. Port Connectivity Checks: "binconv:a11|Multiplier:u1|FAdder_32bit:u6"
 33. Port Connectivity Checks: "binconv:a11|Multiplier:u1|FAdder_32bit:u5"
 34. Port Connectivity Checks: "binconv:a11|Multiplier:u1|Mul_4bit:u1|altAdder:u7"
 35. Port Connectivity Checks: "binconv:a11|Multiplier:u1|Mul_4bit:u1|altAdder:u5"
 36. Port Connectivity Checks: "binconv:a11|Multiplier:u1|Mul_4bit:u1|altAdder:u3"
 37. Port Connectivity Checks: "binconv:a11|Multiplier:u1|FAdder:v2"
 38. Port Connectivity Checks: "binconv:a11|Multiplier:u1|FAdder:v1"
 39. Port Connectivity Checks: "binconv:a11|Multiplier:u1"
 40. Post-Synthesis Netlist Statistics for Top Partition
 41. Elapsed Time Per Partition
 42. Analysis & Synthesis Messages



----------------
; Legal Notice ;
----------------
Copyright (C) 2023  Intel Corporation. All rights reserved.
Your use of Intel Corporation's design tools, logic functions 
and other software and tools, and any partner logic 
functions, and any output files from any of the foregoing 
(including device programming or simulation files), and any 
associated documentation or information are expressly subject 
to the terms and conditions of the Intel Program License 
Subscription Agreement, the Intel Quartus Prime License Agreement,
the Intel FPGA IP License Agreement, or other applicable license
agreement, including, without limitation, that your use is for
the sole purpose of programming logic devices manufactured by
Intel and sold by Intel or its authorized distributors.  Please
refer to the applicable agreement for further details, at
https://fpgasoftware.intel.com/eula.



+----------------------------------------------------------------------------------+
; Analysis & Synthesis Summary                                                     ;
+---------------------------------+------------------------------------------------+
; Analysis & Synthesis Status     ; Successful - Sun Jun 21 21:39:39 2026          ;
; Quartus Prime Version           ; 23.1std.0 Build 991 11/28/2023 SC Lite Edition ;
; Revision Name                   ; Calculator                                     ;
; Top-level Entity Name           ; Calculator                                     ;
; Family                          ; Cyclone V                                      ;
; Logic utilization (in ALMs)     ; N/A                                            ;
; Total registers                 ; 0                                              ;
; Total pins                      ; 110                                            ;
; Total virtual pins              ; 0                                              ;
; Total block memory bits         ; 0                                              ;
; Total DSP Blocks                ; 0                                              ;
; Total HSSI RX PCSs              ; 0                                              ;
; Total HSSI PMA RX Deserializers ; 0                                              ;
; Total HSSI TX PCSs              ; 0                                              ;
; Total HSSI PMA TX Serializers   ; 0                                              ;
; Total PLLs                      ; 0                                              ;
; Total DLLs                      ; 0                                              ;
+---------------------------------+------------------------------------------------+


+---------------------------------------------------------------------------------------------------------------------------+
; Analysis & Synthesis Settings                                                                                             ;
+---------------------------------------------------------------------------------+--------------------+--------------------+
; Option                                                                          ; Setting            ; Default Value      ;
+---------------------------------------------------------------------------------+--------------------+--------------------+
; Device                                                                          ; 5CSEMA5F31C6       ;                    ;
; Top-level entity name                                                           ; Calculator         ; Calculator         ;
; Family name                                                                     ; Cyclone V          ; Cyclone V          ;
; VHDL Show LMF Mapping Messages                                                  ; Off                ;                    ;
; VHDL Version                                                                    ; VHDL_2008          ; VHDL_1993          ;
; Use smart compilation                                                           ; Off                ; Off                ;
; Enable parallel Assembler and Timing Analyzer during compilation                ; On                 ; On                 ;
; Enable compact report table                                                     ; Off                ; Off                ;
; Restructure Multiplexers                                                        ; Auto               ; Auto               ;
; MLAB Add Timing Constraints For Mixed-Port Feed-Through Mode Setting Don't Care ; Off                ; Off                ;
; Create Debugging Nodes for IP Cores                                             ; Off                ; Off                ;
; Preserve fewer node names                                                       ; On                 ; On                 ;
; Intel FPGA IP Evaluation Mode                                                   ; Enable             ; Enable             ;
; Verilog Version                                                                 ; Verilog_2001       ; Verilog_2001       ;
; State Machine Processing                                                        ; Auto               ; Auto               ;
; Safe State Machine                                                              ; Off                ; Off                ;
; Extract Verilog State Machines                                                  ; On                 ; On                 ;
; Extract VHDL State Machines                                                     ; On                 ; On                 ;
; Ignore Verilog initial constructs                                               ; Off                ; Off                ;
; Iteration limit for constant Verilog loops                                      ; 5000               ; 5000               ;
; Iteration limit for non-constant Verilog loops                                  ; 250                ; 250                ;
; Add Pass-Through Logic to Inferred RAMs                                         ; On                 ; On                 ;
; Infer RAMs from Raw Logic                                                       ; On                 ; On                 ;
; Parallel Synthesis                                                              ; On                 ; On                 ;
; DSP Block Balancing                                                             ; Auto               ; Auto               ;
; NOT Gate Push-Back                                                              ; On                 ; On                 ;
; Power-Up Don't Care                                                             ; On                 ; On                 ;
; Remove Redundant Logic Cells                                                    ; Off                ; Off                ;
; Remove Duplicate Registers                                                      ; On                 ; On                 ;
; Ignore CARRY Buffers                                                            ; Off                ; Off                ;
; Ignore CASCADE Buffers                                                          ; Off                ; Off                ;
; Ignore GLOBAL Buffers                                                           ; Off                ; Off                ;
; Ignore ROW GLOBAL Buffers                                                       ; Off                ; Off                ;
; Ignore LCELL Buffers                                                            ; Off                ; Off                ;
; Ignore SOFT Buffers                                                             ; On                 ; On                 ;
; Limit AHDL Integers to 32 Bits                                                  ; Off                ; Off                ;
; Optimization Technique                                                          ; Balanced           ; Balanced           ;
; Carry Chain Length                                                              ; 70                 ; 70                 ;
; Auto Carry Chains                                                               ; On                 ; On                 ;
; Auto Open-Drain Pins                                                            ; On                 ; On                 ;
; Perform WYSIWYG Primitive Resynthesis                                           ; Off                ; Off                ;
; Auto ROM Replacement                                                            ; On                 ; On                 ;
; Auto RAM Replacement                                                            ; On                 ; On                 ;
; Auto DSP Block Replacement                                                      ; On                 ; On                 ;
; Auto Shift Register Replacement                                                 ; Auto               ; Auto               ;
; Allow Shift Register Merging across Hierarchies                                 ; Auto               ; Auto               ;
; Auto Clock Enable Replacement                                                   ; On                 ; On                 ;
; Strict RAM Replacement                                                          ; Off                ; Off                ;
; Allow Synchronous Control Signals                                               ; On                 ; On                 ;
; Force Use of Synchronous Clear Signals                                          ; Off                ; Off                ;
; Auto Resource Sharing                                                           ; Off                ; Off                ;
; Allow Any RAM Size For Recognition                                              ; Off                ; Off                ;
; Allow Any ROM Size For Recognition                                              ; Off                ; Off                ;
; Allow Any Shift Register Size For Recognition                                   ; Off                ; Off                ;
; Use LogicLock Constraints during Resource Balancing                             ; On                 ; On                 ;
; Ignore translate_off and synthesis_off directives                               ; Off                ; Off                ;
; Timing-Driven Synthesis                                                         ; On                 ; On                 ;
; Report Parameter Settings                                                       ; On                 ; On                 ;
; Report Source Assignments                                                       ; On                 ; On                 ;
; Report Connectivity Checks                                                      ; On                 ; On                 ;
; Ignore Maximum Fan-Out Assignments                                              ; Off                ; Off                ;
; Synchronization Register Chain Length                                           ; 3                  ; 3                  ;
; Power Optimization During Synthesis                                             ; Normal compilation ; Normal compilation ;
; HDL message level                                                               ; Level2             ; Level2             ;
; Suppress Register Optimization Related Messages                                 ; Off                ; Off                ;
; Number of Removed Registers Reported in Synthesis Report                        ; 5000               ; 5000               ;
; Number of Swept Nodes Reported in Synthesis Report                              ; 5000               ; 5000               ;
; Number of Inverted Registers Reported in Synthesis Report                       ; 100                ; 100                ;
; Clock MUX Protection                                                            ; On                 ; On                 ;
; Auto Gated Clock Conversion                                                     ; Off                ; Off                ;
; Block Design Naming                                                             ; Auto               ; Auto               ;
; SDC constraint protection                                                       ; Off                ; Off                ;
; Synthesis Effort                                                                ; Auto               ; Auto               ;
; Shift Register Replacement - Allow Asynchronous Clear Signal                    ; On                 ; On                 ;
; Pre-Mapping Resynthesis Optimization                                            ; Off                ; Off                ;
; Analysis & Synthesis Message Level                                              ; Medium             ; Medium             ;
; Disable Register Merging Across Hierarchies                                     ; Auto               ; Auto               ;
; Resource Aware Inference For Block RAM                                          ; On                 ; On                 ;
; Automatic Parallel Synthesis                                                    ; On                 ; On                 ;
; Partial Reconfiguration Bitstream ID                                            ; Off                ; Off                ;
+---------------------------------------------------------------------------------+--------------------+--------------------+


+------------------------------------------+
; Parallel Compilation                     ;
+----------------------------+-------------+
; Processors                 ; Number      ;
+----------------------------+-------------+
; Number detected on machine ; 4           ;
; Maximum allowed            ; 2           ;
;                            ;             ;
; Average used               ; 1.00        ;
; Maximum used               ; 2           ;
;                            ;             ;
; Usage by Processor         ; % Time Used ;
;     Processor 1            ; 100.0%      ;
;     Processor 2            ;   0.0%      ;
+----------------------------+-------------+


+------------------------------------------------------------------------------------------------------------------------------------------------------------------------------+
; Analysis & Synthesis Source Files Read                                                                                                                                       ;
+----------------------------------+-----------------+-----------------------+---------------------------------------------------------------------------------------+---------+
; File Name with User-Entered Path ; Used in Netlist ; File Type             ; File Name with Absolute Path                                                          ; Library ;
+----------------------------------+-----------------+-----------------------+---------------------------------------------------------------------------------------+---------+
; Calculator.vhd                   ; yes             ; User VHDL File        ; C:/Users/Kidus/Documents/GitHub/First_DSD/16-bit Calculator/Calculator/Calculator.vhd ;         ;
; FAdder.vhd                       ; yes             ; User VHDL File        ; C:/Users/Kidus/Documents/GitHub/First_DSD/16-bit Calculator/Calculator/FAdder.vhd     ;         ;
; Multiplier.vhd                   ; yes             ; User VHDL File        ; C:/Users/Kidus/Documents/GitHub/First_DSD/16-bit Calculator/Calculator/Multiplier.vhd ;         ;
; Divider.vhd                      ; yes             ; User VHDL File        ; C:/Users/Kidus/Documents/GitHub/First_DSD/16-bit Calculator/Calculator/Divider.vhd    ;         ;
; binconv.vhd                      ; yes             ; Auto-Found VHDL File  ; C:/Users/Kidus/Documents/GitHub/First_DSD/16-bit Calculator/Calculator/binconv.vhd    ;         ;
; bcdconv.vhd                      ; yes             ; Auto-Found VHDL File  ; C:/Users/Kidus/Documents/GitHub/First_DSD/16-bit Calculator/Calculator/bcdconv.vhd    ;         ;
+----------------------------------+-----------------+-----------------------+---------------------------------------------------------------------------------------+---------+


+-------------------------------------------------------------------+
; Analysis & Synthesis Resource Usage Summary                       ;
+---------------------------------------------+---------------------+
; Resource                                    ; Usage               ;
+---------------------------------------------+---------------------+
; Estimate of Logic utilization (ALMs needed) ; 997                 ;
;                                             ;                     ;
; Combinational ALUT usage for logic          ; 1656                ;
;     -- 7 input functions                    ; 21                  ;
;     -- 6 input functions                    ; 317                 ;
;     -- 5 input functions                    ; 511                 ;
;     -- 4 input functions                    ; 453                 ;
;     -- <=3 input functions                  ; 354                 ;
;                                             ;                     ;
; Dedicated logic registers                   ; 0                   ;
;                                             ;                     ;
; I/O pins                                    ; 110                 ;
;                                             ;                     ;
; Total DSP Blocks                            ; 0                   ;
;                                             ;                     ;
; Maximum fan-out node                        ; Divider:div|bm[7]~6 ;
; Maximum fan-out                             ; 92                  ;
; Total fan-out                               ; 7559                ;
; Average fan-out                             ; 4.03                ;
+---------------------------------------------+---------------------+


+--------------------------------------------------------------------------------------------------------------------------------------------------------------------------------------------------------------------------------------------------------------------------------------+
; Analysis & Synthesis Resource Utilization by Entity                                                                                                                                                                                                                                  ;
+---------------------------------------+---------------------+---------------------------+-------------------+------------+------+--------------+-------------------------------------------------------------------------------------------------------+--------------+--------------+
; Compilation Hierarchy Node            ; Combinational ALUTs ; Dedicated Logic Registers ; Block Memory Bits ; DSP Blocks ; Pins ; Virtual Pins ; Full Hierarchy Name                                                                                   ; Entity Name  ; Library Name ;
+---------------------------------------+---------------------+---------------------------+-------------------+------------+------+--------------+-------------------------------------------------------------------------------------------------------+--------------+--------------+
; |Calculator                           ; 1656 (95)           ; 0 (0)                     ; 0                 ; 0          ; 110  ; 0            ; |Calculator                                                                                           ; Calculator   ; work         ;
;    |Divider:div|                      ; 613 (30)            ; 0 (0)                     ; 0                 ; 0          ; 0    ; 0            ; |Calculator|Divider:div                                                                               ; Divider      ; work         ;
;       |FAdder:v1|                     ; 7 (0)               ; 0 (0)                     ; 0                 ; 0          ; 0    ; 0            ; |Calculator|Divider:div|FAdder:v1                                                                     ; FAdder       ; work         ;
;          |FAdder_4bit:u1|             ; 3 (0)               ; 0 (0)                     ; 0                 ; 0          ; 0    ; 0            ; |Calculator|Divider:div|FAdder:v1|FAdder_4bit:u1                                                      ; FAdder_4bit  ; work         ;
;             |FAdder_1bit:u0|          ; 1 (1)               ; 0 (0)                     ; 0                 ; 0          ; 0    ; 0            ; |Calculator|Divider:div|FAdder:v1|FAdder_4bit:u1|FAdder_1bit:u0                                       ; FAdder_1bit  ; work         ;
;             |FAdder_1bit:u1|          ; 1 (1)               ; 0 (0)                     ; 0                 ; 0          ; 0    ; 0            ; |Calculator|Divider:div|FAdder:v1|FAdder_4bit:u1|FAdder_1bit:u1                                       ; FAdder_1bit  ; work         ;
;             |FAdder_1bit:u3|          ; 1 (1)               ; 0 (0)                     ; 0                 ; 0          ; 0    ; 0            ; |Calculator|Divider:div|FAdder:v1|FAdder_4bit:u1|FAdder_1bit:u3                                       ; FAdder_1bit  ; work         ;
;          |FAdder_4bit:u2|             ; 3 (0)               ; 0 (0)                     ; 0                 ; 0          ; 0    ; 0            ; |Calculator|Divider:div|FAdder:v1|FAdder_4bit:u2                                                      ; FAdder_4bit  ; work         ;
;             |FAdder_1bit:u1|          ; 1 (1)               ; 0 (0)                     ; 0                 ; 0          ; 0    ; 0            ; |Calculator|Divider:div|FAdder:v1|FAdder_4bit:u2|FAdder_1bit:u1                                       ; FAdder_1bit  ; work         ;
;             |FAdder_1bit:u2|          ; 1 (1)               ; 0 (0)                     ; 0                 ; 0          ; 0    ; 0            ; |Calculator|Divider:div|FAdder:v1|FAdder_4bit:u2|FAdder_1bit:u2                                       ; FAdder_1bit  ; work         ;
;             |FAdder_1bit:u3|          ; 1 (1)               ; 0 (0)                     ; 0                 ; 0          ; 0    ; 0            ; |Calculator|Divider:div|FAdder:v1|FAdder_4bit:u2|FAdder_1bit:u3                                       ; FAdder_1bit  ; work         ;
;          |FAdder_4bit:u3|             ; 1 (0)               ; 0 (0)                     ; 0                 ; 0          ; 0    ; 0            ; |Calculator|Divider:div|FAdder:v1|FAdder_4bit:u3                                                      ; FAdder_4bit  ; work         ;
;             |FAdder_1bit:u1|          ; 1 (1)               ; 0 (0)                     ; 0                 ; 0          ; 0    ; 0            ; |Calculator|Divider:div|FAdder:v1|FAdder_4bit:u3|FAdder_1bit:u1                                       ; FAdder_1bit  ; work         ;
;       |FAdder:v2|                     ; 7 (0)               ; 0 (0)                     ; 0                 ; 0          ; 0    ; 0            ; |Calculator|Divider:div|FAdder:v2                                                                     ; FAdder       ; work         ;
;          |FAdder_4bit:u0|             ; 1 (0)               ; 0 (0)                     ; 0                 ; 0          ; 0    ; 0            ; |Calculator|Divider:div|FAdder:v2|FAdder_4bit:u0                                                      ; FAdder_4bit  ; work         ;
;             |FAdder_1bit:u2|          ; 1 (1)               ; 0 (0)                     ; 0                 ; 0          ; 0    ; 0            ; |Calculator|Divider:div|FAdder:v2|FAdder_4bit:u0|FAdder_1bit:u2                                       ; FAdder_1bit  ; work         ;
;          |FAdder_4bit:u1|             ; 3 (0)               ; 0 (0)                     ; 0                 ; 0          ; 0    ; 0            ; |Calculator|Divider:div|FAdder:v2|FAdder_4bit:u1                                                      ; FAdder_4bit  ; work         ;
;             |FAdder_1bit:u0|          ; 1 (1)               ; 0 (0)                     ; 0                 ; 0          ; 0    ; 0            ; |Calculator|Divider:div|FAdder:v2|FAdder_4bit:u1|FAdder_1bit:u0                                       ; FAdder_1bit  ; work         ;
;             |FAdder_1bit:u3|          ; 2 (2)               ; 0 (0)                     ; 0                 ; 0          ; 0    ; 0            ; |Calculator|Divider:div|FAdder:v2|FAdder_4bit:u1|FAdder_1bit:u3                                       ; FAdder_1bit  ; work         ;
;          |FAdder_4bit:u2|             ; 2 (0)               ; 0 (0)                     ; 0                 ; 0          ; 0    ; 0            ; |Calculator|Divider:div|FAdder:v2|FAdder_4bit:u2                                                      ; FAdder_4bit  ; work         ;
;             |FAdder_1bit:u1|          ; 1 (1)               ; 0 (0)                     ; 0                 ; 0          ; 0    ; 0            ; |Calculator|Divider:div|FAdder:v2|FAdder_4bit:u2|FAdder_1bit:u1                                       ; FAdder_1bit  ; work         ;
;             |FAdder_1bit:u2|          ; 1 (1)               ; 0 (0)                     ; 0                 ; 0          ; 0    ; 0            ; |Calculator|Divider:div|FAdder:v2|FAdder_4bit:u2|FAdder_1bit:u2                                       ; FAdder_1bit  ; work         ;
;          |FAdder_4bit:u3|             ; 1 (0)               ; 0 (0)                     ; 0                 ; 0          ; 0    ; 0            ; |Calculator|Divider:div|FAdder:v2|FAdder_4bit:u3                                                      ; FAdder_4bit  ; work         ;
;             |FAdder_1bit:u0|          ; 1 (1)               ; 0 (0)                     ; 0                 ; 0          ; 0    ; 0            ; |Calculator|Divider:div|FAdder:v2|FAdder_4bit:u3|FAdder_1bit:u0                                       ; FAdder_1bit  ; work         ;
;       |FAdder:v3|                     ; 10 (0)              ; 0 (0)                     ; 0                 ; 0          ; 0    ; 0            ; |Calculator|Divider:div|FAdder:v3                                                                     ; FAdder       ; work         ;
;          |FAdder_4bit:u0|             ; 2 (0)               ; 0 (0)                     ; 0                 ; 0          ; 0    ; 0            ; |Calculator|Divider:div|FAdder:v3|FAdder_4bit:u0                                                      ; FAdder_4bit  ; work         ;
;             |FAdder_1bit:u1|          ; 1 (1)               ; 0 (0)                     ; 0                 ; 0          ; 0    ; 0            ; |Calculator|Divider:div|FAdder:v3|FAdder_4bit:u0|FAdder_1bit:u1                                       ; FAdder_1bit  ; work         ;
;             |FAdder_1bit:u2|          ; 1 (1)               ; 0 (0)                     ; 0                 ; 0          ; 0    ; 0            ; |Calculator|Divider:div|FAdder:v3|FAdder_4bit:u0|FAdder_1bit:u2                                       ; FAdder_1bit  ; work         ;
;          |FAdder_4bit:u1|             ; 4 (0)               ; 0 (0)                     ; 0                 ; 0          ; 0    ; 0            ; |Calculator|Divider:div|FAdder:v3|FAdder_4bit:u1                                                      ; FAdder_4bit  ; work         ;
;             |FAdder_1bit:u0|          ; 1 (1)               ; 0 (0)                     ; 0                 ; 0          ; 0    ; 0            ; |Calculator|Divider:div|FAdder:v3|FAdder_4bit:u1|FAdder_1bit:u0                                       ; FAdder_1bit  ; work         ;
;             |FAdder_1bit:u1|          ; 1 (1)               ; 0 (0)                     ; 0                 ; 0          ; 0    ; 0            ; |Calculator|Divider:div|FAdder:v3|FAdder_4bit:u1|FAdder_1bit:u1                                       ; FAdder_1bit  ; work         ;
;             |FAdder_1bit:u2|          ; 1 (1)               ; 0 (0)                     ; 0                 ; 0          ; 0    ; 0            ; |Calculator|Divider:div|FAdder:v3|FAdder_4bit:u1|FAdder_1bit:u2                                       ; FAdder_1bit  ; work         ;
;             |FAdder_1bit:u3|          ; 1 (1)               ; 0 (0)                     ; 0                 ; 0          ; 0    ; 0            ; |Calculator|Divider:div|FAdder:v3|FAdder_4bit:u1|FAdder_1bit:u3                                       ; FAdder_1bit  ; work         ;
;          |FAdder_4bit:u2|             ; 3 (0)               ; 0 (0)                     ; 0                 ; 0          ; 0    ; 0            ; |Calculator|Divider:div|FAdder:v3|FAdder_4bit:u2                                                      ; FAdder_4bit  ; work         ;
;             |FAdder_1bit:u1|          ; 1 (1)               ; 0 (0)                     ; 0                 ; 0          ; 0    ; 0            ; |Calculator|Divider:div|FAdder:v3|FAdder_4bit:u2|FAdder_1bit:u1                                       ; FAdder_1bit  ; work         ;
;             |FAdder_1bit:u2|          ; 1 (1)               ; 0 (0)                     ; 0                 ; 0          ; 0    ; 0            ; |Calculator|Divider:div|FAdder:v3|FAdder_4bit:u2|FAdder_1bit:u2                                       ; FAdder_1bit  ; work         ;
;             |FAdder_1bit:u3|          ; 1 (1)               ; 0 (0)                     ; 0                 ; 0          ; 0    ; 0            ; |Calculator|Divider:div|FAdder:v3|FAdder_4bit:u2|FAdder_1bit:u3                                       ; FAdder_1bit  ; work         ;
;          |FAdder_4bit:u3|             ; 1 (0)               ; 0 (0)                     ; 0                 ; 0          ; 0    ; 0            ; |Calculator|Divider:div|FAdder:v3|FAdder_4bit:u3                                                      ; FAdder_4bit  ; work         ;
;             |FAdder_1bit:u0|          ; 1 (1)               ; 0 (0)                     ; 0                 ; 0          ; 0    ; 0            ; |Calculator|Divider:div|FAdder:v3|FAdder_4bit:u3|FAdder_1bit:u0                                       ; FAdder_1bit  ; work         ;
;       |FAdder:v4|                     ; 11 (0)              ; 0 (0)                     ; 0                 ; 0          ; 0    ; 0            ; |Calculator|Divider:div|FAdder:v4                                                                     ; FAdder       ; work         ;
;          |FAdder_4bit:u0|             ; 1 (0)               ; 0 (0)                     ; 0                 ; 0          ; 0    ; 0            ; |Calculator|Divider:div|FAdder:v4|FAdder_4bit:u0                                                      ; FAdder_4bit  ; work         ;
;             |FAdder_1bit:u1|          ; 1 (1)               ; 0 (0)                     ; 0                 ; 0          ; 0    ; 0            ; |Calculator|Divider:div|FAdder:v4|FAdder_4bit:u0|FAdder_1bit:u1                                       ; FAdder_1bit  ; work         ;
;          |FAdder_4bit:u1|             ; 3 (0)               ; 0 (0)                     ; 0                 ; 0          ; 0    ; 0            ; |Calculator|Divider:div|FAdder:v4|FAdder_4bit:u1                                                      ; FAdder_4bit  ; work         ;
;             |FAdder_1bit:u0|          ; 2 (2)               ; 0 (0)                     ; 0                 ; 0          ; 0    ; 0            ; |Calculator|Divider:div|FAdder:v4|FAdder_4bit:u1|FAdder_1bit:u0                                       ; FAdder_1bit  ; work         ;
;             |FAdder_1bit:u1|          ; 1 (1)               ; 0 (0)                     ; 0                 ; 0          ; 0    ; 0            ; |Calculator|Divider:div|FAdder:v4|FAdder_4bit:u1|FAdder_1bit:u1                                       ; FAdder_1bit  ; work         ;
;          |FAdder_4bit:u2|             ; 4 (0)               ; 0 (0)                     ; 0                 ; 0          ; 0    ; 0            ; |Calculator|Divider:div|FAdder:v4|FAdder_4bit:u2                                                      ; FAdder_4bit  ; work         ;
;             |FAdder_1bit:u0|          ; 1 (1)               ; 0 (0)                     ; 0                 ; 0          ; 0    ; 0            ; |Calculator|Divider:div|FAdder:v4|FAdder_4bit:u2|FAdder_1bit:u0                                       ; FAdder_1bit  ; work         ;
;             |FAdder_1bit:u1|          ; 2 (2)               ; 0 (0)                     ; 0                 ; 0          ; 0    ; 0            ; |Calculator|Divider:div|FAdder:v4|FAdder_4bit:u2|FAdder_1bit:u1                                       ; FAdder_1bit  ; work         ;
;             |FAdder_1bit:u2|          ; 1 (1)               ; 0 (0)                     ; 0                 ; 0          ; 0    ; 0            ; |Calculator|Divider:div|FAdder:v4|FAdder_4bit:u2|FAdder_1bit:u2                                       ; FAdder_1bit  ; work         ;
;          |FAdder_4bit:u3|             ; 3 (0)               ; 0 (0)                     ; 0                 ; 0          ; 0    ; 0            ; |Calculator|Divider:div|FAdder:v4|FAdder_4bit:u3                                                      ; FAdder_4bit  ; work         ;
;             |FAdder_1bit:u1|          ; 1 (1)               ; 0 (0)                     ; 0                 ; 0          ; 0    ; 0            ; |Calculator|Divider:div|FAdder:v4|FAdder_4bit:u3|FAdder_1bit:u1                                       ; FAdder_1bit  ; work         ;
;             |FAdder_1bit:u2|          ; 2 (2)               ; 0 (0)                     ; 0                 ; 0          ; 0    ; 0            ; |Calculator|Divider:div|FAdder:v4|FAdder_4bit:u3|FAdder_1bit:u2                                       ; FAdder_1bit  ; work         ;
;       |pu4s:u1|                       ; 110 (0)             ; 0 (0)                     ; 0                 ; 0          ; 0    ; 0            ; |Calculator|Divider:div|pu4s:u1                                                                       ; pu4s         ; work         ;
;          |pu:u1|                      ; 15 (6)              ; 0 (0)                     ; 0                 ; 0          ; 0    ; 0            ; |Calculator|Divider:div|pu4s:u1|pu:u1                                                                 ; pu           ; work         ;
;             |FAdder:u1|               ; 9 (0)               ; 0 (0)                     ; 0                 ; 0          ; 0    ; 0            ; |Calculator|Divider:div|pu4s:u1|pu:u1|FAdder:u1                                                       ; FAdder       ; work         ;
;                |FAdder_4bit:u0|       ; 2 (0)               ; 0 (0)                     ; 0                 ; 0          ; 0    ; 0            ; |Calculator|Divider:div|pu4s:u1|pu:u1|FAdder:u1|FAdder_4bit:u0                                        ; FAdder_4bit  ; work         ;
;                   |FAdder_1bit:u1|    ; 1 (1)               ; 0 (0)                     ; 0                 ; 0          ; 0    ; 0            ; |Calculator|Divider:div|pu4s:u1|pu:u1|FAdder:u1|FAdder_4bit:u0|FAdder_1bit:u1                         ; FAdder_1bit  ; work         ;
;                   |FAdder_1bit:u3|    ; 1 (1)               ; 0 (0)                     ; 0                 ; 0          ; 0    ; 0            ; |Calculator|Divider:div|pu4s:u1|pu:u1|FAdder:u1|FAdder_4bit:u0|FAdder_1bit:u3                         ; FAdder_1bit  ; work         ;
;                |FAdder_4bit:u1|       ; 4 (0)               ; 0 (0)                     ; 0                 ; 0          ; 0    ; 0            ; |Calculator|Divider:div|pu4s:u1|pu:u1|FAdder:u1|FAdder_4bit:u1                                        ; FAdder_4bit  ; work         ;
;                   |FAdder_1bit:u0|    ; 1 (1)               ; 0 (0)                     ; 0                 ; 0          ; 0    ; 0            ; |Calculator|Divider:div|pu4s:u1|pu:u1|FAdder:u1|FAdder_4bit:u1|FAdder_1bit:u0                         ; FAdder_1bit  ; work         ;
;                   |FAdder_1bit:u1|    ; 1 (1)               ; 0 (0)                     ; 0                 ; 0          ; 0    ; 0            ; |Calculator|Divider:div|pu4s:u1|pu:u1|FAdder:u1|FAdder_4bit:u1|FAdder_1bit:u1                         ; FAdder_1bit  ; work         ;
;                   |FAdder_1bit:u2|    ; 1 (1)               ; 0 (0)                     ; 0                 ; 0          ; 0    ; 0            ; |Calculator|Divider:div|pu4s:u1|pu:u1|FAdder:u1|FAdder_4bit:u1|FAdder_1bit:u2                         ; FAdder_1bit  ; work         ;
;                   |FAdder_1bit:u3|    ; 1 (1)               ; 0 (0)                     ; 0                 ; 0          ; 0    ; 0            ; |Calculator|Divider:div|pu4s:u1|pu:u1|FAdder:u1|FAdder_4bit:u1|FAdder_1bit:u3                         ; FAdder_1bit  ; work         ;
;                |FAdder_4bit:u2|       ; 1 (0)               ; 0 (0)                     ; 0                 ; 0          ; 0    ; 0            ; |Calculator|Divider:div|pu4s:u1|pu:u1|FAdder:u1|FAdder_4bit:u2                                        ; FAdder_4bit  ; work         ;
;                   |FAdder_1bit:u0|    ; 1 (1)               ; 0 (0)                     ; 0                 ; 0          ; 0    ; 0            ; |Calculator|Divider:div|pu4s:u1|pu:u1|FAdder:u1|FAdder_4bit:u2|FAdder_1bit:u0                         ; FAdder_1bit  ; work         ;
;                |FAdder_4bit:u3|       ; 2 (0)               ; 0 (0)                     ; 0                 ; 0          ; 0    ; 0            ; |Calculator|Divider:div|pu4s:u1|pu:u1|FAdder:u1|FAdder_4bit:u3                                        ; FAdder_4bit  ; work         ;
;                   |FAdder_1bit:u3|    ; 2 (2)               ; 0 (0)                     ; 0                 ; 0          ; 0    ; 0            ; |Calculator|Divider:div|pu4s:u1|pu:u1|FAdder:u1|FAdder_4bit:u3|FAdder_1bit:u3                         ; FAdder_1bit  ; work         ;
;          |pu:u2|                      ; 29 (12)             ; 0 (0)                     ; 0                 ; 0          ; 0    ; 0            ; |Calculator|Divider:div|pu4s:u1|pu:u2                                                                 ; pu           ; work         ;
;             |FAdder:u1|               ; 17 (0)              ; 0 (0)                     ; 0                 ; 0          ; 0    ; 0            ; |Calculator|Divider:div|pu4s:u1|pu:u2|FAdder:u1                                                       ; FAdder       ; work         ;
;                |FAdder_4bit:u0|       ; 5 (0)               ; 0 (0)                     ; 0                 ; 0          ; 0    ; 0            ; |Calculator|Divider:div|pu4s:u1|pu:u2|FAdder:u1|FAdder_4bit:u0                                        ; FAdder_4bit  ; work         ;
;                   |FAdder_1bit:u1|    ; 3 (3)               ; 0 (0)                     ; 0                 ; 0          ; 0    ; 0            ; |Calculator|Divider:div|pu4s:u1|pu:u2|FAdder:u1|FAdder_4bit:u0|FAdder_1bit:u1                         ; FAdder_1bit  ; work         ;
;                   |FAdder_1bit:u2|    ; 1 (1)               ; 0 (0)                     ; 0                 ; 0          ; 0    ; 0            ; |Calculator|Divider:div|pu4s:u1|pu:u2|FAdder:u1|FAdder_4bit:u0|FAdder_1bit:u2                         ; FAdder_1bit  ; work         ;
;                   |FAdder_1bit:u3|    ; 1 (1)               ; 0 (0)                     ; 0                 ; 0          ; 0    ; 0            ; |Calculator|Divider:div|pu4s:u1|pu:u2|FAdder:u1|FAdder_4bit:u0|FAdder_1bit:u3                         ; FAdder_1bit  ; work         ;
;                |FAdder_4bit:u1|       ; 4 (0)               ; 0 (0)                     ; 0                 ; 0          ; 0    ; 0            ; |Calculator|Divider:div|pu4s:u1|pu:u2|FAdder:u1|FAdder_4bit:u1                                        ; FAdder_4bit  ; work         ;
;                   |FAdder_1bit:u0|    ; 1 (1)               ; 0 (0)                     ; 0                 ; 0          ; 0    ; 0            ; |Calculator|Divider:div|pu4s:u1|pu:u2|FAdder:u1|FAdder_4bit:u1|FAdder_1bit:u0                         ; FAdder_1bit  ; work         ;
;                   |FAdder_1bit:u1|    ; 1 (1)               ; 0 (0)                     ; 0                 ; 0          ; 0    ; 0            ; |Calculator|Divider:div|pu4s:u1|pu:u2|FAdder:u1|FAdder_4bit:u1|FAdder_1bit:u1                         ; FAdder_1bit  ; work         ;
;                   |FAdder_1bit:u2|    ; 1 (1)               ; 0 (0)                     ; 0                 ; 0          ; 0    ; 0            ; |Calculator|Divider:div|pu4s:u1|pu:u2|FAdder:u1|FAdder_4bit:u1|FAdder_1bit:u2                         ; FAdder_1bit  ; work         ;
;                   |FAdder_1bit:u3|    ; 1 (1)               ; 0 (0)                     ; 0                 ; 0          ; 0    ; 0            ; |Calculator|Divider:div|pu4s:u1|pu:u2|FAdder:u1|FAdder_4bit:u1|FAdder_1bit:u3                         ; FAdder_1bit  ; work         ;
;                |FAdder_4bit:u2|       ; 3 (0)               ; 0 (0)                     ; 0                 ; 0          ; 0    ; 0            ; |Calculator|Divider:div|pu4s:u1|pu:u2|FAdder:u1|FAdder_4bit:u2                                        ; FAdder_4bit  ; work         ;
;                   |FAdder_1bit:u0|    ; 1 (1)               ; 0 (0)                     ; 0                 ; 0          ; 0    ; 0            ; |Calculator|Divider:div|pu4s:u1|pu:u2|FAdder:u1|FAdder_4bit:u2|FAdder_1bit:u0                         ; FAdder_1bit  ; work         ;
;                   |FAdder_1bit:u1|    ; 1 (1)               ; 0 (0)                     ; 0                 ; 0          ; 0    ; 0            ; |Calculator|Divider:div|pu4s:u1|pu:u2|FAdder:u1|FAdder_4bit:u2|FAdder_1bit:u1                         ; FAdder_1bit  ; work         ;
;                   |FAdder_1bit:u2|    ; 1 (1)               ; 0 (0)                     ; 0                 ; 0          ; 0    ; 0            ; |Calculator|Divider:div|pu4s:u1|pu:u2|FAdder:u1|FAdder_4bit:u2|FAdder_1bit:u2                         ; FAdder_1bit  ; work         ;
;                |FAdder_4bit:u3|       ; 5 (0)               ; 0 (0)                     ; 0                 ; 0          ; 0    ; 0            ; |Calculator|Divider:div|pu4s:u1|pu:u2|FAdder:u1|FAdder_4bit:u3                                        ; FAdder_4bit  ; work         ;
;                   |FAdder_1bit:u3|    ; 5 (5)               ; 0 (0)                     ; 0                 ; 0          ; 0    ; 0            ; |Calculator|Divider:div|pu4s:u1|pu:u2|FAdder:u1|FAdder_4bit:u3|FAdder_1bit:u3                         ; FAdder_1bit  ; work         ;
;          |pu:u3|                      ; 33 (11)             ; 0 (0)                     ; 0                 ; 0          ; 0    ; 0            ; |Calculator|Divider:div|pu4s:u1|pu:u3                                                                 ; pu           ; work         ;
;             |FAdder:u1|               ; 22 (0)              ; 0 (0)                     ; 0                 ; 0          ; 0    ; 0            ; |Calculator|Divider:div|pu4s:u1|pu:u3|FAdder:u1                                                       ; FAdder       ; work         ;
;                |FAdder_4bit:u0|       ; 4 (0)               ; 0 (0)                     ; 0                 ; 0          ; 0    ; 0            ; |Calculator|Divider:div|pu4s:u1|pu:u3|FAdder:u1|FAdder_4bit:u0                                        ; FAdder_4bit  ; work         ;
;                   |FAdder_1bit:u1|    ; 2 (2)               ; 0 (0)                     ; 0                 ; 0          ; 0    ; 0            ; |Calculator|Divider:div|pu4s:u1|pu:u3|FAdder:u1|FAdder_4bit:u0|FAdder_1bit:u1                         ; FAdder_1bit  ; work         ;
;                   |FAdder_1bit:u3|    ; 2 (2)               ; 0 (0)                     ; 0                 ; 0          ; 0    ; 0            ; |Calculator|Divider:div|pu4s:u1|pu:u3|FAdder:u1|FAdder_4bit:u0|FAdder_1bit:u3                         ; FAdder_1bit  ; work         ;
;                |FAdder_4bit:u1|       ; 6 (0)               ; 0 (0)                     ; 0                 ; 0          ; 0    ; 0            ; |Calculator|Divider:div|pu4s:u1|pu:u3|FAdder:u1|FAdder_4bit:u1                                        ; FAdder_4bit  ; work         ;
;                   |FAdder_1bit:u0|    ; 3 (3)               ; 0 (0)                     ; 0                 ; 0          ; 0    ; 0            ; |Calculator|Divider:div|pu4s:u1|pu:u3|FAdder:u1|FAdder_4bit:u1|FAdder_1bit:u0                         ; FAdder_1bit  ; work         ;
;                   |FAdder_1bit:u1|    ; 2 (2)               ; 0 (0)                     ; 0                 ; 0          ; 0    ; 0            ; |Calculator|Divider:div|pu4s:u1|pu:u3|FAdder:u1|FAdder_4bit:u1|FAdder_1bit:u1                         ; FAdder_1bit  ; work         ;
;                   |FAdder_1bit:u2|    ; 1 (1)               ; 0 (0)                     ; 0                 ; 0          ; 0    ; 0            ; |Calculator|Divider:div|pu4s:u1|pu:u3|FAdder:u1|FAdder_4bit:u1|FAdder_1bit:u2                         ; FAdder_1bit  ; work         ;
;                |FAdder_4bit:u2|       ; 8 (0)               ; 0 (0)                     ; 0                 ; 0          ; 0    ; 0            ; |Calculator|Divider:div|pu4s:u1|pu:u3|FAdder:u1|FAdder_4bit:u2                                        ; FAdder_4bit  ; work         ;
;                   |FAdder_1bit:u0|    ; 2 (2)               ; 0 (0)                     ; 0                 ; 0          ; 0    ; 0            ; |Calculator|Divider:div|pu4s:u1|pu:u3|FAdder:u1|FAdder_4bit:u2|FAdder_1bit:u0                         ; FAdder_1bit  ; work         ;
;                   |FAdder_1bit:u1|    ; 3 (3)               ; 0 (0)                     ; 0                 ; 0          ; 0    ; 0            ; |Calculator|Divider:div|pu4s:u1|pu:u3|FAdder:u1|FAdder_4bit:u2|FAdder_1bit:u1                         ; FAdder_1bit  ; work         ;
;                   |FAdder_1bit:u2|    ; 2 (2)               ; 0 (0)                     ; 0                 ; 0          ; 0    ; 0            ; |Calculator|Divider:div|pu4s:u1|pu:u3|FAdder:u1|FAdder_4bit:u2|FAdder_1bit:u2                         ; FAdder_1bit  ; work         ;
;                   |FAdder_1bit:u3|    ; 1 (1)               ; 0 (0)                     ; 0                 ; 0          ; 0    ; 0            ; |Calculator|Divider:div|pu4s:u1|pu:u3|FAdder:u1|FAdder_4bit:u2|FAdder_1bit:u3                         ; FAdder_1bit  ; work         ;
;                |FAdder_4bit:u3|       ; 4 (0)               ; 0 (0)                     ; 0                 ; 0          ; 0    ; 0            ; |Calculator|Divider:div|pu4s:u1|pu:u3|FAdder:u1|FAdder_4bit:u3                                        ; FAdder_4bit  ; work         ;
;                   |FAdder_1bit:u3|    ; 4 (4)               ; 0 (0)                     ; 0                 ; 0          ; 0    ; 0            ; |Calculator|Divider:div|pu4s:u1|pu:u3|FAdder:u1|FAdder_4bit:u3|FAdder_1bit:u3                         ; FAdder_1bit  ; work         ;
;          |pu:u4|                      ; 33 (13)             ; 0 (0)                     ; 0                 ; 0          ; 0    ; 0            ; |Calculator|Divider:div|pu4s:u1|pu:u4                                                                 ; pu           ; work         ;
;             |FAdder:u1|               ; 20 (0)              ; 0 (0)                     ; 0                 ; 0          ; 0    ; 0            ; |Calculator|Divider:div|pu4s:u1|pu:u4|FAdder:u1                                                       ; FAdder       ; work         ;
;                |FAdder_4bit:u0|       ; 5 (0)               ; 0 (0)                     ; 0                 ; 0          ; 0    ; 0            ; |Calculator|Divider:div|pu4s:u1|pu:u4|FAdder:u1|FAdder_4bit:u0                                        ; FAdder_4bit  ; work         ;
;                   |FAdder_1bit:u1|    ; 3 (3)               ; 0 (0)                     ; 0                 ; 0          ; 0    ; 0            ; |Calculator|Divider:div|pu4s:u1|pu:u4|FAdder:u1|FAdder_4bit:u0|FAdder_1bit:u1                         ; FAdder_1bit  ; work         ;
;                   |FAdder_1bit:u2|    ; 1 (1)               ; 0 (0)                     ; 0                 ; 0          ; 0    ; 0            ; |Calculator|Divider:div|pu4s:u1|pu:u4|FAdder:u1|FAdder_4bit:u0|FAdder_1bit:u2                         ; FAdder_1bit  ; work         ;
;                   |FAdder_1bit:u3|    ; 1 (1)               ; 0 (0)                     ; 0                 ; 0          ; 0    ; 0            ; |Calculator|Divider:div|pu4s:u1|pu:u4|FAdder:u1|FAdder_4bit:u0|FAdder_1bit:u3                         ; FAdder_1bit  ; work         ;
;                |FAdder_4bit:u1|       ; 5 (0)               ; 0 (0)                     ; 0                 ; 0          ; 0    ; 0            ; |Calculator|Divider:div|pu4s:u1|pu:u4|FAdder:u1|FAdder_4bit:u1                                        ; FAdder_4bit  ; work         ;
;                   |FAdder_1bit:u1|    ; 1 (1)               ; 0 (0)                     ; 0                 ; 0          ; 0    ; 0            ; |Calculator|Divider:div|pu4s:u1|pu:u4|FAdder:u1|FAdder_4bit:u1|FAdder_1bit:u1                         ; FAdder_1bit  ; work         ;
;                   |FAdder_1bit:u2|    ; 3 (3)               ; 0 (0)                     ; 0                 ; 0          ; 0    ; 0            ; |Calculator|Divider:div|pu4s:u1|pu:u4|FAdder:u1|FAdder_4bit:u1|FAdder_1bit:u2                         ; FAdder_1bit  ; work         ;
;                   |FAdder_1bit:u3|    ; 1 (1)               ; 0 (0)                     ; 0                 ; 0          ; 0    ; 0            ; |Calculator|Divider:div|pu4s:u1|pu:u4|FAdder:u1|FAdder_4bit:u1|FAdder_1bit:u3                         ; FAdder_1bit  ; work         ;
;                |FAdder_4bit:u2|       ; 5 (0)               ; 0 (0)                     ; 0                 ; 0          ; 0    ; 0            ; |Calculator|Divider:div|pu4s:u1|pu:u4|FAdder:u1|FAdder_4bit:u2                                        ; FAdder_4bit  ; work         ;
;                   |FAdder_1bit:u0|    ; 1 (1)               ; 0 (0)                     ; 0                 ; 0          ; 0    ; 0            ; |Calculator|Divider:div|pu4s:u1|pu:u4|FAdder:u1|FAdder_4bit:u2|FAdder_1bit:u0                         ; FAdder_1bit  ; work         ;
;                   |FAdder_1bit:u1|    ; 1 (1)               ; 0 (0)                     ; 0                 ; 0          ; 0    ; 0            ; |Calculator|Divider:div|pu4s:u1|pu:u4|FAdder:u1|FAdder_4bit:u2|FAdder_1bit:u1                         ; FAdder_1bit  ; work         ;
;                   |FAdder_1bit:u3|    ; 3 (3)               ; 0 (0)                     ; 0                 ; 0          ; 0    ; 0            ; |Calculator|Divider:div|pu4s:u1|pu:u4|FAdder:u1|FAdder_4bit:u2|FAdder_1bit:u3                         ; FAdder_1bit  ; work         ;
;                |FAdder_4bit:u3|       ; 5 (0)               ; 0 (0)                     ; 0                 ; 0          ; 0    ; 0            ; |Calculator|Divider:div|pu4s:u1|pu:u4|FAdder:u1|FAdder_4bit:u3                                        ; FAdder_4bit  ; work         ;
;                   |FAdder_1bit:u0|    ; 1 (1)               ; 0 (0)                     ; 0                 ; 0          ; 0    ; 0            ; |Calculator|Divider:div|pu4s:u1|pu:u4|FAdder:u1|FAdder_4bit:u3|FAdder_1bit:u0                         ; FAdder_1bit  ; work         ;
;                   |FAdder_1bit:u3|    ; 4 (4)               ; 0 (0)                     ; 0                 ; 0          ; 0    ; 0            ; |Calculator|Divider:div|pu4s:u1|pu:u4|FAdder:u1|FAdder_4bit:u3|FAdder_1bit:u3                         ; FAdder_1bit  ; work         ;
;       |pu4s:u2|                       ; 142 (0)             ; 0 (0)                     ; 0                 ; 0          ; 0    ; 0            ; |Calculator|Divider:div|pu4s:u2                                                                       ; pu4s         ; work         ;
;          |pu:u1|                      ; 34 (13)             ; 0 (0)                     ; 0                 ; 0          ; 0    ; 0            ; |Calculator|Divider:div|pu4s:u2|pu:u1                                                                 ; pu           ; work         ;
;             |FAdder:u1|               ; 21 (0)              ; 0 (0)                     ; 0                 ; 0          ; 0    ; 0            ; |Calculator|Divider:div|pu4s:u2|pu:u1|FAdder:u1                                                       ; FAdder       ; work         ;
;                |FAdder_4bit:u0|       ; 4 (0)               ; 0 (0)                     ; 0                 ; 0          ; 0    ; 0            ; |Calculator|Divider:div|pu4s:u2|pu:u1|FAdder:u1|FAdder_4bit:u0                                        ; FAdder_4bit  ; work         ;
;                   |FAdder_1bit:u1|    ; 2 (2)               ; 0 (0)                     ; 0                 ; 0          ; 0    ; 0            ; |Calculator|Divider:div|pu4s:u2|pu:u1|FAdder:u1|FAdder_4bit:u0|FAdder_1bit:u1                         ; FAdder_1bit  ; work         ;
;                   |FAdder_1bit:u3|    ; 2 (2)               ; 0 (0)                     ; 0                 ; 0          ; 0    ; 0            ; |Calculator|Divider:div|pu4s:u2|pu:u1|FAdder:u1|FAdder_4bit:u0|FAdder_1bit:u3                         ; FAdder_1bit  ; work         ;
;                |FAdder_4bit:u1|       ; 5 (0)               ; 0 (0)                     ; 0                 ; 0          ; 0    ; 0            ; |Calculator|Divider:div|pu4s:u2|pu:u1|FAdder:u1|FAdder_4bit:u1                                        ; FAdder_4bit  ; work         ;
;                   |FAdder_1bit:u0|    ; 3 (3)               ; 0 (0)                     ; 0                 ; 0          ; 0    ; 0            ; |Calculator|Divider:div|pu4s:u2|pu:u1|FAdder:u1|FAdder_4bit:u1|FAdder_1bit:u0                         ; FAdder_1bit  ; work         ;
;                   |FAdder_1bit:u1|    ; 1 (1)               ; 0 (0)                     ; 0                 ; 0          ; 0    ; 0            ; |Calculator|Divider:div|pu4s:u2|pu:u1|FAdder:u1|FAdder_4bit:u1|FAdder_1bit:u1                         ; FAdder_1bit  ; work         ;
;                   |FAdder_1bit:u2|    ; 1 (1)               ; 0 (0)                     ; 0                 ; 0          ; 0    ; 0            ; |Calculator|Divider:div|pu4s:u2|pu:u1|FAdder:u1|FAdder_4bit:u1|FAdder_1bit:u2                         ; FAdder_1bit  ; work         ;
;                |FAdder_4bit:u2|       ; 7 (0)               ; 0 (0)                     ; 0                 ; 0          ; 0    ; 0            ; |Calculator|Divider:div|pu4s:u2|pu:u1|FAdder:u1|FAdder_4bit:u2                                        ; FAdder_4bit  ; work         ;
;                   |FAdder_1bit:u0|    ; 2 (2)               ; 0 (0)                     ; 0                 ; 0          ; 0    ; 0            ; |Calculator|Divider:div|pu4s:u2|pu:u1|FAdder:u1|FAdder_4bit:u2|FAdder_1bit:u0                         ; FAdder_1bit  ; work         ;
;                   |FAdder_1bit:u1|    ; 3 (3)               ; 0 (0)                     ; 0                 ; 0          ; 0    ; 0            ; |Calculator|Divider:div|pu4s:u2|pu:u1|FAdder:u1|FAdder_4bit:u2|FAdder_1bit:u1                         ; FAdder_1bit  ; work         ;
;                   |FAdder_1bit:u2|    ; 1 (1)               ; 0 (0)                     ; 0                 ; 0          ; 0    ; 0            ; |Calculator|Divider:div|pu4s:u2|pu:u1|FAdder:u1|FAdder_4bit:u2|FAdder_1bit:u2                         ; FAdder_1bit  ; work         ;
;                   |FAdder_1bit:u3|    ; 1 (1)               ; 0 (0)                     ; 0                 ; 0          ; 0    ; 0            ; |Calculator|Divider:div|pu4s:u2|pu:u1|FAdder:u1|FAdder_4bit:u2|FAdder_1bit:u3                         ; FAdder_1bit  ; work         ;
;                |FAdder_4bit:u3|       ; 5 (0)               ; 0 (0)                     ; 0                 ; 0          ; 0    ; 0            ; |Calculator|Divider:div|pu4s:u2|pu:u1|FAdder:u1|FAdder_4bit:u3                                        ; FAdder_4bit  ; work         ;
;                   |FAdder_1bit:u0|    ; 1 (1)               ; 0 (0)                     ; 0                 ; 0          ; 0    ; 0            ; |Calculator|Divider:div|pu4s:u2|pu:u1|FAdder:u1|FAdder_4bit:u3|FAdder_1bit:u0                         ; FAdder_1bit  ; work         ;
;                   |FAdder_1bit:u3|    ; 4 (4)               ; 0 (0)                     ; 0                 ; 0          ; 0    ; 0            ; |Calculator|Divider:div|pu4s:u2|pu:u1|FAdder:u1|FAdder_4bit:u3|FAdder_1bit:u3                         ; FAdder_1bit  ; work         ;
;          |pu:u2|                      ; 36 (14)             ; 0 (0)                     ; 0                 ; 0          ; 0    ; 0            ; |Calculator|Divider:div|pu4s:u2|pu:u2                                                                 ; pu           ; work         ;
;             |FAdder:u1|               ; 22 (0)              ; 0 (0)                     ; 0                 ; 0          ; 0    ; 0            ; |Calculator|Divider:div|pu4s:u2|pu:u2|FAdder:u1                                                       ; FAdder       ; work         ;
;                |FAdder_4bit:u0|       ; 4 (0)               ; 0 (0)                     ; 0                 ; 0          ; 0    ; 0            ; |Calculator|Divider:div|pu4s:u2|pu:u2|FAdder:u1|FAdder_4bit:u0                                        ; FAdder_4bit  ; work         ;
;                   |FAdder_1bit:u1|    ; 2 (2)               ; 0 (0)                     ; 0                 ; 0          ; 0    ; 0            ; |Calculator|Divider:div|pu4s:u2|pu:u2|FAdder:u1|FAdder_4bit:u0|FAdder_1bit:u1                         ; FAdder_1bit  ; work         ;
;                   |FAdder_1bit:u3|    ; 2 (2)               ; 0 (0)                     ; 0                 ; 0          ; 0    ; 0            ; |Calculator|Divider:div|pu4s:u2|pu:u2|FAdder:u1|FAdder_4bit:u0|FAdder_1bit:u3                         ; FAdder_1bit  ; work         ;
;                |FAdder_4bit:u1|       ; 5 (0)               ; 0 (0)                     ; 0                 ; 0          ; 0    ; 0            ; |Calculator|Divider:div|pu4s:u2|pu:u2|FAdder:u1|FAdder_4bit:u1                                        ; FAdder_4bit  ; work         ;
;                   |FAdder_1bit:u0|    ; 3 (3)               ; 0 (0)                     ; 0                 ; 0          ; 0    ; 0            ; |Calculator|Divider:div|pu4s:u2|pu:u2|FAdder:u1|FAdder_4bit:u1|FAdder_1bit:u0                         ; FAdder_1bit  ; work         ;
;                   |FAdder_1bit:u1|    ; 1 (1)               ; 0 (0)                     ; 0                 ; 0          ; 0    ; 0            ; |Calculator|Divider:div|pu4s:u2|pu:u2|FAdder:u1|FAdder_4bit:u1|FAdder_1bit:u1                         ; FAdder_1bit  ; work         ;
;                   |FAdder_1bit:u2|    ; 1 (1)               ; 0 (0)                     ; 0                 ; 0          ; 0    ; 0            ; |Calculator|Divider:div|pu4s:u2|pu:u2|FAdder:u1|FAdder_4bit:u1|FAdder_1bit:u2                         ; FAdder_1bit  ; work         ;
;                |FAdder_4bit:u2|       ; 7 (0)               ; 0 (0)                     ; 0                 ; 0          ; 0    ; 0            ; |Calculator|Divider:div|pu4s:u2|pu:u2|FAdder:u1|FAdder_4bit:u2                                        ; FAdder_4bit  ; work         ;
;                   |FAdder_1bit:u0|    ; 2 (2)               ; 0 (0)                     ; 0                 ; 0          ; 0    ; 0            ; |Calculator|Divider:div|pu4s:u2|pu:u2|FAdder:u1|FAdder_4bit:u2|FAdder_1bit:u0                         ; FAdder_1bit  ; work         ;
;                   |FAdder_1bit:u1|    ; 3 (3)               ; 0 (0)                     ; 0                 ; 0          ; 0    ; 0            ; |Calculator|Divider:div|pu4s:u2|pu:u2|FAdder:u1|FAdder_4bit:u2|FAdder_1bit:u1                         ; FAdder_1bit  ; work         ;
;                   |FAdder_1bit:u2|    ; 1 (1)               ; 0 (0)                     ; 0                 ; 0          ; 0    ; 0            ; |Calculator|Divider:div|pu4s:u2|pu:u2|FAdder:u1|FAdder_4bit:u2|FAdder_1bit:u2                         ; FAdder_1bit  ; work         ;
;                   |FAdder_1bit:u3|    ; 1 (1)               ; 0 (0)                     ; 0                 ; 0          ; 0    ; 0            ; |Calculator|Divider:div|pu4s:u2|pu:u2|FAdder:u1|FAdder_4bit:u2|FAdder_1bit:u3                         ; FAdder_1bit  ; work         ;
;                |FAdder_4bit:u3|       ; 6 (0)               ; 0 (0)                     ; 0                 ; 0          ; 0    ; 0            ; |Calculator|Divider:div|pu4s:u2|pu:u2|FAdder:u1|FAdder_4bit:u3                                        ; FAdder_4bit  ; work         ;
;                   |FAdder_1bit:u0|    ; 1 (1)               ; 0 (0)                     ; 0                 ; 0          ; 0    ; 0            ; |Calculator|Divider:div|pu4s:u2|pu:u2|FAdder:u1|FAdder_4bit:u3|FAdder_1bit:u0                         ; FAdder_1bit  ; work         ;
;                   |FAdder_1bit:u1|    ; 1 (1)               ; 0 (0)                     ; 0                 ; 0          ; 0    ; 0            ; |Calculator|Divider:div|pu4s:u2|pu:u2|FAdder:u1|FAdder_4bit:u3|FAdder_1bit:u1                         ; FAdder_1bit  ; work         ;
;                   |FAdder_1bit:u3|    ; 4 (4)               ; 0 (0)                     ; 0                 ; 0          ; 0    ; 0            ; |Calculator|Divider:div|pu4s:u2|pu:u2|FAdder:u1|FAdder_4bit:u3|FAdder_1bit:u3                         ; FAdder_1bit  ; work         ;
;          |pu:u3|                      ; 36 (14)             ; 0 (0)                     ; 0                 ; 0          ; 0    ; 0            ; |Calculator|Divider:div|pu4s:u2|pu:u3                                                                 ; pu           ; work         ;
;             |FAdder:u1|               ; 22 (0)              ; 0 (0)                     ; 0                 ; 0          ; 0    ; 0            ; |Calculator|Divider:div|pu4s:u2|pu:u3|FAdder:u1                                                       ; FAdder       ; work         ;
;                |FAdder_4bit:u0|       ; 4 (0)               ; 0 (0)                     ; 0                 ; 0          ; 0    ; 0            ; |Calculator|Divider:div|pu4s:u2|pu:u3|FAdder:u1|FAdder_4bit:u0                                        ; FAdder_4bit  ; work         ;
;                   |FAdder_1bit:u1|    ; 2 (2)               ; 0 (0)                     ; 0                 ; 0          ; 0    ; 0            ; |Calculator|Divider:div|pu4s:u2|pu:u3|FAdder:u1|FAdder_4bit:u0|FAdder_1bit:u1                         ; FAdder_1bit  ; work         ;
;                   |FAdder_1bit:u3|    ; 2 (2)               ; 0 (0)                     ; 0                 ; 0          ; 0    ; 0            ; |Calculator|Divider:div|pu4s:u2|pu:u3|FAdder:u1|FAdder_4bit:u0|FAdder_1bit:u3                         ; FAdder_1bit  ; work         ;
;                |FAdder_4bit:u1|       ; 5 (0)               ; 0 (0)                     ; 0                 ; 0          ; 0    ; 0            ; |Calculator|Divider:div|pu4s:u2|pu:u3|FAdder:u1|FAdder_4bit:u1                                        ; FAdder_4bit  ; work         ;
;                   |FAdder_1bit:u0|    ; 3 (3)               ; 0 (0)                     ; 0                 ; 0          ; 0    ; 0            ; |Calculator|Divider:div|pu4s:u2|pu:u3|FAdder:u1|FAdder_4bit:u1|FAdder_1bit:u0                         ; FAdder_1bit  ; work         ;
;                   |FAdder_1bit:u1|    ; 1 (1)               ; 0 (0)                     ; 0                 ; 0          ; 0    ; 0            ; |Calculator|Divider:div|pu4s:u2|pu:u3|FAdder:u1|FAdder_4bit:u1|FAdder_1bit:u1                         ; FAdder_1bit  ; work         ;
;                   |FAdder_1bit:u2|    ; 1 (1)               ; 0 (0)                     ; 0                 ; 0          ; 0    ; 0            ; |Calculator|Divider:div|pu4s:u2|pu:u3|FAdder:u1|FAdder_4bit:u1|FAdder_1bit:u2                         ; FAdder_1bit  ; work         ;
;                |FAdder_4bit:u2|       ; 7 (0)               ; 0 (0)                     ; 0                 ; 0          ; 0    ; 0            ; |Calculator|Divider:div|pu4s:u2|pu:u3|FAdder:u1|FAdder_4bit:u2                                        ; FAdder_4bit  ; work         ;
;                   |FAdder_1bit:u0|    ; 2 (2)               ; 0 (0)                     ; 0                 ; 0          ; 0    ; 0            ; |Calculator|Divider:div|pu4s:u2|pu:u3|FAdder:u1|FAdder_4bit:u2|FAdder_1bit:u0                         ; FAdder_1bit  ; work         ;
;                   |FAdder_1bit:u1|    ; 3 (3)               ; 0 (0)                     ; 0                 ; 0          ; 0    ; 0            ; |Calculator|Divider:div|pu4s:u2|pu:u3|FAdder:u1|FAdder_4bit:u2|FAdder_1bit:u1                         ; FAdder_1bit  ; work         ;
;                   |FAdder_1bit:u2|    ; 1 (1)               ; 0 (0)                     ; 0                 ; 0          ; 0    ; 0            ; |Calculator|Divider:div|pu4s:u2|pu:u3|FAdder:u1|FAdder_4bit:u2|FAdder_1bit:u2                         ; FAdder_1bit  ; work         ;
;                   |FAdder_1bit:u3|    ; 1 (1)               ; 0 (0)                     ; 0                 ; 0          ; 0    ; 0            ; |Calculator|Divider:div|pu4s:u2|pu:u3|FAdder:u1|FAdder_4bit:u2|FAdder_1bit:u3                         ; FAdder_1bit  ; work         ;
;                |FAdder_4bit:u3|       ; 6 (0)               ; 0 (0)                     ; 0                 ; 0          ; 0    ; 0            ; |Calculator|Divider:div|pu4s:u2|pu:u3|FAdder:u1|FAdder_4bit:u3                                        ; FAdder_4bit  ; work         ;
;                   |FAdder_1bit:u0|    ; 1 (1)               ; 0 (0)                     ; 0                 ; 0          ; 0    ; 0            ; |Calculator|Divider:div|pu4s:u2|pu:u3|FAdder:u1|FAdder_4bit:u3|FAdder_1bit:u0                         ; FAdder_1bit  ; work         ;
;                   |FAdder_1bit:u1|    ; 1 (1)               ; 0 (0)                     ; 0                 ; 0          ; 0    ; 0            ; |Calculator|Divider:div|pu4s:u2|pu:u3|FAdder:u1|FAdder_4bit:u3|FAdder_1bit:u1                         ; FAdder_1bit  ; work         ;
;                   |FAdder_1bit:u3|    ; 4 (4)               ; 0 (0)                     ; 0                 ; 0          ; 0    ; 0            ; |Calculator|Divider:div|pu4s:u2|pu:u3|FAdder:u1|FAdder_4bit:u3|FAdder_1bit:u3                         ; FAdder_1bit  ; work         ;
;          |pu:u4|                      ; 36 (14)             ; 0 (0)                     ; 0                 ; 0          ; 0    ; 0            ; |Calculator|Divider:div|pu4s:u2|pu:u4                                                                 ; pu           ; work         ;
;             |FAdder:u1|               ; 22 (0)              ; 0 (0)                     ; 0                 ; 0          ; 0    ; 0            ; |Calculator|Divider:div|pu4s:u2|pu:u4|FAdder:u1                                                       ; FAdder       ; work         ;
;                |FAdder_4bit:u0|       ; 4 (0)               ; 0 (0)                     ; 0                 ; 0          ; 0    ; 0            ; |Calculator|Divider:div|pu4s:u2|pu:u4|FAdder:u1|FAdder_4bit:u0                                        ; FAdder_4bit  ; work         ;
;                   |FAdder_1bit:u1|    ; 2 (2)               ; 0 (0)                     ; 0                 ; 0          ; 0    ; 0            ; |Calculator|Divider:div|pu4s:u2|pu:u4|FAdder:u1|FAdder_4bit:u0|FAdder_1bit:u1                         ; FAdder_1bit  ; work         ;
;                   |FAdder_1bit:u3|    ; 2 (2)               ; 0 (0)                     ; 0                 ; 0          ; 0    ; 0            ; |Calculator|Divider:div|pu4s:u2|pu:u4|FAdder:u1|FAdder_4bit:u0|FAdder_1bit:u3                         ; FAdder_1bit  ; work         ;
;                |FAdder_4bit:u1|       ; 5 (0)               ; 0 (0)                     ; 0                 ; 0          ; 0    ; 0            ; |Calculator|Divider:div|pu4s:u2|pu:u4|FAdder:u1|FAdder_4bit:u1                                        ; FAdder_4bit  ; work         ;
;                   |FAdder_1bit:u0|    ; 3 (3)               ; 0 (0)                     ; 0                 ; 0          ; 0    ; 0            ; |Calculator|Divider:div|pu4s:u2|pu:u4|FAdder:u1|FAdder_4bit:u1|FAdder_1bit:u0                         ; FAdder_1bit  ; work         ;
;                   |FAdder_1bit:u1|    ; 1 (1)               ; 0 (0)                     ; 0                 ; 0          ; 0    ; 0            ; |Calculator|Divider:div|pu4s:u2|pu:u4|FAdder:u1|FAdder_4bit:u1|FAdder_1bit:u1                         ; FAdder_1bit  ; work         ;
;                   |FAdder_1bit:u2|    ; 1 (1)               ; 0 (0)                     ; 0                 ; 0          ; 0    ; 0            ; |Calculator|Divider:div|pu4s:u2|pu:u4|FAdder:u1|FAdder_4bit:u1|FAdder_1bit:u2                         ; FAdder_1bit  ; work         ;
;                |FAdder_4bit:u2|       ; 7 (0)               ; 0 (0)                     ; 0                 ; 0          ; 0    ; 0            ; |Calculator|Divider:div|pu4s:u2|pu:u4|FAdder:u1|FAdder_4bit:u2                                        ; FAdder_4bit  ; work         ;
;                   |FAdder_1bit:u0|    ; 2 (2)               ; 0 (0)                     ; 0                 ; 0          ; 0    ; 0            ; |Calculator|Divider:div|pu4s:u2|pu:u4|FAdder:u1|FAdder_4bit:u2|FAdder_1bit:u0                         ; FAdder_1bit  ; work         ;
;                   |FAdder_1bit:u1|    ; 3 (3)               ; 0 (0)                     ; 0                 ; 0          ; 0    ; 0            ; |Calculator|Divider:div|pu4s:u2|pu:u4|FAdder:u1|FAdder_4bit:u2|FAdder_1bit:u1                         ; FAdder_1bit  ; work         ;
;                   |FAdder_1bit:u2|    ; 1 (1)               ; 0 (0)                     ; 0                 ; 0          ; 0    ; 0            ; |Calculator|Divider:div|pu4s:u2|pu:u4|FAdder:u1|FAdder_4bit:u2|FAdder_1bit:u2                         ; FAdder_1bit  ; work         ;
;                   |FAdder_1bit:u3|    ; 1 (1)               ; 0 (0)                     ; 0                 ; 0          ; 0    ; 0            ; |Calculator|Divider:div|pu4s:u2|pu:u4|FAdder:u1|FAdder_4bit:u2|FAdder_1bit:u3                         ; FAdder_1bit  ; work         ;
;                |FAdder_4bit:u3|       ; 6 (0)               ; 0 (0)                     ; 0                 ; 0          ; 0    ; 0            ; |Calculator|Divider:div|pu4s:u2|pu:u4|FAdder:u1|FAdder_4bit:u3                                        ; FAdder_4bit  ; work         ;
;                   |FAdder_1bit:u0|    ; 1 (1)               ; 0 (0)                     ; 0                 ; 0          ; 0    ; 0            ; |Calculator|Divider:div|pu4s:u2|pu:u4|FAdder:u1|FAdder_4bit:u3|FAdder_1bit:u0                         ; FAdder_1bit  ; work         ;
;                   |FAdder_1bit:u1|    ; 1 (1)               ; 0 (0)                     ; 0                 ; 0          ; 0    ; 0            ; |Calculator|Divider:div|pu4s:u2|pu:u4|FAdder:u1|FAdder_4bit:u3|FAdder_1bit:u1                         ; FAdder_1bit  ; work         ;
;                   |FAdder_1bit:u3|    ; 4 (4)               ; 0 (0)                     ; 0                 ; 0          ; 0    ; 0            ; |Calculator|Divider:div|pu4s:u2|pu:u4|FAdder:u1|FAdder_4bit:u3|FAdder_1bit:u3                         ; FAdder_1bit  ; work         ;
;       |pu4s:u3|                       ; 145 (0)             ; 0 (0)                     ; 0                 ; 0          ; 0    ; 0            ; |Calculator|Divider:div|pu4s:u3                                                                       ; pu4s         ; work         ;
;          |pu:u1|                      ; 37 (15)             ; 0 (0)                     ; 0                 ; 0          ; 0    ; 0            ; |Calculator|Divider:div|pu4s:u3|pu:u1                                                                 ; pu           ; work         ;
;             |FAdder:u1|               ; 22 (0)              ; 0 (0)                     ; 0                 ; 0          ; 0    ; 0            ; |Calculator|Divider:div|pu4s:u3|pu:u1|FAdder:u1                                                       ; FAdder       ; work         ;
;                |FAdder_4bit:u0|       ; 4 (0)               ; 0 (0)                     ; 0                 ; 0          ; 0    ; 0            ; |Calculator|Divider:div|pu4s:u3|pu:u1|FAdder:u1|FAdder_4bit:u0                                        ; FAdder_4bit  ; work         ;
;                   |FAdder_1bit:u1|    ; 2 (2)               ; 0 (0)                     ; 0                 ; 0          ; 0    ; 0            ; |Calculator|Divider:div|pu4s:u3|pu:u1|FAdder:u1|FAdder_4bit:u0|FAdder_1bit:u1                         ; FAdder_1bit  ; work         ;
;                   |FAdder_1bit:u3|    ; 2 (2)               ; 0 (0)                     ; 0                 ; 0          ; 0    ; 0            ; |Calculator|Divider:div|pu4s:u3|pu:u1|FAdder:u1|FAdder_4bit:u0|FAdder_1bit:u3                         ; FAdder_1bit  ; work         ;
;                |FAdder_4bit:u1|       ; 5 (0)               ; 0 (0)                     ; 0                 ; 0          ; 0    ; 0            ; |Calculator|Divider:div|pu4s:u3|pu:u1|FAdder:u1|FAdder_4bit:u1                                        ; FAdder_4bit  ; work         ;
;                   |FAdder_1bit:u0|    ; 3 (3)               ; 0 (0)                     ; 0                 ; 0          ; 0    ; 0            ; |Calculator|Divider:div|pu4s:u3|pu:u1|FAdder:u1|FAdder_4bit:u1|FAdder_1bit:u0                         ; FAdder_1bit  ; work         ;
;                   |FAdder_1bit:u1|    ; 1 (1)               ; 0 (0)                     ; 0                 ; 0          ; 0    ; 0            ; |Calculator|Divider:div|pu4s:u3|pu:u1|FAdder:u1|FAdder_4bit:u1|FAdder_1bit:u1                         ; FAdder_1bit  ; work         ;
;                   |FAdder_1bit:u2|    ; 1 (1)               ; 0 (0)                     ; 0                 ; 0          ; 0    ; 0            ; |Calculator|Divider:div|pu4s:u3|pu:u1|FAdder:u1|FAdder_4bit:u1|FAdder_1bit:u2                         ; FAdder_1bit  ; work         ;
;                |FAdder_4bit:u2|       ; 7 (0)               ; 0 (0)                     ; 0                 ; 0          ; 0    ; 0            ; |Calculator|Divider:div|pu4s:u3|pu:u1|FAdder:u1|FAdder_4bit:u2                                        ; FAdder_4bit  ; work         ;
;                   |FAdder_1bit:u0|    ; 2 (2)               ; 0 (0)                     ; 0                 ; 0          ; 0    ; 0            ; |Calculator|Divider:div|pu4s:u3|pu:u1|FAdder:u1|FAdder_4bit:u2|FAdder_1bit:u0                         ; FAdder_1bit  ; work         ;
;                   |FAdder_1bit:u1|    ; 3 (3)               ; 0 (0)                     ; 0                 ; 0          ; 0    ; 0            ; |Calculator|Divider:div|pu4s:u3|pu:u1|FAdder:u1|FAdder_4bit:u2|FAdder_1bit:u1                         ; FAdder_1bit  ; work         ;
;                   |FAdder_1bit:u2|    ; 1 (1)               ; 0 (0)                     ; 0                 ; 0          ; 0    ; 0            ; |Calculator|Divider:div|pu4s:u3|pu:u1|FAdder:u1|FAdder_4bit:u2|FAdder_1bit:u2                         ; FAdder_1bit  ; work         ;
;                   |FAdder_1bit:u3|    ; 1 (1)               ; 0 (0)                     ; 0                 ; 0          ; 0    ; 0            ; |Calculator|Divider:div|pu4s:u3|pu:u1|FAdder:u1|FAdder_4bit:u2|FAdder_1bit:u3                         ; FAdder_1bit  ; work         ;
;                |FAdder_4bit:u3|       ; 6 (0)               ; 0 (0)                     ; 0                 ; 0          ; 0    ; 0            ; |Calculator|Divider:div|pu4s:u3|pu:u1|FAdder:u1|FAdder_4bit:u3                                        ; FAdder_4bit  ; work         ;
;                   |FAdder_1bit:u0|    ; 1 (1)               ; 0 (0)                     ; 0                 ; 0          ; 0    ; 0            ; |Calculator|Divider:div|pu4s:u3|pu:u1|FAdder:u1|FAdder_4bit:u3|FAdder_1bit:u0                         ; FAdder_1bit  ; work         ;
;                   |FAdder_1bit:u1|    ; 1 (1)               ; 0 (0)                     ; 0                 ; 0          ; 0    ; 0            ; |Calculator|Divider:div|pu4s:u3|pu:u1|FAdder:u1|FAdder_4bit:u3|FAdder_1bit:u1                         ; FAdder_1bit  ; work         ;
;                   |FAdder_1bit:u3|    ; 4 (4)               ; 0 (0)                     ; 0                 ; 0          ; 0    ; 0            ; |Calculator|Divider:div|pu4s:u3|pu:u1|FAdder:u1|FAdder_4bit:u3|FAdder_1bit:u3                         ; FAdder_1bit  ; work         ;
;          |pu:u2|                      ; 36 (15)             ; 0 (0)                     ; 0                 ; 0          ; 0    ; 0            ; |Calculator|Divider:div|pu4s:u3|pu:u2                                                                 ; pu           ; work         ;
;             |FAdder:u1|               ; 21 (0)              ; 0 (0)                     ; 0                 ; 0          ; 0    ; 0            ; |Calculator|Divider:div|pu4s:u3|pu:u2|FAdder:u1                                                       ; FAdder       ; work         ;
;                |FAdder_4bit:u0|       ; 3 (0)               ; 0 (0)                     ; 0                 ; 0          ; 0    ; 0            ; |Calculator|Divider:div|pu4s:u3|pu:u2|FAdder:u1|FAdder_4bit:u0                                        ; FAdder_4bit  ; work         ;
;                   |FAdder_1bit:u1|    ; 1 (1)               ; 0 (0)                     ; 0                 ; 0          ; 0    ; 0            ; |Calculator|Divider:div|pu4s:u3|pu:u2|FAdder:u1|FAdder_4bit:u0|FAdder_1bit:u1                         ; FAdder_1bit  ; work         ;
;                   |FAdder_1bit:u3|    ; 2 (2)               ; 0 (0)                     ; 0                 ; 0          ; 0    ; 0            ; |Calculator|Divider:div|pu4s:u3|pu:u2|FAdder:u1|FAdder_4bit:u0|FAdder_1bit:u3                         ; FAdder_1bit  ; work         ;
;                |FAdder_4bit:u1|       ; 5 (0)               ; 0 (0)                     ; 0                 ; 0          ; 0    ; 0            ; |Calculator|Divider:div|pu4s:u3|pu:u2|FAdder:u1|FAdder_4bit:u1                                        ; FAdder_4bit  ; work         ;
;                   |FAdder_1bit:u0|    ; 3 (3)               ; 0 (0)                     ; 0                 ; 0          ; 0    ; 0            ; |Calculator|Divider:div|pu4s:u3|pu:u2|FAdder:u1|FAdder_4bit:u1|FAdder_1bit:u0                         ; FAdder_1bit  ; work         ;
;                   |FAdder_1bit:u1|    ; 1 (1)               ; 0 (0)                     ; 0                 ; 0          ; 0    ; 0            ; |Calculator|Divider:div|pu4s:u3|pu:u2|FAdder:u1|FAdder_4bit:u1|FAdder_1bit:u1                         ; FAdder_1bit  ; work         ;
;                   |FAdder_1bit:u2|    ; 1 (1)               ; 0 (0)                     ; 0                 ; 0          ; 0    ; 0            ; |Calculator|Divider:div|pu4s:u3|pu:u2|FAdder:u1|FAdder_4bit:u1|FAdder_1bit:u2                         ; FAdder_1bit  ; work         ;
;                |FAdder_4bit:u2|       ; 7 (0)               ; 0 (0)                     ; 0                 ; 0          ; 0    ; 0            ; |Calculator|Divider:div|pu4s:u3|pu:u2|FAdder:u1|FAdder_4bit:u2                                        ; FAdder_4bit  ; work         ;
;                   |FAdder_1bit:u0|    ; 2 (2)               ; 0 (0)                     ; 0                 ; 0          ; 0    ; 0            ; |Calculator|Divider:div|pu4s:u3|pu:u2|FAdder:u1|FAdder_4bit:u2|FAdder_1bit:u0                         ; FAdder_1bit  ; work         ;
;                   |FAdder_1bit:u1|    ; 3 (3)               ; 0 (0)                     ; 0                 ; 0          ; 0    ; 0            ; |Calculator|Divider:div|pu4s:u3|pu:u2|FAdder:u1|FAdder_4bit:u2|FAdder_1bit:u1                         ; FAdder_1bit  ; work         ;
;                   |FAdder_1bit:u2|    ; 1 (1)               ; 0 (0)                     ; 0                 ; 0          ; 0    ; 0            ; |Calculator|Divider:div|pu4s:u3|pu:u2|FAdder:u1|FAdder_4bit:u2|FAdder_1bit:u2                         ; FAdder_1bit  ; work         ;
;                   |FAdder_1bit:u3|    ; 1 (1)               ; 0 (0)                     ; 0                 ; 0          ; 0    ; 0            ; |Calculator|Divider:div|pu4s:u3|pu:u2|FAdder:u1|FAdder_4bit:u2|FAdder_1bit:u3                         ; FAdder_1bit  ; work         ;
;                |FAdder_4bit:u3|       ; 6 (0)               ; 0 (0)                     ; 0                 ; 0          ; 0    ; 0            ; |Calculator|Divider:div|pu4s:u3|pu:u2|FAdder:u1|FAdder_4bit:u3                                        ; FAdder_4bit  ; work         ;
;                   |FAdder_1bit:u0|    ; 1 (1)               ; 0 (0)                     ; 0                 ; 0          ; 0    ; 0            ; |Calculator|Divider:div|pu4s:u3|pu:u2|FAdder:u1|FAdder_4bit:u3|FAdder_1bit:u0                         ; FAdder_1bit  ; work         ;
;                   |FAdder_1bit:u1|    ; 1 (1)               ; 0 (0)                     ; 0                 ; 0          ; 0    ; 0            ; |Calculator|Divider:div|pu4s:u3|pu:u2|FAdder:u1|FAdder_4bit:u3|FAdder_1bit:u1                         ; FAdder_1bit  ; work         ;
;                   |FAdder_1bit:u3|    ; 4 (4)               ; 0 (0)                     ; 0                 ; 0          ; 0    ; 0            ; |Calculator|Divider:div|pu4s:u3|pu:u2|FAdder:u1|FAdder_4bit:u3|FAdder_1bit:u3                         ; FAdder_1bit  ; work         ;
;          |pu:u3|                      ; 36 (15)             ; 0 (0)                     ; 0                 ; 0          ; 0    ; 0            ; |Calculator|Divider:div|pu4s:u3|pu:u3                                                                 ; pu           ; work         ;
;             |FAdder:u1|               ; 21 (0)              ; 0 (0)                     ; 0                 ; 0          ; 0    ; 0            ; |Calculator|Divider:div|pu4s:u3|pu:u3|FAdder:u1                                                       ; FAdder       ; work         ;
;                |FAdder_4bit:u0|       ; 3 (0)               ; 0 (0)                     ; 0                 ; 0          ; 0    ; 0            ; |Calculator|Divider:div|pu4s:u3|pu:u3|FAdder:u1|FAdder_4bit:u0                                        ; FAdder_4bit  ; work         ;
;                   |FAdder_1bit:u1|    ; 1 (1)               ; 0 (0)                     ; 0                 ; 0          ; 0    ; 0            ; |Calculator|Divider:div|pu4s:u3|pu:u3|FAdder:u1|FAdder_4bit:u0|FAdder_1bit:u1                         ; FAdder_1bit  ; work         ;
;                   |FAdder_1bit:u3|    ; 2 (2)               ; 0 (0)                     ; 0                 ; 0          ; 0    ; 0            ; |Calculator|Divider:div|pu4s:u3|pu:u3|FAdder:u1|FAdder_4bit:u0|FAdder_1bit:u3                         ; FAdder_1bit  ; work         ;
;                |FAdder_4bit:u1|       ; 5 (0)               ; 0 (0)                     ; 0                 ; 0          ; 0    ; 0            ; |Calculator|Divider:div|pu4s:u3|pu:u3|FAdder:u1|FAdder_4bit:u1                                        ; FAdder_4bit  ; work         ;
;                   |FAdder_1bit:u0|    ; 3 (3)               ; 0 (0)                     ; 0                 ; 0          ; 0    ; 0            ; |Calculator|Divider:div|pu4s:u3|pu:u3|FAdder:u1|FAdder_4bit:u1|FAdder_1bit:u0                         ; FAdder_1bit  ; work         ;
;                   |FAdder_1bit:u1|    ; 1 (1)               ; 0 (0)                     ; 0                 ; 0          ; 0    ; 0            ; |Calculator|Divider:div|pu4s:u3|pu:u3|FAdder:u1|FAdder_4bit:u1|FAdder_1bit:u1                         ; FAdder_1bit  ; work         ;
;                   |FAdder_1bit:u2|    ; 1 (1)               ; 0 (0)                     ; 0                 ; 0          ; 0    ; 0            ; |Calculator|Divider:div|pu4s:u3|pu:u3|FAdder:u1|FAdder_4bit:u1|FAdder_1bit:u2                         ; FAdder_1bit  ; work         ;
;                |FAdder_4bit:u2|       ; 7 (0)               ; 0 (0)                     ; 0                 ; 0          ; 0    ; 0            ; |Calculator|Divider:div|pu4s:u3|pu:u3|FAdder:u1|FAdder_4bit:u2                                        ; FAdder_4bit  ; work         ;
;                   |FAdder_1bit:u0|    ; 2 (2)               ; 0 (0)                     ; 0                 ; 0          ; 0    ; 0            ; |Calculator|Divider:div|pu4s:u3|pu:u3|FAdder:u1|FAdder_4bit:u2|FAdder_1bit:u0                         ; FAdder_1bit  ; work         ;
;                   |FAdder_1bit:u1|    ; 3 (3)               ; 0 (0)                     ; 0                 ; 0          ; 0    ; 0            ; |Calculator|Divider:div|pu4s:u3|pu:u3|FAdder:u1|FAdder_4bit:u2|FAdder_1bit:u1                         ; FAdder_1bit  ; work         ;
;                   |FAdder_1bit:u2|    ; 1 (1)               ; 0 (0)                     ; 0                 ; 0          ; 0    ; 0            ; |Calculator|Divider:div|pu4s:u3|pu:u3|FAdder:u1|FAdder_4bit:u2|FAdder_1bit:u2                         ; FAdder_1bit  ; work         ;
;                   |FAdder_1bit:u3|    ; 1 (1)               ; 0 (0)                     ; 0                 ; 0          ; 0    ; 0            ; |Calculator|Divider:div|pu4s:u3|pu:u3|FAdder:u1|FAdder_4bit:u2|FAdder_1bit:u3                         ; FAdder_1bit  ; work         ;
;                |FAdder_4bit:u3|       ; 6 (0)               ; 0 (0)                     ; 0                 ; 0          ; 0    ; 0            ; |Calculator|Divider:div|pu4s:u3|pu:u3|FAdder:u1|FAdder_4bit:u3                                        ; FAdder_4bit  ; work         ;
;                   |FAdder_1bit:u0|    ; 1 (1)               ; 0 (0)                     ; 0                 ; 0          ; 0    ; 0            ; |Calculator|Divider:div|pu4s:u3|pu:u3|FAdder:u1|FAdder_4bit:u3|FAdder_1bit:u0                         ; FAdder_1bit  ; work         ;
;                   |FAdder_1bit:u1|    ; 1 (1)               ; 0 (0)                     ; 0                 ; 0          ; 0    ; 0            ; |Calculator|Divider:div|pu4s:u3|pu:u3|FAdder:u1|FAdder_4bit:u3|FAdder_1bit:u1                         ; FAdder_1bit  ; work         ;
;                   |FAdder_1bit:u3|    ; 4 (4)               ; 0 (0)                     ; 0                 ; 0          ; 0    ; 0            ; |Calculator|Divider:div|pu4s:u3|pu:u3|FAdder:u1|FAdder_4bit:u3|FAdder_1bit:u3                         ; FAdder_1bit  ; work         ;
;          |pu:u4|                      ; 36 (15)             ; 0 (0)                     ; 0                 ; 0          ; 0    ; 0            ; |Calculator|Divider:div|pu4s:u3|pu:u4                                                                 ; pu           ; work         ;
;             |FAdder:u1|               ; 21 (0)              ; 0 (0)                     ; 0                 ; 0          ; 0    ; 0            ; |Calculator|Divider:div|pu4s:u3|pu:u4|FAdder:u1                                                       ; FAdder       ; work         ;
;                |FAdder_4bit:u0|       ; 3 (0)               ; 0 (0)                     ; 0                 ; 0          ; 0    ; 0            ; |Calculator|Divider:div|pu4s:u3|pu:u4|FAdder:u1|FAdder_4bit:u0                                        ; FAdder_4bit  ; work         ;
;                   |FAdder_1bit:u1|    ; 1 (1)               ; 0 (0)                     ; 0                 ; 0          ; 0    ; 0            ; |Calculator|Divider:div|pu4s:u3|pu:u4|FAdder:u1|FAdder_4bit:u0|FAdder_1bit:u1                         ; FAdder_1bit  ; work         ;
;                   |FAdder_1bit:u3|    ; 2 (2)               ; 0 (0)                     ; 0                 ; 0          ; 0    ; 0            ; |Calculator|Divider:div|pu4s:u3|pu:u4|FAdder:u1|FAdder_4bit:u0|FAdder_1bit:u3                         ; FAdder_1bit  ; work         ;
;                |FAdder_4bit:u1|       ; 5 (0)               ; 0 (0)                     ; 0                 ; 0          ; 0    ; 0            ; |Calculator|Divider:div|pu4s:u3|pu:u4|FAdder:u1|FAdder_4bit:u1                                        ; FAdder_4bit  ; work         ;
;                   |FAdder_1bit:u0|    ; 3 (3)               ; 0 (0)                     ; 0                 ; 0          ; 0    ; 0            ; |Calculator|Divider:div|pu4s:u3|pu:u4|FAdder:u1|FAdder_4bit:u1|FAdder_1bit:u0                         ; FAdder_1bit  ; work         ;
;                   |FAdder_1bit:u1|    ; 1 (1)               ; 0 (0)                     ; 0                 ; 0          ; 0    ; 0            ; |Calculator|Divider:div|pu4s:u3|pu:u4|FAdder:u1|FAdder_4bit:u1|FAdder_1bit:u1                         ; FAdder_1bit  ; work         ;
;                   |FAdder_1bit:u2|    ; 1 (1)               ; 0 (0)                     ; 0                 ; 0          ; 0    ; 0            ; |Calculator|Divider:div|pu4s:u3|pu:u4|FAdder:u1|FAdder_4bit:u1|FAdder_1bit:u2                         ; FAdder_1bit  ; work         ;
;                |FAdder_4bit:u2|       ; 7 (0)               ; 0 (0)                     ; 0                 ; 0          ; 0    ; 0            ; |Calculator|Divider:div|pu4s:u3|pu:u4|FAdder:u1|FAdder_4bit:u2                                        ; FAdder_4bit  ; work         ;
;                   |FAdder_1bit:u0|    ; 2 (2)               ; 0 (0)                     ; 0                 ; 0          ; 0    ; 0            ; |Calculator|Divider:div|pu4s:u3|pu:u4|FAdder:u1|FAdder_4bit:u2|FAdder_1bit:u0                         ; FAdder_1bit  ; work         ;
;                   |FAdder_1bit:u1|    ; 3 (3)               ; 0 (0)                     ; 0                 ; 0          ; 0    ; 0            ; |Calculator|Divider:div|pu4s:u3|pu:u4|FAdder:u1|FAdder_4bit:u2|FAdder_1bit:u1                         ; FAdder_1bit  ; work         ;
;                   |FAdder_1bit:u2|    ; 1 (1)               ; 0 (0)                     ; 0                 ; 0          ; 0    ; 0            ; |Calculator|Divider:div|pu4s:u3|pu:u4|FAdder:u1|FAdder_4bit:u2|FAdder_1bit:u2                         ; FAdder_1bit  ; work         ;
;                   |FAdder_1bit:u3|    ; 1 (1)               ; 0 (0)                     ; 0                 ; 0          ; 0    ; 0            ; |Calculator|Divider:div|pu4s:u3|pu:u4|FAdder:u1|FAdder_4bit:u2|FAdder_1bit:u3                         ; FAdder_1bit  ; work         ;
;                |FAdder_4bit:u3|       ; 6 (0)               ; 0 (0)                     ; 0                 ; 0          ; 0    ; 0            ; |Calculator|Divider:div|pu4s:u3|pu:u4|FAdder:u1|FAdder_4bit:u3                                        ; FAdder_4bit  ; work         ;
;                   |FAdder_1bit:u0|    ; 1 (1)               ; 0 (0)                     ; 0                 ; 0          ; 0    ; 0            ; |Calculator|Divider:div|pu4s:u3|pu:u4|FAdder:u1|FAdder_4bit:u3|FAdder_1bit:u0                         ; FAdder_1bit  ; work         ;
;                   |FAdder_1bit:u1|    ; 1 (1)               ; 0 (0)                     ; 0                 ; 0          ; 0    ; 0            ; |Calculator|Divider:div|pu4s:u3|pu:u4|FAdder:u1|FAdder_4bit:u3|FAdder_1bit:u1                         ; FAdder_1bit  ; work         ;
;                   |FAdder_1bit:u3|    ; 4 (4)               ; 0 (0)                     ; 0                 ; 0          ; 0    ; 0            ; |Calculator|Divider:div|pu4s:u3|pu:u4|FAdder:u1|FAdder_4bit:u3|FAdder_1bit:u3                         ; FAdder_1bit  ; work         ;
;       |pu4s:u4|                       ; 151 (0)             ; 0 (0)                     ; 0                 ; 0          ; 0    ; 0            ; |Calculator|Divider:div|pu4s:u4                                                                       ; pu4s         ; work         ;
;          |pu:u1|                      ; 36 (15)             ; 0 (0)                     ; 0                 ; 0          ; 0    ; 0            ; |Calculator|Divider:div|pu4s:u4|pu:u1                                                                 ; pu           ; work         ;
;             |FAdder:u1|               ; 21 (0)              ; 0 (0)                     ; 0                 ; 0          ; 0    ; 0            ; |Calculator|Divider:div|pu4s:u4|pu:u1|FAdder:u1                                                       ; FAdder       ; work         ;
;                |FAdder_4bit:u0|       ; 3 (0)               ; 0 (0)                     ; 0                 ; 0          ; 0    ; 0            ; |Calculator|Divider:div|pu4s:u4|pu:u1|FAdder:u1|FAdder_4bit:u0                                        ; FAdder_4bit  ; work         ;
;                   |FAdder_1bit:u1|    ; 1 (1)               ; 0 (0)                     ; 0                 ; 0          ; 0    ; 0            ; |Calculator|Divider:div|pu4s:u4|pu:u1|FAdder:u1|FAdder_4bit:u0|FAdder_1bit:u1                         ; FAdder_1bit  ; work         ;
;                   |FAdder_1bit:u3|    ; 2 (2)               ; 0 (0)                     ; 0                 ; 0          ; 0    ; 0            ; |Calculator|Divider:div|pu4s:u4|pu:u1|FAdder:u1|FAdder_4bit:u0|FAdder_1bit:u3                         ; FAdder_1bit  ; work         ;
;                |FAdder_4bit:u1|       ; 5 (0)               ; 0 (0)                     ; 0                 ; 0          ; 0    ; 0            ; |Calculator|Divider:div|pu4s:u4|pu:u1|FAdder:u1|FAdder_4bit:u1                                        ; FAdder_4bit  ; work         ;
;                   |FAdder_1bit:u0|    ; 3 (3)               ; 0 (0)                     ; 0                 ; 0          ; 0    ; 0            ; |Calculator|Divider:div|pu4s:u4|pu:u1|FAdder:u1|FAdder_4bit:u1|FAdder_1bit:u0                         ; FAdder_1bit  ; work         ;
;                   |FAdder_1bit:u1|    ; 1 (1)               ; 0 (0)                     ; 0                 ; 0          ; 0    ; 0            ; |Calculator|Divider:div|pu4s:u4|pu:u1|FAdder:u1|FAdder_4bit:u1|FAdder_1bit:u1                         ; FAdder_1bit  ; work         ;
;                   |FAdder_1bit:u2|    ; 1 (1)               ; 0 (0)                     ; 0                 ; 0          ; 0    ; 0            ; |Calculator|Divider:div|pu4s:u4|pu:u1|FAdder:u1|FAdder_4bit:u1|FAdder_1bit:u2                         ; FAdder_1bit  ; work         ;
;                |FAdder_4bit:u2|       ; 7 (0)               ; 0 (0)                     ; 0                 ; 0          ; 0    ; 0            ; |Calculator|Divider:div|pu4s:u4|pu:u1|FAdder:u1|FAdder_4bit:u2                                        ; FAdder_4bit  ; work         ;
;                   |FAdder_1bit:u0|    ; 2 (2)               ; 0 (0)                     ; 0                 ; 0          ; 0    ; 0            ; |Calculator|Divider:div|pu4s:u4|pu:u1|FAdder:u1|FAdder_4bit:u2|FAdder_1bit:u0                         ; FAdder_1bit  ; work         ;
;                   |FAdder_1bit:u1|    ; 3 (3)               ; 0 (0)                     ; 0                 ; 0          ; 0    ; 0            ; |Calculator|Divider:div|pu4s:u4|pu:u1|FAdder:u1|FAdder_4bit:u2|FAdder_1bit:u1                         ; FAdder_1bit  ; work         ;
;                   |FAdder_1bit:u2|    ; 1 (1)               ; 0 (0)                     ; 0                 ; 0          ; 0    ; 0            ; |Calculator|Divider:div|pu4s:u4|pu:u1|FAdder:u1|FAdder_4bit:u2|FAdder_1bit:u2                         ; FAdder_1bit  ; work         ;
;                   |FAdder_1bit:u3|    ; 1 (1)               ; 0 (0)                     ; 0                 ; 0          ; 0    ; 0            ; |Calculator|Divider:div|pu4s:u4|pu:u1|FAdder:u1|FAdder_4bit:u2|FAdder_1bit:u3                         ; FAdder_1bit  ; work         ;
;                |FAdder_4bit:u3|       ; 6 (0)               ; 0 (0)                     ; 0                 ; 0          ; 0    ; 0            ; |Calculator|Divider:div|pu4s:u4|pu:u1|FAdder:u1|FAdder_4bit:u3                                        ; FAdder_4bit  ; work         ;
;                   |FAdder_1bit:u0|    ; 1 (1)               ; 0 (0)                     ; 0                 ; 0          ; 0    ; 0            ; |Calculator|Divider:div|pu4s:u4|pu:u1|FAdder:u1|FAdder_4bit:u3|FAdder_1bit:u0                         ; FAdder_1bit  ; work         ;
;                   |FAdder_1bit:u1|    ; 1 (1)               ; 0 (0)                     ; 0                 ; 0          ; 0    ; 0            ; |Calculator|Divider:div|pu4s:u4|pu:u1|FAdder:u1|FAdder_4bit:u3|FAdder_1bit:u1                         ; FAdder_1bit  ; work         ;
;                   |FAdder_1bit:u3|    ; 4 (4)               ; 0 (0)                     ; 0                 ; 0          ; 0    ; 0            ; |Calculator|Divider:div|pu4s:u4|pu:u1|FAdder:u1|FAdder_4bit:u3|FAdder_1bit:u3                         ; FAdder_1bit  ; work         ;
;          |pu:u2|                      ; 36 (15)             ; 0 (0)                     ; 0                 ; 0          ; 0    ; 0            ; |Calculator|Divider:div|pu4s:u4|pu:u2                                                                 ; pu           ; work         ;
;             |FAdder:u1|               ; 21 (0)              ; 0 (0)                     ; 0                 ; 0          ; 0    ; 0            ; |Calculator|Divider:div|pu4s:u4|pu:u2|FAdder:u1                                                       ; FAdder       ; work         ;
;                |FAdder_4bit:u0|       ; 3 (0)               ; 0 (0)                     ; 0                 ; 0          ; 0    ; 0            ; |Calculator|Divider:div|pu4s:u4|pu:u2|FAdder:u1|FAdder_4bit:u0                                        ; FAdder_4bit  ; work         ;
;                   |FAdder_1bit:u1|    ; 1 (1)               ; 0 (0)                     ; 0                 ; 0          ; 0    ; 0            ; |Calculator|Divider:div|pu4s:u4|pu:u2|FAdder:u1|FAdder_4bit:u0|FAdder_1bit:u1                         ; FAdder_1bit  ; work         ;
;                   |FAdder_1bit:u3|    ; 2 (2)               ; 0 (0)                     ; 0                 ; 0          ; 0    ; 0            ; |Calculator|Divider:div|pu4s:u4|pu:u2|FAdder:u1|FAdder_4bit:u0|FAdder_1bit:u3                         ; FAdder_1bit  ; work         ;
;                |FAdder_4bit:u1|       ; 5 (0)               ; 0 (0)                     ; 0                 ; 0          ; 0    ; 0            ; |Calculator|Divider:div|pu4s:u4|pu:u2|FAdder:u1|FAdder_4bit:u1                                        ; FAdder_4bit  ; work         ;
;                   |FAdder_1bit:u0|    ; 3 (3)               ; 0 (0)                     ; 0                 ; 0          ; 0    ; 0            ; |Calculator|Divider:div|pu4s:u4|pu:u2|FAdder:u1|FAdder_4bit:u1|FAdder_1bit:u0                         ; FAdder_1bit  ; work         ;
;                   |FAdder_1bit:u1|    ; 1 (1)               ; 0 (0)                     ; 0                 ; 0          ; 0    ; 0            ; |Calculator|Divider:div|pu4s:u4|pu:u2|FAdder:u1|FAdder_4bit:u1|FAdder_1bit:u1                         ; FAdder_1bit  ; work         ;
;                   |FAdder_1bit:u2|    ; 1 (1)               ; 0 (0)                     ; 0                 ; 0          ; 0    ; 0            ; |Calculator|Divider:div|pu4s:u4|pu:u2|FAdder:u1|FAdder_4bit:u1|FAdder_1bit:u2                         ; FAdder_1bit  ; work         ;
;                |FAdder_4bit:u2|       ; 7 (0)               ; 0 (0)                     ; 0                 ; 0          ; 0    ; 0            ; |Calculator|Divider:div|pu4s:u4|pu:u2|FAdder:u1|FAdder_4bit:u2                                        ; FAdder_4bit  ; work         ;
;                   |FAdder_1bit:u0|    ; 2 (2)               ; 0 (0)                     ; 0                 ; 0          ; 0    ; 0            ; |Calculator|Divider:div|pu4s:u4|pu:u2|FAdder:u1|FAdder_4bit:u2|FAdder_1bit:u0                         ; FAdder_1bit  ; work         ;
;                   |FAdder_1bit:u1|    ; 3 (3)               ; 0 (0)                     ; 0                 ; 0          ; 0    ; 0            ; |Calculator|Divider:div|pu4s:u4|pu:u2|FAdder:u1|FAdder_4bit:u2|FAdder_1bit:u1                         ; FAdder_1bit  ; work         ;
;                   |FAdder_1bit:u2|    ; 1 (1)               ; 0 (0)                     ; 0                 ; 0          ; 0    ; 0            ; |Calculator|Divider:div|pu4s:u4|pu:u2|FAdder:u1|FAdder_4bit:u2|FAdder_1bit:u2                         ; FAdder_1bit  ; work         ;
;                   |FAdder_1bit:u3|    ; 1 (1)               ; 0 (0)                     ; 0                 ; 0          ; 0    ; 0            ; |Calculator|Divider:div|pu4s:u4|pu:u2|FAdder:u1|FAdder_4bit:u2|FAdder_1bit:u3                         ; FAdder_1bit  ; work         ;
;                |FAdder_4bit:u3|       ; 6 (0)               ; 0 (0)                     ; 0                 ; 0          ; 0    ; 0            ; |Calculator|Divider:div|pu4s:u4|pu:u2|FAdder:u1|FAdder_4bit:u3                                        ; FAdder_4bit  ; work         ;
;                   |FAdder_1bit:u0|    ; 1 (1)               ; 0 (0)                     ; 0                 ; 0          ; 0    ; 0            ; |Calculator|Divider:div|pu4s:u4|pu:u2|FAdder:u1|FAdder_4bit:u3|FAdder_1bit:u0                         ; FAdder_1bit  ; work         ;
;                   |FAdder_1bit:u1|    ; 1 (1)               ; 0 (0)                     ; 0                 ; 0          ; 0    ; 0            ; |Calculator|Divider:div|pu4s:u4|pu:u2|FAdder:u1|FAdder_4bit:u3|FAdder_1bit:u1                         ; FAdder_1bit  ; work         ;
;                   |FAdder_1bit:u3|    ; 4 (4)               ; 0 (0)                     ; 0                 ; 0          ; 0    ; 0            ; |Calculator|Divider:div|pu4s:u4|pu:u2|FAdder:u1|FAdder_4bit:u3|FAdder_1bit:u3                         ; FAdder_1bit  ; work         ;
;          |pu:u3|                      ; 36 (15)             ; 0 (0)                     ; 0                 ; 0          ; 0    ; 0            ; |Calculator|Divider:div|pu4s:u4|pu:u3                                                                 ; pu           ; work         ;
;             |FAdder:u1|               ; 21 (0)              ; 0 (0)                     ; 0                 ; 0          ; 0    ; 0            ; |Calculator|Divider:div|pu4s:u4|pu:u3|FAdder:u1                                                       ; FAdder       ; work         ;
;                |FAdder_4bit:u0|       ; 3 (0)               ; 0 (0)                     ; 0                 ; 0          ; 0    ; 0            ; |Calculator|Divider:div|pu4s:u4|pu:u3|FAdder:u1|FAdder_4bit:u0                                        ; FAdder_4bit  ; work         ;
;                   |FAdder_1bit:u1|    ; 1 (1)               ; 0 (0)                     ; 0                 ; 0          ; 0    ; 0            ; |Calculator|Divider:div|pu4s:u4|pu:u3|FAdder:u1|FAdder_4bit:u0|FAdder_1bit:u1                         ; FAdder_1bit  ; work         ;
;                   |FAdder_1bit:u3|    ; 2 (2)               ; 0 (0)                     ; 0                 ; 0          ; 0    ; 0            ; |Calculator|Divider:div|pu4s:u4|pu:u3|FAdder:u1|FAdder_4bit:u0|FAdder_1bit:u3                         ; FAdder_1bit  ; work         ;
;                |FAdder_4bit:u1|       ; 5 (0)               ; 0 (0)                     ; 0                 ; 0          ; 0    ; 0            ; |Calculator|Divider:div|pu4s:u4|pu:u3|FAdder:u1|FAdder_4bit:u1                                        ; FAdder_4bit  ; work         ;
;                   |FAdder_1bit:u0|    ; 3 (3)               ; 0 (0)                     ; 0                 ; 0          ; 0    ; 0            ; |Calculator|Divider:div|pu4s:u4|pu:u3|FAdder:u1|FAdder_4bit:u1|FAdder_1bit:u0                         ; FAdder_1bit  ; work         ;
;                   |FAdder_1bit:u1|    ; 1 (1)               ; 0 (0)                     ; 0                 ; 0          ; 0    ; 0            ; |Calculator|Divider:div|pu4s:u4|pu:u3|FAdder:u1|FAdder_4bit:u1|FAdder_1bit:u1                         ; FAdder_1bit  ; work         ;
;                   |FAdder_1bit:u2|    ; 1 (1)               ; 0 (0)                     ; 0                 ; 0          ; 0    ; 0            ; |Calculator|Divider:div|pu4s:u4|pu:u3|FAdder:u1|FAdder_4bit:u1|FAdder_1bit:u2                         ; FAdder_1bit  ; work         ;
;                |FAdder_4bit:u2|       ; 7 (0)               ; 0 (0)                     ; 0                 ; 0          ; 0    ; 0            ; |Calculator|Divider:div|pu4s:u4|pu:u3|FAdder:u1|FAdder_4bit:u2                                        ; FAdder_4bit  ; work         ;
;                   |FAdder_1bit:u0|    ; 2 (2)               ; 0 (0)                     ; 0                 ; 0          ; 0    ; 0            ; |Calculator|Divider:div|pu4s:u4|pu:u3|FAdder:u1|FAdder_4bit:u2|FAdder_1bit:u0                         ; FAdder_1bit  ; work         ;
;                   |FAdder_1bit:u1|    ; 3 (3)               ; 0 (0)                     ; 0                 ; 0          ; 0    ; 0            ; |Calculator|Divider:div|pu4s:u4|pu:u3|FAdder:u1|FAdder_4bit:u2|FAdder_1bit:u1                         ; FAdder_1bit  ; work         ;
;                   |FAdder_1bit:u2|    ; 1 (1)               ; 0 (0)                     ; 0                 ; 0          ; 0    ; 0            ; |Calculator|Divider:div|pu4s:u4|pu:u3|FAdder:u1|FAdder_4bit:u2|FAdder_1bit:u2                         ; FAdder_1bit  ; work         ;
;                   |FAdder_1bit:u3|    ; 1 (1)               ; 0 (0)                     ; 0                 ; 0          ; 0    ; 0            ; |Calculator|Divider:div|pu4s:u4|pu:u3|FAdder:u1|FAdder_4bit:u2|FAdder_1bit:u3                         ; FAdder_1bit  ; work         ;
;                |FAdder_4bit:u3|       ; 6 (0)               ; 0 (0)                     ; 0                 ; 0          ; 0    ; 0            ; |Calculator|Divider:div|pu4s:u4|pu:u3|FAdder:u1|FAdder_4bit:u3                                        ; FAdder_4bit  ; work         ;
;                   |FAdder_1bit:u0|    ; 1 (1)               ; 0 (0)                     ; 0                 ; 0          ; 0    ; 0            ; |Calculator|Divider:div|pu4s:u4|pu:u3|FAdder:u1|FAdder_4bit:u3|FAdder_1bit:u0                         ; FAdder_1bit  ; work         ;
;                   |FAdder_1bit:u1|    ; 1 (1)               ; 0 (0)                     ; 0                 ; 0          ; 0    ; 0            ; |Calculator|Divider:div|pu4s:u4|pu:u3|FAdder:u1|FAdder_4bit:u3|FAdder_1bit:u1                         ; FAdder_1bit  ; work         ;
;                   |FAdder_1bit:u3|    ; 4 (4)               ; 0 (0)                     ; 0                 ; 0          ; 0    ; 0            ; |Calculator|Divider:div|pu4s:u4|pu:u3|FAdder:u1|FAdder_4bit:u3|FAdder_1bit:u3                         ; FAdder_1bit  ; work         ;
;          |pu:u4|                      ; 43 (16)             ; 0 (0)                     ; 0                 ; 0          ; 0    ; 0            ; |Calculator|Divider:div|pu4s:u4|pu:u4                                                                 ; pu           ; work         ;
;             |FAdder:u1|               ; 27 (0)              ; 0 (0)                     ; 0                 ; 0          ; 0    ; 0            ; |Calculator|Divider:div|pu4s:u4|pu:u4|FAdder:u1                                                       ; FAdder       ; work         ;
;                |FAdder_4bit:u0|       ; 4 (0)               ; 0 (0)                     ; 0                 ; 0          ; 0    ; 0            ; |Calculator|Divider:div|pu4s:u4|pu:u4|FAdder:u1|FAdder_4bit:u0                                        ; FAdder_4bit  ; work         ;
;                   |FAdder_1bit:u1|    ; 2 (2)               ; 0 (0)                     ; 0                 ; 0          ; 0    ; 0            ; |Calculator|Divider:div|pu4s:u4|pu:u4|FAdder:u1|FAdder_4bit:u0|FAdder_1bit:u1                         ; FAdder_1bit  ; work         ;
;                   |FAdder_1bit:u2|    ; 1 (1)               ; 0 (0)                     ; 0                 ; 0          ; 0    ; 0            ; |Calculator|Divider:div|pu4s:u4|pu:u4|FAdder:u1|FAdder_4bit:u0|FAdder_1bit:u2                         ; FAdder_1bit  ; work         ;
;                   |FAdder_1bit:u3|    ; 1 (1)               ; 0 (0)                     ; 0                 ; 0          ; 0    ; 0            ; |Calculator|Divider:div|pu4s:u4|pu:u4|FAdder:u1|FAdder_4bit:u0|FAdder_1bit:u3                         ; FAdder_1bit  ; work         ;
;                |FAdder_4bit:u1|       ; 8 (0)               ; 0 (0)                     ; 0                 ; 0          ; 0    ; 0            ; |Calculator|Divider:div|pu4s:u4|pu:u4|FAdder:u1|FAdder_4bit:u1                                        ; FAdder_4bit  ; work         ;
;                   |FAdder_1bit:u0|    ; 4 (4)               ; 0 (0)                     ; 0                 ; 0          ; 0    ; 0            ; |Calculator|Divider:div|pu4s:u4|pu:u4|FAdder:u1|FAdder_4bit:u1|FAdder_1bit:u0                         ; FAdder_1bit  ; work         ;
;                   |FAdder_1bit:u1|    ; 1 (1)               ; 0 (0)                     ; 0                 ; 0          ; 0    ; 0            ; |Calculator|Divider:div|pu4s:u4|pu:u4|FAdder:u1|FAdder_4bit:u1|FAdder_1bit:u1                         ; FAdder_1bit  ; work         ;
;                   |FAdder_1bit:u2|    ; 2 (2)               ; 0 (0)                     ; 0                 ; 0          ; 0    ; 0            ; |Calculator|Divider:div|pu4s:u4|pu:u4|FAdder:u1|FAdder_4bit:u1|FAdder_1bit:u2                         ; FAdder_1bit  ; work         ;
;                   |FAdder_1bit:u3|    ; 1 (1)               ; 0 (0)                     ; 0                 ; 0          ; 0    ; 0            ; |Calculator|Divider:div|pu4s:u4|pu:u4|FAdder:u1|FAdder_4bit:u1|FAdder_1bit:u3                         ; FAdder_1bit  ; work         ;
;                |FAdder_4bit:u2|       ; 8 (0)               ; 0 (0)                     ; 0                 ; 0          ; 0    ; 0            ; |Calculator|Divider:div|pu4s:u4|pu:u4|FAdder:u1|FAdder_4bit:u2                                        ; FAdder_4bit  ; work         ;
;                   |FAdder_1bit:u0|    ; 1 (1)               ; 0 (0)                     ; 0                 ; 0          ; 0    ; 0            ; |Calculator|Divider:div|pu4s:u4|pu:u4|FAdder:u1|FAdder_4bit:u2|FAdder_1bit:u0                         ; FAdder_1bit  ; work         ;
;                   |FAdder_1bit:u1|    ; 4 (4)               ; 0 (0)                     ; 0                 ; 0          ; 0    ; 0            ; |Calculator|Divider:div|pu4s:u4|pu:u4|FAdder:u1|FAdder_4bit:u2|FAdder_1bit:u1                         ; FAdder_1bit  ; work         ;
;                   |FAdder_1bit:u2|    ; 1 (1)               ; 0 (0)                     ; 0                 ; 0          ; 0    ; 0            ; |Calculator|Divider:div|pu4s:u4|pu:u4|FAdder:u1|FAdder_4bit:u2|FAdder_1bit:u2                         ; FAdder_1bit  ; work         ;
;                   |FAdder_1bit:u3|    ; 2 (2)               ; 0 (0)                     ; 0                 ; 0          ; 0    ; 0            ; |Calculator|Divider:div|pu4s:u4|pu:u4|FAdder:u1|FAdder_4bit:u2|FAdder_1bit:u3                         ; FAdder_1bit  ; work         ;
;                |FAdder_4bit:u3|       ; 7 (0)               ; 0 (0)                     ; 0                 ; 0          ; 0    ; 0            ; |Calculator|Divider:div|pu4s:u4|pu:u4|FAdder:u1|FAdder_4bit:u3                                        ; FAdder_4bit  ; work         ;
;                   |FAdder_1bit:u0|    ; 1 (1)               ; 0 (0)                     ; 0                 ; 0          ; 0    ; 0            ; |Calculator|Divider:div|pu4s:u4|pu:u4|FAdder:u1|FAdder_4bit:u3|FAdder_1bit:u0                         ; FAdder_1bit  ; work         ;
;                   |FAdder_1bit:u1|    ; 2 (2)               ; 0 (0)                     ; 0                 ; 0          ; 0    ; 0            ; |Calculator|Divider:div|pu4s:u4|pu:u4|FAdder:u1|FAdder_4bit:u3|FAdder_1bit:u1                         ; FAdder_1bit  ; work         ;
;                   |FAdder_1bit:u2|    ; 3 (3)               ; 0 (0)                     ; 0                 ; 0          ; 0    ; 0            ; |Calculator|Divider:div|pu4s:u4|pu:u4|FAdder:u1|FAdder_4bit:u3|FAdder_1bit:u2                         ; FAdder_1bit  ; work         ;
;                   |FAdder_1bit:u3|    ; 1 (1)               ; 0 (0)                     ; 0                 ; 0          ; 0    ; 0            ; |Calculator|Divider:div|pu4s:u4|pu:u4|FAdder:u1|FAdder_4bit:u3|FAdder_1bit:u3                         ; FAdder_1bit  ; work         ;
;    |FAdder:dif|                       ; 14 (0)              ; 0 (0)                     ; 0                 ; 0          ; 0    ; 0            ; |Calculator|FAdder:dif                                                                                ; FAdder       ; work         ;
;       |FAdder_4bit:u0|                ; 3 (0)               ; 0 (0)                     ; 0                 ; 0          ; 0    ; 0            ; |Calculator|FAdder:dif|FAdder_4bit:u0                                                                 ; FAdder_4bit  ; work         ;
;          |FAdder_1bit:u1|             ; 1 (1)               ; 0 (0)                     ; 0                 ; 0          ; 0    ; 0            ; |Calculator|FAdder:dif|FAdder_4bit:u0|FAdder_1bit:u1                                                  ; FAdder_1bit  ; work         ;
;          |FAdder_1bit:u2|             ; 1 (1)               ; 0 (0)                     ; 0                 ; 0          ; 0    ; 0            ; |Calculator|FAdder:dif|FAdder_4bit:u0|FAdder_1bit:u2                                                  ; FAdder_1bit  ; work         ;
;          |FAdder_1bit:u3|             ; 1 (1)               ; 0 (0)                     ; 0                 ; 0          ; 0    ; 0            ; |Calculator|FAdder:dif|FAdder_4bit:u0|FAdder_1bit:u3                                                  ; FAdder_1bit  ; work         ;
;       |FAdder_4bit:u1|                ; 4 (0)               ; 0 (0)                     ; 0                 ; 0          ; 0    ; 0            ; |Calculator|FAdder:dif|FAdder_4bit:u1                                                                 ; FAdder_4bit  ; work         ;
;          |FAdder_1bit:u0|             ; 1 (1)               ; 0 (0)                     ; 0                 ; 0          ; 0    ; 0            ; |Calculator|FAdder:dif|FAdder_4bit:u1|FAdder_1bit:u0                                                  ; FAdder_1bit  ; work         ;
;          |FAdder_1bit:u1|             ; 1 (1)               ; 0 (0)                     ; 0                 ; 0          ; 0    ; 0            ; |Calculator|FAdder:dif|FAdder_4bit:u1|FAdder_1bit:u1                                                  ; FAdder_1bit  ; work         ;
;          |FAdder_1bit:u2|             ; 1 (1)               ; 0 (0)                     ; 0                 ; 0          ; 0    ; 0            ; |Calculator|FAdder:dif|FAdder_4bit:u1|FAdder_1bit:u2                                                  ; FAdder_1bit  ; work         ;
;          |FAdder_1bit:u3|             ; 1 (1)               ; 0 (0)                     ; 0                 ; 0          ; 0    ; 0            ; |Calculator|FAdder:dif|FAdder_4bit:u1|FAdder_1bit:u3                                                  ; FAdder_1bit  ; work         ;
;       |FAdder_4bit:u2|                ; 4 (0)               ; 0 (0)                     ; 0                 ; 0          ; 0    ; 0            ; |Calculator|FAdder:dif|FAdder_4bit:u2                                                                 ; FAdder_4bit  ; work         ;
;          |FAdder_1bit:u0|             ; 1 (1)               ; 0 (0)                     ; 0                 ; 0          ; 0    ; 0            ; |Calculator|FAdder:dif|FAdder_4bit:u2|FAdder_1bit:u0                                                  ; FAdder_1bit  ; work         ;
;          |FAdder_1bit:u1|             ; 1 (1)               ; 0 (0)                     ; 0                 ; 0          ; 0    ; 0            ; |Calculator|FAdder:dif|FAdder_4bit:u2|FAdder_1bit:u1                                                  ; FAdder_1bit  ; work         ;
;          |FAdder_1bit:u2|             ; 1 (1)               ; 0 (0)                     ; 0                 ; 0          ; 0    ; 0            ; |Calculator|FAdder:dif|FAdder_4bit:u2|FAdder_1bit:u2                                                  ; FAdder_1bit  ; work         ;
;          |FAdder_1bit:u3|             ; 1 (1)               ; 0 (0)                     ; 0                 ; 0          ; 0    ; 0            ; |Calculator|FAdder:dif|FAdder_4bit:u2|FAdder_1bit:u3                                                  ; FAdder_1bit  ; work         ;
;       |FAdder_4bit:u3|                ; 3 (0)               ; 0 (0)                     ; 0                 ; 0          ; 0    ; 0            ; |Calculator|FAdder:dif|FAdder_4bit:u3                                                                 ; FAdder_4bit  ; work         ;
;          |FAdder_1bit:u0|             ; 1 (1)               ; 0 (0)                     ; 0                 ; 0          ; 0    ; 0            ; |Calculator|FAdder:dif|FAdder_4bit:u3|FAdder_1bit:u0                                                  ; FAdder_1bit  ; work         ;
;          |FAdder_1bit:u1|             ; 1 (1)               ; 0 (0)                     ; 0                 ; 0          ; 0    ; 0            ; |Calculator|FAdder:dif|FAdder_4bit:u3|FAdder_1bit:u1                                                  ; FAdder_1bit  ; work         ;
;          |FAdder_1bit:u3|             ; 1 (1)               ; 0 (0)                     ; 0                 ; 0          ; 0    ; 0            ; |Calculator|FAdder:dif|FAdder_4bit:u3|FAdder_1bit:u3                                                  ; FAdder_1bit  ; work         ;
;    |FAdder:sum|                       ; 15 (0)              ; 0 (0)                     ; 0                 ; 0          ; 0    ; 0            ; |Calculator|FAdder:sum                                                                                ; FAdder       ; work         ;
;       |FAdder_4bit:u0|                ; 4 (0)               ; 0 (0)                     ; 0                 ; 0          ; 0    ; 0            ; |Calculator|FAdder:sum|FAdder_4bit:u0                                                                 ; FAdder_4bit  ; work         ;
;          |FAdder_1bit:u0|             ; 1 (1)               ; 0 (0)                     ; 0                 ; 0          ; 0    ; 0            ; |Calculator|FAdder:sum|FAdder_4bit:u0|FAdder_1bit:u0                                                  ; FAdder_1bit  ; work         ;
;          |FAdder_1bit:u1|             ; 1 (1)               ; 0 (0)                     ; 0                 ; 0          ; 0    ; 0            ; |Calculator|FAdder:sum|FAdder_4bit:u0|FAdder_1bit:u1                                                  ; FAdder_1bit  ; work         ;
;          |FAdder_1bit:u2|             ; 1 (1)               ; 0 (0)                     ; 0                 ; 0          ; 0    ; 0            ; |Calculator|FAdder:sum|FAdder_4bit:u0|FAdder_1bit:u2                                                  ; FAdder_1bit  ; work         ;
;          |FAdder_1bit:u3|             ; 1 (1)               ; 0 (0)                     ; 0                 ; 0          ; 0    ; 0            ; |Calculator|FAdder:sum|FAdder_4bit:u0|FAdder_1bit:u3                                                  ; FAdder_1bit  ; work         ;
;       |FAdder_4bit:u1|                ; 4 (0)               ; 0 (0)                     ; 0                 ; 0          ; 0    ; 0            ; |Calculator|FAdder:sum|FAdder_4bit:u1                                                                 ; FAdder_4bit  ; work         ;
;          |FAdder_1bit:u0|             ; 1 (1)               ; 0 (0)                     ; 0                 ; 0          ; 0    ; 0            ; |Calculator|FAdder:sum|FAdder_4bit:u1|FAdder_1bit:u0                                                  ; FAdder_1bit  ; work         ;
;          |FAdder_1bit:u1|             ; 1 (1)               ; 0 (0)                     ; 0                 ; 0          ; 0    ; 0            ; |Calculator|FAdder:sum|FAdder_4bit:u1|FAdder_1bit:u1                                                  ; FAdder_1bit  ; work         ;
;          |FAdder_1bit:u2|             ; 1 (1)               ; 0 (0)                     ; 0                 ; 0          ; 0    ; 0            ; |Calculator|FAdder:sum|FAdder_4bit:u1|FAdder_1bit:u2                                                  ; FAdder_1bit  ; work         ;
;          |FAdder_1bit:u3|             ; 1 (1)               ; 0 (0)                     ; 0                 ; 0          ; 0    ; 0            ; |Calculator|FAdder:sum|FAdder_4bit:u1|FAdder_1bit:u3                                                  ; FAdder_1bit  ; work         ;
;       |FAdder_4bit:u2|                ; 4 (0)               ; 0 (0)                     ; 0                 ; 0          ; 0    ; 0            ; |Calculator|FAdder:sum|FAdder_4bit:u2                                                                 ; FAdder_4bit  ; work         ;
;          |FAdder_1bit:u0|             ; 1 (1)               ; 0 (0)                     ; 0                 ; 0          ; 0    ; 0            ; |Calculator|FAdder:sum|FAdder_4bit:u2|FAdder_1bit:u0                                                  ; FAdder_1bit  ; work         ;
;          |FAdder_1bit:u1|             ; 1 (1)               ; 0 (0)                     ; 0                 ; 0          ; 0    ; 0            ; |Calculator|FAdder:sum|FAdder_4bit:u2|FAdder_1bit:u1                                                  ; FAdder_1bit  ; work         ;
;          |FAdder_1bit:u2|             ; 1 (1)               ; 0 (0)                     ; 0                 ; 0          ; 0    ; 0            ; |Calculator|FAdder:sum|FAdder_4bit:u2|FAdder_1bit:u2                                                  ; FAdder_1bit  ; work         ;
;          |FAdder_1bit:u3|             ; 1 (1)               ; 0 (0)                     ; 0                 ; 0          ; 0    ; 0            ; |Calculator|FAdder:sum|FAdder_4bit:u2|FAdder_1bit:u3                                                  ; FAdder_1bit  ; work         ;
;       |FAdder_4bit:u3|                ; 3 (0)               ; 0 (0)                     ; 0                 ; 0          ; 0    ; 0            ; |Calculator|FAdder:sum|FAdder_4bit:u3                                                                 ; FAdder_4bit  ; work         ;
;          |FAdder_1bit:u0|             ; 1 (1)               ; 0 (0)                     ; 0                 ; 0          ; 0    ; 0            ; |Calculator|FAdder:sum|FAdder_4bit:u3|FAdder_1bit:u0                                                  ; FAdder_1bit  ; work         ;
;          |FAdder_1bit:u1|             ; 1 (1)               ; 0 (0)                     ; 0                 ; 0          ; 0    ; 0            ; |Calculator|FAdder:sum|FAdder_4bit:u3|FAdder_1bit:u1                                                  ; FAdder_1bit  ; work         ;
;          |FAdder_1bit:u3|             ; 1 (1)               ; 0 (0)                     ; 0                 ; 0          ; 0    ; 0            ; |Calculator|FAdder:sum|FAdder_4bit:u3|FAdder_1bit:u3                                                  ; FAdder_1bit  ; work         ;
;    |Multiplier:pro|                   ; 533 (18)            ; 0 (0)                     ; 0                 ; 0          ; 0    ; 0            ; |Calculator|Multiplier:pro                                                                            ; Multiplier   ; work         ;
;       |FAdder_32bit:u5|               ; 40 (0)              ; 0 (0)                     ; 0                 ; 0          ; 0    ; 0            ; |Calculator|Multiplier:pro|FAdder_32bit:u5                                                            ; FAdder_32bit ; work         ;
;          |FAdder:u0|                  ; 24 (0)              ; 0 (0)                     ; 0                 ; 0          ; 0    ; 0            ; |Calculator|Multiplier:pro|FAdder_32bit:u5|FAdder:u0                                                  ; FAdder       ; work         ;
;             |FAdder_4bit:u1|          ; 8 (0)               ; 0 (0)                     ; 0                 ; 0          ; 0    ; 0            ; |Calculator|Multiplier:pro|FAdder_32bit:u5|FAdder:u0|FAdder_4bit:u1                                   ; FAdder_4bit  ; work         ;
;                |FAdder_1bit:u0|       ; 2 (2)               ; 0 (0)                     ; 0                 ; 0          ; 0    ; 0            ; |Calculator|Multiplier:pro|FAdder_32bit:u5|FAdder:u0|FAdder_4bit:u1|FAdder_1bit:u0                    ; FAdder_1bit  ; work         ;
;                |FAdder_1bit:u1|       ; 2 (2)               ; 0 (0)                     ; 0                 ; 0          ; 0    ; 0            ; |Calculator|Multiplier:pro|FAdder_32bit:u5|FAdder:u0|FAdder_4bit:u1|FAdder_1bit:u1                    ; FAdder_1bit  ; work         ;
;                |FAdder_1bit:u2|       ; 2 (2)               ; 0 (0)                     ; 0                 ; 0          ; 0    ; 0            ; |Calculator|Multiplier:pro|FAdder_32bit:u5|FAdder:u0|FAdder_4bit:u1|FAdder_1bit:u2                    ; FAdder_1bit  ; work         ;
;                |FAdder_1bit:u3|       ; 2 (2)               ; 0 (0)                     ; 0                 ; 0          ; 0    ; 0            ; |Calculator|Multiplier:pro|FAdder_32bit:u5|FAdder:u0|FAdder_4bit:u1|FAdder_1bit:u3                    ; FAdder_1bit  ; work         ;
;             |FAdder_4bit:u2|          ; 8 (0)               ; 0 (0)                     ; 0                 ; 0          ; 0    ; 0            ; |Calculator|Multiplier:pro|FAdder_32bit:u5|FAdder:u0|FAdder_4bit:u2                                   ; FAdder_4bit  ; work         ;
;                |FAdder_1bit:u0|       ; 2 (2)               ; 0 (0)                     ; 0                 ; 0          ; 0    ; 0            ; |Calculator|Multiplier:pro|FAdder_32bit:u5|FAdder:u0|FAdder_4bit:u2|FAdder_1bit:u0                    ; FAdder_1bit  ; work         ;
;                |FAdder_1bit:u1|       ; 2 (2)               ; 0 (0)                     ; 0                 ; 0          ; 0    ; 0            ; |Calculator|Multiplier:pro|FAdder_32bit:u5|FAdder:u0|FAdder_4bit:u2|FAdder_1bit:u1                    ; FAdder_1bit  ; work         ;
;                |FAdder_1bit:u2|       ; 2 (2)               ; 0 (0)                     ; 0                 ; 0          ; 0    ; 0            ; |Calculator|Multiplier:pro|FAdder_32bit:u5|FAdder:u0|FAdder_4bit:u2|FAdder_1bit:u2                    ; FAdder_1bit  ; work         ;
;                |FAdder_1bit:u3|       ; 2 (2)               ; 0 (0)                     ; 0                 ; 0          ; 0    ; 0            ; |Calculator|Multiplier:pro|FAdder_32bit:u5|FAdder:u0|FAdder_4bit:u2|FAdder_1bit:u3                    ; FAdder_1bit  ; work         ;
;             |FAdder_4bit:u3|          ; 8 (0)               ; 0 (0)                     ; 0                 ; 0          ; 0    ; 0            ; |Calculator|Multiplier:pro|FAdder_32bit:u5|FAdder:u0|FAdder_4bit:u3                                   ; FAdder_4bit  ; work         ;
;                |FAdder_1bit:u0|       ; 2 (2)               ; 0 (0)                     ; 0                 ; 0          ; 0    ; 0            ; |Calculator|Multiplier:pro|FAdder_32bit:u5|FAdder:u0|FAdder_4bit:u3|FAdder_1bit:u0                    ; FAdder_1bit  ; work         ;
;                |FAdder_1bit:u1|       ; 2 (2)               ; 0 (0)                     ; 0                 ; 0          ; 0    ; 0            ; |Calculator|Multiplier:pro|FAdder_32bit:u5|FAdder:u0|FAdder_4bit:u3|FAdder_1bit:u1                    ; FAdder_1bit  ; work         ;
;                |FAdder_1bit:u2|       ; 2 (2)               ; 0 (0)                     ; 0                 ; 0          ; 0    ; 0            ; |Calculator|Multiplier:pro|FAdder_32bit:u5|FAdder:u0|FAdder_4bit:u3|FAdder_1bit:u2                    ; FAdder_1bit  ; work         ;
;                |FAdder_1bit:u3|       ; 2 (2)               ; 0 (0)                     ; 0                 ; 0          ; 0    ; 0            ; |Calculator|Multiplier:pro|FAdder_32bit:u5|FAdder:u0|FAdder_4bit:u3|FAdder_1bit:u3                    ; FAdder_1bit  ; work         ;
;          |FAdder:u1|                  ; 16 (0)              ; 0 (0)                     ; 0                 ; 0          ; 0    ; 0            ; |Calculator|Multiplier:pro|FAdder_32bit:u5|FAdder:u1                                                  ; FAdder       ; work         ;
;             |FAdder_4bit:u0|          ; 8 (0)               ; 0 (0)                     ; 0                 ; 0          ; 0    ; 0            ; |Calculator|Multiplier:pro|FAdder_32bit:u5|FAdder:u1|FAdder_4bit:u0                                   ; FAdder_4bit  ; work         ;
;                |FAdder_1bit:u0|       ; 2 (2)               ; 0 (0)                     ; 0                 ; 0          ; 0    ; 0            ; |Calculator|Multiplier:pro|FAdder_32bit:u5|FAdder:u1|FAdder_4bit:u0|FAdder_1bit:u0                    ; FAdder_1bit  ; work         ;
;                |FAdder_1bit:u1|       ; 2 (2)               ; 0 (0)                     ; 0                 ; 0          ; 0    ; 0            ; |Calculator|Multiplier:pro|FAdder_32bit:u5|FAdder:u1|FAdder_4bit:u0|FAdder_1bit:u1                    ; FAdder_1bit  ; work         ;
;                |FAdder_1bit:u2|       ; 2 (2)               ; 0 (0)                     ; 0                 ; 0          ; 0    ; 0            ; |Calculator|Multiplier:pro|FAdder_32bit:u5|FAdder:u1|FAdder_4bit:u0|FAdder_1bit:u2                    ; FAdder_1bit  ; work         ;
;                |FAdder_1bit:u3|       ; 2 (2)               ; 0 (0)                     ; 0                 ; 0          ; 0    ; 0            ; |Calculator|Multiplier:pro|FAdder_32bit:u5|FAdder:u1|FAdder_4bit:u0|FAdder_1bit:u3                    ; FAdder_1bit  ; work         ;
;             |FAdder_4bit:u1|          ; 8 (0)               ; 0 (0)                     ; 0                 ; 0          ; 0    ; 0            ; |Calculator|Multiplier:pro|FAdder_32bit:u5|FAdder:u1|FAdder_4bit:u1                                   ; FAdder_4bit  ; work         ;
;                |FAdder_1bit:u0|       ; 2 (2)               ; 0 (0)                     ; 0                 ; 0          ; 0    ; 0            ; |Calculator|Multiplier:pro|FAdder_32bit:u5|FAdder:u1|FAdder_4bit:u1|FAdder_1bit:u0                    ; FAdder_1bit  ; work         ;
;                |FAdder_1bit:u1|       ; 2 (2)               ; 0 (0)                     ; 0                 ; 0          ; 0    ; 0            ; |Calculator|Multiplier:pro|FAdder_32bit:u5|FAdder:u1|FAdder_4bit:u1|FAdder_1bit:u1                    ; FAdder_1bit  ; work         ;
;                |FAdder_1bit:u2|       ; 2 (2)               ; 0 (0)                     ; 0                 ; 0          ; 0    ; 0            ; |Calculator|Multiplier:pro|FAdder_32bit:u5|FAdder:u1|FAdder_4bit:u1|FAdder_1bit:u2                    ; FAdder_1bit  ; work         ;
;                |FAdder_1bit:u3|       ; 2 (2)               ; 0 (0)                     ; 0                 ; 0          ; 0    ; 0            ; |Calculator|Multiplier:pro|FAdder_32bit:u5|FAdder:u1|FAdder_4bit:u1|FAdder_1bit:u3                    ; FAdder_1bit  ; work         ;
;       |FAdder_32bit:u6|               ; 36 (0)              ; 0 (0)                     ; 0                 ; 0          ; 0    ; 0            ; |Calculator|Multiplier:pro|FAdder_32bit:u6                                                            ; FAdder_32bit ; work         ;
;          |FAdder:u0|                  ; 8 (0)               ; 0 (0)                     ; 0                 ; 0          ; 0    ; 0            ; |Calculator|Multiplier:pro|FAdder_32bit:u6|FAdder:u0                                                  ; FAdder       ; work         ;
;             |FAdder_4bit:u3|          ; 8 (0)               ; 0 (0)                     ; 0                 ; 0          ; 0    ; 0            ; |Calculator|Multiplier:pro|FAdder_32bit:u6|FAdder:u0|FAdder_4bit:u3                                   ; FAdder_4bit  ; work         ;
;                |FAdder_1bit:u0|       ; 2 (2)               ; 0 (0)                     ; 0                 ; 0          ; 0    ; 0            ; |Calculator|Multiplier:pro|FAdder_32bit:u6|FAdder:u0|FAdder_4bit:u3|FAdder_1bit:u0                    ; FAdder_1bit  ; work         ;
;                |FAdder_1bit:u1|       ; 2 (2)               ; 0 (0)                     ; 0                 ; 0          ; 0    ; 0            ; |Calculator|Multiplier:pro|FAdder_32bit:u6|FAdder:u0|FAdder_4bit:u3|FAdder_1bit:u1                    ; FAdder_1bit  ; work         ;
;                |FAdder_1bit:u2|       ; 2 (2)               ; 0 (0)                     ; 0                 ; 0          ; 0    ; 0            ; |Calculator|Multiplier:pro|FAdder_32bit:u6|FAdder:u0|FAdder_4bit:u3|FAdder_1bit:u2                    ; FAdder_1bit  ; work         ;
;                |FAdder_1bit:u3|       ; 2 (2)               ; 0 (0)                     ; 0                 ; 0          ; 0    ; 0            ; |Calculator|Multiplier:pro|FAdder_32bit:u6|FAdder:u0|FAdder_4bit:u3|FAdder_1bit:u3                    ; FAdder_1bit  ; work         ;
;          |FAdder:u1|                  ; 28 (0)              ; 0 (0)                     ; 0                 ; 0          ; 0    ; 0            ; |Calculator|Multiplier:pro|FAdder_32bit:u6|FAdder:u1                                                  ; FAdder       ; work         ;
;             |FAdder_4bit:u0|          ; 8 (0)               ; 0 (0)                     ; 0                 ; 0          ; 0    ; 0            ; |Calculator|Multiplier:pro|FAdder_32bit:u6|FAdder:u1|FAdder_4bit:u0                                   ; FAdder_4bit  ; work         ;
;                |FAdder_1bit:u0|       ; 2 (2)               ; 0 (0)                     ; 0                 ; 0          ; 0    ; 0            ; |Calculator|Multiplier:pro|FAdder_32bit:u6|FAdder:u1|FAdder_4bit:u0|FAdder_1bit:u0                    ; FAdder_1bit  ; work         ;
;                |FAdder_1bit:u1|       ; 2 (2)               ; 0 (0)                     ; 0                 ; 0          ; 0    ; 0            ; |Calculator|Multiplier:pro|FAdder_32bit:u6|FAdder:u1|FAdder_4bit:u0|FAdder_1bit:u1                    ; FAdder_1bit  ; work         ;
;                |FAdder_1bit:u2|       ; 2 (2)               ; 0 (0)                     ; 0                 ; 0          ; 0    ; 0            ; |Calculator|Multiplier:pro|FAdder_32bit:u6|FAdder:u1|FAdder_4bit:u0|FAdder_1bit:u2                    ; FAdder_1bit  ; work         ;
;                |FAdder_1bit:u3|       ; 2 (2)               ; 0 (0)                     ; 0                 ; 0          ; 0    ; 0            ; |Calculator|Multiplier:pro|FAdder_32bit:u6|FAdder:u1|FAdder_4bit:u0|FAdder_1bit:u3                    ; FAdder_1bit  ; work         ;
;             |FAdder_4bit:u1|          ; 8 (0)               ; 0 (0)                     ; 0                 ; 0          ; 0    ; 0            ; |Calculator|Multiplier:pro|FAdder_32bit:u6|FAdder:u1|FAdder_4bit:u1                                   ; FAdder_4bit  ; work         ;
;                |FAdder_1bit:u0|       ; 2 (2)               ; 0 (0)                     ; 0                 ; 0          ; 0    ; 0            ; |Calculator|Multiplier:pro|FAdder_32bit:u6|FAdder:u1|FAdder_4bit:u1|FAdder_1bit:u0                    ; FAdder_1bit  ; work         ;
;                |FAdder_1bit:u1|       ; 2 (2)               ; 0 (0)                     ; 0                 ; 0          ; 0    ; 0            ; |Calculator|Multiplier:pro|FAdder_32bit:u6|FAdder:u1|FAdder_4bit:u1|FAdder_1bit:u1                    ; FAdder_1bit  ; work         ;
;                |FAdder_1bit:u2|       ; 2 (2)               ; 0 (0)                     ; 0                 ; 0          ; 0    ; 0            ; |Calculator|Multiplier:pro|FAdder_32bit:u6|FAdder:u1|FAdder_4bit:u1|FAdder_1bit:u2                    ; FAdder_1bit  ; work         ;
;                |FAdder_1bit:u3|       ; 2 (2)               ; 0 (0)                     ; 0                 ; 0          ; 0    ; 0            ; |Calculator|Multiplier:pro|FAdder_32bit:u6|FAdder:u1|FAdder_4bit:u1|FAdder_1bit:u3                    ; FAdder_1bit  ; work         ;
;             |FAdder_4bit:u2|          ; 8 (0)               ; 0 (0)                     ; 0                 ; 0          ; 0    ; 0            ; |Calculator|Multiplier:pro|FAdder_32bit:u6|FAdder:u1|FAdder_4bit:u2                                   ; FAdder_4bit  ; work         ;
;                |FAdder_1bit:u0|       ; 2 (2)               ; 0 (0)                     ; 0                 ; 0          ; 0    ; 0            ; |Calculator|Multiplier:pro|FAdder_32bit:u6|FAdder:u1|FAdder_4bit:u2|FAdder_1bit:u0                    ; FAdder_1bit  ; work         ;
;                |FAdder_1bit:u1|       ; 2 (2)               ; 0 (0)                     ; 0                 ; 0          ; 0    ; 0            ; |Calculator|Multiplier:pro|FAdder_32bit:u6|FAdder:u1|FAdder_4bit:u2|FAdder_1bit:u1                    ; FAdder_1bit  ; work         ;
;                |FAdder_1bit:u2|       ; 2 (2)               ; 0 (0)                     ; 0                 ; 0          ; 0    ; 0            ; |Calculator|Multiplier:pro|FAdder_32bit:u6|FAdder:u1|FAdder_4bit:u2|FAdder_1bit:u2                    ; FAdder_1bit  ; work         ;
;                |FAdder_1bit:u3|       ; 2 (2)               ; 0 (0)                     ; 0                 ; 0          ; 0    ; 0            ; |Calculator|Multiplier:pro|FAdder_32bit:u6|FAdder:u1|FAdder_4bit:u2|FAdder_1bit:u3                    ; FAdder_1bit  ; work         ;
;             |FAdder_4bit:u3|          ; 4 (0)               ; 0 (0)                     ; 0                 ; 0          ; 0    ; 0            ; |Calculator|Multiplier:pro|FAdder_32bit:u6|FAdder:u1|FAdder_4bit:u3                                   ; FAdder_4bit  ; work         ;
;                |FAdder_1bit:u0|       ; 2 (2)               ; 0 (0)                     ; 0                 ; 0          ; 0    ; 0            ; |Calculator|Multiplier:pro|FAdder_32bit:u6|FAdder:u1|FAdder_4bit:u3|FAdder_1bit:u0                    ; FAdder_1bit  ; work         ;
;                |FAdder_1bit:u1|       ; 2 (2)               ; 0 (0)                     ; 0                 ; 0          ; 0    ; 0            ; |Calculator|Multiplier:pro|FAdder_32bit:u6|FAdder:u1|FAdder_4bit:u3|FAdder_1bit:u1                    ; FAdder_1bit  ; work         ;
;       |FAdder_32bit:u7|               ; 44 (0)              ; 0 (0)                     ; 0                 ; 0          ; 0    ; 0            ; |Calculator|Multiplier:pro|FAdder_32bit:u7                                                            ; FAdder_32bit ; work         ;
;          |FAdder:u0|                  ; 16 (0)              ; 0 (0)                     ; 0                 ; 0          ; 0    ; 0            ; |Calculator|Multiplier:pro|FAdder_32bit:u7|FAdder:u0                                                  ; FAdder       ; work         ;
;             |FAdder_4bit:u2|          ; 8 (0)               ; 0 (0)                     ; 0                 ; 0          ; 0    ; 0            ; |Calculator|Multiplier:pro|FAdder_32bit:u7|FAdder:u0|FAdder_4bit:u2                                   ; FAdder_4bit  ; work         ;
;                |FAdder_1bit:u0|       ; 2 (2)               ; 0 (0)                     ; 0                 ; 0          ; 0    ; 0            ; |Calculator|Multiplier:pro|FAdder_32bit:u7|FAdder:u0|FAdder_4bit:u2|FAdder_1bit:u0                    ; FAdder_1bit  ; work         ;
;                |FAdder_1bit:u1|       ; 2 (2)               ; 0 (0)                     ; 0                 ; 0          ; 0    ; 0            ; |Calculator|Multiplier:pro|FAdder_32bit:u7|FAdder:u0|FAdder_4bit:u2|FAdder_1bit:u1                    ; FAdder_1bit  ; work         ;
;                |FAdder_1bit:u2|       ; 2 (2)               ; 0 (0)                     ; 0                 ; 0          ; 0    ; 0            ; |Calculator|Multiplier:pro|FAdder_32bit:u7|FAdder:u0|FAdder_4bit:u2|FAdder_1bit:u2                    ; FAdder_1bit  ; work         ;
;                |FAdder_1bit:u3|       ; 2 (2)               ; 0 (0)                     ; 0                 ; 0          ; 0    ; 0            ; |Calculator|Multiplier:pro|FAdder_32bit:u7|FAdder:u0|FAdder_4bit:u2|FAdder_1bit:u3                    ; FAdder_1bit  ; work         ;
;             |FAdder_4bit:u3|          ; 8 (0)               ; 0 (0)                     ; 0                 ; 0          ; 0    ; 0            ; |Calculator|Multiplier:pro|FAdder_32bit:u7|FAdder:u0|FAdder_4bit:u3                                   ; FAdder_4bit  ; work         ;
;                |FAdder_1bit:u0|       ; 2 (2)               ; 0 (0)                     ; 0                 ; 0          ; 0    ; 0            ; |Calculator|Multiplier:pro|FAdder_32bit:u7|FAdder:u0|FAdder_4bit:u3|FAdder_1bit:u0                    ; FAdder_1bit  ; work         ;
;                |FAdder_1bit:u1|       ; 2 (2)               ; 0 (0)                     ; 0                 ; 0          ; 0    ; 0            ; |Calculator|Multiplier:pro|FAdder_32bit:u7|FAdder:u0|FAdder_4bit:u3|FAdder_1bit:u1                    ; FAdder_1bit  ; work         ;
;                |FAdder_1bit:u2|       ; 2 (2)               ; 0 (0)                     ; 0                 ; 0          ; 0    ; 0            ; |Calculator|Multiplier:pro|FAdder_32bit:u7|FAdder:u0|FAdder_4bit:u3|FAdder_1bit:u2                    ; FAdder_1bit  ; work         ;
;                |FAdder_1bit:u3|       ; 2 (2)               ; 0 (0)                     ; 0                 ; 0          ; 0    ; 0            ; |Calculator|Multiplier:pro|FAdder_32bit:u7|FAdder:u0|FAdder_4bit:u3|FAdder_1bit:u3                    ; FAdder_1bit  ; work         ;
;          |FAdder:u1|                  ; 28 (0)              ; 0 (0)                     ; 0                 ; 0          ; 0    ; 0            ; |Calculator|Multiplier:pro|FAdder_32bit:u7|FAdder:u1                                                  ; FAdder       ; work         ;
;             |FAdder_4bit:u0|          ; 8 (0)               ; 0 (0)                     ; 0                 ; 0          ; 0    ; 0            ; |Calculator|Multiplier:pro|FAdder_32bit:u7|FAdder:u1|FAdder_4bit:u0                                   ; FAdder_4bit  ; work         ;
;                |FAdder_1bit:u0|       ; 2 (2)               ; 0 (0)                     ; 0                 ; 0          ; 0    ; 0            ; |Calculator|Multiplier:pro|FAdder_32bit:u7|FAdder:u1|FAdder_4bit:u0|FAdder_1bit:u0                    ; FAdder_1bit  ; work         ;
;                |FAdder_1bit:u1|       ; 2 (2)               ; 0 (0)                     ; 0                 ; 0          ; 0    ; 0            ; |Calculator|Multiplier:pro|FAdder_32bit:u7|FAdder:u1|FAdder_4bit:u0|FAdder_1bit:u1                    ; FAdder_1bit  ; work         ;
;                |FAdder_1bit:u2|       ; 2 (2)               ; 0 (0)                     ; 0                 ; 0          ; 0    ; 0            ; |Calculator|Multiplier:pro|FAdder_32bit:u7|FAdder:u1|FAdder_4bit:u0|FAdder_1bit:u2                    ; FAdder_1bit  ; work         ;
;                |FAdder_1bit:u3|       ; 2 (2)               ; 0 (0)                     ; 0                 ; 0          ; 0    ; 0            ; |Calculator|Multiplier:pro|FAdder_32bit:u7|FAdder:u1|FAdder_4bit:u0|FAdder_1bit:u3                    ; FAdder_1bit  ; work         ;
;             |FAdder_4bit:u1|          ; 8 (0)               ; 0 (0)                     ; 0                 ; 0          ; 0    ; 0            ; |Calculator|Multiplier:pro|FAdder_32bit:u7|FAdder:u1|FAdder_4bit:u1                                   ; FAdder_4bit  ; work         ;
;                |FAdder_1bit:u0|       ; 2 (2)               ; 0 (0)                     ; 0                 ; 0          ; 0    ; 0            ; |Calculator|Multiplier:pro|FAdder_32bit:u7|FAdder:u1|FAdder_4bit:u1|FAdder_1bit:u0                    ; FAdder_1bit  ; work         ;
;                |FAdder_1bit:u1|       ; 2 (2)               ; 0 (0)                     ; 0                 ; 0          ; 0    ; 0            ; |Calculator|Multiplier:pro|FAdder_32bit:u7|FAdder:u1|FAdder_4bit:u1|FAdder_1bit:u1                    ; FAdder_1bit  ; work         ;
;                |FAdder_1bit:u2|       ; 2 (2)               ; 0 (0)                     ; 0                 ; 0          ; 0    ; 0            ; |Calculator|Multiplier:pro|FAdder_32bit:u7|FAdder:u1|FAdder_4bit:u1|FAdder_1bit:u2                    ; FAdder_1bit  ; work         ;
;                |FAdder_1bit:u3|       ; 2 (2)               ; 0 (0)                     ; 0                 ; 0          ; 0    ; 0            ; |Calculator|Multiplier:pro|FAdder_32bit:u7|FAdder:u1|FAdder_4bit:u1|FAdder_1bit:u3                    ; FAdder_1bit  ; work         ;
;             |FAdder_4bit:u2|          ; 8 (0)               ; 0 (0)                     ; 0                 ; 0          ; 0    ; 0            ; |Calculator|Multiplier:pro|FAdder_32bit:u7|FAdder:u1|FAdder_4bit:u2                                   ; FAdder_4bit  ; work         ;
;                |FAdder_1bit:u0|       ; 2 (2)               ; 0 (0)                     ; 0                 ; 0          ; 0    ; 0            ; |Calculator|Multiplier:pro|FAdder_32bit:u7|FAdder:u1|FAdder_4bit:u2|FAdder_1bit:u0                    ; FAdder_1bit  ; work         ;
;                |FAdder_1bit:u1|       ; 2 (2)               ; 0 (0)                     ; 0                 ; 0          ; 0    ; 0            ; |Calculator|Multiplier:pro|FAdder_32bit:u7|FAdder:u1|FAdder_4bit:u2|FAdder_1bit:u1                    ; FAdder_1bit  ; work         ;
;                |FAdder_1bit:u2|       ; 2 (2)               ; 0 (0)                     ; 0                 ; 0          ; 0    ; 0            ; |Calculator|Multiplier:pro|FAdder_32bit:u7|FAdder:u1|FAdder_4bit:u2|FAdder_1bit:u2                    ; FAdder_1bit  ; work         ;
;                |FAdder_1bit:u3|       ; 2 (2)               ; 0 (0)                     ; 0                 ; 0          ; 0    ; 0            ; |Calculator|Multiplier:pro|FAdder_32bit:u7|FAdder:u1|FAdder_4bit:u2|FAdder_1bit:u3                    ; FAdder_1bit  ; work         ;
;             |FAdder_4bit:u3|          ; 4 (0)               ; 0 (0)                     ; 0                 ; 0          ; 0    ; 0            ; |Calculator|Multiplier:pro|FAdder_32bit:u7|FAdder:u1|FAdder_4bit:u3                                   ; FAdder_4bit  ; work         ;
;                |FAdder_1bit:u0|       ; 2 (2)               ; 0 (0)                     ; 0                 ; 0          ; 0    ; 0            ; |Calculator|Multiplier:pro|FAdder_32bit:u7|FAdder:u1|FAdder_4bit:u3|FAdder_1bit:u0                    ; FAdder_1bit  ; work         ;
;                |FAdder_1bit:u1|       ; 2 (2)               ; 0 (0)                     ; 0                 ; 0          ; 0    ; 0            ; |Calculator|Multiplier:pro|FAdder_32bit:u7|FAdder:u1|FAdder_4bit:u3|FAdder_1bit:u1                    ; FAdder_1bit  ; work         ;
;       |FAdder_32bit:v3|               ; 28 (0)              ; 0 (0)                     ; 0                 ; 0          ; 0    ; 0            ; |Calculator|Multiplier:pro|FAdder_32bit:v3                                                            ; FAdder_32bit ; work         ;
;          |FAdder:u0|                  ; 14 (0)              ; 0 (0)                     ; 0                 ; 0          ; 0    ; 0            ; |Calculator|Multiplier:pro|FAdder_32bit:v3|FAdder:u0                                                  ; FAdder       ; work         ;
;             |FAdder_4bit:u0|          ; 3 (0)               ; 0 (0)                     ; 0                 ; 0          ; 0    ; 0            ; |Calculator|Multiplier:pro|FAdder_32bit:v3|FAdder:u0|FAdder_4bit:u0                                   ; FAdder_4bit  ; work         ;
;                |FAdder_1bit:u1|       ; 1 (1)               ; 0 (0)                     ; 0                 ; 0          ; 0    ; 0            ; |Calculator|Multiplier:pro|FAdder_32bit:v3|FAdder:u0|FAdder_4bit:u0|FAdder_1bit:u1                    ; FAdder_1bit  ; work         ;
;                |FAdder_1bit:u2|       ; 1 (1)               ; 0 (0)                     ; 0                 ; 0          ; 0    ; 0            ; |Calculator|Multiplier:pro|FAdder_32bit:v3|FAdder:u0|FAdder_4bit:u0|FAdder_1bit:u2                    ; FAdder_1bit  ; work         ;
;                |FAdder_1bit:u3|       ; 1 (1)               ; 0 (0)                     ; 0                 ; 0          ; 0    ; 0            ; |Calculator|Multiplier:pro|FAdder_32bit:v3|FAdder:u0|FAdder_4bit:u0|FAdder_1bit:u3                    ; FAdder_1bit  ; work         ;
;             |FAdder_4bit:u1|          ; 4 (0)               ; 0 (0)                     ; 0                 ; 0          ; 0    ; 0            ; |Calculator|Multiplier:pro|FAdder_32bit:v3|FAdder:u0|FAdder_4bit:u1                                   ; FAdder_4bit  ; work         ;
;                |FAdder_1bit:u0|       ; 1 (1)               ; 0 (0)                     ; 0                 ; 0          ; 0    ; 0            ; |Calculator|Multiplier:pro|FAdder_32bit:v3|FAdder:u0|FAdder_4bit:u1|FAdder_1bit:u0                    ; FAdder_1bit  ; work         ;
;                |FAdder_1bit:u1|       ; 1 (1)               ; 0 (0)                     ; 0                 ; 0          ; 0    ; 0            ; |Calculator|Multiplier:pro|FAdder_32bit:v3|FAdder:u0|FAdder_4bit:u1|FAdder_1bit:u1                    ; FAdder_1bit  ; work         ;
;                |FAdder_1bit:u2|       ; 1 (1)               ; 0 (0)                     ; 0                 ; 0          ; 0    ; 0            ; |Calculator|Multiplier:pro|FAdder_32bit:v3|FAdder:u0|FAdder_4bit:u1|FAdder_1bit:u2                    ; FAdder_1bit  ; work         ;
;                |FAdder_1bit:u3|       ; 1 (1)               ; 0 (0)                     ; 0                 ; 0          ; 0    ; 0            ; |Calculator|Multiplier:pro|FAdder_32bit:v3|FAdder:u0|FAdder_4bit:u1|FAdder_1bit:u3                    ; FAdder_1bit  ; work         ;
;             |FAdder_4bit:u2|          ; 4 (0)               ; 0 (0)                     ; 0                 ; 0          ; 0    ; 0            ; |Calculator|Multiplier:pro|FAdder_32bit:v3|FAdder:u0|FAdder_4bit:u2                                   ; FAdder_4bit  ; work         ;
;                |FAdder_1bit:u0|       ; 1 (1)               ; 0 (0)                     ; 0                 ; 0          ; 0    ; 0            ; |Calculator|Multiplier:pro|FAdder_32bit:v3|FAdder:u0|FAdder_4bit:u2|FAdder_1bit:u0                    ; FAdder_1bit  ; work         ;
;                |FAdder_1bit:u1|       ; 1 (1)               ; 0 (0)                     ; 0                 ; 0          ; 0    ; 0            ; |Calculator|Multiplier:pro|FAdder_32bit:v3|FAdder:u0|FAdder_4bit:u2|FAdder_1bit:u1                    ; FAdder_1bit  ; work         ;
;                |FAdder_1bit:u2|       ; 1 (1)               ; 0 (0)                     ; 0                 ; 0          ; 0    ; 0            ; |Calculator|Multiplier:pro|FAdder_32bit:v3|FAdder:u0|FAdder_4bit:u2|FAdder_1bit:u2                    ; FAdder_1bit  ; work         ;
;                |FAdder_1bit:u3|       ; 1 (1)               ; 0 (0)                     ; 0                 ; 0          ; 0    ; 0            ; |Calculator|Multiplier:pro|FAdder_32bit:v3|FAdder:u0|FAdder_4bit:u2|FAdder_1bit:u3                    ; FAdder_1bit  ; work         ;
;             |FAdder_4bit:u3|          ; 3 (0)               ; 0 (0)                     ; 0                 ; 0          ; 0    ; 0            ; |Calculator|Multiplier:pro|FAdder_32bit:v3|FAdder:u0|FAdder_4bit:u3                                   ; FAdder_4bit  ; work         ;
;                |FAdder_1bit:u0|       ; 1 (1)               ; 0 (0)                     ; 0                 ; 0          ; 0    ; 0            ; |Calculator|Multiplier:pro|FAdder_32bit:v3|FAdder:u0|FAdder_4bit:u3|FAdder_1bit:u0                    ; FAdder_1bit  ; work         ;
;                |FAdder_1bit:u1|       ; 1 (1)               ; 0 (0)                     ; 0                 ; 0          ; 0    ; 0            ; |Calculator|Multiplier:pro|FAdder_32bit:v3|FAdder:u0|FAdder_4bit:u3|FAdder_1bit:u1                    ; FAdder_1bit  ; work         ;
;                |FAdder_1bit:u3|       ; 1 (1)               ; 0 (0)                     ; 0                 ; 0          ; 0    ; 0            ; |Calculator|Multiplier:pro|FAdder_32bit:v3|FAdder:u0|FAdder_4bit:u3|FAdder_1bit:u3                    ; FAdder_1bit  ; work         ;
;          |FAdder:u1|                  ; 14 (0)              ; 0 (0)                     ; 0                 ; 0          ; 0    ; 0            ; |Calculator|Multiplier:pro|FAdder_32bit:v3|FAdder:u1                                                  ; FAdder       ; work         ;
;             |FAdder_4bit:u0|          ; 4 (0)               ; 0 (0)                     ; 0                 ; 0          ; 0    ; 0            ; |Calculator|Multiplier:pro|FAdder_32bit:v3|FAdder:u1|FAdder_4bit:u0                                   ; FAdder_4bit  ; work         ;
;                |FAdder_1bit:u0|       ; 1 (1)               ; 0 (0)                     ; 0                 ; 0          ; 0    ; 0            ; |Calculator|Multiplier:pro|FAdder_32bit:v3|FAdder:u1|FAdder_4bit:u0|FAdder_1bit:u0                    ; FAdder_1bit  ; work         ;
;                |FAdder_1bit:u1|       ; 1 (1)               ; 0 (0)                     ; 0                 ; 0          ; 0    ; 0            ; |Calculator|Multiplier:pro|FAdder_32bit:v3|FAdder:u1|FAdder_4bit:u0|FAdder_1bit:u1                    ; FAdder_1bit  ; work         ;
;                |FAdder_1bit:u2|       ; 1 (1)               ; 0 (0)                     ; 0                 ; 0          ; 0    ; 0            ; |Calculator|Multiplier:pro|FAdder_32bit:v3|FAdder:u1|FAdder_4bit:u0|FAdder_1bit:u2                    ; FAdder_1bit  ; work         ;
;                |FAdder_1bit:u3|       ; 1 (1)               ; 0 (0)                     ; 0                 ; 0          ; 0    ; 0            ; |Calculator|Multiplier:pro|FAdder_32bit:v3|FAdder:u1|FAdder_4bit:u0|FAdder_1bit:u3                    ; FAdder_1bit  ; work         ;
;             |FAdder_4bit:u1|          ; 4 (0)               ; 0 (0)                     ; 0                 ; 0          ; 0    ; 0            ; |Calculator|Multiplier:pro|FAdder_32bit:v3|FAdder:u1|FAdder_4bit:u1                                   ; FAdder_4bit  ; work         ;
;                |FAdder_1bit:u0|       ; 1 (1)               ; 0 (0)                     ; 0                 ; 0          ; 0    ; 0            ; |Calculator|Multiplier:pro|FAdder_32bit:v3|FAdder:u1|FAdder_4bit:u1|FAdder_1bit:u0                    ; FAdder_1bit  ; work         ;
;                |FAdder_1bit:u1|       ; 1 (1)               ; 0 (0)                     ; 0                 ; 0          ; 0    ; 0            ; |Calculator|Multiplier:pro|FAdder_32bit:v3|FAdder:u1|FAdder_4bit:u1|FAdder_1bit:u1                    ; FAdder_1bit  ; work         ;
;                |FAdder_1bit:u2|       ; 1 (1)               ; 0 (0)                     ; 0                 ; 0          ; 0    ; 0            ; |Calculator|Multiplier:pro|FAdder_32bit:v3|FAdder:u1|FAdder_4bit:u1|FAdder_1bit:u2                    ; FAdder_1bit  ; work         ;
;                |FAdder_1bit:u3|       ; 1 (1)               ; 0 (0)                     ; 0                 ; 0          ; 0    ; 0            ; |Calculator|Multiplier:pro|FAdder_32bit:v3|FAdder:u1|FAdder_4bit:u1|FAdder_1bit:u3                    ; FAdder_1bit  ; work         ;
;             |FAdder_4bit:u2|          ; 4 (0)               ; 0 (0)                     ; 0                 ; 0          ; 0    ; 0            ; |Calculator|Multiplier:pro|FAdder_32bit:v3|FAdder:u1|FAdder_4bit:u2                                   ; FAdder_4bit  ; work         ;
;                |FAdder_1bit:u0|       ; 1 (1)               ; 0 (0)                     ; 0                 ; 0          ; 0    ; 0            ; |Calculator|Multiplier:pro|FAdder_32bit:v3|FAdder:u1|FAdder_4bit:u2|FAdder_1bit:u0                    ; FAdder_1bit  ; work         ;
;                |FAdder_1bit:u1|       ; 1 (1)               ; 0 (0)                     ; 0                 ; 0          ; 0    ; 0            ; |Calculator|Multiplier:pro|FAdder_32bit:v3|FAdder:u1|FAdder_4bit:u2|FAdder_1bit:u1                    ; FAdder_1bit  ; work         ;
;                |FAdder_1bit:u2|       ; 1 (1)               ; 0 (0)                     ; 0                 ; 0          ; 0    ; 0            ; |Calculator|Multiplier:pro|FAdder_32bit:v3|FAdder:u1|FAdder_4bit:u2|FAdder_1bit:u2                    ; FAdder_1bit  ; work         ;
;                |FAdder_1bit:u3|       ; 1 (1)               ; 0 (0)                     ; 0                 ; 0          ; 0    ; 0            ; |Calculator|Multiplier:pro|FAdder_32bit:v3|FAdder:u1|FAdder_4bit:u2|FAdder_1bit:u3                    ; FAdder_1bit  ; work         ;
;             |FAdder_4bit:u3|          ; 2 (0)               ; 0 (0)                     ; 0                 ; 0          ; 0    ; 0            ; |Calculator|Multiplier:pro|FAdder_32bit:v3|FAdder:u1|FAdder_4bit:u3                                   ; FAdder_4bit  ; work         ;
;                |FAdder_1bit:u0|       ; 1 (1)               ; 0 (0)                     ; 0                 ; 0          ; 0    ; 0            ; |Calculator|Multiplier:pro|FAdder_32bit:v3|FAdder:u1|FAdder_4bit:u3|FAdder_1bit:u0                    ; FAdder_1bit  ; work         ;
;                |FAdder_1bit:u1|       ; 1 (1)               ; 0 (0)                     ; 0                 ; 0          ; 0    ; 0            ; |Calculator|Multiplier:pro|FAdder_32bit:v3|FAdder:u1|FAdder_4bit:u3|FAdder_1bit:u1                    ; FAdder_1bit  ; work         ;
;       |Mul_4bit:u1|                   ; 94 (0)              ; 0 (0)                     ; 0                 ; 0          ; 0    ; 0            ; |Calculator|Multiplier:pro|Mul_4bit:u1                                                                ; Mul_4bit     ; work         ;
;          |altAdder:u3|                ; 31 (0)              ; 0 (0)                     ; 0                 ; 0          ; 0    ; 0            ; |Calculator|Multiplier:pro|Mul_4bit:u1|altAdder:u3                                                    ; altAdder     ; work         ;
;             |FAdder:u1|               ; 31 (0)              ; 0 (0)                     ; 0                 ; 0          ; 0    ; 0            ; |Calculator|Multiplier:pro|Mul_4bit:u1|altAdder:u3|FAdder:u1                                          ; FAdder       ; work         ;
;                |FAdder_4bit:u0|       ; 7 (0)               ; 0 (0)                     ; 0                 ; 0          ; 0    ; 0            ; |Calculator|Multiplier:pro|Mul_4bit:u1|altAdder:u3|FAdder:u1|FAdder_4bit:u0                           ; FAdder_4bit  ; work         ;
;                   |FAdder_1bit:u0|    ; 1 (1)               ; 0 (0)                     ; 0                 ; 0          ; 0    ; 0            ; |Calculator|Multiplier:pro|Mul_4bit:u1|altAdder:u3|FAdder:u1|FAdder_4bit:u0|FAdder_1bit:u0            ; FAdder_1bit  ; work         ;
;                   |FAdder_1bit:u1|    ; 2 (2)               ; 0 (0)                     ; 0                 ; 0          ; 0    ; 0            ; |Calculator|Multiplier:pro|Mul_4bit:u1|altAdder:u3|FAdder:u1|FAdder_4bit:u0|FAdder_1bit:u1            ; FAdder_1bit  ; work         ;
;                   |FAdder_1bit:u2|    ; 2 (2)               ; 0 (0)                     ; 0                 ; 0          ; 0    ; 0            ; |Calculator|Multiplier:pro|Mul_4bit:u1|altAdder:u3|FAdder:u1|FAdder_4bit:u0|FAdder_1bit:u2            ; FAdder_1bit  ; work         ;
;                   |FAdder_1bit:u3|    ; 2 (2)               ; 0 (0)                     ; 0                 ; 0          ; 0    ; 0            ; |Calculator|Multiplier:pro|Mul_4bit:u1|altAdder:u3|FAdder:u1|FAdder_4bit:u0|FAdder_1bit:u3            ; FAdder_1bit  ; work         ;
;                |FAdder_4bit:u1|       ; 8 (0)               ; 0 (0)                     ; 0                 ; 0          ; 0    ; 0            ; |Calculator|Multiplier:pro|Mul_4bit:u1|altAdder:u3|FAdder:u1|FAdder_4bit:u1                           ; FAdder_4bit  ; work         ;
;                   |FAdder_1bit:u0|    ; 2 (2)               ; 0 (0)                     ; 0                 ; 0          ; 0    ; 0            ; |Calculator|Multiplier:pro|Mul_4bit:u1|altAdder:u3|FAdder:u1|FAdder_4bit:u1|FAdder_1bit:u0            ; FAdder_1bit  ; work         ;
;                   |FAdder_1bit:u1|    ; 2 (2)               ; 0 (0)                     ; 0                 ; 0          ; 0    ; 0            ; |Calculator|Multiplier:pro|Mul_4bit:u1|altAdder:u3|FAdder:u1|FAdder_4bit:u1|FAdder_1bit:u1            ; FAdder_1bit  ; work         ;
;                   |FAdder_1bit:u2|    ; 2 (2)               ; 0 (0)                     ; 0                 ; 0          ; 0    ; 0            ; |Calculator|Multiplier:pro|Mul_4bit:u1|altAdder:u3|FAdder:u1|FAdder_4bit:u1|FAdder_1bit:u2            ; FAdder_1bit  ; work         ;
;                   |FAdder_1bit:u3|    ; 2 (2)               ; 0 (0)                     ; 0                 ; 0          ; 0    ; 0            ; |Calculator|Multiplier:pro|Mul_4bit:u1|altAdder:u3|FAdder:u1|FAdder_4bit:u1|FAdder_1bit:u3            ; FAdder_1bit  ; work         ;
;                |FAdder_4bit:u2|       ; 8 (0)               ; 0 (0)                     ; 0                 ; 0          ; 0    ; 0            ; |Calculator|Multiplier:pro|Mul_4bit:u1|altAdder:u3|FAdder:u1|FAdder_4bit:u2                           ; FAdder_4bit  ; work         ;
;                   |FAdder_1bit:u0|    ; 2 (2)               ; 0 (0)                     ; 0                 ; 0          ; 0    ; 0            ; |Calculator|Multiplier:pro|Mul_4bit:u1|altAdder:u3|FAdder:u1|FAdder_4bit:u2|FAdder_1bit:u0            ; FAdder_1bit  ; work         ;
;                   |FAdder_1bit:u1|    ; 2 (2)               ; 0 (0)                     ; 0                 ; 0          ; 0    ; 0            ; |Calculator|Multiplier:pro|Mul_4bit:u1|altAdder:u3|FAdder:u1|FAdder_4bit:u2|FAdder_1bit:u1            ; FAdder_1bit  ; work         ;
;                   |FAdder_1bit:u2|    ; 2 (2)               ; 0 (0)                     ; 0                 ; 0          ; 0    ; 0            ; |Calculator|Multiplier:pro|Mul_4bit:u1|altAdder:u3|FAdder:u1|FAdder_4bit:u2|FAdder_1bit:u2            ; FAdder_1bit  ; work         ;
;                   |FAdder_1bit:u3|    ; 2 (2)               ; 0 (0)                     ; 0                 ; 0          ; 0    ; 0            ; |Calculator|Multiplier:pro|Mul_4bit:u1|altAdder:u3|FAdder:u1|FAdder_4bit:u2|FAdder_1bit:u3            ; FAdder_1bit  ; work         ;
;                |FAdder_4bit:u3|       ; 8 (0)               ; 0 (0)                     ; 0                 ; 0          ; 0    ; 0            ; |Calculator|Multiplier:pro|Mul_4bit:u1|altAdder:u3|FAdder:u1|FAdder_4bit:u3                           ; FAdder_4bit  ; work         ;
;                   |FAdder_1bit:u0|    ; 2 (2)               ; 0 (0)                     ; 0                 ; 0          ; 0    ; 0            ; |Calculator|Multiplier:pro|Mul_4bit:u1|altAdder:u3|FAdder:u1|FAdder_4bit:u3|FAdder_1bit:u0            ; FAdder_1bit  ; work         ;
;                   |FAdder_1bit:u1|    ; 2 (2)               ; 0 (0)                     ; 0                 ; 0          ; 0    ; 0            ; |Calculator|Multiplier:pro|Mul_4bit:u1|altAdder:u3|FAdder:u1|FAdder_4bit:u3|FAdder_1bit:u1            ; FAdder_1bit  ; work         ;
;                   |FAdder_1bit:u2|    ; 1 (1)               ; 0 (0)                     ; 0                 ; 0          ; 0    ; 0            ; |Calculator|Multiplier:pro|Mul_4bit:u1|altAdder:u3|FAdder:u1|FAdder_4bit:u3|FAdder_1bit:u2            ; FAdder_1bit  ; work         ;
;                   |FAdder_1bit:u3|    ; 3 (3)               ; 0 (0)                     ; 0                 ; 0          ; 0    ; 0            ; |Calculator|Multiplier:pro|Mul_4bit:u1|altAdder:u3|FAdder:u1|FAdder_4bit:u3|FAdder_1bit:u3            ; FAdder_1bit  ; work         ;
;          |altAdder:u5|                ; 31 (0)              ; 0 (0)                     ; 0                 ; 0          ; 0    ; 0            ; |Calculator|Multiplier:pro|Mul_4bit:u1|altAdder:u5                                                    ; altAdder     ; work         ;
;             |FAdder:u1|               ; 31 (0)              ; 0 (0)                     ; 0                 ; 0          ; 0    ; 0            ; |Calculator|Multiplier:pro|Mul_4bit:u1|altAdder:u5|FAdder:u1                                          ; FAdder       ; work         ;
;                |FAdder_4bit:u0|       ; 7 (0)               ; 0 (0)                     ; 0                 ; 0          ; 0    ; 0            ; |Calculator|Multiplier:pro|Mul_4bit:u1|altAdder:u5|FAdder:u1|FAdder_4bit:u0                           ; FAdder_4bit  ; work         ;
;                   |FAdder_1bit:u0|    ; 1 (1)               ; 0 (0)                     ; 0                 ; 0          ; 0    ; 0            ; |Calculator|Multiplier:pro|Mul_4bit:u1|altAdder:u5|FAdder:u1|FAdder_4bit:u0|FAdder_1bit:u0            ; FAdder_1bit  ; work         ;
;                   |FAdder_1bit:u1|    ; 2 (2)               ; 0 (0)                     ; 0                 ; 0          ; 0    ; 0            ; |Calculator|Multiplier:pro|Mul_4bit:u1|altAdder:u5|FAdder:u1|FAdder_4bit:u0|FAdder_1bit:u1            ; FAdder_1bit  ; work         ;
;                   |FAdder_1bit:u2|    ; 2 (2)               ; 0 (0)                     ; 0                 ; 0          ; 0    ; 0            ; |Calculator|Multiplier:pro|Mul_4bit:u1|altAdder:u5|FAdder:u1|FAdder_4bit:u0|FAdder_1bit:u2            ; FAdder_1bit  ; work         ;
;                   |FAdder_1bit:u3|    ; 2 (2)               ; 0 (0)                     ; 0                 ; 0          ; 0    ; 0            ; |Calculator|Multiplier:pro|Mul_4bit:u1|altAdder:u5|FAdder:u1|FAdder_4bit:u0|FAdder_1bit:u3            ; FAdder_1bit  ; work         ;
;                |FAdder_4bit:u1|       ; 8 (0)               ; 0 (0)                     ; 0                 ; 0          ; 0    ; 0            ; |Calculator|Multiplier:pro|Mul_4bit:u1|altAdder:u5|FAdder:u1|FAdder_4bit:u1                           ; FAdder_4bit  ; work         ;
;                   |FAdder_1bit:u0|    ; 2 (2)               ; 0 (0)                     ; 0                 ; 0          ; 0    ; 0            ; |Calculator|Multiplier:pro|Mul_4bit:u1|altAdder:u5|FAdder:u1|FAdder_4bit:u1|FAdder_1bit:u0            ; FAdder_1bit  ; work         ;
;                   |FAdder_1bit:u1|    ; 2 (2)               ; 0 (0)                     ; 0                 ; 0          ; 0    ; 0            ; |Calculator|Multiplier:pro|Mul_4bit:u1|altAdder:u5|FAdder:u1|FAdder_4bit:u1|FAdder_1bit:u1            ; FAdder_1bit  ; work         ;
;                   |FAdder_1bit:u2|    ; 2 (2)               ; 0 (0)                     ; 0                 ; 0          ; 0    ; 0            ; |Calculator|Multiplier:pro|Mul_4bit:u1|altAdder:u5|FAdder:u1|FAdder_4bit:u1|FAdder_1bit:u2            ; FAdder_1bit  ; work         ;
;                   |FAdder_1bit:u3|    ; 2 (2)               ; 0 (0)                     ; 0                 ; 0          ; 0    ; 0            ; |Calculator|Multiplier:pro|Mul_4bit:u1|altAdder:u5|FAdder:u1|FAdder_4bit:u1|FAdder_1bit:u3            ; FAdder_1bit  ; work         ;
;                |FAdder_4bit:u2|       ; 8 (0)               ; 0 (0)                     ; 0                 ; 0          ; 0    ; 0            ; |Calculator|Multiplier:pro|Mul_4bit:u1|altAdder:u5|FAdder:u1|FAdder_4bit:u2                           ; FAdder_4bit  ; work         ;
;                   |FAdder_1bit:u0|    ; 2 (2)               ; 0 (0)                     ; 0                 ; 0          ; 0    ; 0            ; |Calculator|Multiplier:pro|Mul_4bit:u1|altAdder:u5|FAdder:u1|FAdder_4bit:u2|FAdder_1bit:u0            ; FAdder_1bit  ; work         ;
;                   |FAdder_1bit:u1|    ; 2 (2)               ; 0 (0)                     ; 0                 ; 0          ; 0    ; 0            ; |Calculator|Multiplier:pro|Mul_4bit:u1|altAdder:u5|FAdder:u1|FAdder_4bit:u2|FAdder_1bit:u1            ; FAdder_1bit  ; work         ;
;                   |FAdder_1bit:u2|    ; 2 (2)               ; 0 (0)                     ; 0                 ; 0          ; 0    ; 0            ; |Calculator|Multiplier:pro|Mul_4bit:u1|altAdder:u5|FAdder:u1|FAdder_4bit:u2|FAdder_1bit:u2            ; FAdder_1bit  ; work         ;
;                   |FAdder_1bit:u3|    ; 2 (2)               ; 0 (0)                     ; 0                 ; 0          ; 0    ; 0            ; |Calculator|Multiplier:pro|Mul_4bit:u1|altAdder:u5|FAdder:u1|FAdder_4bit:u2|FAdder_1bit:u3            ; FAdder_1bit  ; work         ;
;                |FAdder_4bit:u3|       ; 8 (0)               ; 0 (0)                     ; 0                 ; 0          ; 0    ; 0            ; |Calculator|Multiplier:pro|Mul_4bit:u1|altAdder:u5|FAdder:u1|FAdder_4bit:u3                           ; FAdder_4bit  ; work         ;
;                   |FAdder_1bit:u0|    ; 2 (2)               ; 0 (0)                     ; 0                 ; 0          ; 0    ; 0            ; |Calculator|Multiplier:pro|Mul_4bit:u1|altAdder:u5|FAdder:u1|FAdder_4bit:u3|FAdder_1bit:u0            ; FAdder_1bit  ; work         ;
;                   |FAdder_1bit:u1|    ; 2 (2)               ; 0 (0)                     ; 0                 ; 0          ; 0    ; 0            ; |Calculator|Multiplier:pro|Mul_4bit:u1|altAdder:u5|FAdder:u1|FAdder_4bit:u3|FAdder_1bit:u1            ; FAdder_1bit  ; work         ;
;                   |FAdder_1bit:u2|    ; 2 (2)               ; 0 (0)                     ; 0                 ; 0          ; 0    ; 0            ; |Calculator|Multiplier:pro|Mul_4bit:u1|altAdder:u5|FAdder:u1|FAdder_4bit:u3|FAdder_1bit:u2            ; FAdder_1bit  ; work         ;
;                   |FAdder_1bit:u3|    ; 2 (2)               ; 0 (0)                     ; 0                 ; 0          ; 0    ; 0            ; |Calculator|Multiplier:pro|Mul_4bit:u1|altAdder:u5|FAdder:u1|FAdder_4bit:u3|FAdder_1bit:u3            ; FAdder_1bit  ; work         ;
;          |altAdder:u7|                ; 32 (0)              ; 0 (0)                     ; 0                 ; 0          ; 0    ; 0            ; |Calculator|Multiplier:pro|Mul_4bit:u1|altAdder:u7                                                    ; altAdder     ; work         ;
;             |FAdder:u1|               ; 32 (0)              ; 0 (0)                     ; 0                 ; 0          ; 0    ; 0            ; |Calculator|Multiplier:pro|Mul_4bit:u1|altAdder:u7|FAdder:u1                                          ; FAdder       ; work         ;
;                |FAdder_4bit:u0|       ; 8 (0)               ; 0 (0)                     ; 0                 ; 0          ; 0    ; 0            ; |Calculator|Multiplier:pro|Mul_4bit:u1|altAdder:u7|FAdder:u1|FAdder_4bit:u0                           ; FAdder_4bit  ; work         ;
;                   |FAdder_1bit:u0|    ; 2 (2)               ; 0 (0)                     ; 0                 ; 0          ; 0    ; 0            ; |Calculator|Multiplier:pro|Mul_4bit:u1|altAdder:u7|FAdder:u1|FAdder_4bit:u0|FAdder_1bit:u0            ; FAdder_1bit  ; work         ;
;                   |FAdder_1bit:u1|    ; 2 (2)               ; 0 (0)                     ; 0                 ; 0          ; 0    ; 0            ; |Calculator|Multiplier:pro|Mul_4bit:u1|altAdder:u7|FAdder:u1|FAdder_4bit:u0|FAdder_1bit:u1            ; FAdder_1bit  ; work         ;
;                   |FAdder_1bit:u2|    ; 2 (2)               ; 0 (0)                     ; 0                 ; 0          ; 0    ; 0            ; |Calculator|Multiplier:pro|Mul_4bit:u1|altAdder:u7|FAdder:u1|FAdder_4bit:u0|FAdder_1bit:u2            ; FAdder_1bit  ; work         ;
;                   |FAdder_1bit:u3|    ; 2 (2)               ; 0 (0)                     ; 0                 ; 0          ; 0    ; 0            ; |Calculator|Multiplier:pro|Mul_4bit:u1|altAdder:u7|FAdder:u1|FAdder_4bit:u0|FAdder_1bit:u3            ; FAdder_1bit  ; work         ;
;                |FAdder_4bit:u1|       ; 8 (0)               ; 0 (0)                     ; 0                 ; 0          ; 0    ; 0            ; |Calculator|Multiplier:pro|Mul_4bit:u1|altAdder:u7|FAdder:u1|FAdder_4bit:u1                           ; FAdder_4bit  ; work         ;
;                   |FAdder_1bit:u0|    ; 2 (2)               ; 0 (0)                     ; 0                 ; 0          ; 0    ; 0            ; |Calculator|Multiplier:pro|Mul_4bit:u1|altAdder:u7|FAdder:u1|FAdder_4bit:u1|FAdder_1bit:u0            ; FAdder_1bit  ; work         ;
;                   |FAdder_1bit:u1|    ; 2 (2)               ; 0 (0)                     ; 0                 ; 0          ; 0    ; 0            ; |Calculator|Multiplier:pro|Mul_4bit:u1|altAdder:u7|FAdder:u1|FAdder_4bit:u1|FAdder_1bit:u1            ; FAdder_1bit  ; work         ;
;                   |FAdder_1bit:u2|    ; 2 (2)               ; 0 (0)                     ; 0                 ; 0          ; 0    ; 0            ; |Calculator|Multiplier:pro|Mul_4bit:u1|altAdder:u7|FAdder:u1|FAdder_4bit:u1|FAdder_1bit:u2            ; FAdder_1bit  ; work         ;
;                   |FAdder_1bit:u3|    ; 2 (2)               ; 0 (0)                     ; 0                 ; 0          ; 0    ; 0            ; |Calculator|Multiplier:pro|Mul_4bit:u1|altAdder:u7|FAdder:u1|FAdder_4bit:u1|FAdder_1bit:u3            ; FAdder_1bit  ; work         ;
;                |FAdder_4bit:u2|       ; 8 (0)               ; 0 (0)                     ; 0                 ; 0          ; 0    ; 0            ; |Calculator|Multiplier:pro|Mul_4bit:u1|altAdder:u7|FAdder:u1|FAdder_4bit:u2                           ; FAdder_4bit  ; work         ;
;                   |FAdder_1bit:u0|    ; 2 (2)               ; 0 (0)                     ; 0                 ; 0          ; 0    ; 0            ; |Calculator|Multiplier:pro|Mul_4bit:u1|altAdder:u7|FAdder:u1|FAdder_4bit:u2|FAdder_1bit:u0            ; FAdder_1bit  ; work         ;
;                   |FAdder_1bit:u1|    ; 2 (2)               ; 0 (0)                     ; 0                 ; 0          ; 0    ; 0            ; |Calculator|Multiplier:pro|Mul_4bit:u1|altAdder:u7|FAdder:u1|FAdder_4bit:u2|FAdder_1bit:u1            ; FAdder_1bit  ; work         ;
;                   |FAdder_1bit:u2|    ; 2 (2)               ; 0 (0)                     ; 0                 ; 0          ; 0    ; 0            ; |Calculator|Multiplier:pro|Mul_4bit:u1|altAdder:u7|FAdder:u1|FAdder_4bit:u2|FAdder_1bit:u2            ; FAdder_1bit  ; work         ;
;                   |FAdder_1bit:u3|    ; 2 (2)               ; 0 (0)                     ; 0                 ; 0          ; 0    ; 0            ; |Calculator|Multiplier:pro|Mul_4bit:u1|altAdder:u7|FAdder:u1|FAdder_4bit:u2|FAdder_1bit:u3            ; FAdder_1bit  ; work         ;
;                |FAdder_4bit:u3|       ; 8 (0)               ; 0 (0)                     ; 0                 ; 0          ; 0    ; 0            ; |Calculator|Multiplier:pro|Mul_4bit:u1|altAdder:u7|FAdder:u1|FAdder_4bit:u3                           ; FAdder_4bit  ; work         ;
;                   |FAdder_1bit:u0|    ; 2 (2)               ; 0 (0)                     ; 0                 ; 0          ; 0    ; 0            ; |Calculator|Multiplier:pro|Mul_4bit:u1|altAdder:u7|FAdder:u1|FAdder_4bit:u3|FAdder_1bit:u0            ; FAdder_1bit  ; work         ;
;                   |FAdder_1bit:u1|    ; 2 (2)               ; 0 (0)                     ; 0                 ; 0          ; 0    ; 0            ; |Calculator|Multiplier:pro|Mul_4bit:u1|altAdder:u7|FAdder:u1|FAdder_4bit:u3|FAdder_1bit:u1            ; FAdder_1bit  ; work         ;
;                   |FAdder_1bit:u2|    ; 2 (2)               ; 0 (0)                     ; 0                 ; 0          ; 0    ; 0            ; |Calculator|Multiplier:pro|Mul_4bit:u1|altAdder:u7|FAdder:u1|FAdder_4bit:u3|FAdder_1bit:u2            ; FAdder_1bit  ; work         ;
;                   |FAdder_1bit:u3|    ; 2 (2)               ; 0 (0)                     ; 0                 ; 0          ; 0    ; 0            ; |Calculator|Multiplier:pro|Mul_4bit:u1|altAdder:u7|FAdder:u1|FAdder_4bit:u3|FAdder_1bit:u3            ; FAdder_1bit  ; work         ;
;       |Mul_4bit:u2|                   ; 91 (0)              ; 0 (0)                     ; 0                 ; 0          ; 0    ; 0            ; |Calculator|Multiplier:pro|Mul_4bit:u2                                                                ; Mul_4bit     ; work         ;
;          |altAdder:u3|                ; 29 (0)              ; 0 (0)                     ; 0                 ; 0          ; 0    ; 0            ; |Calculator|Multiplier:pro|Mul_4bit:u2|altAdder:u3                                                    ; altAdder     ; work         ;
;             |FAdder:u1|               ; 29 (0)              ; 0 (0)                     ; 0                 ; 0          ; 0    ; 0            ; |Calculator|Multiplier:pro|Mul_4bit:u2|altAdder:u3|FAdder:u1                                          ; FAdder       ; work         ;
;                |FAdder_4bit:u0|       ; 5 (0)               ; 0 (0)                     ; 0                 ; 0          ; 0    ; 0            ; |Calculator|Multiplier:pro|Mul_4bit:u2|altAdder:u3|FAdder:u1|FAdder_4bit:u0                           ; FAdder_4bit  ; work         ;
;                   |FAdder_1bit:u0|    ; 1 (1)               ; 0 (0)                     ; 0                 ; 0          ; 0    ; 0            ; |Calculator|Multiplier:pro|Mul_4bit:u2|altAdder:u3|FAdder:u1|FAdder_4bit:u0|FAdder_1bit:u0            ; FAdder_1bit  ; work         ;
;                   |FAdder_1bit:u1|    ; 1 (1)               ; 0 (0)                     ; 0                 ; 0          ; 0    ; 0            ; |Calculator|Multiplier:pro|Mul_4bit:u2|altAdder:u3|FAdder:u1|FAdder_4bit:u0|FAdder_1bit:u1            ; FAdder_1bit  ; work         ;
;                   |FAdder_1bit:u2|    ; 1 (1)               ; 0 (0)                     ; 0                 ; 0          ; 0    ; 0            ; |Calculator|Multiplier:pro|Mul_4bit:u2|altAdder:u3|FAdder:u1|FAdder_4bit:u0|FAdder_1bit:u2            ; FAdder_1bit  ; work         ;
;                   |FAdder_1bit:u3|    ; 2 (2)               ; 0 (0)                     ; 0                 ; 0          ; 0    ; 0            ; |Calculator|Multiplier:pro|Mul_4bit:u2|altAdder:u3|FAdder:u1|FAdder_4bit:u0|FAdder_1bit:u3            ; FAdder_1bit  ; work         ;
;                |FAdder_4bit:u1|       ; 8 (0)               ; 0 (0)                     ; 0                 ; 0          ; 0    ; 0            ; |Calculator|Multiplier:pro|Mul_4bit:u2|altAdder:u3|FAdder:u1|FAdder_4bit:u1                           ; FAdder_4bit  ; work         ;
;                   |FAdder_1bit:u0|    ; 2 (2)               ; 0 (0)                     ; 0                 ; 0          ; 0    ; 0            ; |Calculator|Multiplier:pro|Mul_4bit:u2|altAdder:u3|FAdder:u1|FAdder_4bit:u1|FAdder_1bit:u0            ; FAdder_1bit  ; work         ;
;                   |FAdder_1bit:u1|    ; 2 (2)               ; 0 (0)                     ; 0                 ; 0          ; 0    ; 0            ; |Calculator|Multiplier:pro|Mul_4bit:u2|altAdder:u3|FAdder:u1|FAdder_4bit:u1|FAdder_1bit:u1            ; FAdder_1bit  ; work         ;
;                   |FAdder_1bit:u2|    ; 2 (2)               ; 0 (0)                     ; 0                 ; 0          ; 0    ; 0            ; |Calculator|Multiplier:pro|Mul_4bit:u2|altAdder:u3|FAdder:u1|FAdder_4bit:u1|FAdder_1bit:u2            ; FAdder_1bit  ; work         ;
;                   |FAdder_1bit:u3|    ; 2 (2)               ; 0 (0)                     ; 0                 ; 0          ; 0    ; 0            ; |Calculator|Multiplier:pro|Mul_4bit:u2|altAdder:u3|FAdder:u1|FAdder_4bit:u1|FAdder_1bit:u3            ; FAdder_1bit  ; work         ;
;                |FAdder_4bit:u2|       ; 8 (0)               ; 0 (0)                     ; 0                 ; 0          ; 0    ; 0            ; |Calculator|Multiplier:pro|Mul_4bit:u2|altAdder:u3|FAdder:u1|FAdder_4bit:u2                           ; FAdder_4bit  ; work         ;
;                   |FAdder_1bit:u0|    ; 2 (2)               ; 0 (0)                     ; 0                 ; 0          ; 0    ; 0            ; |Calculator|Multiplier:pro|Mul_4bit:u2|altAdder:u3|FAdder:u1|FAdder_4bit:u2|FAdder_1bit:u0            ; FAdder_1bit  ; work         ;
;                   |FAdder_1bit:u1|    ; 2 (2)               ; 0 (0)                     ; 0                 ; 0          ; 0    ; 0            ; |Calculator|Multiplier:pro|Mul_4bit:u2|altAdder:u3|FAdder:u1|FAdder_4bit:u2|FAdder_1bit:u1            ; FAdder_1bit  ; work         ;
;                   |FAdder_1bit:u2|    ; 2 (2)               ; 0 (0)                     ; 0                 ; 0          ; 0    ; 0            ; |Calculator|Multiplier:pro|Mul_4bit:u2|altAdder:u3|FAdder:u1|FAdder_4bit:u2|FAdder_1bit:u2            ; FAdder_1bit  ; work         ;
;                   |FAdder_1bit:u3|    ; 2 (2)               ; 0 (0)                     ; 0                 ; 0          ; 0    ; 0            ; |Calculator|Multiplier:pro|Mul_4bit:u2|altAdder:u3|FAdder:u1|FAdder_4bit:u2|FAdder_1bit:u3            ; FAdder_1bit  ; work         ;
;                |FAdder_4bit:u3|       ; 8 (0)               ; 0 (0)                     ; 0                 ; 0          ; 0    ; 0            ; |Calculator|Multiplier:pro|Mul_4bit:u2|altAdder:u3|FAdder:u1|FAdder_4bit:u3                           ; FAdder_4bit  ; work         ;
;                   |FAdder_1bit:u0|    ; 2 (2)               ; 0 (0)                     ; 0                 ; 0          ; 0    ; 0            ; |Calculator|Multiplier:pro|Mul_4bit:u2|altAdder:u3|FAdder:u1|FAdder_4bit:u3|FAdder_1bit:u0            ; FAdder_1bit  ; work         ;
;                   |FAdder_1bit:u1|    ; 2 (2)               ; 0 (0)                     ; 0                 ; 0          ; 0    ; 0            ; |Calculator|Multiplier:pro|Mul_4bit:u2|altAdder:u3|FAdder:u1|FAdder_4bit:u3|FAdder_1bit:u1            ; FAdder_1bit  ; work         ;
;                   |FAdder_1bit:u2|    ; 2 (2)               ; 0 (0)                     ; 0                 ; 0          ; 0    ; 0            ; |Calculator|Multiplier:pro|Mul_4bit:u2|altAdder:u3|FAdder:u1|FAdder_4bit:u3|FAdder_1bit:u2            ; FAdder_1bit  ; work         ;
;                   |FAdder_1bit:u3|    ; 2 (2)               ; 0 (0)                     ; 0                 ; 0          ; 0    ; 0            ; |Calculator|Multiplier:pro|Mul_4bit:u2|altAdder:u3|FAdder:u1|FAdder_4bit:u3|FAdder_1bit:u3            ; FAdder_1bit  ; work         ;
;          |altAdder:u5|                ; 30 (0)              ; 0 (0)                     ; 0                 ; 0          ; 0    ; 0            ; |Calculator|Multiplier:pro|Mul_4bit:u2|altAdder:u5                                                    ; altAdder     ; work         ;
;             |FAdder:u1|               ; 30 (0)              ; 0 (0)                     ; 0                 ; 0          ; 0    ; 0            ; |Calculator|Multiplier:pro|Mul_4bit:u2|altAdder:u5|FAdder:u1                                          ; FAdder       ; work         ;
;                |FAdder_4bit:u0|       ; 6 (0)               ; 0 (0)                     ; 0                 ; 0          ; 0    ; 0            ; |Calculator|Multiplier:pro|Mul_4bit:u2|altAdder:u5|FAdder:u1|FAdder_4bit:u0                           ; FAdder_4bit  ; work         ;
;                   |FAdder_1bit:u1|    ; 2 (2)               ; 0 (0)                     ; 0                 ; 0          ; 0    ; 0            ; |Calculator|Multiplier:pro|Mul_4bit:u2|altAdder:u5|FAdder:u1|FAdder_4bit:u0|FAdder_1bit:u1            ; FAdder_1bit  ; work         ;
;                   |FAdder_1bit:u2|    ; 2 (2)               ; 0 (0)                     ; 0                 ; 0          ; 0    ; 0            ; |Calculator|Multiplier:pro|Mul_4bit:u2|altAdder:u5|FAdder:u1|FAdder_4bit:u0|FAdder_1bit:u2            ; FAdder_1bit  ; work         ;
;                   |FAdder_1bit:u3|    ; 2 (2)               ; 0 (0)                     ; 0                 ; 0          ; 0    ; 0            ; |Calculator|Multiplier:pro|Mul_4bit:u2|altAdder:u5|FAdder:u1|FAdder_4bit:u0|FAdder_1bit:u3            ; FAdder_1bit  ; work         ;
;                |FAdder_4bit:u1|       ; 8 (0)               ; 0 (0)                     ; 0                 ; 0          ; 0    ; 0            ; |Calculator|Multiplier:pro|Mul_4bit:u2|altAdder:u5|FAdder:u1|FAdder_4bit:u1                           ; FAdder_4bit  ; work         ;
;                   |FAdder_1bit:u0|    ; 2 (2)               ; 0 (0)                     ; 0                 ; 0          ; 0    ; 0            ; |Calculator|Multiplier:pro|Mul_4bit:u2|altAdder:u5|FAdder:u1|FAdder_4bit:u1|FAdder_1bit:u0            ; FAdder_1bit  ; work         ;
;                   |FAdder_1bit:u1|    ; 2 (2)               ; 0 (0)                     ; 0                 ; 0          ; 0    ; 0            ; |Calculator|Multiplier:pro|Mul_4bit:u2|altAdder:u5|FAdder:u1|FAdder_4bit:u1|FAdder_1bit:u1            ; FAdder_1bit  ; work         ;
;                   |FAdder_1bit:u2|    ; 2 (2)               ; 0 (0)                     ; 0                 ; 0          ; 0    ; 0            ; |Calculator|Multiplier:pro|Mul_4bit:u2|altAdder:u5|FAdder:u1|FAdder_4bit:u1|FAdder_1bit:u2            ; FAdder_1bit  ; work         ;
;                   |FAdder_1bit:u3|    ; 2 (2)               ; 0 (0)                     ; 0                 ; 0          ; 0    ; 0            ; |Calculator|Multiplier:pro|Mul_4bit:u2|altAdder:u5|FAdder:u1|FAdder_4bit:u1|FAdder_1bit:u3            ; FAdder_1bit  ; work         ;
;                |FAdder_4bit:u2|       ; 8 (0)               ; 0 (0)                     ; 0                 ; 0          ; 0    ; 0            ; |Calculator|Multiplier:pro|Mul_4bit:u2|altAdder:u5|FAdder:u1|FAdder_4bit:u2                           ; FAdder_4bit  ; work         ;
;                   |FAdder_1bit:u0|    ; 2 (2)               ; 0 (0)                     ; 0                 ; 0          ; 0    ; 0            ; |Calculator|Multiplier:pro|Mul_4bit:u2|altAdder:u5|FAdder:u1|FAdder_4bit:u2|FAdder_1bit:u0            ; FAdder_1bit  ; work         ;
;                   |FAdder_1bit:u1|    ; 2 (2)               ; 0 (0)                     ; 0                 ; 0          ; 0    ; 0            ; |Calculator|Multiplier:pro|Mul_4bit:u2|altAdder:u5|FAdder:u1|FAdder_4bit:u2|FAdder_1bit:u1            ; FAdder_1bit  ; work         ;
;                   |FAdder_1bit:u2|    ; 2 (2)               ; 0 (0)                     ; 0                 ; 0          ; 0    ; 0            ; |Calculator|Multiplier:pro|Mul_4bit:u2|altAdder:u5|FAdder:u1|FAdder_4bit:u2|FAdder_1bit:u2            ; FAdder_1bit  ; work         ;
;                   |FAdder_1bit:u3|    ; 2 (2)               ; 0 (0)                     ; 0                 ; 0          ; 0    ; 0            ; |Calculator|Multiplier:pro|Mul_4bit:u2|altAdder:u5|FAdder:u1|FAdder_4bit:u2|FAdder_1bit:u3            ; FAdder_1bit  ; work         ;
;                |FAdder_4bit:u3|       ; 8 (0)               ; 0 (0)                     ; 0                 ; 0          ; 0    ; 0            ; |Calculator|Multiplier:pro|Mul_4bit:u2|altAdder:u5|FAdder:u1|FAdder_4bit:u3                           ; FAdder_4bit  ; work         ;
;                   |FAdder_1bit:u0|    ; 2 (2)               ; 0 (0)                     ; 0                 ; 0          ; 0    ; 0            ; |Calculator|Multiplier:pro|Mul_4bit:u2|altAdder:u5|FAdder:u1|FAdder_4bit:u3|FAdder_1bit:u0            ; FAdder_1bit  ; work         ;
;                   |FAdder_1bit:u1|    ; 2 (2)               ; 0 (0)                     ; 0                 ; 0          ; 0    ; 0            ; |Calculator|Multiplier:pro|Mul_4bit:u2|altAdder:u5|FAdder:u1|FAdder_4bit:u3|FAdder_1bit:u1            ; FAdder_1bit  ; work         ;
;                   |FAdder_1bit:u2|    ; 2 (2)               ; 0 (0)                     ; 0                 ; 0          ; 0    ; 0            ; |Calculator|Multiplier:pro|Mul_4bit:u2|altAdder:u5|FAdder:u1|FAdder_4bit:u3|FAdder_1bit:u2            ; FAdder_1bit  ; work         ;
;                   |FAdder_1bit:u3|    ; 2 (2)               ; 0 (0)                     ; 0                 ; 0          ; 0    ; 0            ; |Calculator|Multiplier:pro|Mul_4bit:u2|altAdder:u5|FAdder:u1|FAdder_4bit:u3|FAdder_1bit:u3            ; FAdder_1bit  ; work         ;
;          |altAdder:u7|                ; 32 (0)              ; 0 (0)                     ; 0                 ; 0          ; 0    ; 0            ; |Calculator|Multiplier:pro|Mul_4bit:u2|altAdder:u7                                                    ; altAdder     ; work         ;
;             |FAdder:u1|               ; 32 (0)              ; 0 (0)                     ; 0                 ; 0          ; 0    ; 0            ; |Calculator|Multiplier:pro|Mul_4bit:u2|altAdder:u7|FAdder:u1                                          ; FAdder       ; work         ;
;                |FAdder_4bit:u0|       ; 8 (0)               ; 0 (0)                     ; 0                 ; 0          ; 0    ; 0            ; |Calculator|Multiplier:pro|Mul_4bit:u2|altAdder:u7|FAdder:u1|FAdder_4bit:u0                           ; FAdder_4bit  ; work         ;
;                   |FAdder_1bit:u0|    ; 2 (2)               ; 0 (0)                     ; 0                 ; 0          ; 0    ; 0            ; |Calculator|Multiplier:pro|Mul_4bit:u2|altAdder:u7|FAdder:u1|FAdder_4bit:u0|FAdder_1bit:u0            ; FAdder_1bit  ; work         ;
;                   |FAdder_1bit:u1|    ; 2 (2)               ; 0 (0)                     ; 0                 ; 0          ; 0    ; 0            ; |Calculator|Multiplier:pro|Mul_4bit:u2|altAdder:u7|FAdder:u1|FAdder_4bit:u0|FAdder_1bit:u1            ; FAdder_1bit  ; work         ;
;                   |FAdder_1bit:u2|    ; 2 (2)               ; 0 (0)                     ; 0                 ; 0          ; 0    ; 0            ; |Calculator|Multiplier:pro|Mul_4bit:u2|altAdder:u7|FAdder:u1|FAdder_4bit:u0|FAdder_1bit:u2            ; FAdder_1bit  ; work         ;
;                   |FAdder_1bit:u3|    ; 2 (2)               ; 0 (0)                     ; 0                 ; 0          ; 0    ; 0            ; |Calculator|Multiplier:pro|Mul_4bit:u2|altAdder:u7|FAdder:u1|FAdder_4bit:u0|FAdder_1bit:u3            ; FAdder_1bit  ; work         ;
;                |FAdder_4bit:u1|       ; 8 (0)               ; 0 (0)                     ; 0                 ; 0          ; 0    ; 0            ; |Calculator|Multiplier:pro|Mul_4bit:u2|altAdder:u7|FAdder:u1|FAdder_4bit:u1                           ; FAdder_4bit  ; work         ;
;                   |FAdder_1bit:u0|    ; 2 (2)               ; 0 (0)                     ; 0                 ; 0          ; 0    ; 0            ; |Calculator|Multiplier:pro|Mul_4bit:u2|altAdder:u7|FAdder:u1|FAdder_4bit:u1|FAdder_1bit:u0            ; FAdder_1bit  ; work         ;
;                   |FAdder_1bit:u1|    ; 2 (2)               ; 0 (0)                     ; 0                 ; 0          ; 0    ; 0            ; |Calculator|Multiplier:pro|Mul_4bit:u2|altAdder:u7|FAdder:u1|FAdder_4bit:u1|FAdder_1bit:u1            ; FAdder_1bit  ; work         ;
;                   |FAdder_1bit:u2|    ; 2 (2)               ; 0 (0)                     ; 0                 ; 0          ; 0    ; 0            ; |Calculator|Multiplier:pro|Mul_4bit:u2|altAdder:u7|FAdder:u1|FAdder_4bit:u1|FAdder_1bit:u2            ; FAdder_1bit  ; work         ;
;                   |FAdder_1bit:u3|    ; 2 (2)               ; 0 (0)                     ; 0                 ; 0          ; 0    ; 0            ; |Calculator|Multiplier:pro|Mul_4bit:u2|altAdder:u7|FAdder:u1|FAdder_4bit:u1|FAdder_1bit:u3            ; FAdder_1bit  ; work         ;
;                |FAdder_4bit:u2|       ; 8 (0)               ; 0 (0)                     ; 0                 ; 0          ; 0    ; 0            ; |Calculator|Multiplier:pro|Mul_4bit:u2|altAdder:u7|FAdder:u1|FAdder_4bit:u2                           ; FAdder_4bit  ; work         ;
;                   |FAdder_1bit:u0|    ; 2 (2)               ; 0 (0)                     ; 0                 ; 0          ; 0    ; 0            ; |Calculator|Multiplier:pro|Mul_4bit:u2|altAdder:u7|FAdder:u1|FAdder_4bit:u2|FAdder_1bit:u0            ; FAdder_1bit  ; work         ;
;                   |FAdder_1bit:u1|    ; 2 (2)               ; 0 (0)                     ; 0                 ; 0          ; 0    ; 0            ; |Calculator|Multiplier:pro|Mul_4bit:u2|altAdder:u7|FAdder:u1|FAdder_4bit:u2|FAdder_1bit:u1            ; FAdder_1bit  ; work         ;
;                   |FAdder_1bit:u2|    ; 2 (2)               ; 0 (0)                     ; 0                 ; 0          ; 0    ; 0            ; |Calculator|Multiplier:pro|Mul_4bit:u2|altAdder:u7|FAdder:u1|FAdder_4bit:u2|FAdder_1bit:u2            ; FAdder_1bit  ; work         ;
;                   |FAdder_1bit:u3|    ; 2 (2)               ; 0 (0)                     ; 0                 ; 0          ; 0    ; 0            ; |Calculator|Multiplier:pro|Mul_4bit:u2|altAdder:u7|FAdder:u1|FAdder_4bit:u2|FAdder_1bit:u3            ; FAdder_1bit  ; work         ;
;                |FAdder_4bit:u3|       ; 8 (0)               ; 0 (0)                     ; 0                 ; 0          ; 0    ; 0            ; |Calculator|Multiplier:pro|Mul_4bit:u2|altAdder:u7|FAdder:u1|FAdder_4bit:u3                           ; FAdder_4bit  ; work         ;
;                   |FAdder_1bit:u0|    ; 2 (2)               ; 0 (0)                     ; 0                 ; 0          ; 0    ; 0            ; |Calculator|Multiplier:pro|Mul_4bit:u2|altAdder:u7|FAdder:u1|FAdder_4bit:u3|FAdder_1bit:u0            ; FAdder_1bit  ; work         ;
;                   |FAdder_1bit:u1|    ; 2 (2)               ; 0 (0)                     ; 0                 ; 0          ; 0    ; 0            ; |Calculator|Multiplier:pro|Mul_4bit:u2|altAdder:u7|FAdder:u1|FAdder_4bit:u3|FAdder_1bit:u1            ; FAdder_1bit  ; work         ;
;                   |FAdder_1bit:u2|    ; 2 (2)               ; 0 (0)                     ; 0                 ; 0          ; 0    ; 0            ; |Calculator|Multiplier:pro|Mul_4bit:u2|altAdder:u7|FAdder:u1|FAdder_4bit:u3|FAdder_1bit:u2            ; FAdder_1bit  ; work         ;
;                   |FAdder_1bit:u3|    ; 2 (2)               ; 0 (0)                     ; 0                 ; 0          ; 0    ; 0            ; |Calculator|Multiplier:pro|Mul_4bit:u2|altAdder:u7|FAdder:u1|FAdder_4bit:u3|FAdder_1bit:u3            ; FAdder_1bit  ; work         ;
;       |Mul_4bit:u3|                   ; 91 (0)              ; 0 (0)                     ; 0                 ; 0          ; 0    ; 0            ; |Calculator|Multiplier:pro|Mul_4bit:u3                                                                ; Mul_4bit     ; work         ;
;          |altAdder:u3|                ; 29 (0)              ; 0 (0)                     ; 0                 ; 0          ; 0    ; 0            ; |Calculator|Multiplier:pro|Mul_4bit:u3|altAdder:u3                                                    ; altAdder     ; work         ;
;             |FAdder:u1|               ; 29 (0)              ; 0 (0)                     ; 0                 ; 0          ; 0    ; 0            ; |Calculator|Multiplier:pro|Mul_4bit:u3|altAdder:u3|FAdder:u1                                          ; FAdder       ; work         ;
;                |FAdder_4bit:u0|       ; 5 (0)               ; 0 (0)                     ; 0                 ; 0          ; 0    ; 0            ; |Calculator|Multiplier:pro|Mul_4bit:u3|altAdder:u3|FAdder:u1|FAdder_4bit:u0                           ; FAdder_4bit  ; work         ;
;                   |FAdder_1bit:u0|    ; 1 (1)               ; 0 (0)                     ; 0                 ; 0          ; 0    ; 0            ; |Calculator|Multiplier:pro|Mul_4bit:u3|altAdder:u3|FAdder:u1|FAdder_4bit:u0|FAdder_1bit:u0            ; FAdder_1bit  ; work         ;
;                   |FAdder_1bit:u1|    ; 1 (1)               ; 0 (0)                     ; 0                 ; 0          ; 0    ; 0            ; |Calculator|Multiplier:pro|Mul_4bit:u3|altAdder:u3|FAdder:u1|FAdder_4bit:u0|FAdder_1bit:u1            ; FAdder_1bit  ; work         ;
;                   |FAdder_1bit:u2|    ; 1 (1)               ; 0 (0)                     ; 0                 ; 0          ; 0    ; 0            ; |Calculator|Multiplier:pro|Mul_4bit:u3|altAdder:u3|FAdder:u1|FAdder_4bit:u0|FAdder_1bit:u2            ; FAdder_1bit  ; work         ;
;                   |FAdder_1bit:u3|    ; 2 (2)               ; 0 (0)                     ; 0                 ; 0          ; 0    ; 0            ; |Calculator|Multiplier:pro|Mul_4bit:u3|altAdder:u3|FAdder:u1|FAdder_4bit:u0|FAdder_1bit:u3            ; FAdder_1bit  ; work         ;
;                |FAdder_4bit:u1|       ; 8 (0)               ; 0 (0)                     ; 0                 ; 0          ; 0    ; 0            ; |Calculator|Multiplier:pro|Mul_4bit:u3|altAdder:u3|FAdder:u1|FAdder_4bit:u1                           ; FAdder_4bit  ; work         ;
;                   |FAdder_1bit:u0|    ; 2 (2)               ; 0 (0)                     ; 0                 ; 0          ; 0    ; 0            ; |Calculator|Multiplier:pro|Mul_4bit:u3|altAdder:u3|FAdder:u1|FAdder_4bit:u1|FAdder_1bit:u0            ; FAdder_1bit  ; work         ;
;                   |FAdder_1bit:u1|    ; 2 (2)               ; 0 (0)                     ; 0                 ; 0          ; 0    ; 0            ; |Calculator|Multiplier:pro|Mul_4bit:u3|altAdder:u3|FAdder:u1|FAdder_4bit:u1|FAdder_1bit:u1            ; FAdder_1bit  ; work         ;
;                   |FAdder_1bit:u2|    ; 2 (2)               ; 0 (0)                     ; 0                 ; 0          ; 0    ; 0            ; |Calculator|Multiplier:pro|Mul_4bit:u3|altAdder:u3|FAdder:u1|FAdder_4bit:u1|FAdder_1bit:u2            ; FAdder_1bit  ; work         ;
;                   |FAdder_1bit:u3|    ; 2 (2)               ; 0 (0)                     ; 0                 ; 0          ; 0    ; 0            ; |Calculator|Multiplier:pro|Mul_4bit:u3|altAdder:u3|FAdder:u1|FAdder_4bit:u1|FAdder_1bit:u3            ; FAdder_1bit  ; work         ;
;                |FAdder_4bit:u2|       ; 8 (0)               ; 0 (0)                     ; 0                 ; 0          ; 0    ; 0            ; |Calculator|Multiplier:pro|Mul_4bit:u3|altAdder:u3|FAdder:u1|FAdder_4bit:u2                           ; FAdder_4bit  ; work         ;
;                   |FAdder_1bit:u0|    ; 2 (2)               ; 0 (0)                     ; 0                 ; 0          ; 0    ; 0            ; |Calculator|Multiplier:pro|Mul_4bit:u3|altAdder:u3|FAdder:u1|FAdder_4bit:u2|FAdder_1bit:u0            ; FAdder_1bit  ; work         ;
;                   |FAdder_1bit:u1|    ; 2 (2)               ; 0 (0)                     ; 0                 ; 0          ; 0    ; 0            ; |Calculator|Multiplier:pro|Mul_4bit:u3|altAdder:u3|FAdder:u1|FAdder_4bit:u2|FAdder_1bit:u1            ; FAdder_1bit  ; work         ;
;                   |FAdder_1bit:u2|    ; 2 (2)               ; 0 (0)                     ; 0                 ; 0          ; 0    ; 0            ; |Calculator|Multiplier:pro|Mul_4bit:u3|altAdder:u3|FAdder:u1|FAdder_4bit:u2|FAdder_1bit:u2            ; FAdder_1bit  ; work         ;
;                   |FAdder_1bit:u3|    ; 2 (2)               ; 0 (0)                     ; 0                 ; 0          ; 0    ; 0            ; |Calculator|Multiplier:pro|Mul_4bit:u3|altAdder:u3|FAdder:u1|FAdder_4bit:u2|FAdder_1bit:u3            ; FAdder_1bit  ; work         ;
;                |FAdder_4bit:u3|       ; 8 (0)               ; 0 (0)                     ; 0                 ; 0          ; 0    ; 0            ; |Calculator|Multiplier:pro|Mul_4bit:u3|altAdder:u3|FAdder:u1|FAdder_4bit:u3                           ; FAdder_4bit  ; work         ;
;                   |FAdder_1bit:u0|    ; 2 (2)               ; 0 (0)                     ; 0                 ; 0          ; 0    ; 0            ; |Calculator|Multiplier:pro|Mul_4bit:u3|altAdder:u3|FAdder:u1|FAdder_4bit:u3|FAdder_1bit:u0            ; FAdder_1bit  ; work         ;
;                   |FAdder_1bit:u1|    ; 2 (2)               ; 0 (0)                     ; 0                 ; 0          ; 0    ; 0            ; |Calculator|Multiplier:pro|Mul_4bit:u3|altAdder:u3|FAdder:u1|FAdder_4bit:u3|FAdder_1bit:u1            ; FAdder_1bit  ; work         ;
;                   |FAdder_1bit:u2|    ; 2 (2)               ; 0 (0)                     ; 0                 ; 0          ; 0    ; 0            ; |Calculator|Multiplier:pro|Mul_4bit:u3|altAdder:u3|FAdder:u1|FAdder_4bit:u3|FAdder_1bit:u2            ; FAdder_1bit  ; work         ;
;                   |FAdder_1bit:u3|    ; 2 (2)               ; 0 (0)                     ; 0                 ; 0          ; 0    ; 0            ; |Calculator|Multiplier:pro|Mul_4bit:u3|altAdder:u3|FAdder:u1|FAdder_4bit:u3|FAdder_1bit:u3            ; FAdder_1bit  ; work         ;
;          |altAdder:u5|                ; 30 (0)              ; 0 (0)                     ; 0                 ; 0          ; 0    ; 0            ; |Calculator|Multiplier:pro|Mul_4bit:u3|altAdder:u5                                                    ; altAdder     ; work         ;
;             |FAdder:u1|               ; 30 (0)              ; 0 (0)                     ; 0                 ; 0          ; 0    ; 0            ; |Calculator|Multiplier:pro|Mul_4bit:u3|altAdder:u5|FAdder:u1                                          ; FAdder       ; work         ;
;                |FAdder_4bit:u0|       ; 6 (0)               ; 0 (0)                     ; 0                 ; 0          ; 0    ; 0            ; |Calculator|Multiplier:pro|Mul_4bit:u3|altAdder:u5|FAdder:u1|FAdder_4bit:u0                           ; FAdder_4bit  ; work         ;
;                   |FAdder_1bit:u1|    ; 2 (2)               ; 0 (0)                     ; 0                 ; 0          ; 0    ; 0            ; |Calculator|Multiplier:pro|Mul_4bit:u3|altAdder:u5|FAdder:u1|FAdder_4bit:u0|FAdder_1bit:u1            ; FAdder_1bit  ; work         ;
;                   |FAdder_1bit:u2|    ; 2 (2)               ; 0 (0)                     ; 0                 ; 0          ; 0    ; 0            ; |Calculator|Multiplier:pro|Mul_4bit:u3|altAdder:u5|FAdder:u1|FAdder_4bit:u0|FAdder_1bit:u2            ; FAdder_1bit  ; work         ;
;                   |FAdder_1bit:u3|    ; 2 (2)               ; 0 (0)                     ; 0                 ; 0          ; 0    ; 0            ; |Calculator|Multiplier:pro|Mul_4bit:u3|altAdder:u5|FAdder:u1|FAdder_4bit:u0|FAdder_1bit:u3            ; FAdder_1bit  ; work         ;
;                |FAdder_4bit:u1|       ; 8 (0)               ; 0 (0)                     ; 0                 ; 0          ; 0    ; 0            ; |Calculator|Multiplier:pro|Mul_4bit:u3|altAdder:u5|FAdder:u1|FAdder_4bit:u1                           ; FAdder_4bit  ; work         ;
;                   |FAdder_1bit:u0|    ; 2 (2)               ; 0 (0)                     ; 0                 ; 0          ; 0    ; 0            ; |Calculator|Multiplier:pro|Mul_4bit:u3|altAdder:u5|FAdder:u1|FAdder_4bit:u1|FAdder_1bit:u0            ; FAdder_1bit  ; work         ;
;                   |FAdder_1bit:u1|    ; 2 (2)               ; 0 (0)                     ; 0                 ; 0          ; 0    ; 0            ; |Calculator|Multiplier:pro|Mul_4bit:u3|altAdder:u5|FAdder:u1|FAdder_4bit:u1|FAdder_1bit:u1            ; FAdder_1bit  ; work         ;
;                   |FAdder_1bit:u2|    ; 2 (2)               ; 0 (0)                     ; 0                 ; 0          ; 0    ; 0            ; |Calculator|Multiplier:pro|Mul_4bit:u3|altAdder:u5|FAdder:u1|FAdder_4bit:u1|FAdder_1bit:u2            ; FAdder_1bit  ; work         ;
;                   |FAdder_1bit:u3|    ; 2 (2)               ; 0 (0)                     ; 0                 ; 0          ; 0    ; 0            ; |Calculator|Multiplier:pro|Mul_4bit:u3|altAdder:u5|FAdder:u1|FAdder_4bit:u1|FAdder_1bit:u3            ; FAdder_1bit  ; work         ;
;                |FAdder_4bit:u2|       ; 8 (0)               ; 0 (0)                     ; 0                 ; 0          ; 0    ; 0            ; |Calculator|Multiplier:pro|Mul_4bit:u3|altAdder:u5|FAdder:u1|FAdder_4bit:u2                           ; FAdder_4bit  ; work         ;
;                   |FAdder_1bit:u0|    ; 2 (2)               ; 0 (0)                     ; 0                 ; 0          ; 0    ; 0            ; |Calculator|Multiplier:pro|Mul_4bit:u3|altAdder:u5|FAdder:u1|FAdder_4bit:u2|FAdder_1bit:u0            ; FAdder_1bit  ; work         ;
;                   |FAdder_1bit:u1|    ; 2 (2)               ; 0 (0)                     ; 0                 ; 0          ; 0    ; 0            ; |Calculator|Multiplier:pro|Mul_4bit:u3|altAdder:u5|FAdder:u1|FAdder_4bit:u2|FAdder_1bit:u1            ; FAdder_1bit  ; work         ;
;                   |FAdder_1bit:u2|    ; 2 (2)               ; 0 (0)                     ; 0                 ; 0          ; 0    ; 0            ; |Calculator|Multiplier:pro|Mul_4bit:u3|altAdder:u5|FAdder:u1|FAdder_4bit:u2|FAdder_1bit:u2            ; FAdder_1bit  ; work         ;
;                   |FAdder_1bit:u3|    ; 2 (2)               ; 0 (0)                     ; 0                 ; 0          ; 0    ; 0            ; |Calculator|Multiplier:pro|Mul_4bit:u3|altAdder:u5|FAdder:u1|FAdder_4bit:u2|FAdder_1bit:u3            ; FAdder_1bit  ; work         ;
;                |FAdder_4bit:u3|       ; 8 (0)               ; 0 (0)                     ; 0                 ; 0          ; 0    ; 0            ; |Calculator|Multiplier:pro|Mul_4bit:u3|altAdder:u5|FAdder:u1|FAdder_4bit:u3                           ; FAdder_4bit  ; work         ;
;                   |FAdder_1bit:u0|    ; 2 (2)               ; 0 (0)                     ; 0                 ; 0          ; 0    ; 0            ; |Calculator|Multiplier:pro|Mul_4bit:u3|altAdder:u5|FAdder:u1|FAdder_4bit:u3|FAdder_1bit:u0            ; FAdder_1bit  ; work         ;
;                   |FAdder_1bit:u1|    ; 2 (2)               ; 0 (0)                     ; 0                 ; 0          ; 0    ; 0            ; |Calculator|Multiplier:pro|Mul_4bit:u3|altAdder:u5|FAdder:u1|FAdder_4bit:u3|FAdder_1bit:u1            ; FAdder_1bit  ; work         ;
;                   |FAdder_1bit:u2|    ; 2 (2)               ; 0 (0)                     ; 0                 ; 0          ; 0    ; 0            ; |Calculator|Multiplier:pro|Mul_4bit:u3|altAdder:u5|FAdder:u1|FAdder_4bit:u3|FAdder_1bit:u2            ; FAdder_1bit  ; work         ;
;                   |FAdder_1bit:u3|    ; 2 (2)               ; 0 (0)                     ; 0                 ; 0          ; 0    ; 0            ; |Calculator|Multiplier:pro|Mul_4bit:u3|altAdder:u5|FAdder:u1|FAdder_4bit:u3|FAdder_1bit:u3            ; FAdder_1bit  ; work         ;
;          |altAdder:u7|                ; 32 (0)              ; 0 (0)                     ; 0                 ; 0          ; 0    ; 0            ; |Calculator|Multiplier:pro|Mul_4bit:u3|altAdder:u7                                                    ; altAdder     ; work         ;
;             |FAdder:u1|               ; 32 (0)              ; 0 (0)                     ; 0                 ; 0          ; 0    ; 0            ; |Calculator|Multiplier:pro|Mul_4bit:u3|altAdder:u7|FAdder:u1                                          ; FAdder       ; work         ;
;                |FAdder_4bit:u0|       ; 8 (0)               ; 0 (0)                     ; 0                 ; 0          ; 0    ; 0            ; |Calculator|Multiplier:pro|Mul_4bit:u3|altAdder:u7|FAdder:u1|FAdder_4bit:u0                           ; FAdder_4bit  ; work         ;
;                   |FAdder_1bit:u0|    ; 2 (2)               ; 0 (0)                     ; 0                 ; 0          ; 0    ; 0            ; |Calculator|Multiplier:pro|Mul_4bit:u3|altAdder:u7|FAdder:u1|FAdder_4bit:u0|FAdder_1bit:u0            ; FAdder_1bit  ; work         ;
;                   |FAdder_1bit:u1|    ; 2 (2)               ; 0 (0)                     ; 0                 ; 0          ; 0    ; 0            ; |Calculator|Multiplier:pro|Mul_4bit:u3|altAdder:u7|FAdder:u1|FAdder_4bit:u0|FAdder_1bit:u1            ; FAdder_1bit  ; work         ;
;                   |FAdder_1bit:u2|    ; 2 (2)               ; 0 (0)                     ; 0                 ; 0          ; 0    ; 0            ; |Calculator|Multiplier:pro|Mul_4bit:u3|altAdder:u7|FAdder:u1|FAdder_4bit:u0|FAdder_1bit:u2            ; FAdder_1bit  ; work         ;
;                   |FAdder_1bit:u3|    ; 2 (2)               ; 0 (0)                     ; 0                 ; 0          ; 0    ; 0            ; |Calculator|Multiplier:pro|Mul_4bit:u3|altAdder:u7|FAdder:u1|FAdder_4bit:u0|FAdder_1bit:u3            ; FAdder_1bit  ; work         ;
;                |FAdder_4bit:u1|       ; 8 (0)               ; 0 (0)                     ; 0                 ; 0          ; 0    ; 0            ; |Calculator|Multiplier:pro|Mul_4bit:u3|altAdder:u7|FAdder:u1|FAdder_4bit:u1                           ; FAdder_4bit  ; work         ;
;                   |FAdder_1bit:u0|    ; 2 (2)               ; 0 (0)                     ; 0                 ; 0          ; 0    ; 0            ; |Calculator|Multiplier:pro|Mul_4bit:u3|altAdder:u7|FAdder:u1|FAdder_4bit:u1|FAdder_1bit:u0            ; FAdder_1bit  ; work         ;
;                   |FAdder_1bit:u1|    ; 2 (2)               ; 0 (0)                     ; 0                 ; 0          ; 0    ; 0            ; |Calculator|Multiplier:pro|Mul_4bit:u3|altAdder:u7|FAdder:u1|FAdder_4bit:u1|FAdder_1bit:u1            ; FAdder_1bit  ; work         ;
;                   |FAdder_1bit:u2|    ; 2 (2)               ; 0 (0)                     ; 0                 ; 0          ; 0    ; 0            ; |Calculator|Multiplier:pro|Mul_4bit:u3|altAdder:u7|FAdder:u1|FAdder_4bit:u1|FAdder_1bit:u2            ; FAdder_1bit  ; work         ;
;                   |FAdder_1bit:u3|    ; 2 (2)               ; 0 (0)                     ; 0                 ; 0          ; 0    ; 0            ; |Calculator|Multiplier:pro|Mul_4bit:u3|altAdder:u7|FAdder:u1|FAdder_4bit:u1|FAdder_1bit:u3            ; FAdder_1bit  ; work         ;
;                |FAdder_4bit:u2|       ; 8 (0)               ; 0 (0)                     ; 0                 ; 0          ; 0    ; 0            ; |Calculator|Multiplier:pro|Mul_4bit:u3|altAdder:u7|FAdder:u1|FAdder_4bit:u2                           ; FAdder_4bit  ; work         ;
;                   |FAdder_1bit:u0|    ; 2 (2)               ; 0 (0)                     ; 0                 ; 0          ; 0    ; 0            ; |Calculator|Multiplier:pro|Mul_4bit:u3|altAdder:u7|FAdder:u1|FAdder_4bit:u2|FAdder_1bit:u0            ; FAdder_1bit  ; work         ;
;                   |FAdder_1bit:u1|    ; 2 (2)               ; 0 (0)                     ; 0                 ; 0          ; 0    ; 0            ; |Calculator|Multiplier:pro|Mul_4bit:u3|altAdder:u7|FAdder:u1|FAdder_4bit:u2|FAdder_1bit:u1            ; FAdder_1bit  ; work         ;
;                   |FAdder_1bit:u2|    ; 2 (2)               ; 0 (0)                     ; 0                 ; 0          ; 0    ; 0            ; |Calculator|Multiplier:pro|Mul_4bit:u3|altAdder:u7|FAdder:u1|FAdder_4bit:u2|FAdder_1bit:u2            ; FAdder_1bit  ; work         ;
;                   |FAdder_1bit:u3|    ; 2 (2)               ; 0 (0)                     ; 0                 ; 0          ; 0    ; 0            ; |Calculator|Multiplier:pro|Mul_4bit:u3|altAdder:u7|FAdder:u1|FAdder_4bit:u2|FAdder_1bit:u3            ; FAdder_1bit  ; work         ;
;                |FAdder_4bit:u3|       ; 8 (0)               ; 0 (0)                     ; 0                 ; 0          ; 0    ; 0            ; |Calculator|Multiplier:pro|Mul_4bit:u3|altAdder:u7|FAdder:u1|FAdder_4bit:u3                           ; FAdder_4bit  ; work         ;
;                   |FAdder_1bit:u0|    ; 2 (2)               ; 0 (0)                     ; 0                 ; 0          ; 0    ; 0            ; |Calculator|Multiplier:pro|Mul_4bit:u3|altAdder:u7|FAdder:u1|FAdder_4bit:u3|FAdder_1bit:u0            ; FAdder_1bit  ; work         ;
;                   |FAdder_1bit:u1|    ; 2 (2)               ; 0 (0)                     ; 0                 ; 0          ; 0    ; 0            ; |Calculator|Multiplier:pro|Mul_4bit:u3|altAdder:u7|FAdder:u1|FAdder_4bit:u3|FAdder_1bit:u1            ; FAdder_1bit  ; work         ;
;                   |FAdder_1bit:u2|    ; 2 (2)               ; 0 (0)                     ; 0                 ; 0          ; 0    ; 0            ; |Calculator|Multiplier:pro|Mul_4bit:u3|altAdder:u7|FAdder:u1|FAdder_4bit:u3|FAdder_1bit:u2            ; FAdder_1bit  ; work         ;
;                   |FAdder_1bit:u3|    ; 2 (2)               ; 0 (0)                     ; 0                 ; 0          ; 0    ; 0            ; |Calculator|Multiplier:pro|Mul_4bit:u3|altAdder:u7|FAdder:u1|FAdder_4bit:u3|FAdder_1bit:u3            ; FAdder_1bit  ; work         ;
;       |Mul_4bit:u4|                   ; 91 (0)              ; 0 (0)                     ; 0                 ; 0          ; 0    ; 0            ; |Calculator|Multiplier:pro|Mul_4bit:u4                                                                ; Mul_4bit     ; work         ;
;          |altAdder:u3|                ; 29 (0)              ; 0 (0)                     ; 0                 ; 0          ; 0    ; 0            ; |Calculator|Multiplier:pro|Mul_4bit:u4|altAdder:u3                                                    ; altAdder     ; work         ;
;             |FAdder:u1|               ; 29 (0)              ; 0 (0)                     ; 0                 ; 0          ; 0    ; 0            ; |Calculator|Multiplier:pro|Mul_4bit:u4|altAdder:u3|FAdder:u1                                          ; FAdder       ; work         ;
;                |FAdder_4bit:u0|       ; 5 (0)               ; 0 (0)                     ; 0                 ; 0          ; 0    ; 0            ; |Calculator|Multiplier:pro|Mul_4bit:u4|altAdder:u3|FAdder:u1|FAdder_4bit:u0                           ; FAdder_4bit  ; work         ;
;                   |FAdder_1bit:u0|    ; 1 (1)               ; 0 (0)                     ; 0                 ; 0          ; 0    ; 0            ; |Calculator|Multiplier:pro|Mul_4bit:u4|altAdder:u3|FAdder:u1|FAdder_4bit:u0|FAdder_1bit:u0            ; FAdder_1bit  ; work         ;
;                   |FAdder_1bit:u1|    ; 1 (1)               ; 0 (0)                     ; 0                 ; 0          ; 0    ; 0            ; |Calculator|Multiplier:pro|Mul_4bit:u4|altAdder:u3|FAdder:u1|FAdder_4bit:u0|FAdder_1bit:u1            ; FAdder_1bit  ; work         ;
;                   |FAdder_1bit:u2|    ; 1 (1)               ; 0 (0)                     ; 0                 ; 0          ; 0    ; 0            ; |Calculator|Multiplier:pro|Mul_4bit:u4|altAdder:u3|FAdder:u1|FAdder_4bit:u0|FAdder_1bit:u2            ; FAdder_1bit  ; work         ;
;                   |FAdder_1bit:u3|    ; 2 (2)               ; 0 (0)                     ; 0                 ; 0          ; 0    ; 0            ; |Calculator|Multiplier:pro|Mul_4bit:u4|altAdder:u3|FAdder:u1|FAdder_4bit:u0|FAdder_1bit:u3            ; FAdder_1bit  ; work         ;
;                |FAdder_4bit:u1|       ; 8 (0)               ; 0 (0)                     ; 0                 ; 0          ; 0    ; 0            ; |Calculator|Multiplier:pro|Mul_4bit:u4|altAdder:u3|FAdder:u1|FAdder_4bit:u1                           ; FAdder_4bit  ; work         ;
;                   |FAdder_1bit:u0|    ; 2 (2)               ; 0 (0)                     ; 0                 ; 0          ; 0    ; 0            ; |Calculator|Multiplier:pro|Mul_4bit:u4|altAdder:u3|FAdder:u1|FAdder_4bit:u1|FAdder_1bit:u0            ; FAdder_1bit  ; work         ;
;                   |FAdder_1bit:u1|    ; 2 (2)               ; 0 (0)                     ; 0                 ; 0          ; 0    ; 0            ; |Calculator|Multiplier:pro|Mul_4bit:u4|altAdder:u3|FAdder:u1|FAdder_4bit:u1|FAdder_1bit:u1            ; FAdder_1bit  ; work         ;
;                   |FAdder_1bit:u2|    ; 2 (2)               ; 0 (0)                     ; 0                 ; 0          ; 0    ; 0            ; |Calculator|Multiplier:pro|Mul_4bit:u4|altAdder:u3|FAdder:u1|FAdder_4bit:u1|FAdder_1bit:u2            ; FAdder_1bit  ; work         ;
;                   |FAdder_1bit:u3|    ; 2 (2)               ; 0 (0)                     ; 0                 ; 0          ; 0    ; 0            ; |Calculator|Multiplier:pro|Mul_4bit:u4|altAdder:u3|FAdder:u1|FAdder_4bit:u1|FAdder_1bit:u3            ; FAdder_1bit  ; work         ;
;                |FAdder_4bit:u2|       ; 8 (0)               ; 0 (0)                     ; 0                 ; 0          ; 0    ; 0            ; |Calculator|Multiplier:pro|Mul_4bit:u4|altAdder:u3|FAdder:u1|FAdder_4bit:u2                           ; FAdder_4bit  ; work         ;
;                   |FAdder_1bit:u0|    ; 2 (2)               ; 0 (0)                     ; 0                 ; 0          ; 0    ; 0            ; |Calculator|Multiplier:pro|Mul_4bit:u4|altAdder:u3|FAdder:u1|FAdder_4bit:u2|FAdder_1bit:u0            ; FAdder_1bit  ; work         ;
;                   |FAdder_1bit:u1|    ; 2 (2)               ; 0 (0)                     ; 0                 ; 0          ; 0    ; 0            ; |Calculator|Multiplier:pro|Mul_4bit:u4|altAdder:u3|FAdder:u1|FAdder_4bit:u2|FAdder_1bit:u1            ; FAdder_1bit  ; work         ;
;                   |FAdder_1bit:u2|    ; 2 (2)               ; 0 (0)                     ; 0                 ; 0          ; 0    ; 0            ; |Calculator|Multiplier:pro|Mul_4bit:u4|altAdder:u3|FAdder:u1|FAdder_4bit:u2|FAdder_1bit:u2            ; FAdder_1bit  ; work         ;
;                   |FAdder_1bit:u3|    ; 2 (2)               ; 0 (0)                     ; 0                 ; 0          ; 0    ; 0            ; |Calculator|Multiplier:pro|Mul_4bit:u4|altAdder:u3|FAdder:u1|FAdder_4bit:u2|FAdder_1bit:u3            ; FAdder_1bit  ; work         ;
;                |FAdder_4bit:u3|       ; 8 (0)               ; 0 (0)                     ; 0                 ; 0          ; 0    ; 0            ; |Calculator|Multiplier:pro|Mul_4bit:u4|altAdder:u3|FAdder:u1|FAdder_4bit:u3                           ; FAdder_4bit  ; work         ;
;                   |FAdder_1bit:u0|    ; 2 (2)               ; 0 (0)                     ; 0                 ; 0          ; 0    ; 0            ; |Calculator|Multiplier:pro|Mul_4bit:u4|altAdder:u3|FAdder:u1|FAdder_4bit:u3|FAdder_1bit:u0            ; FAdder_1bit  ; work         ;
;                   |FAdder_1bit:u1|    ; 2 (2)               ; 0 (0)                     ; 0                 ; 0          ; 0    ; 0            ; |Calculator|Multiplier:pro|Mul_4bit:u4|altAdder:u3|FAdder:u1|FAdder_4bit:u3|FAdder_1bit:u1            ; FAdder_1bit  ; work         ;
;                   |FAdder_1bit:u2|    ; 2 (2)               ; 0 (0)                     ; 0                 ; 0          ; 0    ; 0            ; |Calculator|Multiplier:pro|Mul_4bit:u4|altAdder:u3|FAdder:u1|FAdder_4bit:u3|FAdder_1bit:u2            ; FAdder_1bit  ; work         ;
;                   |FAdder_1bit:u3|    ; 2 (2)               ; 0 (0)                     ; 0                 ; 0          ; 0    ; 0            ; |Calculator|Multiplier:pro|Mul_4bit:u4|altAdder:u3|FAdder:u1|FAdder_4bit:u3|FAdder_1bit:u3            ; FAdder_1bit  ; work         ;
;          |altAdder:u5|                ; 30 (0)              ; 0 (0)                     ; 0                 ; 0          ; 0    ; 0            ; |Calculator|Multiplier:pro|Mul_4bit:u4|altAdder:u5                                                    ; altAdder     ; work         ;
;             |FAdder:u1|               ; 30 (0)              ; 0 (0)                     ; 0                 ; 0          ; 0    ; 0            ; |Calculator|Multiplier:pro|Mul_4bit:u4|altAdder:u5|FAdder:u1                                          ; FAdder       ; work         ;
;                |FAdder_4bit:u0|       ; 6 (0)               ; 0 (0)                     ; 0                 ; 0          ; 0    ; 0            ; |Calculator|Multiplier:pro|Mul_4bit:u4|altAdder:u5|FAdder:u1|FAdder_4bit:u0                           ; FAdder_4bit  ; work         ;
;                   |FAdder_1bit:u1|    ; 2 (2)               ; 0 (0)                     ; 0                 ; 0          ; 0    ; 0            ; |Calculator|Multiplier:pro|Mul_4bit:u4|altAdder:u5|FAdder:u1|FAdder_4bit:u0|FAdder_1bit:u1            ; FAdder_1bit  ; work         ;
;                   |FAdder_1bit:u2|    ; 2 (2)               ; 0 (0)                     ; 0                 ; 0          ; 0    ; 0            ; |Calculator|Multiplier:pro|Mul_4bit:u4|altAdder:u5|FAdder:u1|FAdder_4bit:u0|FAdder_1bit:u2            ; FAdder_1bit  ; work         ;
;                   |FAdder_1bit:u3|    ; 2 (2)               ; 0 (0)                     ; 0                 ; 0          ; 0    ; 0            ; |Calculator|Multiplier:pro|Mul_4bit:u4|altAdder:u5|FAdder:u1|FAdder_4bit:u0|FAdder_1bit:u3            ; FAdder_1bit  ; work         ;
;                |FAdder_4bit:u1|       ; 8 (0)               ; 0 (0)                     ; 0                 ; 0          ; 0    ; 0            ; |Calculator|Multiplier:pro|Mul_4bit:u4|altAdder:u5|FAdder:u1|FAdder_4bit:u1                           ; FAdder_4bit  ; work         ;
;                   |FAdder_1bit:u0|    ; 2 (2)               ; 0 (0)                     ; 0                 ; 0          ; 0    ; 0            ; |Calculator|Multiplier:pro|Mul_4bit:u4|altAdder:u5|FAdder:u1|FAdder_4bit:u1|FAdder_1bit:u0            ; FAdder_1bit  ; work         ;
;                   |FAdder_1bit:u1|    ; 2 (2)               ; 0 (0)                     ; 0                 ; 0          ; 0    ; 0            ; |Calculator|Multiplier:pro|Mul_4bit:u4|altAdder:u5|FAdder:u1|FAdder_4bit:u1|FAdder_1bit:u1            ; FAdder_1bit  ; work         ;
;                   |FAdder_1bit:u2|    ; 2 (2)               ; 0 (0)                     ; 0                 ; 0          ; 0    ; 0            ; |Calculator|Multiplier:pro|Mul_4bit:u4|altAdder:u5|FAdder:u1|FAdder_4bit:u1|FAdder_1bit:u2            ; FAdder_1bit  ; work         ;
;                   |FAdder_1bit:u3|    ; 2 (2)               ; 0 (0)                     ; 0                 ; 0          ; 0    ; 0            ; |Calculator|Multiplier:pro|Mul_4bit:u4|altAdder:u5|FAdder:u1|FAdder_4bit:u1|FAdder_1bit:u3            ; FAdder_1bit  ; work         ;
;                |FAdder_4bit:u2|       ; 8 (0)               ; 0 (0)                     ; 0                 ; 0          ; 0    ; 0            ; |Calculator|Multiplier:pro|Mul_4bit:u4|altAdder:u5|FAdder:u1|FAdder_4bit:u2                           ; FAdder_4bit  ; work         ;
;                   |FAdder_1bit:u0|    ; 2 (2)               ; 0 (0)                     ; 0                 ; 0          ; 0    ; 0            ; |Calculator|Multiplier:pro|Mul_4bit:u4|altAdder:u5|FAdder:u1|FAdder_4bit:u2|FAdder_1bit:u0            ; FAdder_1bit  ; work         ;
;                   |FAdder_1bit:u1|    ; 2 (2)               ; 0 (0)                     ; 0                 ; 0          ; 0    ; 0            ; |Calculator|Multiplier:pro|Mul_4bit:u4|altAdder:u5|FAdder:u1|FAdder_4bit:u2|FAdder_1bit:u1            ; FAdder_1bit  ; work         ;
;                   |FAdder_1bit:u2|    ; 2 (2)               ; 0 (0)                     ; 0                 ; 0          ; 0    ; 0            ; |Calculator|Multiplier:pro|Mul_4bit:u4|altAdder:u5|FAdder:u1|FAdder_4bit:u2|FAdder_1bit:u2            ; FAdder_1bit  ; work         ;
;                   |FAdder_1bit:u3|    ; 2 (2)               ; 0 (0)                     ; 0                 ; 0          ; 0    ; 0            ; |Calculator|Multiplier:pro|Mul_4bit:u4|altAdder:u5|FAdder:u1|FAdder_4bit:u2|FAdder_1bit:u3            ; FAdder_1bit  ; work         ;
;                |FAdder_4bit:u3|       ; 8 (0)               ; 0 (0)                     ; 0                 ; 0          ; 0    ; 0            ; |Calculator|Multiplier:pro|Mul_4bit:u4|altAdder:u5|FAdder:u1|FAdder_4bit:u3                           ; FAdder_4bit  ; work         ;
;                   |FAdder_1bit:u0|    ; 2 (2)               ; 0 (0)                     ; 0                 ; 0          ; 0    ; 0            ; |Calculator|Multiplier:pro|Mul_4bit:u4|altAdder:u5|FAdder:u1|FAdder_4bit:u3|FAdder_1bit:u0            ; FAdder_1bit  ; work         ;
;                   |FAdder_1bit:u1|    ; 2 (2)               ; 0 (0)                     ; 0                 ; 0          ; 0    ; 0            ; |Calculator|Multiplier:pro|Mul_4bit:u4|altAdder:u5|FAdder:u1|FAdder_4bit:u3|FAdder_1bit:u1            ; FAdder_1bit  ; work         ;
;                   |FAdder_1bit:u2|    ; 2 (2)               ; 0 (0)                     ; 0                 ; 0          ; 0    ; 0            ; |Calculator|Multiplier:pro|Mul_4bit:u4|altAdder:u5|FAdder:u1|FAdder_4bit:u3|FAdder_1bit:u2            ; FAdder_1bit  ; work         ;
;                   |FAdder_1bit:u3|    ; 2 (2)               ; 0 (0)                     ; 0                 ; 0          ; 0    ; 0            ; |Calculator|Multiplier:pro|Mul_4bit:u4|altAdder:u5|FAdder:u1|FAdder_4bit:u3|FAdder_1bit:u3            ; FAdder_1bit  ; work         ;
;          |altAdder:u7|                ; 32 (0)              ; 0 (0)                     ; 0                 ; 0          ; 0    ; 0            ; |Calculator|Multiplier:pro|Mul_4bit:u4|altAdder:u7                                                    ; altAdder     ; work         ;
;             |FAdder:u1|               ; 32 (0)              ; 0 (0)                     ; 0                 ; 0          ; 0    ; 0            ; |Calculator|Multiplier:pro|Mul_4bit:u4|altAdder:u7|FAdder:u1                                          ; FAdder       ; work         ;
;                |FAdder_4bit:u0|       ; 8 (0)               ; 0 (0)                     ; 0                 ; 0          ; 0    ; 0            ; |Calculator|Multiplier:pro|Mul_4bit:u4|altAdder:u7|FAdder:u1|FAdder_4bit:u0                           ; FAdder_4bit  ; work         ;
;                   |FAdder_1bit:u0|    ; 2 (2)               ; 0 (0)                     ; 0                 ; 0          ; 0    ; 0            ; |Calculator|Multiplier:pro|Mul_4bit:u4|altAdder:u7|FAdder:u1|FAdder_4bit:u0|FAdder_1bit:u0            ; FAdder_1bit  ; work         ;
;                   |FAdder_1bit:u1|    ; 2 (2)               ; 0 (0)                     ; 0                 ; 0          ; 0    ; 0            ; |Calculator|Multiplier:pro|Mul_4bit:u4|altAdder:u7|FAdder:u1|FAdder_4bit:u0|FAdder_1bit:u1            ; FAdder_1bit  ; work         ;
;                   |FAdder_1bit:u2|    ; 2 (2)               ; 0 (0)                     ; 0                 ; 0          ; 0    ; 0            ; |Calculator|Multiplier:pro|Mul_4bit:u4|altAdder:u7|FAdder:u1|FAdder_4bit:u0|FAdder_1bit:u2            ; FAdder_1bit  ; work         ;
;                   |FAdder_1bit:u3|    ; 2 (2)               ; 0 (0)                     ; 0                 ; 0          ; 0    ; 0            ; |Calculator|Multiplier:pro|Mul_4bit:u4|altAdder:u7|FAdder:u1|FAdder_4bit:u0|FAdder_1bit:u3            ; FAdder_1bit  ; work         ;
;                |FAdder_4bit:u1|       ; 8 (0)               ; 0 (0)                     ; 0                 ; 0          ; 0    ; 0            ; |Calculator|Multiplier:pro|Mul_4bit:u4|altAdder:u7|FAdder:u1|FAdder_4bit:u1                           ; FAdder_4bit  ; work         ;
;                   |FAdder_1bit:u0|    ; 2 (2)               ; 0 (0)                     ; 0                 ; 0          ; 0    ; 0            ; |Calculator|Multiplier:pro|Mul_4bit:u4|altAdder:u7|FAdder:u1|FAdder_4bit:u1|FAdder_1bit:u0            ; FAdder_1bit  ; work         ;
;                   |FAdder_1bit:u1|    ; 2 (2)               ; 0 (0)                     ; 0                 ; 0          ; 0    ; 0            ; |Calculator|Multiplier:pro|Mul_4bit:u4|altAdder:u7|FAdder:u1|FAdder_4bit:u1|FAdder_1bit:u1            ; FAdder_1bit  ; work         ;
;                   |FAdder_1bit:u2|    ; 2 (2)               ; 0 (0)                     ; 0                 ; 0          ; 0    ; 0            ; |Calculator|Multiplier:pro|Mul_4bit:u4|altAdder:u7|FAdder:u1|FAdder_4bit:u1|FAdder_1bit:u2            ; FAdder_1bit  ; work         ;
;                   |FAdder_1bit:u3|    ; 2 (2)               ; 0 (0)                     ; 0                 ; 0          ; 0    ; 0            ; |Calculator|Multiplier:pro|Mul_4bit:u4|altAdder:u7|FAdder:u1|FAdder_4bit:u1|FAdder_1bit:u3            ; FAdder_1bit  ; work         ;
;                |FAdder_4bit:u2|       ; 8 (0)               ; 0 (0)                     ; 0                 ; 0          ; 0    ; 0            ; |Calculator|Multiplier:pro|Mul_4bit:u4|altAdder:u7|FAdder:u1|FAdder_4bit:u2                           ; FAdder_4bit  ; work         ;
;                   |FAdder_1bit:u0|    ; 2 (2)               ; 0 (0)                     ; 0                 ; 0          ; 0    ; 0            ; |Calculator|Multiplier:pro|Mul_4bit:u4|altAdder:u7|FAdder:u1|FAdder_4bit:u2|FAdder_1bit:u0            ; FAdder_1bit  ; work         ;
;                   |FAdder_1bit:u1|    ; 2 (2)               ; 0 (0)                     ; 0                 ; 0          ; 0    ; 0            ; |Calculator|Multiplier:pro|Mul_4bit:u4|altAdder:u7|FAdder:u1|FAdder_4bit:u2|FAdder_1bit:u1            ; FAdder_1bit  ; work         ;
;                   |FAdder_1bit:u2|    ; 2 (2)               ; 0 (0)                     ; 0                 ; 0          ; 0    ; 0            ; |Calculator|Multiplier:pro|Mul_4bit:u4|altAdder:u7|FAdder:u1|FAdder_4bit:u2|FAdder_1bit:u2            ; FAdder_1bit  ; work         ;
;                   |FAdder_1bit:u3|    ; 2 (2)               ; 0 (0)                     ; 0                 ; 0          ; 0    ; 0            ; |Calculator|Multiplier:pro|Mul_4bit:u4|altAdder:u7|FAdder:u1|FAdder_4bit:u2|FAdder_1bit:u3            ; FAdder_1bit  ; work         ;
;                |FAdder_4bit:u3|       ; 8 (0)               ; 0 (0)                     ; 0                 ; 0          ; 0    ; 0            ; |Calculator|Multiplier:pro|Mul_4bit:u4|altAdder:u7|FAdder:u1|FAdder_4bit:u3                           ; FAdder_4bit  ; work         ;
;                   |FAdder_1bit:u0|    ; 2 (2)               ; 0 (0)                     ; 0                 ; 0          ; 0    ; 0            ; |Calculator|Multiplier:pro|Mul_4bit:u4|altAdder:u7|FAdder:u1|FAdder_4bit:u3|FAdder_1bit:u0            ; FAdder_1bit  ; work         ;
;                   |FAdder_1bit:u1|    ; 2 (2)               ; 0 (0)                     ; 0                 ; 0          ; 0    ; 0            ; |Calculator|Multiplier:pro|Mul_4bit:u4|altAdder:u7|FAdder:u1|FAdder_4bit:u3|FAdder_1bit:u1            ; FAdder_1bit  ; work         ;
;                   |FAdder_1bit:u2|    ; 2 (2)               ; 0 (0)                     ; 0                 ; 0          ; 0    ; 0            ; |Calculator|Multiplier:pro|Mul_4bit:u4|altAdder:u7|FAdder:u1|FAdder_4bit:u3|FAdder_1bit:u2            ; FAdder_1bit  ; work         ;
;                   |FAdder_1bit:u3|    ; 2 (2)               ; 0 (0)                     ; 0                 ; 0          ; 0    ; 0            ; |Calculator|Multiplier:pro|Mul_4bit:u4|altAdder:u7|FAdder:u1|FAdder_4bit:u3|FAdder_1bit:u3            ; FAdder_1bit  ; work         ;
;    |bcdconv:bcd|                      ; 238 (11)            ; 0 (0)                     ; 0                 ; 0          ; 0    ; 0            ; |Calculator|bcdconv:bcd                                                                               ; bcdconv      ; work         ;
;       |Divider:u1|                    ; 101 (18)            ; 0 (0)                     ; 0                 ; 0          ; 0    ; 0            ; |Calculator|bcdconv:bcd|Divider:u1                                                                    ; Divider      ; work         ;
;          |FAdder:v1|                  ; 5 (0)               ; 0 (0)                     ; 0                 ; 0          ; 0    ; 0            ; |Calculator|bcdconv:bcd|Divider:u1|FAdder:v1                                                          ; FAdder       ; work         ;
;             |FAdder_4bit:u0|          ; 2 (0)               ; 0 (0)                     ; 0                 ; 0          ; 0    ; 0            ; |Calculator|bcdconv:bcd|Divider:u1|FAdder:v1|FAdder_4bit:u0                                           ; FAdder_4bit  ; work         ;
;                |FAdder_1bit:u2|       ; 1 (1)               ; 0 (0)                     ; 0                 ; 0          ; 0    ; 0            ; |Calculator|bcdconv:bcd|Divider:u1|FAdder:v1|FAdder_4bit:u0|FAdder_1bit:u2                            ; FAdder_1bit  ; work         ;
;                |FAdder_1bit:u3|       ; 1 (1)               ; 0 (0)                     ; 0                 ; 0          ; 0    ; 0            ; |Calculator|bcdconv:bcd|Divider:u1|FAdder:v1|FAdder_4bit:u0|FAdder_1bit:u3                            ; FAdder_1bit  ; work         ;
;             |FAdder_4bit:u1|          ; 1 (0)               ; 0 (0)                     ; 0                 ; 0          ; 0    ; 0            ; |Calculator|bcdconv:bcd|Divider:u1|FAdder:v1|FAdder_4bit:u1                                           ; FAdder_4bit  ; work         ;
;                |FAdder_1bit:u1|       ; 1 (1)               ; 0 (0)                     ; 0                 ; 0          ; 0    ; 0            ; |Calculator|bcdconv:bcd|Divider:u1|FAdder:v1|FAdder_4bit:u1|FAdder_1bit:u1                            ; FAdder_1bit  ; work         ;
;             |FAdder_4bit:u2|          ; 2 (0)               ; 0 (0)                     ; 0                 ; 0          ; 0    ; 0            ; |Calculator|bcdconv:bcd|Divider:u1|FAdder:v1|FAdder_4bit:u2                                           ; FAdder_4bit  ; work         ;
;                |FAdder_1bit:u0|       ; 1 (1)               ; 0 (0)                     ; 0                 ; 0          ; 0    ; 0            ; |Calculator|bcdconv:bcd|Divider:u1|FAdder:v1|FAdder_4bit:u2|FAdder_1bit:u0                            ; FAdder_1bit  ; work         ;
;                |FAdder_1bit:u2|       ; 1 (1)               ; 0 (0)                     ; 0                 ; 0          ; 0    ; 0            ; |Calculator|bcdconv:bcd|Divider:u1|FAdder:v1|FAdder_4bit:u2|FAdder_1bit:u2                            ; FAdder_1bit  ; work         ;
;          |FAdder:v3|                  ; 5 (0)               ; 0 (0)                     ; 0                 ; 0          ; 0    ; 0            ; |Calculator|bcdconv:bcd|Divider:u1|FAdder:v3                                                          ; FAdder       ; work         ;
;             |FAdder_4bit:u0|          ; 3 (0)               ; 0 (0)                     ; 0                 ; 0          ; 0    ; 0            ; |Calculator|bcdconv:bcd|Divider:u1|FAdder:v3|FAdder_4bit:u0                                           ; FAdder_4bit  ; work         ;
;                |FAdder_1bit:u1|       ; 1 (1)               ; 0 (0)                     ; 0                 ; 0          ; 0    ; 0            ; |Calculator|bcdconv:bcd|Divider:u1|FAdder:v3|FAdder_4bit:u0|FAdder_1bit:u1                            ; FAdder_1bit  ; work         ;
;                |FAdder_1bit:u2|       ; 1 (1)               ; 0 (0)                     ; 0                 ; 0          ; 0    ; 0            ; |Calculator|bcdconv:bcd|Divider:u1|FAdder:v3|FAdder_4bit:u0|FAdder_1bit:u2                            ; FAdder_1bit  ; work         ;
;                |FAdder_1bit:u3|       ; 1 (1)               ; 0 (0)                     ; 0                 ; 0          ; 0    ; 0            ; |Calculator|bcdconv:bcd|Divider:u1|FAdder:v3|FAdder_4bit:u0|FAdder_1bit:u3                            ; FAdder_1bit  ; work         ;
;             |FAdder_4bit:u1|          ; 2 (0)               ; 0 (0)                     ; 0                 ; 0          ; 0    ; 0            ; |Calculator|bcdconv:bcd|Divider:u1|FAdder:v3|FAdder_4bit:u1                                           ; FAdder_4bit  ; work         ;
;                |FAdder_1bit:u1|       ; 1 (1)               ; 0 (0)                     ; 0                 ; 0          ; 0    ; 0            ; |Calculator|bcdconv:bcd|Divider:u1|FAdder:v3|FAdder_4bit:u1|FAdder_1bit:u1                            ; FAdder_1bit  ; work         ;
;                |FAdder_1bit:u3|       ; 1 (1)               ; 0 (0)                     ; 0                 ; 0          ; 0    ; 0            ; |Calculator|bcdconv:bcd|Divider:u1|FAdder:v3|FAdder_4bit:u1|FAdder_1bit:u3                            ; FAdder_1bit  ; work         ;
;          |FAdder:v4|                  ; 1 (0)               ; 0 (0)                     ; 0                 ; 0          ; 0    ; 0            ; |Calculator|bcdconv:bcd|Divider:u1|FAdder:v4                                                          ; FAdder       ; work         ;
;             |FAdder_4bit:u0|          ; 1 (0)               ; 0 (0)                     ; 0                 ; 0          ; 0    ; 0            ; |Calculator|bcdconv:bcd|Divider:u1|FAdder:v4|FAdder_4bit:u0                                           ; FAdder_4bit  ; work         ;
;                |FAdder_1bit:u1|       ; 1 (1)               ; 0 (0)                     ; 0                 ; 0          ; 0    ; 0            ; |Calculator|bcdconv:bcd|Divider:u1|FAdder:v4|FAdder_4bit:u0|FAdder_1bit:u1                            ; FAdder_1bit  ; work         ;
;          |pu4s:u2|                    ; 7 (0)               ; 0 (0)                     ; 0                 ; 0          ; 0    ; 0            ; |Calculator|bcdconv:bcd|Divider:u1|pu4s:u2                                                            ; pu4s         ; work         ;
;             |pu:u1|                   ; 1 (0)               ; 0 (0)                     ; 0                 ; 0          ; 0    ; 0            ; |Calculator|bcdconv:bcd|Divider:u1|pu4s:u2|pu:u1                                                      ; pu           ; work         ;
;                |FAdder:u1|            ; 1 (0)               ; 0 (0)                     ; 0                 ; 0          ; 0    ; 0            ; |Calculator|bcdconv:bcd|Divider:u1|pu4s:u2|pu:u1|FAdder:u1                                            ; FAdder       ; work         ;
;                   |FAdder_4bit:u1|    ; 1 (0)               ; 0 (0)                     ; 0                 ; 0          ; 0    ; 0            ; |Calculator|bcdconv:bcd|Divider:u1|pu4s:u2|pu:u1|FAdder:u1|FAdder_4bit:u1                             ; FAdder_4bit  ; work         ;
;                      |FAdder_1bit:u0| ; 1 (1)               ; 0 (0)                     ; 0                 ; 0          ; 0    ; 0            ; |Calculator|bcdconv:bcd|Divider:u1|pu4s:u2|pu:u1|FAdder:u1|FAdder_4bit:u1|FAdder_1bit:u0              ; FAdder_1bit  ; work         ;
;             |pu:u2|                   ; 4 (3)               ; 0 (0)                     ; 0                 ; 0          ; 0    ; 0            ; |Calculator|bcdconv:bcd|Divider:u1|pu4s:u2|pu:u2                                                      ; pu           ; work         ;
;                |FAdder:u1|            ; 1 (0)               ; 0 (0)                     ; 0                 ; 0          ; 0    ; 0            ; |Calculator|bcdconv:bcd|Divider:u1|pu4s:u2|pu:u2|FAdder:u1                                            ; FAdder       ; work         ;
;                   |FAdder_4bit:u1|    ; 1 (0)               ; 0 (0)                     ; 0                 ; 0          ; 0    ; 0            ; |Calculator|bcdconv:bcd|Divider:u1|pu4s:u2|pu:u2|FAdder:u1|FAdder_4bit:u1                             ; FAdder_4bit  ; work         ;
;                      |FAdder_1bit:u0| ; 1 (1)               ; 0 (0)                     ; 0                 ; 0          ; 0    ; 0            ; |Calculator|bcdconv:bcd|Divider:u1|pu4s:u2|pu:u2|FAdder:u1|FAdder_4bit:u1|FAdder_1bit:u0              ; FAdder_1bit  ; work         ;
;             |pu:u3|                   ; 1 (0)               ; 0 (0)                     ; 0                 ; 0          ; 0    ; 0            ; |Calculator|bcdconv:bcd|Divider:u1|pu4s:u2|pu:u3                                                      ; pu           ; work         ;
;                |FAdder:u1|            ; 1 (0)               ; 0 (0)                     ; 0                 ; 0          ; 0    ; 0            ; |Calculator|bcdconv:bcd|Divider:u1|pu4s:u2|pu:u3|FAdder:u1                                            ; FAdder       ; work         ;
;                   |FAdder_4bit:u1|    ; 1 (0)               ; 0 (0)                     ; 0                 ; 0          ; 0    ; 0            ; |Calculator|bcdconv:bcd|Divider:u1|pu4s:u2|pu:u3|FAdder:u1|FAdder_4bit:u1                             ; FAdder_4bit  ; work         ;
;                      |FAdder_1bit:u0| ; 1 (1)               ; 0 (0)                     ; 0                 ; 0          ; 0    ; 0            ; |Calculator|bcdconv:bcd|Divider:u1|pu4s:u2|pu:u3|FAdder:u1|FAdder_4bit:u1|FAdder_1bit:u0              ; FAdder_1bit  ; work         ;
;             |pu:u4|                   ; 1 (0)               ; 0 (0)                     ; 0                 ; 0          ; 0    ; 0            ; |Calculator|bcdconv:bcd|Divider:u1|pu4s:u2|pu:u4                                                      ; pu           ; work         ;
;                |FAdder:u1|            ; 1 (0)               ; 0 (0)                     ; 0                 ; 0          ; 0    ; 0            ; |Calculator|bcdconv:bcd|Divider:u1|pu4s:u2|pu:u4|FAdder:u1                                            ; FAdder       ; work         ;
;                   |FAdder_4bit:u1|    ; 1 (0)               ; 0 (0)                     ; 0                 ; 0          ; 0    ; 0            ; |Calculator|bcdconv:bcd|Divider:u1|pu4s:u2|pu:u4|FAdder:u1|FAdder_4bit:u1                             ; FAdder_4bit  ; work         ;
;                      |FAdder_1bit:u1| ; 1 (1)               ; 0 (0)                     ; 0                 ; 0          ; 0    ; 0            ; |Calculator|bcdconv:bcd|Divider:u1|pu4s:u2|pu:u4|FAdder:u1|FAdder_4bit:u1|FAdder_1bit:u1              ; FAdder_1bit  ; work         ;
;          |pu4s:u3|                    ; 32 (0)              ; 0 (0)                     ; 0                 ; 0          ; 0    ; 0            ; |Calculator|bcdconv:bcd|Divider:u1|pu4s:u3                                                            ; pu4s         ; work         ;
;             |pu:u1|                   ; 6 (5)               ; 0 (0)                     ; 0                 ; 0          ; 0    ; 0            ; |Calculator|bcdconv:bcd|Divider:u1|pu4s:u3|pu:u1                                                      ; pu           ; work         ;
;                |FAdder:u1|            ; 1 (0)               ; 0 (0)                     ; 0                 ; 0          ; 0    ; 0            ; |Calculator|bcdconv:bcd|Divider:u1|pu4s:u3|pu:u1|FAdder:u1                                            ; FAdder       ; work         ;
;                   |FAdder_4bit:u1|    ; 1 (0)               ; 0 (0)                     ; 0                 ; 0          ; 0    ; 0            ; |Calculator|bcdconv:bcd|Divider:u1|pu4s:u3|pu:u1|FAdder:u1|FAdder_4bit:u1                             ; FAdder_4bit  ; work         ;
;                      |FAdder_1bit:u2| ; 1 (1)               ; 0 (0)                     ; 0                 ; 0          ; 0    ; 0            ; |Calculator|bcdconv:bcd|Divider:u1|pu4s:u3|pu:u1|FAdder:u1|FAdder_4bit:u1|FAdder_1bit:u2              ; FAdder_1bit  ; work         ;
;             |pu:u2|                   ; 8 (6)               ; 0 (0)                     ; 0                 ; 0          ; 0    ; 0            ; |Calculator|bcdconv:bcd|Divider:u1|pu4s:u3|pu:u2                                                      ; pu           ; work         ;
;                |FAdder:u1|            ; 2 (0)               ; 0 (0)                     ; 0                 ; 0          ; 0    ; 0            ; |Calculator|bcdconv:bcd|Divider:u1|pu4s:u3|pu:u2|FAdder:u1                                            ; FAdder       ; work         ;
;                   |FAdder_4bit:u0|    ; 1 (0)               ; 0 (0)                     ; 0                 ; 0          ; 0    ; 0            ; |Calculator|bcdconv:bcd|Divider:u1|pu4s:u3|pu:u2|FAdder:u1|FAdder_4bit:u0                             ; FAdder_4bit  ; work         ;
;                      |FAdder_1bit:u3| ; 1 (1)               ; 0 (0)                     ; 0                 ; 0          ; 0    ; 0            ; |Calculator|bcdconv:bcd|Divider:u1|pu4s:u3|pu:u2|FAdder:u1|FAdder_4bit:u0|FAdder_1bit:u3              ; FAdder_1bit  ; work         ;
;                   |FAdder_4bit:u1|    ; 1 (0)               ; 0 (0)                     ; 0                 ; 0          ; 0    ; 0            ; |Calculator|bcdconv:bcd|Divider:u1|pu4s:u3|pu:u2|FAdder:u1|FAdder_4bit:u1                             ; FAdder_4bit  ; work         ;
;                      |FAdder_1bit:u2| ; 1 (1)               ; 0 (0)                     ; 0                 ; 0          ; 0    ; 0            ; |Calculator|bcdconv:bcd|Divider:u1|pu4s:u3|pu:u2|FAdder:u1|FAdder_4bit:u1|FAdder_1bit:u2              ; FAdder_1bit  ; work         ;
;             |pu:u3|                   ; 8 (6)               ; 0 (0)                     ; 0                 ; 0          ; 0    ; 0            ; |Calculator|bcdconv:bcd|Divider:u1|pu4s:u3|pu:u3                                                      ; pu           ; work         ;
;                |FAdder:u1|            ; 2 (0)               ; 0 (0)                     ; 0                 ; 0          ; 0    ; 0            ; |Calculator|bcdconv:bcd|Divider:u1|pu4s:u3|pu:u3|FAdder:u1                                            ; FAdder       ; work         ;
;                   |FAdder_4bit:u1|    ; 1 (0)               ; 0 (0)                     ; 0                 ; 0          ; 0    ; 0            ; |Calculator|bcdconv:bcd|Divider:u1|pu4s:u3|pu:u3|FAdder:u1|FAdder_4bit:u1                             ; FAdder_4bit  ; work         ;
;                      |FAdder_1bit:u0| ; 1 (1)               ; 0 (0)                     ; 0                 ; 0          ; 0    ; 0            ; |Calculator|bcdconv:bcd|Divider:u1|pu4s:u3|pu:u3|FAdder:u1|FAdder_4bit:u1|FAdder_1bit:u0              ; FAdder_1bit  ; work         ;
;                   |FAdder_4bit:u2|    ; 1 (0)               ; 0 (0)                     ; 0                 ; 0          ; 0    ; 0            ; |Calculator|bcdconv:bcd|Divider:u1|pu4s:u3|pu:u3|FAdder:u1|FAdder_4bit:u2                             ; FAdder_4bit  ; work         ;
;                      |FAdder_1bit:u0| ; 1 (1)               ; 0 (0)                     ; 0                 ; 0          ; 0    ; 0            ; |Calculator|bcdconv:bcd|Divider:u1|pu4s:u3|pu:u3|FAdder:u1|FAdder_4bit:u2|FAdder_1bit:u0              ; FAdder_1bit  ; work         ;
;             |pu:u4|                   ; 10 (7)              ; 0 (0)                     ; 0                 ; 0          ; 0    ; 0            ; |Calculator|bcdconv:bcd|Divider:u1|pu4s:u3|pu:u4                                                      ; pu           ; work         ;
;                |FAdder:u1|            ; 3 (0)               ; 0 (0)                     ; 0                 ; 0          ; 0    ; 0            ; |Calculator|bcdconv:bcd|Divider:u1|pu4s:u3|pu:u4|FAdder:u1                                            ; FAdder       ; work         ;
;                   |FAdder_4bit:u1|    ; 2 (0)               ; 0 (0)                     ; 0                 ; 0          ; 0    ; 0            ; |Calculator|bcdconv:bcd|Divider:u1|pu4s:u3|pu:u4|FAdder:u1|FAdder_4bit:u1                             ; FAdder_4bit  ; work         ;
;                      |FAdder_1bit:u1| ; 2 (2)               ; 0 (0)                     ; 0                 ; 0          ; 0    ; 0            ; |Calculator|bcdconv:bcd|Divider:u1|pu4s:u3|pu:u4|FAdder:u1|FAdder_4bit:u1|FAdder_1bit:u1              ; FAdder_1bit  ; work         ;
;                   |FAdder_4bit:u2|    ; 1 (0)               ; 0 (0)                     ; 0                 ; 0          ; 0    ; 0            ; |Calculator|bcdconv:bcd|Divider:u1|pu4s:u3|pu:u4|FAdder:u1|FAdder_4bit:u2                             ; FAdder_4bit  ; work         ;
;                      |FAdder_1bit:u1| ; 1 (1)               ; 0 (0)                     ; 0                 ; 0          ; 0    ; 0            ; |Calculator|bcdconv:bcd|Divider:u1|pu4s:u3|pu:u4|FAdder:u1|FAdder_4bit:u2|FAdder_1bit:u1              ; FAdder_1bit  ; work         ;
;          |pu4s:u4|                    ; 33 (0)              ; 0 (0)                     ; 0                 ; 0          ; 0    ; 0            ; |Calculator|bcdconv:bcd|Divider:u1|pu4s:u4                                                            ; pu4s         ; work         ;
;             |pu:u1|                   ; 10 (7)              ; 0 (0)                     ; 0                 ; 0          ; 0    ; 0            ; |Calculator|bcdconv:bcd|Divider:u1|pu4s:u4|pu:u1                                                      ; pu           ; work         ;
;                |FAdder:u1|            ; 3 (0)               ; 0 (0)                     ; 0                 ; 0          ; 0    ; 0            ; |Calculator|bcdconv:bcd|Divider:u1|pu4s:u4|pu:u1|FAdder:u1                                            ; FAdder       ; work         ;
;                   |FAdder_4bit:u1|    ; 2 (0)               ; 0 (0)                     ; 0                 ; 0          ; 0    ; 0            ; |Calculator|bcdconv:bcd|Divider:u1|pu4s:u4|pu:u1|FAdder:u1|FAdder_4bit:u1                             ; FAdder_4bit  ; work         ;
;                      |FAdder_1bit:u1| ; 2 (2)               ; 0 (0)                     ; 0                 ; 0          ; 0    ; 0            ; |Calculator|bcdconv:bcd|Divider:u1|pu4s:u4|pu:u1|FAdder:u1|FAdder_4bit:u1|FAdder_1bit:u1              ; FAdder_1bit  ; work         ;
;                   |FAdder_4bit:u2|    ; 1 (0)               ; 0 (0)                     ; 0                 ; 0          ; 0    ; 0            ; |Calculator|bcdconv:bcd|Divider:u1|pu4s:u4|pu:u1|FAdder:u1|FAdder_4bit:u2                             ; FAdder_4bit  ; work         ;
;                      |FAdder_1bit:u2| ; 1 (1)               ; 0 (0)                     ; 0                 ; 0          ; 0    ; 0            ; |Calculator|bcdconv:bcd|Divider:u1|pu4s:u4|pu:u1|FAdder:u1|FAdder_4bit:u2|FAdder_1bit:u2              ; FAdder_1bit  ; work         ;
;             |pu:u2|                   ; 12 (8)              ; 0 (0)                     ; 0                 ; 0          ; 0    ; 0            ; |Calculator|bcdconv:bcd|Divider:u1|pu4s:u4|pu:u2                                                      ; pu           ; work         ;
;                |FAdder:u1|            ; 4 (0)               ; 0 (0)                     ; 0                 ; 0          ; 0    ; 0            ; |Calculator|bcdconv:bcd|Divider:u1|pu4s:u4|pu:u2|FAdder:u1                                            ; FAdder       ; work         ;
;                   |FAdder_4bit:u1|    ; 2 (0)               ; 0 (0)                     ; 0                 ; 0          ; 0    ; 0            ; |Calculator|bcdconv:bcd|Divider:u1|pu4s:u4|pu:u2|FAdder:u1|FAdder_4bit:u1                             ; FAdder_4bit  ; work         ;
;                      |FAdder_1bit:u1| ; 2 (2)               ; 0 (0)                     ; 0                 ; 0          ; 0    ; 0            ; |Calculator|bcdconv:bcd|Divider:u1|pu4s:u4|pu:u2|FAdder:u1|FAdder_4bit:u1|FAdder_1bit:u1              ; FAdder_1bit  ; work         ;
;                   |FAdder_4bit:u2|    ; 2 (0)               ; 0 (0)                     ; 0                 ; 0          ; 0    ; 0            ; |Calculator|bcdconv:bcd|Divider:u1|pu4s:u4|pu:u2|FAdder:u1|FAdder_4bit:u2                             ; FAdder_4bit  ; work         ;
;                      |FAdder_1bit:u0| ; 1 (1)               ; 0 (0)                     ; 0                 ; 0          ; 0    ; 0            ; |Calculator|bcdconv:bcd|Divider:u1|pu4s:u4|pu:u2|FAdder:u1|FAdder_4bit:u2|FAdder_1bit:u0              ; FAdder_1bit  ; work         ;
;                      |FAdder_1bit:u2| ; 1 (1)               ; 0 (0)                     ; 0                 ; 0          ; 0    ; 0            ; |Calculator|bcdconv:bcd|Divider:u1|pu4s:u4|pu:u2|FAdder:u1|FAdder_4bit:u2|FAdder_1bit:u2              ; FAdder_1bit  ; work         ;
;             |pu:u3|                   ; 5 (1)               ; 0 (0)                     ; 0                 ; 0          ; 0    ; 0            ; |Calculator|bcdconv:bcd|Divider:u1|pu4s:u4|pu:u3                                                      ; pu           ; work         ;
;                |FAdder:u1|            ; 4 (0)               ; 0 (0)                     ; 0                 ; 0          ; 0    ; 0            ; |Calculator|bcdconv:bcd|Divider:u1|pu4s:u4|pu:u3|FAdder:u1                                            ; FAdder       ; work         ;
;                   |FAdder_4bit:u1|    ; 1 (0)               ; 0 (0)                     ; 0                 ; 0          ; 0    ; 0            ; |Calculator|bcdconv:bcd|Divider:u1|pu4s:u4|pu:u3|FAdder:u1|FAdder_4bit:u1                             ; FAdder_4bit  ; work         ;
;                      |FAdder_1bit:u0| ; 1 (1)               ; 0 (0)                     ; 0                 ; 0          ; 0    ; 0            ; |Calculator|bcdconv:bcd|Divider:u1|pu4s:u4|pu:u3|FAdder:u1|FAdder_4bit:u1|FAdder_1bit:u0              ; FAdder_1bit  ; work         ;
;                   |FAdder_4bit:u2|    ; 2 (0)               ; 0 (0)                     ; 0                 ; 0          ; 0    ; 0            ; |Calculator|bcdconv:bcd|Divider:u1|pu4s:u4|pu:u3|FAdder:u1|FAdder_4bit:u2                             ; FAdder_4bit  ; work         ;
;                      |FAdder_1bit:u0| ; 1 (1)               ; 0 (0)                     ; 0                 ; 0          ; 0    ; 0            ; |Calculator|bcdconv:bcd|Divider:u1|pu4s:u4|pu:u3|FAdder:u1|FAdder_4bit:u2|FAdder_1bit:u0              ; FAdder_1bit  ; work         ;
;                      |FAdder_1bit:u1| ; 1 (1)               ; 0 (0)                     ; 0                 ; 0          ; 0    ; 0            ; |Calculator|bcdconv:bcd|Divider:u1|pu4s:u4|pu:u3|FAdder:u1|FAdder_4bit:u2|FAdder_1bit:u1              ; FAdder_1bit  ; work         ;
;                   |FAdder_4bit:u3|    ; 1 (0)               ; 0 (0)                     ; 0                 ; 0          ; 0    ; 0            ; |Calculator|bcdconv:bcd|Divider:u1|pu4s:u4|pu:u3|FAdder:u1|FAdder_4bit:u3                             ; FAdder_4bit  ; work         ;
;                      |FAdder_1bit:u0| ; 1 (1)               ; 0 (0)                     ; 0                 ; 0          ; 0    ; 0            ; |Calculator|bcdconv:bcd|Divider:u1|pu4s:u4|pu:u3|FAdder:u1|FAdder_4bit:u3|FAdder_1bit:u0              ; FAdder_1bit  ; work         ;
;             |pu:u4|                   ; 6 (1)               ; 0 (0)                     ; 0                 ; 0          ; 0    ; 0            ; |Calculator|bcdconv:bcd|Divider:u1|pu4s:u4|pu:u4                                                      ; pu           ; work         ;
;                |FAdder:u1|            ; 5 (0)               ; 0 (0)                     ; 0                 ; 0          ; 0    ; 0            ; |Calculator|bcdconv:bcd|Divider:u1|pu4s:u4|pu:u4|FAdder:u1                                            ; FAdder       ; work         ;
;                   |FAdder_4bit:u0|    ; 1 (0)               ; 0 (0)                     ; 0                 ; 0          ; 0    ; 0            ; |Calculator|bcdconv:bcd|Divider:u1|pu4s:u4|pu:u4|FAdder:u1|FAdder_4bit:u0                             ; FAdder_4bit  ; work         ;
;                      |FAdder_1bit:u2| ; 1 (1)               ; 0 (0)                     ; 0                 ; 0          ; 0    ; 0            ; |Calculator|bcdconv:bcd|Divider:u1|pu4s:u4|pu:u4|FAdder:u1|FAdder_4bit:u0|FAdder_1bit:u2              ; FAdder_1bit  ; work         ;
;                   |FAdder_4bit:u3|    ; 4 (0)               ; 0 (0)                     ; 0                 ; 0          ; 0    ; 0            ; |Calculator|bcdconv:bcd|Divider:u1|pu4s:u4|pu:u4|FAdder:u1|FAdder_4bit:u3                             ; FAdder_4bit  ; work         ;
;                      |FAdder_1bit:u3| ; 4 (4)               ; 0 (0)                     ; 0                 ; 0          ; 0    ; 0            ; |Calculator|bcdconv:bcd|Divider:u1|pu4s:u4|pu:u4|FAdder:u1|FAdder_4bit:u3|FAdder_1bit:u3              ; FAdder_1bit  ; work         ;
;       |Divider:u2|                    ; 69 (17)             ; 0 (0)                     ; 0                 ; 0          ; 0    ; 0            ; |Calculator|bcdconv:bcd|Divider:u2                                                                    ; Divider      ; work         ;
;          |FAdder:v1|                  ; 4 (0)               ; 0 (0)                     ; 0                 ; 0          ; 0    ; 0            ; |Calculator|bcdconv:bcd|Divider:u2|FAdder:v1                                                          ; FAdder       ; work         ;
;             |FAdder_4bit:u0|          ; 1 (0)               ; 0 (0)                     ; 0                 ; 0          ; 0    ; 0            ; |Calculator|bcdconv:bcd|Divider:u2|FAdder:v1|FAdder_4bit:u0                                           ; FAdder_4bit  ; work         ;
;                |FAdder_1bit:u3|       ; 1 (1)               ; 0 (0)                     ; 0                 ; 0          ; 0    ; 0            ; |Calculator|bcdconv:bcd|Divider:u2|FAdder:v1|FAdder_4bit:u0|FAdder_1bit:u3                            ; FAdder_1bit  ; work         ;
;             |FAdder_4bit:u1|          ; 2 (0)               ; 0 (0)                     ; 0                 ; 0          ; 0    ; 0            ; |Calculator|bcdconv:bcd|Divider:u2|FAdder:v1|FAdder_4bit:u1                                           ; FAdder_4bit  ; work         ;
;                |FAdder_1bit:u1|       ; 1 (1)               ; 0 (0)                     ; 0                 ; 0          ; 0    ; 0            ; |Calculator|bcdconv:bcd|Divider:u2|FAdder:v1|FAdder_4bit:u1|FAdder_1bit:u1                            ; FAdder_1bit  ; work         ;
;                |FAdder_1bit:u3|       ; 1 (1)               ; 0 (0)                     ; 0                 ; 0          ; 0    ; 0            ; |Calculator|bcdconv:bcd|Divider:u2|FAdder:v1|FAdder_4bit:u1|FAdder_1bit:u3                            ; FAdder_1bit  ; work         ;
;             |FAdder_4bit:u2|          ; 1 (0)               ; 0 (0)                     ; 0                 ; 0          ; 0    ; 0            ; |Calculator|bcdconv:bcd|Divider:u2|FAdder:v1|FAdder_4bit:u2                                           ; FAdder_4bit  ; work         ;
;                |FAdder_1bit:u0|       ; 1 (1)               ; 0 (0)                     ; 0                 ; 0          ; 0    ; 0            ; |Calculator|bcdconv:bcd|Divider:u2|FAdder:v1|FAdder_4bit:u2|FAdder_1bit:u0                            ; FAdder_1bit  ; work         ;
;          |FAdder:v3|                  ; 4 (0)               ; 0 (0)                     ; 0                 ; 0          ; 0    ; 0            ; |Calculator|bcdconv:bcd|Divider:u2|FAdder:v3                                                          ; FAdder       ; work         ;
;             |FAdder_4bit:u0|          ; 2 (0)               ; 0 (0)                     ; 0                 ; 0          ; 0    ; 0            ; |Calculator|bcdconv:bcd|Divider:u2|FAdder:v3|FAdder_4bit:u0                                           ; FAdder_4bit  ; work         ;
;                |FAdder_1bit:u1|       ; 1 (1)               ; 0 (0)                     ; 0                 ; 0          ; 0    ; 0            ; |Calculator|bcdconv:bcd|Divider:u2|FAdder:v3|FAdder_4bit:u0|FAdder_1bit:u1                            ; FAdder_1bit  ; work         ;
;                |FAdder_1bit:u3|       ; 1 (1)               ; 0 (0)                     ; 0                 ; 0          ; 0    ; 0            ; |Calculator|bcdconv:bcd|Divider:u2|FAdder:v3|FAdder_4bit:u0|FAdder_1bit:u3                            ; FAdder_1bit  ; work         ;
;             |FAdder_4bit:u1|          ; 1 (0)               ; 0 (0)                     ; 0                 ; 0          ; 0    ; 0            ; |Calculator|bcdconv:bcd|Divider:u2|FAdder:v3|FAdder_4bit:u1                                           ; FAdder_4bit  ; work         ;
;                |FAdder_1bit:u2|       ; 1 (1)               ; 0 (0)                     ; 0                 ; 0          ; 0    ; 0            ; |Calculator|bcdconv:bcd|Divider:u2|FAdder:v3|FAdder_4bit:u1|FAdder_1bit:u2                            ; FAdder_1bit  ; work         ;
;             |FAdder_4bit:u2|          ; 1 (0)               ; 0 (0)                     ; 0                 ; 0          ; 0    ; 0            ; |Calculator|bcdconv:bcd|Divider:u2|FAdder:v3|FAdder_4bit:u2                                           ; FAdder_4bit  ; work         ;
;                |FAdder_1bit:u0|       ; 1 (1)               ; 0 (0)                     ; 0                 ; 0          ; 0    ; 0            ; |Calculator|bcdconv:bcd|Divider:u2|FAdder:v3|FAdder_4bit:u2|FAdder_1bit:u0                            ; FAdder_1bit  ; work         ;
;          |pu4s:u2|                    ; 2 (0)               ; 0 (0)                     ; 0                 ; 0          ; 0    ; 0            ; |Calculator|bcdconv:bcd|Divider:u2|pu4s:u2                                                            ; pu4s         ; work         ;
;             |pu:u3|                   ; 1 (0)               ; 0 (0)                     ; 0                 ; 0          ; 0    ; 0            ; |Calculator|bcdconv:bcd|Divider:u2|pu4s:u2|pu:u3                                                      ; pu           ; work         ;
;                |FAdder:u1|            ; 1 (0)               ; 0 (0)                     ; 0                 ; 0          ; 0    ; 0            ; |Calculator|bcdconv:bcd|Divider:u2|pu4s:u2|pu:u3|FAdder:u1                                            ; FAdder       ; work         ;
;                   |FAdder_4bit:u0|    ; 1 (0)               ; 0 (0)                     ; 0                 ; 0          ; 0    ; 0            ; |Calculator|bcdconv:bcd|Divider:u2|pu4s:u2|pu:u3|FAdder:u1|FAdder_4bit:u0                             ; FAdder_4bit  ; work         ;
;                      |FAdder_1bit:u3| ; 1 (1)               ; 0 (0)                     ; 0                 ; 0          ; 0    ; 0            ; |Calculator|bcdconv:bcd|Divider:u2|pu4s:u2|pu:u3|FAdder:u1|FAdder_4bit:u0|FAdder_1bit:u3              ; FAdder_1bit  ; work         ;
;             |pu:u4|                   ; 1 (0)               ; 0 (0)                     ; 0                 ; 0          ; 0    ; 0            ; |Calculator|bcdconv:bcd|Divider:u2|pu4s:u2|pu:u4                                                      ; pu           ; work         ;
;                |FAdder:u1|            ; 1 (0)               ; 0 (0)                     ; 0                 ; 0          ; 0    ; 0            ; |Calculator|bcdconv:bcd|Divider:u2|pu4s:u2|pu:u4|FAdder:u1                                            ; FAdder       ; work         ;
;                   |FAdder_4bit:u1|    ; 1 (0)               ; 0 (0)                     ; 0                 ; 0          ; 0    ; 0            ; |Calculator|bcdconv:bcd|Divider:u2|pu4s:u2|pu:u4|FAdder:u1|FAdder_4bit:u1                             ; FAdder_4bit  ; work         ;
;                      |FAdder_1bit:u0| ; 1 (1)               ; 0 (0)                     ; 0                 ; 0          ; 0    ; 0            ; |Calculator|bcdconv:bcd|Divider:u2|pu4s:u2|pu:u4|FAdder:u1|FAdder_4bit:u1|FAdder_1bit:u0              ; FAdder_1bit  ; work         ;
;          |pu4s:u3|                    ; 18 (0)              ; 0 (0)                     ; 0                 ; 0          ; 0    ; 0            ; |Calculator|bcdconv:bcd|Divider:u2|pu4s:u3                                                            ; pu4s         ; work         ;
;             |pu:u1|                   ; 1 (0)               ; 0 (0)                     ; 0                 ; 0          ; 0    ; 0            ; |Calculator|bcdconv:bcd|Divider:u2|pu4s:u3|pu:u1                                                      ; pu           ; work         ;
;                |FAdder:u1|            ; 1 (0)               ; 0 (0)                     ; 0                 ; 0          ; 0    ; 0            ; |Calculator|bcdconv:bcd|Divider:u2|pu4s:u3|pu:u1|FAdder:u1                                            ; FAdder       ; work         ;
;                   |FAdder_4bit:u1|    ; 1 (0)               ; 0 (0)                     ; 0                 ; 0          ; 0    ; 0            ; |Calculator|bcdconv:bcd|Divider:u2|pu4s:u3|pu:u1|FAdder:u1|FAdder_4bit:u1                             ; FAdder_4bit  ; work         ;
;                      |FAdder_1bit:u1| ; 1 (1)               ; 0 (0)                     ; 0                 ; 0          ; 0    ; 0            ; |Calculator|bcdconv:bcd|Divider:u2|pu4s:u3|pu:u1|FAdder:u1|FAdder_4bit:u1|FAdder_1bit:u1              ; FAdder_1bit  ; work         ;
;             |pu:u2|                   ; 4 (3)               ; 0 (0)                     ; 0                 ; 0          ; 0    ; 0            ; |Calculator|bcdconv:bcd|Divider:u2|pu4s:u3|pu:u2                                                      ; pu           ; work         ;
;                |FAdder:u1|            ; 1 (0)               ; 0 (0)                     ; 0                 ; 0          ; 0    ; 0            ; |Calculator|bcdconv:bcd|Divider:u2|pu4s:u3|pu:u2|FAdder:u1                                            ; FAdder       ; work         ;
;                   |FAdder_4bit:u1|    ; 1 (0)               ; 0 (0)                     ; 0                 ; 0          ; 0    ; 0            ; |Calculator|bcdconv:bcd|Divider:u2|pu4s:u3|pu:u2|FAdder:u1|FAdder_4bit:u1                             ; FAdder_4bit  ; work         ;
;                      |FAdder_1bit:u2| ; 1 (1)               ; 0 (0)                     ; 0                 ; 0          ; 0    ; 0            ; |Calculator|bcdconv:bcd|Divider:u2|pu4s:u3|pu:u2|FAdder:u1|FAdder_4bit:u1|FAdder_1bit:u2              ; FAdder_1bit  ; work         ;
;             |pu:u3|                   ; 6 (4)               ; 0 (0)                     ; 0                 ; 0          ; 0    ; 0            ; |Calculator|bcdconv:bcd|Divider:u2|pu4s:u3|pu:u3                                                      ; pu           ; work         ;
;                |FAdder:u1|            ; 2 (0)               ; 0 (0)                     ; 0                 ; 0          ; 0    ; 0            ; |Calculator|bcdconv:bcd|Divider:u2|pu4s:u3|pu:u3|FAdder:u1                                            ; FAdder       ; work         ;
;                   |FAdder_4bit:u0|    ; 1 (0)               ; 0 (0)                     ; 0                 ; 0          ; 0    ; 0            ; |Calculator|bcdconv:bcd|Divider:u2|pu4s:u3|pu:u3|FAdder:u1|FAdder_4bit:u0                             ; FAdder_4bit  ; work         ;
;                      |FAdder_1bit:u3| ; 1 (1)               ; 0 (0)                     ; 0                 ; 0          ; 0    ; 0            ; |Calculator|bcdconv:bcd|Divider:u2|pu4s:u3|pu:u3|FAdder:u1|FAdder_4bit:u0|FAdder_1bit:u3              ; FAdder_1bit  ; work         ;
;                   |FAdder_4bit:u1|    ; 1 (0)               ; 0 (0)                     ; 0                 ; 0          ; 0    ; 0            ; |Calculator|bcdconv:bcd|Divider:u2|pu4s:u3|pu:u3|FAdder:u1|FAdder_4bit:u1                             ; FAdder_4bit  ; work         ;
;                      |FAdder_1bit:u2| ; 1 (1)               ; 0 (0)                     ; 0                 ; 0          ; 0    ; 0            ; |Calculator|bcdconv:bcd|Divider:u2|pu4s:u3|pu:u3|FAdder:u1|FAdder_4bit:u1|FAdder_1bit:u2              ; FAdder_1bit  ; work         ;
;             |pu:u4|                   ; 7 (5)               ; 0 (0)                     ; 0                 ; 0          ; 0    ; 0            ; |Calculator|bcdconv:bcd|Divider:u2|pu4s:u3|pu:u4                                                      ; pu           ; work         ;
;                |FAdder:u1|            ; 2 (0)               ; 0 (0)                     ; 0                 ; 0          ; 0    ; 0            ; |Calculator|bcdconv:bcd|Divider:u2|pu4s:u3|pu:u4|FAdder:u1                                            ; FAdder       ; work         ;
;                   |FAdder_4bit:u1|    ; 1 (0)               ; 0 (0)                     ; 0                 ; 0          ; 0    ; 0            ; |Calculator|bcdconv:bcd|Divider:u2|pu4s:u3|pu:u4|FAdder:u1|FAdder_4bit:u1                             ; FAdder_4bit  ; work         ;
;                      |FAdder_1bit:u0| ; 1 (1)               ; 0 (0)                     ; 0                 ; 0          ; 0    ; 0            ; |Calculator|bcdconv:bcd|Divider:u2|pu4s:u3|pu:u4|FAdder:u1|FAdder_4bit:u1|FAdder_1bit:u0              ; FAdder_1bit  ; work         ;
;                   |FAdder_4bit:u2|    ; 1 (0)               ; 0 (0)                     ; 0                 ; 0          ; 0    ; 0            ; |Calculator|bcdconv:bcd|Divider:u2|pu4s:u3|pu:u4|FAdder:u1|FAdder_4bit:u2                             ; FAdder_4bit  ; work         ;
;                      |FAdder_1bit:u0| ; 1 (1)               ; 0 (0)                     ; 0                 ; 0          ; 0    ; 0            ; |Calculator|bcdconv:bcd|Divider:u2|pu4s:u3|pu:u4|FAdder:u1|FAdder_4bit:u2|FAdder_1bit:u0              ; FAdder_1bit  ; work         ;
;          |pu4s:u4|                    ; 24 (0)              ; 0 (0)                     ; 0                 ; 0          ; 0    ; 0            ; |Calculator|bcdconv:bcd|Divider:u2|pu4s:u4                                                            ; pu4s         ; work         ;
;             |pu:u1|                   ; 8 (6)               ; 0 (0)                     ; 0                 ; 0          ; 0    ; 0            ; |Calculator|bcdconv:bcd|Divider:u2|pu4s:u4|pu:u1                                                      ; pu           ; work         ;
;                |FAdder:u1|            ; 2 (0)               ; 0 (0)                     ; 0                 ; 0          ; 0    ; 0            ; |Calculator|bcdconv:bcd|Divider:u2|pu4s:u4|pu:u1|FAdder:u1                                            ; FAdder       ; work         ;
;                   |FAdder_4bit:u1|    ; 1 (0)               ; 0 (0)                     ; 0                 ; 0          ; 0    ; 0            ; |Calculator|bcdconv:bcd|Divider:u2|pu4s:u4|pu:u1|FAdder:u1|FAdder_4bit:u1                             ; FAdder_4bit  ; work         ;
;                      |FAdder_1bit:u1| ; 1 (1)               ; 0 (0)                     ; 0                 ; 0          ; 0    ; 0            ; |Calculator|bcdconv:bcd|Divider:u2|pu4s:u4|pu:u1|FAdder:u1|FAdder_4bit:u1|FAdder_1bit:u1              ; FAdder_1bit  ; work         ;
;                   |FAdder_4bit:u2|    ; 1 (0)               ; 0 (0)                     ; 0                 ; 0          ; 0    ; 0            ; |Calculator|bcdconv:bcd|Divider:u2|pu4s:u4|pu:u1|FAdder:u1|FAdder_4bit:u2                             ; FAdder_4bit  ; work         ;
;                      |FAdder_1bit:u1| ; 1 (1)               ; 0 (0)                     ; 0                 ; 0          ; 0    ; 0            ; |Calculator|bcdconv:bcd|Divider:u2|pu4s:u4|pu:u1|FAdder:u1|FAdder_4bit:u2|FAdder_1bit:u1              ; FAdder_1bit  ; work         ;
;             |pu:u2|                   ; 8 (5)               ; 0 (0)                     ; 0                 ; 0          ; 0    ; 0            ; |Calculator|bcdconv:bcd|Divider:u2|pu4s:u4|pu:u2                                                      ; pu           ; work         ;
;                |FAdder:u1|            ; 3 (0)               ; 0 (0)                     ; 0                 ; 0          ; 0    ; 0            ; |Calculator|bcdconv:bcd|Divider:u2|pu4s:u4|pu:u2|FAdder:u1                                            ; FAdder       ; work         ;
;                   |FAdder_4bit:u1|    ; 2 (0)               ; 0 (0)                     ; 0                 ; 0          ; 0    ; 0            ; |Calculator|bcdconv:bcd|Divider:u2|pu4s:u4|pu:u2|FAdder:u1|FAdder_4bit:u1                             ; FAdder_4bit  ; work         ;
;                      |FAdder_1bit:u1| ; 2 (2)               ; 0 (0)                     ; 0                 ; 0          ; 0    ; 0            ; |Calculator|bcdconv:bcd|Divider:u2|pu4s:u4|pu:u2|FAdder:u1|FAdder_4bit:u1|FAdder_1bit:u1              ; FAdder_1bit  ; work         ;
;                   |FAdder_4bit:u2|    ; 1 (0)               ; 0 (0)                     ; 0                 ; 0          ; 0    ; 0            ; |Calculator|bcdconv:bcd|Divider:u2|pu4s:u4|pu:u2|FAdder:u1|FAdder_4bit:u2                             ; FAdder_4bit  ; work         ;
;                      |FAdder_1bit:u2| ; 1 (1)               ; 0 (0)                     ; 0                 ; 0          ; 0    ; 0            ; |Calculator|bcdconv:bcd|Divider:u2|pu4s:u4|pu:u2|FAdder:u1|FAdder_4bit:u2|FAdder_1bit:u2              ; FAdder_1bit  ; work         ;
;             |pu:u3|                   ; 4 (2)               ; 0 (0)                     ; 0                 ; 0          ; 0    ; 0            ; |Calculator|bcdconv:bcd|Divider:u2|pu4s:u4|pu:u3                                                      ; pu           ; work         ;
;                |FAdder:u1|            ; 2 (0)               ; 0 (0)                     ; 0                 ; 0          ; 0    ; 0            ; |Calculator|bcdconv:bcd|Divider:u2|pu4s:u4|pu:u3|FAdder:u1                                            ; FAdder       ; work         ;
;                   |FAdder_4bit:u1|    ; 1 (0)               ; 0 (0)                     ; 0                 ; 0          ; 0    ; 0            ; |Calculator|bcdconv:bcd|Divider:u2|pu4s:u4|pu:u3|FAdder:u1|FAdder_4bit:u1                             ; FAdder_4bit  ; work         ;
;                      |FAdder_1bit:u1| ; 1 (1)               ; 0 (0)                     ; 0                 ; 0          ; 0    ; 0            ; |Calculator|bcdconv:bcd|Divider:u2|pu4s:u4|pu:u3|FAdder:u1|FAdder_4bit:u1|FAdder_1bit:u1              ; FAdder_1bit  ; work         ;
;                   |FAdder_4bit:u2|    ; 1 (0)               ; 0 (0)                     ; 0                 ; 0          ; 0    ; 0            ; |Calculator|bcdconv:bcd|Divider:u2|pu4s:u4|pu:u3|FAdder:u1|FAdder_4bit:u2                             ; FAdder_4bit  ; work         ;
;                      |FAdder_1bit:u2| ; 1 (1)               ; 0 (0)                     ; 0                 ; 0          ; 0    ; 0            ; |Calculator|bcdconv:bcd|Divider:u2|pu4s:u4|pu:u3|FAdder:u1|FAdder_4bit:u2|FAdder_1bit:u2              ; FAdder_1bit  ; work         ;
;             |pu:u4|                   ; 4 (0)               ; 0 (0)                     ; 0                 ; 0          ; 0    ; 0            ; |Calculator|bcdconv:bcd|Divider:u2|pu4s:u4|pu:u4                                                      ; pu           ; work         ;
;                |FAdder:u1|            ; 4 (0)               ; 0 (0)                     ; 0                 ; 0          ; 0    ; 0            ; |Calculator|bcdconv:bcd|Divider:u2|pu4s:u4|pu:u4|FAdder:u1                                            ; FAdder       ; work         ;
;                   |FAdder_4bit:u3|    ; 4 (0)               ; 0 (0)                     ; 0                 ; 0          ; 0    ; 0            ; |Calculator|bcdconv:bcd|Divider:u2|pu4s:u4|pu:u4|FAdder:u1|FAdder_4bit:u3                             ; FAdder_4bit  ; work         ;
;                      |FAdder_1bit:u3| ; 4 (4)               ; 0 (0)                     ; 0                 ; 0          ; 0    ; 0            ; |Calculator|bcdconv:bcd|Divider:u2|pu4s:u4|pu:u4|FAdder:u1|FAdder_4bit:u3|FAdder_1bit:u3              ; FAdder_1bit  ; work         ;
;       |Divider:u3|                    ; 34 (14)             ; 0 (0)                     ; 0                 ; 0          ; 0    ; 0            ; |Calculator|bcdconv:bcd|Divider:u3                                                                    ; Divider      ; work         ;
;          |FAdder:v1|                  ; 3 (0)               ; 0 (0)                     ; 0                 ; 0          ; 0    ; 0            ; |Calculator|bcdconv:bcd|Divider:u3|FAdder:v1                                                          ; FAdder       ; work         ;
;             |FAdder_4bit:u0|          ; 1 (0)               ; 0 (0)                     ; 0                 ; 0          ; 0    ; 0            ; |Calculator|bcdconv:bcd|Divider:u3|FAdder:v1|FAdder_4bit:u0                                           ; FAdder_4bit  ; work         ;
;                |FAdder_1bit:u3|       ; 1 (1)               ; 0 (0)                     ; 0                 ; 0          ; 0    ; 0            ; |Calculator|bcdconv:bcd|Divider:u3|FAdder:v1|FAdder_4bit:u0|FAdder_1bit:u3                            ; FAdder_1bit  ; work         ;
;             |FAdder_4bit:u1|          ; 2 (0)               ; 0 (0)                     ; 0                 ; 0          ; 0    ; 0            ; |Calculator|bcdconv:bcd|Divider:u3|FAdder:v1|FAdder_4bit:u1                                           ; FAdder_4bit  ; work         ;
;                |FAdder_1bit:u1|       ; 1 (1)               ; 0 (0)                     ; 0                 ; 0          ; 0    ; 0            ; |Calculator|bcdconv:bcd|Divider:u3|FAdder:v1|FAdder_4bit:u1|FAdder_1bit:u1                            ; FAdder_1bit  ; work         ;
;                |FAdder_1bit:u2|       ; 1 (1)               ; 0 (0)                     ; 0                 ; 0          ; 0    ; 0            ; |Calculator|bcdconv:bcd|Divider:u3|FAdder:v1|FAdder_4bit:u1|FAdder_1bit:u2                            ; FAdder_1bit  ; work         ;
;          |FAdder:v3|                  ; 3 (0)               ; 0 (0)                     ; 0                 ; 0          ; 0    ; 0            ; |Calculator|bcdconv:bcd|Divider:u3|FAdder:v3                                                          ; FAdder       ; work         ;
;             |FAdder_4bit:u0|          ; 1 (0)               ; 0 (0)                     ; 0                 ; 0          ; 0    ; 0            ; |Calculator|bcdconv:bcd|Divider:u3|FAdder:v3|FAdder_4bit:u0                                           ; FAdder_4bit  ; work         ;
;                |FAdder_1bit:u1|       ; 1 (1)               ; 0 (0)                     ; 0                 ; 0          ; 0    ; 0            ; |Calculator|bcdconv:bcd|Divider:u3|FAdder:v3|FAdder_4bit:u0|FAdder_1bit:u1                            ; FAdder_1bit  ; work         ;
;             |FAdder_4bit:u1|          ; 2 (0)               ; 0 (0)                     ; 0                 ; 0          ; 0    ; 0            ; |Calculator|bcdconv:bcd|Divider:u3|FAdder:v3|FAdder_4bit:u1                                           ; FAdder_4bit  ; work         ;
;                |FAdder_1bit:u0|       ; 1 (1)               ; 0 (0)                     ; 0                 ; 0          ; 0    ; 0            ; |Calculator|bcdconv:bcd|Divider:u3|FAdder:v3|FAdder_4bit:u1|FAdder_1bit:u0                            ; FAdder_1bit  ; work         ;
;                |FAdder_1bit:u2|       ; 1 (1)               ; 0 (0)                     ; 0                 ; 0          ; 0    ; 0            ; |Calculator|bcdconv:bcd|Divider:u3|FAdder:v3|FAdder_4bit:u1|FAdder_1bit:u2                            ; FAdder_1bit  ; work         ;
;          |pu4s:u3|                    ; 5 (0)               ; 0 (0)                     ; 0                 ; 0          ; 0    ; 0            ; |Calculator|bcdconv:bcd|Divider:u3|pu4s:u3                                                            ; pu4s         ; work         ;
;             |pu:u3|                   ; 1 (0)               ; 0 (0)                     ; 0                 ; 0          ; 0    ; 0            ; |Calculator|bcdconv:bcd|Divider:u3|pu4s:u3|pu:u3                                                      ; pu           ; work         ;
;                |FAdder:u1|            ; 1 (0)               ; 0 (0)                     ; 0                 ; 0          ; 0    ; 0            ; |Calculator|bcdconv:bcd|Divider:u3|pu4s:u3|pu:u3|FAdder:u1                                            ; FAdder       ; work         ;
;                   |FAdder_4bit:u1|    ; 1 (0)               ; 0 (0)                     ; 0                 ; 0          ; 0    ; 0            ; |Calculator|bcdconv:bcd|Divider:u3|pu4s:u3|pu:u3|FAdder:u1|FAdder_4bit:u1                             ; FAdder_4bit  ; work         ;
;                      |FAdder_1bit:u1| ; 1 (1)               ; 0 (0)                     ; 0                 ; 0          ; 0    ; 0            ; |Calculator|bcdconv:bcd|Divider:u3|pu4s:u3|pu:u3|FAdder:u1|FAdder_4bit:u1|FAdder_1bit:u1              ; FAdder_1bit  ; work         ;
;             |pu:u4|                   ; 4 (3)               ; 0 (0)                     ; 0                 ; 0          ; 0    ; 0            ; |Calculator|bcdconv:bcd|Divider:u3|pu4s:u3|pu:u4                                                      ; pu           ; work         ;
;                |FAdder:u1|            ; 1 (0)               ; 0 (0)                     ; 0                 ; 0          ; 0    ; 0            ; |Calculator|bcdconv:bcd|Divider:u3|pu4s:u3|pu:u4|FAdder:u1                                            ; FAdder       ; work         ;
;                   |FAdder_4bit:u1|    ; 1 (0)               ; 0 (0)                     ; 0                 ; 0          ; 0    ; 0            ; |Calculator|bcdconv:bcd|Divider:u3|pu4s:u3|pu:u4|FAdder:u1|FAdder_4bit:u1                             ; FAdder_4bit  ; work         ;
;                      |FAdder_1bit:u2| ; 1 (1)               ; 0 (0)                     ; 0                 ; 0          ; 0    ; 0            ; |Calculator|bcdconv:bcd|Divider:u3|pu4s:u3|pu:u4|FAdder:u1|FAdder_4bit:u1|FAdder_1bit:u2              ; FAdder_1bit  ; work         ;
;          |pu4s:u4|                    ; 9 (0)               ; 0 (0)                     ; 0                 ; 0          ; 0    ; 0            ; |Calculator|bcdconv:bcd|Divider:u3|pu4s:u4                                                            ; pu4s         ; work         ;
;             |pu:u1|                   ; 1 (0)               ; 0 (0)                     ; 0                 ; 0          ; 0    ; 0            ; |Calculator|bcdconv:bcd|Divider:u3|pu4s:u4|pu:u1                                                      ; pu           ; work         ;
;                |FAdder:u1|            ; 1 (0)               ; 0 (0)                     ; 0                 ; 0          ; 0    ; 0            ; |Calculator|bcdconv:bcd|Divider:u3|pu4s:u4|pu:u1|FAdder:u1                                            ; FAdder       ; work         ;
;                   |FAdder_4bit:u1|    ; 1 (0)               ; 0 (0)                     ; 0                 ; 0          ; 0    ; 0            ; |Calculator|bcdconv:bcd|Divider:u3|pu4s:u4|pu:u1|FAdder:u1|FAdder_4bit:u1                             ; FAdder_4bit  ; work         ;
;                      |FAdder_1bit:u2| ; 1 (1)               ; 0 (0)                     ; 0                 ; 0          ; 0    ; 0            ; |Calculator|bcdconv:bcd|Divider:u3|pu4s:u4|pu:u1|FAdder:u1|FAdder_4bit:u1|FAdder_1bit:u2              ; FAdder_1bit  ; work         ;
;             |pu:u2|                   ; 3 (2)               ; 0 (0)                     ; 0                 ; 0          ; 0    ; 0            ; |Calculator|bcdconv:bcd|Divider:u3|pu4s:u4|pu:u2                                                      ; pu           ; work         ;
;                |FAdder:u1|            ; 1 (0)               ; 0 (0)                     ; 0                 ; 0          ; 0    ; 0            ; |Calculator|bcdconv:bcd|Divider:u3|pu4s:u4|pu:u2|FAdder:u1                                            ; FAdder       ; work         ;
;                   |FAdder_4bit:u1|    ; 1 (0)               ; 0 (0)                     ; 0                 ; 0          ; 0    ; 0            ; |Calculator|bcdconv:bcd|Divider:u3|pu4s:u4|pu:u2|FAdder:u1|FAdder_4bit:u1                             ; FAdder_4bit  ; work         ;
;                      |FAdder_1bit:u0| ; 1 (1)               ; 0 (0)                     ; 0                 ; 0          ; 0    ; 0            ; |Calculator|bcdconv:bcd|Divider:u3|pu4s:u4|pu:u2|FAdder:u1|FAdder_4bit:u1|FAdder_1bit:u0              ; FAdder_1bit  ; work         ;
;             |pu:u3|                   ; 3 (2)               ; 0 (0)                     ; 0                 ; 0          ; 0    ; 0            ; |Calculator|bcdconv:bcd|Divider:u3|pu4s:u4|pu:u3                                                      ; pu           ; work         ;
;                |FAdder:u1|            ; 1 (0)               ; 0 (0)                     ; 0                 ; 0          ; 0    ; 0            ; |Calculator|bcdconv:bcd|Divider:u3|pu4s:u4|pu:u3|FAdder:u1                                            ; FAdder       ; work         ;
;                   |FAdder_4bit:u1|    ; 1 (0)               ; 0 (0)                     ; 0                 ; 0          ; 0    ; 0            ; |Calculator|bcdconv:bcd|Divider:u3|pu4s:u4|pu:u3|FAdder:u1|FAdder_4bit:u1                             ; FAdder_4bit  ; work         ;
;                      |FAdder_1bit:u1| ; 1 (1)               ; 0 (0)                     ; 0                 ; 0          ; 0    ; 0            ; |Calculator|bcdconv:bcd|Divider:u3|pu4s:u4|pu:u3|FAdder:u1|FAdder_4bit:u1|FAdder_1bit:u1              ; FAdder_1bit  ; work         ;
;             |pu:u4|                   ; 2 (0)               ; 0 (0)                     ; 0                 ; 0          ; 0    ; 0            ; |Calculator|bcdconv:bcd|Divider:u3|pu4s:u4|pu:u4                                                      ; pu           ; work         ;
;                |FAdder:u1|            ; 2 (0)               ; 0 (0)                     ; 0                 ; 0          ; 0    ; 0            ; |Calculator|bcdconv:bcd|Divider:u3|pu4s:u4|pu:u4|FAdder:u1                                            ; FAdder       ; work         ;
;                   |FAdder_4bit:u3|    ; 2 (0)               ; 0 (0)                     ; 0                 ; 0          ; 0    ; 0            ; |Calculator|bcdconv:bcd|Divider:u3|pu4s:u4|pu:u4|FAdder:u1|FAdder_4bit:u3                             ; FAdder_4bit  ; work         ;
;                      |FAdder_1bit:u3| ; 2 (2)               ; 0 (0)                     ; 0                 ; 0          ; 0    ; 0            ; |Calculator|bcdconv:bcd|Divider:u3|pu4s:u4|pu:u4|FAdder:u1|FAdder_4bit:u3|FAdder_1bit:u3              ; FAdder_1bit  ; work         ;
;       |Divider:u4|                    ; 20 (9)              ; 0 (0)                     ; 0                 ; 0          ; 0    ; 0            ; |Calculator|bcdconv:bcd|Divider:u4                                                                    ; Divider      ; work         ;
;          |FAdder:v1|                  ; 1 (0)               ; 0 (0)                     ; 0                 ; 0          ; 0    ; 0            ; |Calculator|bcdconv:bcd|Divider:u4|FAdder:v1                                                          ; FAdder       ; work         ;
;             |FAdder_4bit:u1|          ; 1 (0)               ; 0 (0)                     ; 0                 ; 0          ; 0    ; 0            ; |Calculator|bcdconv:bcd|Divider:u4|FAdder:v1|FAdder_4bit:u1                                           ; FAdder_4bit  ; work         ;
;                |FAdder_1bit:u0|       ; 1 (1)               ; 0 (0)                     ; 0                 ; 0          ; 0    ; 0            ; |Calculator|bcdconv:bcd|Divider:u4|FAdder:v1|FAdder_4bit:u1|FAdder_1bit:u0                            ; FAdder_1bit  ; work         ;
;          |pu4s:u4|                    ; 10 (0)              ; 0 (0)                     ; 0                 ; 0          ; 0    ; 0            ; |Calculator|bcdconv:bcd|Divider:u4|pu4s:u4                                                            ; pu4s         ; work         ;
;             |pu:u1|                   ; 1 (0)               ; 0 (0)                     ; 0                 ; 0          ; 0    ; 0            ; |Calculator|bcdconv:bcd|Divider:u4|pu4s:u4|pu:u1                                                      ; pu           ; work         ;
;                |FAdder:u1|            ; 1 (0)               ; 0 (0)                     ; 0                 ; 0          ; 0    ; 0            ; |Calculator|bcdconv:bcd|Divider:u4|pu4s:u4|pu:u1|FAdder:u1                                            ; FAdder       ; work         ;
;                   |FAdder_4bit:u1|    ; 1 (0)               ; 0 (0)                     ; 0                 ; 0          ; 0    ; 0            ; |Calculator|bcdconv:bcd|Divider:u4|pu4s:u4|pu:u1|FAdder:u1|FAdder_4bit:u1                             ; FAdder_4bit  ; work         ;
;                      |FAdder_1bit:u1| ; 1 (1)               ; 0 (0)                     ; 0                 ; 0          ; 0    ; 0            ; |Calculator|bcdconv:bcd|Divider:u4|pu4s:u4|pu:u1|FAdder:u1|FAdder_4bit:u1|FAdder_1bit:u1              ; FAdder_1bit  ; work         ;
;             |pu:u2|                   ; 3 (2)               ; 0 (0)                     ; 0                 ; 0          ; 0    ; 0            ; |Calculator|bcdconv:bcd|Divider:u4|pu4s:u4|pu:u2                                                      ; pu           ; work         ;
;                |FAdder:u1|            ; 1 (0)               ; 0 (0)                     ; 0                 ; 0          ; 0    ; 0            ; |Calculator|bcdconv:bcd|Divider:u4|pu4s:u4|pu:u2|FAdder:u1                                            ; FAdder       ; work         ;
;                   |FAdder_4bit:u1|    ; 1 (0)               ; 0 (0)                     ; 0                 ; 0          ; 0    ; 0            ; |Calculator|bcdconv:bcd|Divider:u4|pu4s:u4|pu:u2|FAdder:u1|FAdder_4bit:u1                             ; FAdder_4bit  ; work         ;
;                      |FAdder_1bit:u2| ; 1 (1)               ; 0 (0)                     ; 0                 ; 0          ; 0    ; 0            ; |Calculator|bcdconv:bcd|Divider:u4|pu4s:u4|pu:u2|FAdder:u1|FAdder_4bit:u1|FAdder_1bit:u2              ; FAdder_1bit  ; work         ;
;             |pu:u3|                   ; 4 (3)               ; 0 (0)                     ; 0                 ; 0          ; 0    ; 0            ; |Calculator|bcdconv:bcd|Divider:u4|pu4s:u4|pu:u3                                                      ; pu           ; work         ;
;                |FAdder:u1|            ; 1 (0)               ; 0 (0)                     ; 0                 ; 0          ; 0    ; 0            ; |Calculator|bcdconv:bcd|Divider:u4|pu4s:u4|pu:u3|FAdder:u1                                            ; FAdder       ; work         ;
;                   |FAdder_4bit:u1|    ; 1 (0)               ; 0 (0)                     ; 0                 ; 0          ; 0    ; 0            ; |Calculator|bcdconv:bcd|Divider:u4|pu4s:u4|pu:u3|FAdder:u1|FAdder_4bit:u1                             ; FAdder_4bit  ; work         ;
;                      |FAdder_1bit:u2| ; 1 (1)               ; 0 (0)                     ; 0                 ; 0          ; 0    ; 0            ; |Calculator|bcdconv:bcd|Divider:u4|pu4s:u4|pu:u3|FAdder:u1|FAdder_4bit:u1|FAdder_1bit:u2              ; FAdder_1bit  ; work         ;
;             |pu:u4|                   ; 2 (0)               ; 0 (0)                     ; 0                 ; 0          ; 0    ; 0            ; |Calculator|bcdconv:bcd|Divider:u4|pu4s:u4|pu:u4                                                      ; pu           ; work         ;
;                |FAdder:u1|            ; 2 (0)               ; 0 (0)                     ; 0                 ; 0          ; 0    ; 0            ; |Calculator|bcdconv:bcd|Divider:u4|pu4s:u4|pu:u4|FAdder:u1                                            ; FAdder       ; work         ;
;                   |FAdder_4bit:u3|    ; 2 (0)               ; 0 (0)                     ; 0                 ; 0          ; 0    ; 0            ; |Calculator|bcdconv:bcd|Divider:u4|pu4s:u4|pu:u4|FAdder:u1|FAdder_4bit:u3                             ; FAdder_4bit  ; work         ;
;                      |FAdder_1bit:u3| ; 2 (2)               ; 0 (0)                     ; 0                 ; 0          ; 0    ; 0            ; |Calculator|bcdconv:bcd|Divider:u4|pu4s:u4|pu:u4|FAdder:u1|FAdder_4bit:u3|FAdder_1bit:u3              ; FAdder_1bit  ; work         ;
;       |Divider:u5|                    ; 3 (3)               ; 0 (0)                     ; 0                 ; 0          ; 0    ; 0            ; |Calculator|bcdconv:bcd|Divider:u5                                                                    ; Divider      ; work         ;
;    |binconv:a11|                      ; 74 (16)             ; 0 (0)                     ; 0                 ; 0          ; 0    ; 0            ; |Calculator|binconv:a11                                                                               ; binconv      ; work         ;
;       |FAdder:u5|                     ; 5 (0)               ; 0 (0)                     ; 0                 ; 0          ; 0    ; 0            ; |Calculator|binconv:a11|FAdder:u5                                                                     ; FAdder       ; work         ;
;          |FAdder_4bit:u0|             ; 2 (0)               ; 0 (0)                     ; 0                 ; 0          ; 0    ; 0            ; |Calculator|binconv:a11|FAdder:u5|FAdder_4bit:u0                                                      ; FAdder_4bit  ; work         ;
;             |FAdder_1bit:u3|          ; 2 (2)               ; 0 (0)                     ; 0                 ; 0          ; 0    ; 0            ; |Calculator|binconv:a11|FAdder:u5|FAdder_4bit:u0|FAdder_1bit:u3                                       ; FAdder_1bit  ; work         ;
;          |FAdder_4bit:u1|             ; 3 (0)               ; 0 (0)                     ; 0                 ; 0          ; 0    ; 0            ; |Calculator|binconv:a11|FAdder:u5|FAdder_4bit:u1                                                      ; FAdder_4bit  ; work         ;
;             |FAdder_1bit:u1|          ; 1 (1)               ; 0 (0)                     ; 0                 ; 0          ; 0    ; 0            ; |Calculator|binconv:a11|FAdder:u5|FAdder_4bit:u1|FAdder_1bit:u1                                       ; FAdder_1bit  ; work         ;
;             |FAdder_1bit:u2|          ; 1 (1)               ; 0 (0)                     ; 0                 ; 0          ; 0    ; 0            ; |Calculator|binconv:a11|FAdder:u5|FAdder_4bit:u1|FAdder_1bit:u2                                       ; FAdder_1bit  ; work         ;
;             |FAdder_1bit:u3|          ; 1 (1)               ; 0 (0)                     ; 0                 ; 0          ; 0    ; 0            ; |Calculator|binconv:a11|FAdder:u5|FAdder_4bit:u1|FAdder_1bit:u3                                       ; FAdder_1bit  ; work         ;
;       |FAdder:u6|                     ; 14 (0)              ; 0 (0)                     ; 0                 ; 0          ; 0    ; 0            ; |Calculator|binconv:a11|FAdder:u6                                                                     ; FAdder       ; work         ;
;          |FAdder_4bit:u0|             ; 2 (0)               ; 0 (0)                     ; 0                 ; 0          ; 0    ; 0            ; |Calculator|binconv:a11|FAdder:u6|FAdder_4bit:u0                                                      ; FAdder_4bit  ; work         ;
;             |FAdder_1bit:u2|          ; 2 (2)               ; 0 (0)                     ; 0                 ; 0          ; 0    ; 0            ; |Calculator|binconv:a11|FAdder:u6|FAdder_4bit:u0|FAdder_1bit:u2                                       ; FAdder_1bit  ; work         ;
;          |FAdder_4bit:u1|             ; 9 (0)               ; 0 (0)                     ; 0                 ; 0          ; 0    ; 0            ; |Calculator|binconv:a11|FAdder:u6|FAdder_4bit:u1                                                      ; FAdder_4bit  ; work         ;
;             |FAdder_1bit:u0|          ; 2 (2)               ; 0 (0)                     ; 0                 ; 0          ; 0    ; 0            ; |Calculator|binconv:a11|FAdder:u6|FAdder_4bit:u1|FAdder_1bit:u0                                       ; FAdder_1bit  ; work         ;
;             |FAdder_1bit:u1|          ; 2 (2)               ; 0 (0)                     ; 0                 ; 0          ; 0    ; 0            ; |Calculator|binconv:a11|FAdder:u6|FAdder_4bit:u1|FAdder_1bit:u1                                       ; FAdder_1bit  ; work         ;
;             |FAdder_1bit:u2|          ; 1 (1)               ; 0 (0)                     ; 0                 ; 0          ; 0    ; 0            ; |Calculator|binconv:a11|FAdder:u6|FAdder_4bit:u1|FAdder_1bit:u2                                       ; FAdder_1bit  ; work         ;
;             |FAdder_1bit:u3|          ; 4 (4)               ; 0 (0)                     ; 0                 ; 0          ; 0    ; 0            ; |Calculator|binconv:a11|FAdder:u6|FAdder_4bit:u1|FAdder_1bit:u3                                       ; FAdder_1bit  ; work         ;
;          |FAdder_4bit:u2|             ; 3 (0)               ; 0 (0)                     ; 0                 ; 0          ; 0    ; 0            ; |Calculator|binconv:a11|FAdder:u6|FAdder_4bit:u2                                                      ; FAdder_4bit  ; work         ;
;             |FAdder_1bit:u0|          ; 1 (1)               ; 0 (0)                     ; 0                 ; 0          ; 0    ; 0            ; |Calculator|binconv:a11|FAdder:u6|FAdder_4bit:u2|FAdder_1bit:u0                                       ; FAdder_1bit  ; work         ;
;             |FAdder_1bit:u1|          ; 1 (1)               ; 0 (0)                     ; 0                 ; 0          ; 0    ; 0            ; |Calculator|binconv:a11|FAdder:u6|FAdder_4bit:u2|FAdder_1bit:u1                                       ; FAdder_1bit  ; work         ;
;             |FAdder_1bit:u2|          ; 1 (1)               ; 0 (0)                     ; 0                 ; 0          ; 0    ; 0            ; |Calculator|binconv:a11|FAdder:u6|FAdder_4bit:u2|FAdder_1bit:u2                                       ; FAdder_1bit  ; work         ;
;       |FAdder:u7|                     ; 16 (0)              ; 0 (0)                     ; 0                 ; 0          ; 0    ; 0            ; |Calculator|binconv:a11|FAdder:u7                                                                     ; FAdder       ; work         ;
;          |FAdder_4bit:u0|             ; 2 (0)               ; 0 (0)                     ; 0                 ; 0          ; 0    ; 0            ; |Calculator|binconv:a11|FAdder:u7|FAdder_4bit:u0                                                      ; FAdder_4bit  ; work         ;
;             |FAdder_1bit:u3|          ; 2 (2)               ; 0 (0)                     ; 0                 ; 0          ; 0    ; 0            ; |Calculator|binconv:a11|FAdder:u7|FAdder_4bit:u0|FAdder_1bit:u3                                       ; FAdder_1bit  ; work         ;
;          |FAdder_4bit:u1|             ; 6 (0)               ; 0 (0)                     ; 0                 ; 0          ; 0    ; 0            ; |Calculator|binconv:a11|FAdder:u7|FAdder_4bit:u1                                                      ; FAdder_4bit  ; work         ;
;             |FAdder_1bit:u0|          ; 2 (2)               ; 0 (0)                     ; 0                 ; 0          ; 0    ; 0            ; |Calculator|binconv:a11|FAdder:u7|FAdder_4bit:u1|FAdder_1bit:u0                                       ; FAdder_1bit  ; work         ;
;             |FAdder_1bit:u1|          ; 1 (1)               ; 0 (0)                     ; 0                 ; 0          ; 0    ; 0            ; |Calculator|binconv:a11|FAdder:u7|FAdder_4bit:u1|FAdder_1bit:u1                                       ; FAdder_1bit  ; work         ;
;             |FAdder_1bit:u2|          ; 1 (1)               ; 0 (0)                     ; 0                 ; 0          ; 0    ; 0            ; |Calculator|binconv:a11|FAdder:u7|FAdder_4bit:u1|FAdder_1bit:u2                                       ; FAdder_1bit  ; work         ;
;             |FAdder_1bit:u3|          ; 2 (2)               ; 0 (0)                     ; 0                 ; 0          ; 0    ; 0            ; |Calculator|binconv:a11|FAdder:u7|FAdder_4bit:u1|FAdder_1bit:u3                                       ; FAdder_1bit  ; work         ;
;          |FAdder_4bit:u2|             ; 5 (0)               ; 0 (0)                     ; 0                 ; 0          ; 0    ; 0            ; |Calculator|binconv:a11|FAdder:u7|FAdder_4bit:u2                                                      ; FAdder_4bit  ; work         ;
;             |FAdder_1bit:u1|          ; 3 (3)               ; 0 (0)                     ; 0                 ; 0          ; 0    ; 0            ; |Calculator|binconv:a11|FAdder:u7|FAdder_4bit:u2|FAdder_1bit:u1                                       ; FAdder_1bit  ; work         ;
;             |FAdder_1bit:u2|          ; 2 (2)               ; 0 (0)                     ; 0                 ; 0          ; 0    ; 0            ; |Calculator|binconv:a11|FAdder:u7|FAdder_4bit:u2|FAdder_1bit:u2                                       ; FAdder_1bit  ; work         ;
;          |FAdder_4bit:u3|             ; 3 (0)               ; 0 (0)                     ; 0                 ; 0          ; 0    ; 0            ; |Calculator|binconv:a11|FAdder:u7|FAdder_4bit:u3                                                      ; FAdder_4bit  ; work         ;
;             |FAdder_1bit:u0|          ; 2 (2)               ; 0 (0)                     ; 0                 ; 0          ; 0    ; 0            ; |Calculator|binconv:a11|FAdder:u7|FAdder_4bit:u3|FAdder_1bit:u0                                       ; FAdder_1bit  ; work         ;
;             |FAdder_1bit:u1|          ; 1 (1)               ; 0 (0)                     ; 0                 ; 0          ; 0    ; 0            ; |Calculator|binconv:a11|FAdder:u7|FAdder_4bit:u3|FAdder_1bit:u1                                       ; FAdder_1bit  ; work         ;
;       |FAdder:u9|                     ; 7 (0)               ; 0 (0)                     ; 0                 ; 0          ; 0    ; 0            ; |Calculator|binconv:a11|FAdder:u9                                                                     ; FAdder       ; work         ;
;          |FAdder_4bit:u0|             ; 1 (0)               ; 0 (0)                     ; 0                 ; 0          ; 0    ; 0            ; |Calculator|binconv:a11|FAdder:u9|FAdder_4bit:u0                                                      ; FAdder_4bit  ; work         ;
;             |FAdder_1bit:u1|          ; 1 (1)               ; 0 (0)                     ; 0                 ; 0          ; 0    ; 0            ; |Calculator|binconv:a11|FAdder:u9|FAdder_4bit:u0|FAdder_1bit:u1                                       ; FAdder_1bit  ; work         ;
;          |FAdder_4bit:u1|             ; 2 (0)               ; 0 (0)                     ; 0                 ; 0          ; 0    ; 0            ; |Calculator|binconv:a11|FAdder:u9|FAdder_4bit:u1                                                      ; FAdder_4bit  ; work         ;
;             |FAdder_1bit:u0|          ; 1 (1)               ; 0 (0)                     ; 0                 ; 0          ; 0    ; 0            ; |Calculator|binconv:a11|FAdder:u9|FAdder_4bit:u1|FAdder_1bit:u0                                       ; FAdder_1bit  ; work         ;
;             |FAdder_1bit:u2|          ; 1 (1)               ; 0 (0)                     ; 0                 ; 0          ; 0    ; 0            ; |Calculator|binconv:a11|FAdder:u9|FAdder_4bit:u1|FAdder_1bit:u2                                       ; FAdder_1bit  ; work         ;
;          |FAdder_4bit:u2|             ; 3 (0)               ; 0 (0)                     ; 0                 ; 0          ; 0    ; 0            ; |Calculator|binconv:a11|FAdder:u9|FAdder_4bit:u2                                                      ; FAdder_4bit  ; work         ;
;             |FAdder_1bit:u0|          ; 1 (1)               ; 0 (0)                     ; 0                 ; 0          ; 0    ; 0            ; |Calculator|binconv:a11|FAdder:u9|FAdder_4bit:u2|FAdder_1bit:u0                                       ; FAdder_1bit  ; work         ;
;             |FAdder_1bit:u1|          ; 1 (1)               ; 0 (0)                     ; 0                 ; 0          ; 0    ; 0            ; |Calculator|binconv:a11|FAdder:u9|FAdder_4bit:u2|FAdder_1bit:u1                                       ; FAdder_1bit  ; work         ;
;             |FAdder_1bit:u3|          ; 1 (1)               ; 0 (0)                     ; 0                 ; 0          ; 0    ; 0            ; |Calculator|binconv:a11|FAdder:u9|FAdder_4bit:u2|FAdder_1bit:u3                                       ; FAdder_1bit  ; work         ;
;          |FAdder_4bit:u3|             ; 1 (0)               ; 0 (0)                     ; 0                 ; 0          ; 0    ; 0            ; |Calculator|binconv:a11|FAdder:u9|FAdder_4bit:u3                                                      ; FAdder_4bit  ; work         ;
;             |FAdder_1bit:u0|          ; 1 (1)               ; 0 (0)                     ; 0                 ; 0          ; 0    ; 0            ; |Calculator|binconv:a11|FAdder:u9|FAdder_4bit:u3|FAdder_1bit:u0                                       ; FAdder_1bit  ; work         ;
;       |Multiplier:u1|                 ; 1 (0)               ; 0 (0)                     ; 0                 ; 0          ; 0    ; 0            ; |Calculator|binconv:a11|Multiplier:u1                                                                 ; Multiplier   ; work         ;
;          |Mul_4bit:u1|                ; 1 (0)               ; 0 (0)                     ; 0                 ; 0          ; 0    ; 0            ; |Calculator|binconv:a11|Multiplier:u1|Mul_4bit:u1                                                     ; Mul_4bit     ; work         ;
;             |altAdder:u7|             ; 1 (0)               ; 0 (0)                     ; 0                 ; 0          ; 0    ; 0            ; |Calculator|binconv:a11|Multiplier:u1|Mul_4bit:u1|altAdder:u7                                         ; altAdder     ; work         ;
;                |FAdder:u1|            ; 1 (0)               ; 0 (0)                     ; 0                 ; 0          ; 0    ; 0            ; |Calculator|binconv:a11|Multiplier:u1|Mul_4bit:u1|altAdder:u7|FAdder:u1                               ; FAdder       ; work         ;
;                   |FAdder_4bit:u0|    ; 1 (0)               ; 0 (0)                     ; 0                 ; 0          ; 0    ; 0            ; |Calculator|binconv:a11|Multiplier:u1|Mul_4bit:u1|altAdder:u7|FAdder:u1|FAdder_4bit:u0                ; FAdder_4bit  ; work         ;
;                      |FAdder_1bit:u1| ; 1 (1)               ; 0 (0)                     ; 0                 ; 0          ; 0    ; 0            ; |Calculator|binconv:a11|Multiplier:u1|Mul_4bit:u1|altAdder:u7|FAdder:u1|FAdder_4bit:u0|FAdder_1bit:u1 ; FAdder_1bit  ; work         ;
;       |Multiplier:u2|                 ; 6 (0)               ; 0 (0)                     ; 0                 ; 0          ; 0    ; 0            ; |Calculator|binconv:a11|Multiplier:u2                                                                 ; Multiplier   ; work         ;
;          |FAdder_32bit:u5|            ; 5 (0)               ; 0 (0)                     ; 0                 ; 0          ; 0    ; 0            ; |Calculator|binconv:a11|Multiplier:u2|FAdder_32bit:u5                                                 ; FAdder_32bit ; work         ;
;             |FAdder:u0|               ; 5 (0)               ; 0 (0)                     ; 0                 ; 0          ; 0    ; 0            ; |Calculator|binconv:a11|Multiplier:u2|FAdder_32bit:u5|FAdder:u0                                       ; FAdder       ; work         ;
;                |FAdder_4bit:u1|       ; 3 (0)               ; 0 (0)                     ; 0                 ; 0          ; 0    ; 0            ; |Calculator|binconv:a11|Multiplier:u2|FAdder_32bit:u5|FAdder:u0|FAdder_4bit:u1                        ; FAdder_4bit  ; work         ;
;                   |FAdder_1bit:u1|    ; 1 (1)               ; 0 (0)                     ; 0                 ; 0          ; 0    ; 0            ; |Calculator|binconv:a11|Multiplier:u2|FAdder_32bit:u5|FAdder:u0|FAdder_4bit:u1|FAdder_1bit:u1         ; FAdder_1bit  ; work         ;
;                   |FAdder_1bit:u2|    ; 1 (1)               ; 0 (0)                     ; 0                 ; 0          ; 0    ; 0            ; |Calculator|binconv:a11|Multiplier:u2|FAdder_32bit:u5|FAdder:u0|FAdder_4bit:u1|FAdder_1bit:u2         ; FAdder_1bit  ; work         ;
;                   |FAdder_1bit:u3|    ; 1 (1)               ; 0 (0)                     ; 0                 ; 0          ; 0    ; 0            ; |Calculator|binconv:a11|Multiplier:u2|FAdder_32bit:u5|FAdder:u0|FAdder_4bit:u1|FAdder_1bit:u3         ; FAdder_1bit  ; work         ;
;                |FAdder_4bit:u2|       ; 2 (0)               ; 0 (0)                     ; 0                 ; 0          ; 0    ; 0            ; |Calculator|binconv:a11|Multiplier:u2|FAdder_32bit:u5|FAdder:u0|FAdder_4bit:u2                        ; FAdder_4bit  ; work         ;
;                   |FAdder_1bit:u0|    ; 1 (1)               ; 0 (0)                     ; 0                 ; 0          ; 0    ; 0            ; |Calculator|binconv:a11|Multiplier:u2|FAdder_32bit:u5|FAdder:u0|FAdder_4bit:u2|FAdder_1bit:u0         ; FAdder_1bit  ; work         ;
;                   |FAdder_1bit:u2|    ; 1 (1)               ; 0 (0)                     ; 0                 ; 0          ; 0    ; 0            ; |Calculator|binconv:a11|Multiplier:u2|FAdder_32bit:u5|FAdder:u0|FAdder_4bit:u2|FAdder_1bit:u2         ; FAdder_1bit  ; work         ;
;          |Mul_4bit:u2|                ; 1 (0)               ; 0 (0)                     ; 0                 ; 0          ; 0    ; 0            ; |Calculator|binconv:a11|Multiplier:u2|Mul_4bit:u2                                                     ; Mul_4bit     ; work         ;
;             |altAdder:u5|             ; 1 (0)               ; 0 (0)                     ; 0                 ; 0          ; 0    ; 0            ; |Calculator|binconv:a11|Multiplier:u2|Mul_4bit:u2|altAdder:u5                                         ; altAdder     ; work         ;
;                |FAdder:u1|            ; 1 (0)               ; 0 (0)                     ; 0                 ; 0          ; 0    ; 0            ; |Calculator|binconv:a11|Multiplier:u2|Mul_4bit:u2|altAdder:u5|FAdder:u1                               ; FAdder       ; work         ;
;                   |FAdder_4bit:u0|    ; 1 (0)               ; 0 (0)                     ; 0                 ; 0          ; 0    ; 0            ; |Calculator|binconv:a11|Multiplier:u2|Mul_4bit:u2|altAdder:u5|FAdder:u1|FAdder_4bit:u0                ; FAdder_4bit  ; work         ;
;                      |FAdder_1bit:u3| ; 1 (1)               ; 0 (0)                     ; 0                 ; 0          ; 0    ; 0            ; |Calculator|binconv:a11|Multiplier:u2|Mul_4bit:u2|altAdder:u5|FAdder:u1|FAdder_4bit:u0|FAdder_1bit:u3 ; FAdder_1bit  ; work         ;
;       |Multiplier:u3|                 ; 9 (0)               ; 0 (0)                     ; 0                 ; 0          ; 0    ; 0            ; |Calculator|binconv:a11|Multiplier:u3                                                                 ; Multiplier   ; work         ;
;          |FAdder_32bit:u5|            ; 3 (0)               ; 0 (0)                     ; 0                 ; 0          ; 0    ; 0            ; |Calculator|binconv:a11|Multiplier:u3|FAdder_32bit:u5                                                 ; FAdder_32bit ; work         ;
;             |FAdder:u0|               ; 3 (0)               ; 0 (0)                     ; 0                 ; 0          ; 0    ; 0            ; |Calculator|binconv:a11|Multiplier:u3|FAdder_32bit:u5|FAdder:u0                                       ; FAdder       ; work         ;
;                |FAdder_4bit:u1|       ; 3 (0)               ; 0 (0)                     ; 0                 ; 0          ; 0    ; 0            ; |Calculator|binconv:a11|Multiplier:u3|FAdder_32bit:u5|FAdder:u0|FAdder_4bit:u1                        ; FAdder_4bit  ; work         ;
;                   |FAdder_1bit:u1|    ; 1 (1)               ; 0 (0)                     ; 0                 ; 0          ; 0    ; 0            ; |Calculator|binconv:a11|Multiplier:u3|FAdder_32bit:u5|FAdder:u0|FAdder_4bit:u1|FAdder_1bit:u1         ; FAdder_1bit  ; work         ;
;                   |FAdder_1bit:u2|    ; 1 (1)               ; 0 (0)                     ; 0                 ; 0          ; 0    ; 0            ; |Calculator|binconv:a11|Multiplier:u3|FAdder_32bit:u5|FAdder:u0|FAdder_4bit:u1|FAdder_1bit:u2         ; FAdder_1bit  ; work         ;
;                   |FAdder_1bit:u3|    ; 1 (1)               ; 0 (0)                     ; 0                 ; 0          ; 0    ; 0            ; |Calculator|binconv:a11|Multiplier:u3|FAdder_32bit:u5|FAdder:u0|FAdder_4bit:u1|FAdder_1bit:u3         ; FAdder_1bit  ; work         ;
;          |FAdder_32bit:u7|            ; 6 (0)               ; 0 (0)                     ; 0                 ; 0          ; 0    ; 0            ; |Calculator|binconv:a11|Multiplier:u3|FAdder_32bit:u7                                                 ; FAdder_32bit ; work         ;
;             |FAdder:u0|               ; 6 (0)               ; 0 (0)                     ; 0                 ; 0          ; 0    ; 0            ; |Calculator|binconv:a11|Multiplier:u3|FAdder_32bit:u7|FAdder:u0                                       ; FAdder       ; work         ;
;                |FAdder_4bit:u2|       ; 4 (0)               ; 0 (0)                     ; 0                 ; 0          ; 0    ; 0            ; |Calculator|binconv:a11|Multiplier:u3|FAdder_32bit:u7|FAdder:u0|FAdder_4bit:u2                        ; FAdder_4bit  ; work         ;
;                   |FAdder_1bit:u0|    ; 1 (1)               ; 0 (0)                     ; 0                 ; 0          ; 0    ; 0            ; |Calculator|binconv:a11|Multiplier:u3|FAdder_32bit:u7|FAdder:u0|FAdder_4bit:u2|FAdder_1bit:u0         ; FAdder_1bit  ; work         ;
;                   |FAdder_1bit:u1|    ; 1 (1)               ; 0 (0)                     ; 0                 ; 0          ; 0    ; 0            ; |Calculator|binconv:a11|Multiplier:u3|FAdder_32bit:u7|FAdder:u0|FAdder_4bit:u2|FAdder_1bit:u1         ; FAdder_1bit  ; work         ;
;                   |FAdder_1bit:u2|    ; 1 (1)               ; 0 (0)                     ; 0                 ; 0          ; 0    ; 0            ; |Calculator|binconv:a11|Multiplier:u3|FAdder_32bit:u7|FAdder:u0|FAdder_4bit:u2|FAdder_1bit:u2         ; FAdder_1bit  ; work         ;
;                   |FAdder_1bit:u3|    ; 1 (1)               ; 0 (0)                     ; 0                 ; 0          ; 0    ; 0            ; |Calculator|binconv:a11|Multiplier:u3|FAdder_32bit:u7|FAdder:u0|FAdder_4bit:u2|FAdder_1bit:u3         ; FAdder_1bit  ; work         ;
;                |FAdder_4bit:u3|       ; 2 (0)               ; 0 (0)                     ; 0                 ; 0          ; 0    ; 0            ; |Calculator|binconv:a11|Multiplier:u3|FAdder_32bit:u7|FAdder:u0|FAdder_4bit:u3                        ; FAdder_4bit  ; work         ;
;                   |FAdder_1bit:u0|    ; 1 (1)               ; 0 (0)                     ; 0                 ; 0          ; 0    ; 0            ; |Calculator|binconv:a11|Multiplier:u3|FAdder_32bit:u7|FAdder:u0|FAdder_4bit:u3|FAdder_1bit:u0         ; FAdder_1bit  ; work         ;
;                   |FAdder_1bit:u1|    ; 1 (1)               ; 0 (0)                     ; 0                 ; 0          ; 0    ; 0            ; |Calculator|binconv:a11|Multiplier:u3|FAdder_32bit:u7|FAdder:u0|FAdder_4bit:u3|FAdder_1bit:u1         ; FAdder_1bit  ; work         ;
;    |binconv:b11|                      ; 74 (16)             ; 0 (0)                     ; 0                 ; 0          ; 0    ; 0            ; |Calculator|binconv:b11                                                                               ; binconv      ; work         ;
;       |FAdder:u5|                     ; 5 (0)               ; 0 (0)                     ; 0                 ; 0          ; 0    ; 0            ; |Calculator|binconv:b11|FAdder:u5                                                                     ; FAdder       ; work         ;
;          |FAdder_4bit:u0|             ; 2 (0)               ; 0 (0)                     ; 0                 ; 0          ; 0    ; 0            ; |Calculator|binconv:b11|FAdder:u5|FAdder_4bit:u0                                                      ; FAdder_4bit  ; work         ;
;             |FAdder_1bit:u3|          ; 2 (2)               ; 0 (0)                     ; 0                 ; 0          ; 0    ; 0            ; |Calculator|binconv:b11|FAdder:u5|FAdder_4bit:u0|FAdder_1bit:u3                                       ; FAdder_1bit  ; work         ;
;          |FAdder_4bit:u1|             ; 3 (0)               ; 0 (0)                     ; 0                 ; 0          ; 0    ; 0            ; |Calculator|binconv:b11|FAdder:u5|FAdder_4bit:u1                                                      ; FAdder_4bit  ; work         ;
;             |FAdder_1bit:u1|          ; 1 (1)               ; 0 (0)                     ; 0                 ; 0          ; 0    ; 0            ; |Calculator|binconv:b11|FAdder:u5|FAdder_4bit:u1|FAdder_1bit:u1                                       ; FAdder_1bit  ; work         ;
;             |FAdder_1bit:u2|          ; 1 (1)               ; 0 (0)                     ; 0                 ; 0          ; 0    ; 0            ; |Calculator|binconv:b11|FAdder:u5|FAdder_4bit:u1|FAdder_1bit:u2                                       ; FAdder_1bit  ; work         ;
;             |FAdder_1bit:u3|          ; 1 (1)               ; 0 (0)                     ; 0                 ; 0          ; 0    ; 0            ; |Calculator|binconv:b11|FAdder:u5|FAdder_4bit:u1|FAdder_1bit:u3                                       ; FAdder_1bit  ; work         ;
;       |FAdder:u6|                     ; 14 (0)              ; 0 (0)                     ; 0                 ; 0          ; 0    ; 0            ; |Calculator|binconv:b11|FAdder:u6                                                                     ; FAdder       ; work         ;
;          |FAdder_4bit:u0|             ; 2 (0)               ; 0 (0)                     ; 0                 ; 0          ; 0    ; 0            ; |Calculator|binconv:b11|FAdder:u6|FAdder_4bit:u0                                                      ; FAdder_4bit  ; work         ;
;             |FAdder_1bit:u2|          ; 2 (2)               ; 0 (0)                     ; 0                 ; 0          ; 0    ; 0            ; |Calculator|binconv:b11|FAdder:u6|FAdder_4bit:u0|FAdder_1bit:u2                                       ; FAdder_1bit  ; work         ;
;          |FAdder_4bit:u1|             ; 9 (0)               ; 0 (0)                     ; 0                 ; 0          ; 0    ; 0            ; |Calculator|binconv:b11|FAdder:u6|FAdder_4bit:u1                                                      ; FAdder_4bit  ; work         ;
;             |FAdder_1bit:u0|          ; 2 (2)               ; 0 (0)                     ; 0                 ; 0          ; 0    ; 0            ; |Calculator|binconv:b11|FAdder:u6|FAdder_4bit:u1|FAdder_1bit:u0                                       ; FAdder_1bit  ; work         ;
;             |FAdder_1bit:u1|          ; 2 (2)               ; 0 (0)                     ; 0                 ; 0          ; 0    ; 0            ; |Calculator|binconv:b11|FAdder:u6|FAdder_4bit:u1|FAdder_1bit:u1                                       ; FAdder_1bit  ; work         ;
;             |FAdder_1bit:u2|          ; 1 (1)               ; 0 (0)                     ; 0                 ; 0          ; 0    ; 0            ; |Calculator|binconv:b11|FAdder:u6|FAdder_4bit:u1|FAdder_1bit:u2                                       ; FAdder_1bit  ; work         ;
;             |FAdder_1bit:u3|          ; 4 (4)               ; 0 (0)                     ; 0                 ; 0          ; 0    ; 0            ; |Calculator|binconv:b11|FAdder:u6|FAdder_4bit:u1|FAdder_1bit:u3                                       ; FAdder_1bit  ; work         ;
;          |FAdder_4bit:u2|             ; 3 (0)               ; 0 (0)                     ; 0                 ; 0          ; 0    ; 0            ; |Calculator|binconv:b11|FAdder:u6|FAdder_4bit:u2                                                      ; FAdder_4bit  ; work         ;
;             |FAdder_1bit:u0|          ; 1 (1)               ; 0 (0)                     ; 0                 ; 0          ; 0    ; 0            ; |Calculator|binconv:b11|FAdder:u6|FAdder_4bit:u2|FAdder_1bit:u0                                       ; FAdder_1bit  ; work         ;
;             |FAdder_1bit:u1|          ; 1 (1)               ; 0 (0)                     ; 0                 ; 0          ; 0    ; 0            ; |Calculator|binconv:b11|FAdder:u6|FAdder_4bit:u2|FAdder_1bit:u1                                       ; FAdder_1bit  ; work         ;
;             |FAdder_1bit:u2|          ; 1 (1)               ; 0 (0)                     ; 0                 ; 0          ; 0    ; 0            ; |Calculator|binconv:b11|FAdder:u6|FAdder_4bit:u2|FAdder_1bit:u2                                       ; FAdder_1bit  ; work         ;
;       |FAdder:u7|                     ; 15 (0)              ; 0 (0)                     ; 0                 ; 0          ; 0    ; 0            ; |Calculator|binconv:b11|FAdder:u7                                                                     ; FAdder       ; work         ;
;          |FAdder_4bit:u0|             ; 2 (0)               ; 0 (0)                     ; 0                 ; 0          ; 0    ; 0            ; |Calculator|binconv:b11|FAdder:u7|FAdder_4bit:u0                                                      ; FAdder_4bit  ; work         ;
;             |FAdder_1bit:u3|          ; 2 (2)               ; 0 (0)                     ; 0                 ; 0          ; 0    ; 0            ; |Calculator|binconv:b11|FAdder:u7|FAdder_4bit:u0|FAdder_1bit:u3                                       ; FAdder_1bit  ; work         ;
;          |FAdder_4bit:u1|             ; 6 (0)               ; 0 (0)                     ; 0                 ; 0          ; 0    ; 0            ; |Calculator|binconv:b11|FAdder:u7|FAdder_4bit:u1                                                      ; FAdder_4bit  ; work         ;
;             |FAdder_1bit:u0|          ; 2 (2)               ; 0 (0)                     ; 0                 ; 0          ; 0    ; 0            ; |Calculator|binconv:b11|FAdder:u7|FAdder_4bit:u1|FAdder_1bit:u0                                       ; FAdder_1bit  ; work         ;
;             |FAdder_1bit:u1|          ; 1 (1)               ; 0 (0)                     ; 0                 ; 0          ; 0    ; 0            ; |Calculator|binconv:b11|FAdder:u7|FAdder_4bit:u1|FAdder_1bit:u1                                       ; FAdder_1bit  ; work         ;
;             |FAdder_1bit:u2|          ; 1 (1)               ; 0 (0)                     ; 0                 ; 0          ; 0    ; 0            ; |Calculator|binconv:b11|FAdder:u7|FAdder_4bit:u1|FAdder_1bit:u2                                       ; FAdder_1bit  ; work         ;
;             |FAdder_1bit:u3|          ; 2 (2)               ; 0 (0)                     ; 0                 ; 0          ; 0    ; 0            ; |Calculator|binconv:b11|FAdder:u7|FAdder_4bit:u1|FAdder_1bit:u3                                       ; FAdder_1bit  ; work         ;
;          |FAdder_4bit:u2|             ; 5 (0)               ; 0 (0)                     ; 0                 ; 0          ; 0    ; 0            ; |Calculator|binconv:b11|FAdder:u7|FAdder_4bit:u2                                                      ; FAdder_4bit  ; work         ;
;             |FAdder_1bit:u1|          ; 3 (3)               ; 0 (0)                     ; 0                 ; 0          ; 0    ; 0            ; |Calculator|binconv:b11|FAdder:u7|FAdder_4bit:u2|FAdder_1bit:u1                                       ; FAdder_1bit  ; work         ;
;             |FAdder_1bit:u2|          ; 2 (2)               ; 0 (0)                     ; 0                 ; 0          ; 0    ; 0            ; |Calculator|binconv:b11|FAdder:u7|FAdder_4bit:u2|FAdder_1bit:u2                                       ; FAdder_1bit  ; work         ;
;          |FAdder_4bit:u3|             ; 2 (0)               ; 0 (0)                     ; 0                 ; 0          ; 0    ; 0            ; |Calculator|binconv:b11|FAdder:u7|FAdder_4bit:u3                                                      ; FAdder_4bit  ; work         ;
;             |FAdder_1bit:u0|          ; 2 (2)               ; 0 (0)                     ; 0                 ; 0          ; 0    ; 0            ; |Calculator|binconv:b11|FAdder:u7|FAdder_4bit:u3|FAdder_1bit:u0                                       ; FAdder_1bit  ; work         ;
;       |FAdder:u9|                     ; 8 (0)               ; 0 (0)                     ; 0                 ; 0          ; 0    ; 0            ; |Calculator|binconv:b11|FAdder:u9                                                                     ; FAdder       ; work         ;
;          |FAdder_4bit:u0|             ; 2 (0)               ; 0 (0)                     ; 0                 ; 0          ; 0    ; 0            ; |Calculator|binconv:b11|FAdder:u9|FAdder_4bit:u0                                                      ; FAdder_4bit  ; work         ;
;             |FAdder_1bit:u1|          ; 1 (1)               ; 0 (0)                     ; 0                 ; 0          ; 0    ; 0            ; |Calculator|binconv:b11|FAdder:u9|FAdder_4bit:u0|FAdder_1bit:u1                                       ; FAdder_1bit  ; work         ;
;             |FAdder_1bit:u2|          ; 1 (1)               ; 0 (0)                     ; 0                 ; 0          ; 0    ; 0            ; |Calculator|binconv:b11|FAdder:u9|FAdder_4bit:u0|FAdder_1bit:u2                                       ; FAdder_1bit  ; work         ;
;          |FAdder_4bit:u1|             ; 2 (0)               ; 0 (0)                     ; 0                 ; 0          ; 0    ; 0            ; |Calculator|binconv:b11|FAdder:u9|FAdder_4bit:u1                                                      ; FAdder_4bit  ; work         ;
;             |FAdder_1bit:u0|          ; 1 (1)               ; 0 (0)                     ; 0                 ; 0          ; 0    ; 0            ; |Calculator|binconv:b11|FAdder:u9|FAdder_4bit:u1|FAdder_1bit:u0                                       ; FAdder_1bit  ; work         ;
;             |FAdder_1bit:u2|          ; 1 (1)               ; 0 (0)                     ; 0                 ; 0          ; 0    ; 0            ; |Calculator|binconv:b11|FAdder:u9|FAdder_4bit:u1|FAdder_1bit:u2                                       ; FAdder_1bit  ; work         ;
;          |FAdder_4bit:u2|             ; 3 (0)               ; 0 (0)                     ; 0                 ; 0          ; 0    ; 0            ; |Calculator|binconv:b11|FAdder:u9|FAdder_4bit:u2                                                      ; FAdder_4bit  ; work         ;
;             |FAdder_1bit:u0|          ; 1 (1)               ; 0 (0)                     ; 0                 ; 0          ; 0    ; 0            ; |Calculator|binconv:b11|FAdder:u9|FAdder_4bit:u2|FAdder_1bit:u0                                       ; FAdder_1bit  ; work         ;
;             |FAdder_1bit:u1|          ; 1 (1)               ; 0 (0)                     ; 0                 ; 0          ; 0    ; 0            ; |Calculator|binconv:b11|FAdder:u9|FAdder_4bit:u2|FAdder_1bit:u1                                       ; FAdder_1bit  ; work         ;
;             |FAdder_1bit:u3|          ; 1 (1)               ; 0 (0)                     ; 0                 ; 0          ; 0    ; 0            ; |Calculator|binconv:b11|FAdder:u9|FAdder_4bit:u2|FAdder_1bit:u3                                       ; FAdder_1bit  ; work         ;
;          |FAdder_4bit:u3|             ; 1 (0)               ; 0 (0)                     ; 0                 ; 0          ; 0    ; 0            ; |Calculator|binconv:b11|FAdder:u9|FAdder_4bit:u3                                                      ; FAdder_4bit  ; work         ;
;             |FAdder_1bit:u0|          ; 1 (1)               ; 0 (0)                     ; 0                 ; 0          ; 0    ; 0            ; |Calculator|binconv:b11|FAdder:u9|FAdder_4bit:u3|FAdder_1bit:u0                                       ; FAdder_1bit  ; work         ;
;       |Multiplier:u1|                 ; 1 (0)               ; 0 (0)                     ; 0                 ; 0          ; 0    ; 0            ; |Calculator|binconv:b11|Multiplier:u1                                                                 ; Multiplier   ; work         ;
;          |Mul_4bit:u1|                ; 1 (0)               ; 0 (0)                     ; 0                 ; 0          ; 0    ; 0            ; |Calculator|binconv:b11|Multiplier:u1|Mul_4bit:u1                                                     ; Mul_4bit     ; work         ;
;             |altAdder:u7|             ; 1 (0)               ; 0 (0)                     ; 0                 ; 0          ; 0    ; 0            ; |Calculator|binconv:b11|Multiplier:u1|Mul_4bit:u1|altAdder:u7                                         ; altAdder     ; work         ;
;                |FAdder:u1|            ; 1 (0)               ; 0 (0)                     ; 0                 ; 0          ; 0    ; 0            ; |Calculator|binconv:b11|Multiplier:u1|Mul_4bit:u1|altAdder:u7|FAdder:u1                               ; FAdder       ; work         ;
;                   |FAdder_4bit:u0|    ; 1 (0)               ; 0 (0)                     ; 0                 ; 0          ; 0    ; 0            ; |Calculator|binconv:b11|Multiplier:u1|Mul_4bit:u1|altAdder:u7|FAdder:u1|FAdder_4bit:u0                ; FAdder_4bit  ; work         ;
;                      |FAdder_1bit:u1| ; 1 (1)               ; 0 (0)                     ; 0                 ; 0          ; 0    ; 0            ; |Calculator|binconv:b11|Multiplier:u1|Mul_4bit:u1|altAdder:u7|FAdder:u1|FAdder_4bit:u0|FAdder_1bit:u1 ; FAdder_1bit  ; work         ;
;       |Multiplier:u2|                 ; 6 (0)               ; 0 (0)                     ; 0                 ; 0          ; 0    ; 0            ; |Calculator|binconv:b11|Multiplier:u2                                                                 ; Multiplier   ; work         ;
;          |FAdder_32bit:u5|            ; 5 (0)               ; 0 (0)                     ; 0                 ; 0          ; 0    ; 0            ; |Calculator|binconv:b11|Multiplier:u2|FAdder_32bit:u5                                                 ; FAdder_32bit ; work         ;
;             |FAdder:u0|               ; 5 (0)               ; 0 (0)                     ; 0                 ; 0          ; 0    ; 0            ; |Calculator|binconv:b11|Multiplier:u2|FAdder_32bit:u5|FAdder:u0                                       ; FAdder       ; work         ;
;                |FAdder_4bit:u1|       ; 3 (0)               ; 0 (0)                     ; 0                 ; 0          ; 0    ; 0            ; |Calculator|binconv:b11|Multiplier:u2|FAdder_32bit:u5|FAdder:u0|FAdder_4bit:u1                        ; FAdder_4bit  ; work         ;
;                   |FAdder_1bit:u1|    ; 1 (1)               ; 0 (0)                     ; 0                 ; 0          ; 0    ; 0            ; |Calculator|binconv:b11|Multiplier:u2|FAdder_32bit:u5|FAdder:u0|FAdder_4bit:u1|FAdder_1bit:u1         ; FAdder_1bit  ; work         ;
;                   |FAdder_1bit:u2|    ; 1 (1)               ; 0 (0)                     ; 0                 ; 0          ; 0    ; 0            ; |Calculator|binconv:b11|Multiplier:u2|FAdder_32bit:u5|FAdder:u0|FAdder_4bit:u1|FAdder_1bit:u2         ; FAdder_1bit  ; work         ;
;                   |FAdder_1bit:u3|    ; 1 (1)               ; 0 (0)                     ; 0                 ; 0          ; 0    ; 0            ; |Calculator|binconv:b11|Multiplier:u2|FAdder_32bit:u5|FAdder:u0|FAdder_4bit:u1|FAdder_1bit:u3         ; FAdder_1bit  ; work         ;
;                |FAdder_4bit:u2|       ; 2 (0)               ; 0 (0)                     ; 0                 ; 0          ; 0    ; 0            ; |Calculator|binconv:b11|Multiplier:u2|FAdder_32bit:u5|FAdder:u0|FAdder_4bit:u2                        ; FAdder_4bit  ; work         ;
;                   |FAdder_1bit:u0|    ; 1 (1)               ; 0 (0)                     ; 0                 ; 0          ; 0    ; 0            ; |Calculator|binconv:b11|Multiplier:u2|FAdder_32bit:u5|FAdder:u0|FAdder_4bit:u2|FAdder_1bit:u0         ; FAdder_1bit  ; work         ;
;                   |FAdder_1bit:u2|    ; 1 (1)               ; 0 (0)                     ; 0                 ; 0          ; 0    ; 0            ; |Calculator|binconv:b11|Multiplier:u2|FAdder_32bit:u5|FAdder:u0|FAdder_4bit:u2|FAdder_1bit:u2         ; FAdder_1bit  ; work         ;
;          |Mul_4bit:u2|                ; 1 (0)               ; 0 (0)                     ; 0                 ; 0          ; 0    ; 0            ; |Calculator|binconv:b11|Multiplier:u2|Mul_4bit:u2                                                     ; Mul_4bit     ; work         ;
;             |altAdder:u5|             ; 1 (0)               ; 0 (0)                     ; 0                 ; 0          ; 0    ; 0            ; |Calculator|binconv:b11|Multiplier:u2|Mul_4bit:u2|altAdder:u5                                         ; altAdder     ; work         ;
;                |FAdder:u1|            ; 1 (0)               ; 0 (0)                     ; 0                 ; 0          ; 0    ; 0            ; |Calculator|binconv:b11|Multiplier:u2|Mul_4bit:u2|altAdder:u5|FAdder:u1                               ; FAdder       ; work         ;
;                   |FAdder_4bit:u0|    ; 1 (0)               ; 0 (0)                     ; 0                 ; 0          ; 0    ; 0            ; |Calculator|binconv:b11|Multiplier:u2|Mul_4bit:u2|altAdder:u5|FAdder:u1|FAdder_4bit:u0                ; FAdder_4bit  ; work         ;
;                      |FAdder_1bit:u3| ; 1 (1)               ; 0 (0)                     ; 0                 ; 0          ; 0    ; 0            ; |Calculator|binconv:b11|Multiplier:u2|Mul_4bit:u2|altAdder:u5|FAdder:u1|FAdder_4bit:u0|FAdder_1bit:u3 ; FAdder_1bit  ; work         ;
;       |Multiplier:u3|                 ; 9 (0)               ; 0 (0)                     ; 0                 ; 0          ; 0    ; 0            ; |Calculator|binconv:b11|Multiplier:u3                                                                 ; Multiplier   ; work         ;
;          |FAdder_32bit:u5|            ; 3 (0)               ; 0 (0)                     ; 0                 ; 0          ; 0    ; 0            ; |Calculator|binconv:b11|Multiplier:u3|FAdder_32bit:u5                                                 ; FAdder_32bit ; work         ;
;             |FAdder:u0|               ; 3 (0)               ; 0 (0)                     ; 0                 ; 0          ; 0    ; 0            ; |Calculator|binconv:b11|Multiplier:u3|FAdder_32bit:u5|FAdder:u0                                       ; FAdder       ; work         ;
;                |FAdder_4bit:u1|       ; 3 (0)               ; 0 (0)                     ; 0                 ; 0          ; 0    ; 0            ; |Calculator|binconv:b11|Multiplier:u3|FAdder_32bit:u5|FAdder:u0|FAdder_4bit:u1                        ; FAdder_4bit  ; work         ;
;                   |FAdder_1bit:u1|    ; 1 (1)               ; 0 (0)                     ; 0                 ; 0          ; 0    ; 0            ; |Calculator|binconv:b11|Multiplier:u3|FAdder_32bit:u5|FAdder:u0|FAdder_4bit:u1|FAdder_1bit:u1         ; FAdder_1bit  ; work         ;
;                   |FAdder_1bit:u2|    ; 1 (1)               ; 0 (0)                     ; 0                 ; 0          ; 0    ; 0            ; |Calculator|binconv:b11|Multiplier:u3|FAdder_32bit:u5|FAdder:u0|FAdder_4bit:u1|FAdder_1bit:u2         ; FAdder_1bit  ; work         ;
;                   |FAdder_1bit:u3|    ; 1 (1)               ; 0 (0)                     ; 0                 ; 0          ; 0    ; 0            ; |Calculator|binconv:b11|Multiplier:u3|FAdder_32bit:u5|FAdder:u0|FAdder_4bit:u1|FAdder_1bit:u3         ; FAdder_1bit  ; work         ;
;          |FAdder_32bit:u7|            ; 6 (0)               ; 0 (0)                     ; 0                 ; 0          ; 0    ; 0            ; |Calculator|binconv:b11|Multiplier:u3|FAdder_32bit:u7                                                 ; FAdder_32bit ; work         ;
;             |FAdder:u0|               ; 6 (0)               ; 0 (0)                     ; 0                 ; 0          ; 0    ; 0            ; |Calculator|binconv:b11|Multiplier:u3|FAdder_32bit:u7|FAdder:u0                                       ; FAdder       ; work         ;
;                |FAdder_4bit:u2|       ; 4 (0)               ; 0 (0)                     ; 0                 ; 0          ; 0    ; 0            ; |Calculator|binconv:b11|Multiplier:u3|FAdder_32bit:u7|FAdder:u0|FAdder_4bit:u2                        ; FAdder_4bit  ; work         ;
;                   |FAdder_1bit:u0|    ; 1 (1)               ; 0 (0)                     ; 0                 ; 0          ; 0    ; 0            ; |Calculator|binconv:b11|Multiplier:u3|FAdder_32bit:u7|FAdder:u0|FAdder_4bit:u2|FAdder_1bit:u0         ; FAdder_1bit  ; work         ;
;                   |FAdder_1bit:u1|    ; 1 (1)               ; 0 (0)                     ; 0                 ; 0          ; 0    ; 0            ; |Calculator|binconv:b11|Multiplier:u3|FAdder_32bit:u7|FAdder:u0|FAdder_4bit:u2|FAdder_1bit:u1         ; FAdder_1bit  ; work         ;
;                   |FAdder_1bit:u2|    ; 1 (1)               ; 0 (0)                     ; 0                 ; 0          ; 0    ; 0            ; |Calculator|binconv:b11|Multiplier:u3|FAdder_32bit:u7|FAdder:u0|FAdder_4bit:u2|FAdder_1bit:u2         ; FAdder_1bit  ; work         ;
;                   |FAdder_1bit:u3|    ; 1 (1)               ; 0 (0)                     ; 0                 ; 0          ; 0    ; 0            ; |Calculator|binconv:b11|Multiplier:u3|FAdder_32bit:u7|FAdder:u0|FAdder_4bit:u2|FAdder_1bit:u3         ; FAdder_1bit  ; work         ;
;                |FAdder_4bit:u3|       ; 2 (0)               ; 0 (0)                     ; 0                 ; 0          ; 0    ; 0            ; |Calculator|binconv:b11|Multiplier:u3|FAdder_32bit:u7|FAdder:u0|FAdder_4bit:u3                        ; FAdder_4bit  ; work         ;
;                   |FAdder_1bit:u0|    ; 1 (1)               ; 0 (0)                     ; 0                 ; 0          ; 0    ; 0            ; |Calculator|binconv:b11|Multiplier:u3|FAdder_32bit:u7|FAdder:u0|FAdder_4bit:u3|FAdder_1bit:u0         ; FAdder_1bit  ; work         ;
;                   |FAdder_1bit:u1|    ; 1 (1)               ; 0 (0)                     ; 0                 ; 0          ; 0    ; 0            ; |Calculator|binconv:b11|Multiplier:u3|FAdder_32bit:u7|FAdder:u0|FAdder_4bit:u3|FAdder_1bit:u1         ; FAdder_1bit  ; work         ;
+---------------------------------------+---------------------+---------------------------+-------------------+------------+------+--------------+-------------------------------------------------------------------------------------------------------+--------------+--------------+
Note: For table entries with two numbers listed, the numbers in parentheses indicate the number of resources of the given type used by the specific entity alone. The numbers listed outside of parentheses indicate the total resources of the given type used by the specific entity and all of its sub-entities in the hierarchy.


+------------------------------------------------------+
; General Register Statistics                          ;
+----------------------------------------------+-------+
; Statistic                                    ; Value ;
+----------------------------------------------+-------+
; Total registers                              ; 0     ;
; Number of registers using Synchronous Clear  ; 0     ;
; Number of registers using Synchronous Load   ; 0     ;
; Number of registers using Asynchronous Clear ; 0     ;
; Number of registers using Asynchronous Load  ; 0     ;
; Number of registers using Clock Enable       ; 0     ;
; Number of registers using Preset             ; 0     ;
+----------------------------------------------+-------+


+------------------------------------------------------------------------------------------------------------------------------------------+
; Multiplexer Restructuring Statistics (Restructuring Performed)                                                                           ;
+--------------------+-----------+---------------+----------------------+------------------------+------------+----------------------------+
; Multiplexer Inputs ; Bus Width ; Baseline Area ; Area if Restructured ; Saving if Restructured ; Registered ; Example Multiplexer Output ;
+--------------------+-----------+---------------+----------------------+------------------------+------------+----------------------------+
; 11:1               ; 14 bits   ; 98 LEs        ; 98 LEs               ; 0 LEs                  ; No         ; |Calculator|Mux10          ;
+--------------------+-----------+---------------+----------------------+------------------------+------------+----------------------------+


+--------------------------------------------------------------------------------------------------------------------+
; Port Connectivity Checks: "bcdconv:bcd|Divider:u5"                                                                 ;
+----------+--------+----------+-------------------------------------------------------------------------------------+
; Port     ; Type   ; Severity ; Details                                                                             ;
+----------+--------+----------+-------------------------------------------------------------------------------------+
; b[15..4] ; Input  ; Info     ; Stuck at GND                                                                        ;
; b[3]     ; Input  ; Info     ; Stuck at VCC                                                                        ;
; b[2]     ; Input  ; Info     ; Stuck at GND                                                                        ;
; b[1]     ; Input  ; Info     ; Stuck at VCC                                                                        ;
; b[0]     ; Input  ; Info     ; Stuck at GND                                                                        ;
; r[15..4] ; Output ; Info     ; Connected to dangling logic. Logic that only feeds a dangling port will be removed. ;
; q        ; Output ; Info     ; Connected to dangling logic. Logic that only feeds a dangling port will be removed. ;
+----------+--------+----------+-------------------------------------------------------------------------------------+


+--------------------------------------------------------------------------------------------------------------------+
; Port Connectivity Checks: "bcdconv:bcd|Divider:u4"                                                                 ;
+----------+--------+----------+-------------------------------------------------------------------------------------+
; Port     ; Type   ; Severity ; Details                                                                             ;
+----------+--------+----------+-------------------------------------------------------------------------------------+
; b[15..4] ; Input  ; Info     ; Stuck at GND                                                                        ;
; b[3]     ; Input  ; Info     ; Stuck at VCC                                                                        ;
; b[2]     ; Input  ; Info     ; Stuck at GND                                                                        ;
; b[1]     ; Input  ; Info     ; Stuck at VCC                                                                        ;
; b[0]     ; Input  ; Info     ; Stuck at GND                                                                        ;
; r[15..4] ; Output ; Info     ; Connected to dangling logic. Logic that only feeds a dangling port will be removed. ;
+----------+--------+----------+-------------------------------------------------------------------------------------+


+--------------------------------------------------------------------------------------------------------------------+
; Port Connectivity Checks: "bcdconv:bcd|Divider:u3"                                                                 ;
+----------+--------+----------+-------------------------------------------------------------------------------------+
; Port     ; Type   ; Severity ; Details                                                                             ;
+----------+--------+----------+-------------------------------------------------------------------------------------+
; b[15..4] ; Input  ; Info     ; Stuck at GND                                                                        ;
; b[3]     ; Input  ; Info     ; Stuck at VCC                                                                        ;
; b[2]     ; Input  ; Info     ; Stuck at GND                                                                        ;
; b[1]     ; Input  ; Info     ; Stuck at VCC                                                                        ;
; b[0]     ; Input  ; Info     ; Stuck at GND                                                                        ;
; r[15..4] ; Output ; Info     ; Connected to dangling logic. Logic that only feeds a dangling port will be removed. ;
+----------+--------+----------+-------------------------------------------------------------------------------------+


+--------------------------------------------------------------------------------------------------------------------+
; Port Connectivity Checks: "bcdconv:bcd|Divider:u2"                                                                 ;
+----------+--------+----------+-------------------------------------------------------------------------------------+
; Port     ; Type   ; Severity ; Details                                                                             ;
+----------+--------+----------+-------------------------------------------------------------------------------------+
; b[15..4] ; Input  ; Info     ; Stuck at GND                                                                        ;
; b[3]     ; Input  ; Info     ; Stuck at VCC                                                                        ;
; b[2]     ; Input  ; Info     ; Stuck at GND                                                                        ;
; b[1]     ; Input  ; Info     ; Stuck at VCC                                                                        ;
; b[0]     ; Input  ; Info     ; Stuck at GND                                                                        ;
; r[15..4] ; Output ; Info     ; Connected to dangling logic. Logic that only feeds a dangling port will be removed. ;
+----------+--------+----------+-------------------------------------------------------------------------------------+


+--------------------------------------------------------------------------------------------------------------------+
; Port Connectivity Checks: "bcdconv:bcd|Divider:u1"                                                                 ;
+----------+--------+----------+-------------------------------------------------------------------------------------+
; Port     ; Type   ; Severity ; Details                                                                             ;
+----------+--------+----------+-------------------------------------------------------------------------------------+
; b[15..4] ; Input  ; Info     ; Stuck at GND                                                                        ;
; b[3]     ; Input  ; Info     ; Stuck at VCC                                                                        ;
; b[2]     ; Input  ; Info     ; Stuck at GND                                                                        ;
; b[1]     ; Input  ; Info     ; Stuck at VCC                                                                        ;
; b[0]     ; Input  ; Info     ; Stuck at GND                                                                        ;
; r[15..4] ; Output ; Info     ; Connected to dangling logic. Logic that only feeds a dangling port will be removed. ;
+----------+--------+----------+-------------------------------------------------------------------------------------+


+----------------------------------------------------------------------------------------------------------------+
; Port Connectivity Checks: "bcdconv:bcd|FAdder:v1"                                                              ;
+------+--------+----------+-------------------------------------------------------------------------------------+
; Port ; Type   ; Severity ; Details                                                                             ;
+------+--------+----------+-------------------------------------------------------------------------------------+
; a    ; Input  ; Info     ; Stuck at GND                                                                        ;
; ci   ; Input  ; Info     ; Stuck at VCC                                                                        ;
; co   ; Output ; Info     ; Connected to dangling logic. Logic that only feeds a dangling port will be removed. ;
+------+--------+----------+-------------------------------------------------------------------------------------+


+----------------------------------------------------------------------------------------------------------------+
; Port Connectivity Checks: "Divider:div|FAdder:v4"                                                              ;
+------+--------+----------+-------------------------------------------------------------------------------------+
; Port ; Type   ; Severity ; Details                                                                             ;
+------+--------+----------+-------------------------------------------------------------------------------------+
; a    ; Input  ; Info     ; Stuck at GND                                                                        ;
; ci   ; Input  ; Info     ; Stuck at VCC                                                                        ;
; co   ; Output ; Info     ; Connected to dangling logic. Logic that only feeds a dangling port will be removed. ;
+------+--------+----------+-------------------------------------------------------------------------------------+


+----------------------------------------------------------------------------------------------------------------+
; Port Connectivity Checks: "Divider:div|FAdder:v3"                                                              ;
+------+--------+----------+-------------------------------------------------------------------------------------+
; Port ; Type   ; Severity ; Details                                                                             ;
+------+--------+----------+-------------------------------------------------------------------------------------+
; a    ; Input  ; Info     ; Stuck at GND                                                                        ;
; ci   ; Input  ; Info     ; Stuck at VCC                                                                        ;
; co   ; Output ; Info     ; Connected to dangling logic. Logic that only feeds a dangling port will be removed. ;
+------+--------+----------+-------------------------------------------------------------------------------------+


+-----------------------------------------------------------------+
; Port Connectivity Checks: "Divider:div|pu4s:u1|pu:u1|FAdder:u1" ;
+------+-------+----------+---------------------------------------+
; Port ; Type  ; Severity ; Details                               ;
+------+-------+----------+---------------------------------------+
; ci   ; Input ; Info     ; Stuck at VCC                          ;
+------+-------+----------+---------------------------------------+


+-------------------------------------------------+
; Port Connectivity Checks: "Divider:div|pu4s:u1" ;
+------+-------+----------+-----------------------+
; Port ; Type  ; Severity ; Details               ;
+------+-------+----------+-----------------------+
; a    ; Input ; Info     ; Stuck at GND          ;
+------+-------+----------+-----------------------+


+----------------------------------------------------------------------------------------------------------------+
; Port Connectivity Checks: "Divider:div|FAdder:v2"                                                              ;
+------+--------+----------+-------------------------------------------------------------------------------------+
; Port ; Type   ; Severity ; Details                                                                             ;
+------+--------+----------+-------------------------------------------------------------------------------------+
; a    ; Input  ; Info     ; Stuck at GND                                                                        ;
; ci   ; Input  ; Info     ; Stuck at VCC                                                                        ;
; co   ; Output ; Info     ; Connected to dangling logic. Logic that only feeds a dangling port will be removed. ;
+------+--------+----------+-------------------------------------------------------------------------------------+


+----------------------------------------------------------------------------------------------------------------+
; Port Connectivity Checks: "Divider:div|FAdder:v1"                                                              ;
+------+--------+----------+-------------------------------------------------------------------------------------+
; Port ; Type   ; Severity ; Details                                                                             ;
+------+--------+----------+-------------------------------------------------------------------------------------+
; a    ; Input  ; Info     ; Stuck at GND                                                                        ;
; ci   ; Input  ; Info     ; Stuck at VCC                                                                        ;
; co   ; Output ; Info     ; Connected to dangling logic. Logic that only feeds a dangling port will be removed. ;
+------+--------+----------+-------------------------------------------------------------------------------------+


+----------------------------------------------------------------------------------------------------------------+
; Port Connectivity Checks: "FAdder:dif"                                                                         ;
+------+--------+----------+-------------------------------------------------------------------------------------+
; Port ; Type   ; Severity ; Details                                                                             ;
+------+--------+----------+-------------------------------------------------------------------------------------+
; ci   ; Input  ; Info     ; Stuck at VCC                                                                        ;
; co   ; Output ; Info     ; Connected to dangling logic. Logic that only feeds a dangling port will be removed. ;
+------+--------+----------+-------------------------------------------------------------------------------------+


+----------------------------------------------------------------------------------------------------------------+
; Port Connectivity Checks: "FAdder:sum"                                                                         ;
+------+--------+----------+-------------------------------------------------------------------------------------+
; Port ; Type   ; Severity ; Details                                                                             ;
+------+--------+----------+-------------------------------------------------------------------------------------+
; ci   ; Input  ; Info     ; Stuck at GND                                                                        ;
; co   ; Output ; Info     ; Connected to dangling logic. Logic that only feeds a dangling port will be removed. ;
+------+--------+----------+-------------------------------------------------------------------------------------+


+----------------------------------------------------------------------------------------------------------------+
; Port Connectivity Checks: "binconv:a11|FAdder:u9"                                                              ;
+------+--------+----------+-------------------------------------------------------------------------------------+
; Port ; Type   ; Severity ; Details                                                                             ;
+------+--------+----------+-------------------------------------------------------------------------------------+
; a    ; Input  ; Info     ; Stuck at GND                                                                        ;
; ci   ; Input  ; Info     ; Stuck at VCC                                                                        ;
; co   ; Output ; Info     ; Connected to dangling logic. Logic that only feeds a dangling port will be removed. ;
+------+--------+----------+-------------------------------------------------------------------------------------+


+----------------------------------------------------------------------------------------------------------------+
; Port Connectivity Checks: "binconv:a11|FAdder:u7"                                                              ;
+------+--------+----------+-------------------------------------------------------------------------------------+
; Port ; Type   ; Severity ; Details                                                                             ;
+------+--------+----------+-------------------------------------------------------------------------------------+
; ci   ; Input  ; Info     ; Stuck at GND                                                                        ;
; co   ; Output ; Info     ; Connected to dangling logic. Logic that only feeds a dangling port will be removed. ;
+------+--------+----------+-------------------------------------------------------------------------------------+


+----------------------------------------------------------------------------------------------------------------+
; Port Connectivity Checks: "binconv:a11|FAdder:u6"                                                              ;
+------+--------+----------+-------------------------------------------------------------------------------------+
; Port ; Type   ; Severity ; Details                                                                             ;
+------+--------+----------+-------------------------------------------------------------------------------------+
; ci   ; Input  ; Info     ; Stuck at GND                                                                        ;
; co   ; Output ; Info     ; Connected to dangling logic. Logic that only feeds a dangling port will be removed. ;
+------+--------+----------+-------------------------------------------------------------------------------------+


+--------------------------------------------------------------------------------------------------------------------+
; Port Connectivity Checks: "binconv:a11|FAdder:u5"                                                                  ;
+----------+--------+----------+-------------------------------------------------------------------------------------+
; Port     ; Type   ; Severity ; Details                                                                             ;
+----------+--------+----------+-------------------------------------------------------------------------------------+
; a[15..4] ; Input  ; Info     ; Stuck at GND                                                                        ;
; ci       ; Input  ; Info     ; Stuck at GND                                                                        ;
; co       ; Output ; Info     ; Connected to dangling logic. Logic that only feeds a dangling port will be removed. ;
+----------+--------+----------+-------------------------------------------------------------------------------------+


+------------------------------------------------------------------------------------------------------------------------+
; Port Connectivity Checks: "binconv:a11|Multiplier:u3"                                                                  ;
+--------------+--------+----------+-------------------------------------------------------------------------------------+
; Port         ; Type   ; Severity ; Details                                                                             ;
+--------------+--------+----------+-------------------------------------------------------------------------------------+
; a[15..4]     ; Input  ; Info     ; Stuck at GND                                                                        ;
; b[9..5]      ; Input  ; Info     ; Stuck at VCC                                                                        ;
; b[15..10]    ; Input  ; Info     ; Stuck at GND                                                                        ;
; b[2..0]      ; Input  ; Info     ; Stuck at GND                                                                        ;
; b[4]         ; Input  ; Info     ; Stuck at GND                                                                        ;
; b[3]         ; Input  ; Info     ; Stuck at VCC                                                                        ;
; prod[31..16] ; Output ; Info     ; Connected to dangling logic. Logic that only feeds a dangling port will be removed. ;
+--------------+--------+----------+-------------------------------------------------------------------------------------+


+------------------------------------------------------------------------------------------------------------------------+
; Port Connectivity Checks: "binconv:a11|Multiplier:u2"                                                                  ;
+--------------+--------+----------+-------------------------------------------------------------------------------------+
; Port         ; Type   ; Severity ; Details                                                                             ;
+--------------+--------+----------+-------------------------------------------------------------------------------------+
; a[15..4]     ; Input  ; Info     ; Stuck at GND                                                                        ;
; b[6..5]      ; Input  ; Info     ; Stuck at VCC                                                                        ;
; b[15..7]     ; Input  ; Info     ; Stuck at GND                                                                        ;
; b[4..3]      ; Input  ; Info     ; Stuck at GND                                                                        ;
; b[1..0]      ; Input  ; Info     ; Stuck at GND                                                                        ;
; b[2]         ; Input  ; Info     ; Stuck at VCC                                                                        ;
; prod[31..16] ; Output ; Info     ; Connected to dangling logic. Logic that only feeds a dangling port will be removed. ;
+--------------+--------+----------+-------------------------------------------------------------------------------------+


+----------------------------------------------------------------------------------------------------------------+
; Port Connectivity Checks: "binconv:a11|Multiplier:u1|FAdder_32bit:v3"                                          ;
+------+--------+----------+-------------------------------------------------------------------------------------+
; Port ; Type   ; Severity ; Details                                                                             ;
+------+--------+----------+-------------------------------------------------------------------------------------+
; a    ; Input  ; Info     ; Stuck at GND                                                                        ;
; ci   ; Input  ; Info     ; Stuck at VCC                                                                        ;
; co   ; Output ; Info     ; Connected to dangling logic. Logic that only feeds a dangling port will be removed. ;
+------+--------+----------+-------------------------------------------------------------------------------------+


+----------------------------------------------------------------------------------------------------------------+
; Port Connectivity Checks: "binconv:a11|Multiplier:u1|FAdder_32bit:u7"                                          ;
+------+--------+----------+-------------------------------------------------------------------------------------+
; Port ; Type   ; Severity ; Details                                                                             ;
+------+--------+----------+-------------------------------------------------------------------------------------+
; ci   ; Input  ; Info     ; Stuck at GND                                                                        ;
; co   ; Output ; Info     ; Connected to dangling logic. Logic that only feeds a dangling port will be removed. ;
+------+--------+----------+-------------------------------------------------------------------------------------+


+---------------------------------------------------------------------------------------------------------------------+
; Port Connectivity Checks: "binconv:a11|Multiplier:u1|FAdder_32bit:u6"                                               ;
+-----------+--------+----------+-------------------------------------------------------------------------------------+
; Port      ; Type   ; Severity ; Details                                                                             ;
+-----------+--------+----------+-------------------------------------------------------------------------------------+
; a[31..28] ; Input  ; Info     ; Stuck at GND                                                                        ;
; a[7..0]   ; Input  ; Info     ; Stuck at GND                                                                        ;
; b[11..0]  ; Input  ; Info     ; Stuck at GND                                                                        ;
; ci        ; Input  ; Info     ; Stuck at GND                                                                        ;
; co        ; Output ; Info     ; Connected to dangling logic. Logic that only feeds a dangling port will be removed. ;
+-----------+--------+----------+-------------------------------------------------------------------------------------+


+---------------------------------------------------------------------------------------------------------------------+
; Port Connectivity Checks: "binconv:a11|Multiplier:u1|FAdder_32bit:u5"                                               ;
+-----------+--------+----------+-------------------------------------------------------------------------------------+
; Port      ; Type   ; Severity ; Details                                                                             ;
+-----------+--------+----------+-------------------------------------------------------------------------------------+
; a[31..20] ; Input  ; Info     ; Stuck at GND                                                                        ;
; b[31..24] ; Input  ; Info     ; Stuck at GND                                                                        ;
; b[3..0]   ; Input  ; Info     ; Stuck at GND                                                                        ;
; ci        ; Input  ; Info     ; Stuck at GND                                                                        ;
; co        ; Output ; Info     ; Connected to dangling logic. Logic that only feeds a dangling port will be removed. ;
+-----------+--------+----------+-------------------------------------------------------------------------------------+


+-------------------------------------------------------------------------------+
; Port Connectivity Checks: "binconv:a11|Multiplier:u1|Mul_4bit:u1|altAdder:u7" ;
+------+-------+----------+-----------------------------------------------------+
; Port ; Type  ; Severity ; Details                                             ;
+------+-------+----------+-----------------------------------------------------+
; ci   ; Input ; Info     ; Stuck at GND                                        ;
+------+-------+----------+-----------------------------------------------------+


+-------------------------------------------------------------------------------+
; Port Connectivity Checks: "binconv:a11|Multiplier:u1|Mul_4bit:u1|altAdder:u5" ;
+------+-------+----------+-----------------------------------------------------+
; Port ; Type  ; Severity ; Details                                             ;
+------+-------+----------+-----------------------------------------------------+
; ci   ; Input ; Info     ; Stuck at GND                                        ;
+------+-------+----------+-----------------------------------------------------+


+-------------------------------------------------------------------------------+
; Port Connectivity Checks: "binconv:a11|Multiplier:u1|Mul_4bit:u1|altAdder:u3" ;
+-------+-------+----------+----------------------------------------------------+
; Port  ; Type  ; Severity ; Details                                            ;
+-------+-------+----------+----------------------------------------------------+
; a[15] ; Input ; Info     ; Stuck at GND                                       ;
; ci    ; Input ; Info     ; Stuck at GND                                       ;
+-------+-------+----------+----------------------------------------------------+


+----------------------------------------------------------------------------------------------------------------+
; Port Connectivity Checks: "binconv:a11|Multiplier:u1|FAdder:v2"                                                ;
+------+--------+----------+-------------------------------------------------------------------------------------+
; Port ; Type   ; Severity ; Details                                                                             ;
+------+--------+----------+-------------------------------------------------------------------------------------+
; a    ; Input  ; Info     ; Stuck at GND                                                                        ;
; ci   ; Input  ; Info     ; Stuck at VCC                                                                        ;
; co   ; Output ; Info     ; Connected to dangling logic. Logic that only feeds a dangling port will be removed. ;
+------+--------+----------+-------------------------------------------------------------------------------------+


+----------------------------------------------------------------------------------------------------------------+
; Port Connectivity Checks: "binconv:a11|Multiplier:u1|FAdder:v1"                                                ;
+------+--------+----------+-------------------------------------------------------------------------------------+
; Port ; Type   ; Severity ; Details                                                                             ;
+------+--------+----------+-------------------------------------------------------------------------------------+
; a    ; Input  ; Info     ; Stuck at GND                                                                        ;
; ci   ; Input  ; Info     ; Stuck at VCC                                                                        ;
; co   ; Output ; Info     ; Connected to dangling logic. Logic that only feeds a dangling port will be removed. ;
+------+--------+----------+-------------------------------------------------------------------------------------+


+------------------------------------------------------------------------------------------------------------------------+
; Port Connectivity Checks: "binconv:a11|Multiplier:u1"                                                                  ;
+--------------+--------+----------+-------------------------------------------------------------------------------------+
; Port         ; Type   ; Severity ; Details                                                                             ;
+--------------+--------+----------+-------------------------------------------------------------------------------------+
; a[15..4]     ; Input  ; Info     ; Stuck at GND                                                                        ;
; b[15..4]     ; Input  ; Info     ; Stuck at GND                                                                        ;
; b[3]         ; Input  ; Info     ; Stuck at VCC                                                                        ;
; b[2]         ; Input  ; Info     ; Stuck at GND                                                                        ;
; b[1]         ; Input  ; Info     ; Stuck at VCC                                                                        ;
; b[0]         ; Input  ; Info     ; Stuck at GND                                                                        ;
; prod[31..16] ; Output ; Info     ; Connected to dangling logic. Logic that only feeds a dangling port will be removed. ;
+--------------+--------+----------+-------------------------------------------------------------------------------------+


+-----------------------------------------------------+
; Post-Synthesis Netlist Statistics for Top Partition ;
+-----------------------+-----------------------------+
; Type                  ; Count                       ;
+-----------------------+-----------------------------+
; arriav_lcell_comb     ; 1658                        ;
;     extend            ; 21                          ;
;         7 data inputs ; 21                          ;
;     normal            ; 1637                        ;
;         1 data inputs ; 2                           ;
;         2 data inputs ; 102                         ;
;         3 data inputs ; 252                         ;
;         4 data inputs ; 453                         ;
;         5 data inputs ; 511                         ;
;         6 data inputs ; 317                         ;
; boundary_port         ; 110                         ;
;                       ;                             ;
; Max LUT depth         ; 147.00                      ;
; Average LUT depth     ; 110.32                      ;
+-----------------------+-----------------------------+


+-------------------------------+
; Elapsed Time Per Partition    ;
+----------------+--------------+
; Partition Name ; Elapsed Time ;
+----------------+--------------+
; Top            ; 00:00:52     ;
+----------------+--------------+


+-------------------------------+
; Analysis & Synthesis Messages ;
+-------------------------------+
Info: *******************************************************************
Info: Running Quartus Prime Analysis & Synthesis
    Info: Version 23.1std.0 Build 991 11/28/2023 SC Lite Edition
    Info: Processing started: Sun Jun 21 21:38:03 2026
Info: Command: quartus_map --read_settings_files=on --write_settings_files=off Calculator -c Calculator
Warning (18236): Number of processors has not been specified which may cause overloading on shared machines.  Set the global assignment NUM_PARALLEL_PROCESSORS in your QSF to an appropriate value for best performance.
Info (20030): Parallel compilation is enabled and will use 2 of the 2 processors detected
Info (12021): Found 2 design units, including 1 entities, in source file calculator.vhd
    Info (12022): Found design unit 1: Calculator-behavior File: C:/Users/Kidus/Documents/GitHub/First_DSD/16-bit Calculator/Calculator/Calculator.vhd Line: 15
    Info (12023): Found entity 1: Calculator File: C:/Users/Kidus/Documents/GitHub/First_DSD/16-bit Calculator/Calculator/Calculator.vhd Line: 4
Info (12021): Found 6 design units, including 3 entities, in source file fadder.vhd
    Info (12022): Found design unit 1: FAdder_1bit-behavior File: C:/Users/Kidus/Documents/GitHub/First_DSD/16-bit Calculator/Calculator/FAdder.vhd Line: 14
    Info (12022): Found design unit 2: FAdder_4bit-behavior File: C:/Users/Kidus/Documents/GitHub/First_DSD/16-bit Calculator/Calculator/FAdder.vhd Line: 37
    Info (12022): Found design unit 3: FAdder-behavior File: C:/Users/Kidus/Documents/GitHub/First_DSD/16-bit Calculator/Calculator/FAdder.vhd Line: 74
    Info (12023): Found entity 1: FAdder_1bit File: C:/Users/Kidus/Documents/GitHub/First_DSD/16-bit Calculator/Calculator/FAdder.vhd Line: 7
    Info (12023): Found entity 2: FAdder_4bit File: C:/Users/Kidus/Documents/GitHub/First_DSD/16-bit Calculator/Calculator/FAdder.vhd Line: 28
    Info (12023): Found entity 3: FAdder File: C:/Users/Kidus/Documents/GitHub/First_DSD/16-bit Calculator/Calculator/FAdder.vhd Line: 65
Warning (12019): Can't analyze file -- file ../Full-Adder/Multiplier.vhd is missing
Info (12021): Found 10 design units, including 5 entities, in source file multiplier.vhd
    Info (12022): Found design unit 1: altAdder-behavior File: C:/Users/Kidus/Documents/GitHub/First_DSD/16-bit Calculator/Calculator/Multiplier.vhd Line: 20
    Info (12022): Found design unit 2: FAdder_32bit-behavior File: C:/Users/Kidus/Documents/GitHub/First_DSD/16-bit Calculator/Calculator/Multiplier.vhd Line: 54
    Info (12022): Found design unit 3: Mul_1bit-behavior File: C:/Users/Kidus/Documents/GitHub/First_DSD/16-bit Calculator/Calculator/Multiplier.vhd Line: 85
    Info (12022): Found design unit 4: Mul_4bit-behavior File: C:/Users/Kidus/Documents/GitHub/First_DSD/16-bit Calculator/Calculator/Multiplier.vhd Line: 109
    Info (12022): Found design unit 5: Multiplier-behavior File: C:/Users/Kidus/Documents/GitHub/First_DSD/16-bit Calculator/Calculator/Multiplier.vhd Line: 161
    Info (12023): Found entity 1: altAdder File: C:/Users/Kidus/Documents/GitHub/First_DSD/16-bit Calculator/Calculator/Multiplier.vhd Line: 11
    Info (12023): Found entity 2: FAdder_32bit File: C:/Users/Kidus/Documents/GitHub/First_DSD/16-bit Calculator/Calculator/Multiplier.vhd Line: 45
    Info (12023): Found entity 3: Mul_1bit File: C:/Users/Kidus/Documents/GitHub/First_DSD/16-bit Calculator/Calculator/Multiplier.vhd Line: 77
    Info (12023): Found entity 4: Mul_4bit File: C:/Users/Kidus/Documents/GitHub/First_DSD/16-bit Calculator/Calculator/Multiplier.vhd Line: 101
    Info (12023): Found entity 5: Multiplier File: C:/Users/Kidus/Documents/GitHub/First_DSD/16-bit Calculator/Calculator/Multiplier.vhd Line: 154
Info (12021): Found 6 design units, including 3 entities, in source file divider.vhd
    Info (12022): Found design unit 1: pu-behavior File: C:/Users/Kidus/Documents/GitHub/First_DSD/16-bit Calculator/Calculator/Divider.vhd Line: 17
    Info (12022): Found design unit 2: pu4s-behavior File: C:/Users/Kidus/Documents/GitHub/First_DSD/16-bit Calculator/Calculator/Divider.vhd Line: 61
    Info (12022): Found design unit 3: Divider-behavior File: C:/Users/Kidus/Documents/GitHub/First_DSD/16-bit Calculator/Calculator/Divider.vhd Line: 100
    Info (12023): Found entity 1: pu File: C:/Users/Kidus/Documents/GitHub/First_DSD/16-bit Calculator/Calculator/Divider.vhd Line: 8
    Info (12023): Found entity 2: pu4s File: C:/Users/Kidus/Documents/GitHub/First_DSD/16-bit Calculator/Calculator/Divider.vhd Line: 52
    Info (12023): Found entity 3: Divider File: C:/Users/Kidus/Documents/GitHub/First_DSD/16-bit Calculator/Calculator/Divider.vhd Line: 93
Info (12127): Elaborating entity "Calculator" for the top level hierarchy
Warning (12125): Using design file binconv.vhd, which is not specified as a design file for the current project, but contains definitions for 2 design units and 1 entities in project
    Info (12022): Found design unit 1: binconv-behavior File: C:/Users/Kidus/Documents/GitHub/First_DSD/16-bit Calculator/Calculator/binconv.vhd Line: 12
    Info (12023): Found entity 1: binconv File: C:/Users/Kidus/Documents/GitHub/First_DSD/16-bit Calculator/Calculator/binconv.vhd Line: 4
Info (12128): Elaborating entity "binconv" for hierarchy "binconv:a11" File: C:/Users/Kidus/Documents/GitHub/First_DSD/16-bit Calculator/Calculator/Calculator.vhd Line: 68
Info (12128): Elaborating entity "Multiplier" for hierarchy "binconv:a11|Multiplier:u1" File: C:/Users/Kidus/Documents/GitHub/First_DSD/16-bit Calculator/Calculator/binconv.vhd Line: 41
Warning (10036): Verilog HDL or VHDL warning at Multiplier.vhd(201): object "c0" assigned a value but never read File: C:/Users/Kidus/Documents/GitHub/First_DSD/16-bit Calculator/Calculator/Multiplier.vhd Line: 201
Warning (10036): Verilog HDL or VHDL warning at Multiplier.vhd(201): object "c1" assigned a value but never read File: C:/Users/Kidus/Documents/GitHub/First_DSD/16-bit Calculator/Calculator/Multiplier.vhd Line: 201
Warning (10036): Verilog HDL or VHDL warning at Multiplier.vhd(201): object "c2" assigned a value but never read File: C:/Users/Kidus/Documents/GitHub/First_DSD/16-bit Calculator/Calculator/Multiplier.vhd Line: 201
Warning (10036): Verilog HDL or VHDL warning at Multiplier.vhd(201): object "c3" assigned a value but never read File: C:/Users/Kidus/Documents/GitHub/First_DSD/16-bit Calculator/Calculator/Multiplier.vhd Line: 201
Warning (10036): Verilog HDL or VHDL warning at Multiplier.vhd(201): object "c4" assigned a value but never read File: C:/Users/Kidus/Documents/GitHub/First_DSD/16-bit Calculator/Calculator/Multiplier.vhd Line: 201
Warning (10036): Verilog HDL or VHDL warning at Multiplier.vhd(201): object "c5" assigned a value but never read File: C:/Users/Kidus/Documents/GitHub/First_DSD/16-bit Calculator/Calculator/Multiplier.vhd Line: 201
Info (12128): Elaborating entity "FAdder" for hierarchy "binconv:a11|Multiplier:u1|FAdder:v1" File: C:/Users/Kidus/Documents/GitHub/First_DSD/16-bit Calculator/Calculator/Multiplier.vhd Line: 206
Info (12128): Elaborating entity "FAdder_4bit" for hierarchy "binconv:a11|Multiplier:u1|FAdder:v1|FAdder_4bit:u0" File: C:/Users/Kidus/Documents/GitHub/First_DSD/16-bit Calculator/Calculator/FAdder.vhd Line: 92
Info (12128): Elaborating entity "FAdder_1bit" for hierarchy "binconv:a11|Multiplier:u1|FAdder:v1|FAdder_4bit:u0|FAdder_1bit:u0" File: C:/Users/Kidus/Documents/GitHub/First_DSD/16-bit Calculator/Calculator/FAdder.vhd Line: 53
Info (12128): Elaborating entity "Mul_4bit" for hierarchy "binconv:a11|Multiplier:u1|Mul_4bit:u1" File: C:/Users/Kidus/Documents/GitHub/First_DSD/16-bit Calculator/Calculator/Multiplier.vhd Line: 212
Info (12128): Elaborating entity "Mul_1bit" for hierarchy "binconv:a11|Multiplier:u1|Mul_4bit:u1|Mul_1bit:u1" File: C:/Users/Kidus/Documents/GitHub/First_DSD/16-bit Calculator/Calculator/Multiplier.vhd Line: 131
Info (12128): Elaborating entity "altAdder" for hierarchy "binconv:a11|Multiplier:u1|Mul_4bit:u1|altAdder:u3" File: C:/Users/Kidus/Documents/GitHub/First_DSD/16-bit Calculator/Calculator/Multiplier.vhd Line: 136
Info (12128): Elaborating entity "FAdder_32bit" for hierarchy "binconv:a11|Multiplier:u1|FAdder_32bit:u5" File: C:/Users/Kidus/Documents/GitHub/First_DSD/16-bit Calculator/Calculator/Multiplier.vhd Line: 217
Info (12128): Elaborating entity "Divider" for hierarchy "Divider:div" File: C:/Users/Kidus/Documents/GitHub/First_DSD/16-bit Calculator/Calculator/Calculator.vhd Line: 77
Info (12128): Elaborating entity "pu4s" for hierarchy "Divider:div|pu4s:u1" File: C:/Users/Kidus/Documents/GitHub/First_DSD/16-bit Calculator/Calculator/Divider.vhd Line: 141
Info (12128): Elaborating entity "pu" for hierarchy "Divider:div|pu4s:u1|pu:u1" File: C:/Users/Kidus/Documents/GitHub/First_DSD/16-bit Calculator/Calculator/Divider.vhd Line: 79
Warning (12125): Using design file bcdconv.vhd, which is not specified as a design file for the current project, but contains definitions for 2 design units and 1 entities in project
    Info (12022): Found design unit 1: bcdconv-behavior File: C:/Users/Kidus/Documents/GitHub/First_DSD/16-bit Calculator/Calculator/bcdconv.vhd Line: 15
    Info (12023): Found entity 1: bcdconv File: C:/Users/Kidus/Documents/GitHub/First_DSD/16-bit Calculator/Calculator/bcdconv.vhd Line: 7
Info (12128): Elaborating entity "bcdconv" for hierarchy "bcdconv:bcd" File: C:/Users/Kidus/Documents/GitHub/First_DSD/16-bit Calculator/Calculator/Calculator.vhd Line: 115
Info (286030): Timing-Driven Synthesis is running
Info (16010): Generating hard_block partition "hard_block:auto_generated_inst"
    Info (16011): Adding 0 node(s), including 0 DDIO, 0 PLL, 0 transceiver and 0 LCELL
Info (21057): Implemented 1766 device resources after synthesis - the final resource count might be different
    Info (21058): Implemented 37 input pins
    Info (21059): Implemented 73 output pins
    Info (21061): Implemented 1656 logic cells
Info: Quartus Prime Analysis & Synthesis was successful. 0 errors, 10 warnings
    Info: Peak virtual memory: 4953 megabytes
    Info: Processing ended: Sun Jun 21 21:39:39 2026
    Info: Elapsed time: 00:01:36
    Info: Total CPU time (on all processors): 00:01:13


