Fitter report for Calculator
Sun Jun 21 21:41:53 2026
Quartus Prime Version 23.1std.0 Build 991 11/28/2023 SC Lite Edition


---------------------
; Table of Contents ;
---------------------
  1. Legal Notice
  2. Fitter Summary
  3. Fitter Settings
  4. Parallel Compilation
  5. Incremental Compilation Preservation Summary
  6. Incremental Compilation Partition Settings
  7. Incremental Compilation Placement Preservation
  8. Pin-Out File
  9. Fitter Resource Usage Summary
 10. Fitter Partition Statistics
 11. Input Pins
 12. Output Pins
 13. I/O Bank Usage
 14. All Package Pins
 15. I/O Assignment Warnings
 16. Fitter Resource Utilization by Entity
 17. Delay Chain Summary
 18. Pad To Core Delay Chain Fanout
 19. Routing Usage Summary
 20. I/O Rules Summary
 21. I/O Rules Details
 22. I/O Rules Matrix
 23. Fitter Device Options
 24. Operating Settings and Conditions
 25. Fitter Messages
 26. Fitter Suppressed Messages



----------------
; Legal Notice ;
----------------
Copyright (C) 2023  Intel Corporation. All rights reserved.
Your use of Intel Corporation's design tools, logic functions 
and other software and tools, and any partner logic 
functions, and any output files from any of the foregoing 
(including device programming or simulation files), and any 
associated documentation or information are expressly subject 
to the terms and conditions of the Intel Program License 
Subscription Agreement, the Intel Quartus Prime License Agreement,
the Intel FPGA IP License Agreement, or other applicable license
agreement, including, without limitation, that your use is for
the sole purpose of programming logic devices manufactured by
Intel and sold by Intel or its authorized distributors.  Please
refer to the applicable agreement for further details, at
https://fpgasoftware.intel.com/eula.



+----------------------------------------------------------------------------------+
; Fitter Summary                                                                   ;
+---------------------------------+------------------------------------------------+
; Fitter Status                   ; Successful - Sun Jun 21 21:41:53 2026          ;
; Quartus Prime Version           ; 23.1std.0 Build 991 11/28/2023 SC Lite Edition ;
; Revision Name                   ; Calculator                                     ;
; Top-level Entity Name           ; Calculator                                     ;
; Family                          ; Cyclone V                                      ;
; Device                          ; 5CSEMA5F31C6                                   ;
; Timing Models                   ; Final                                          ;
; Logic utilization (in ALMs)     ; 990 / 32,070 ( 3 % )                           ;
; Total registers                 ; 0                                              ;
; Total pins                      ; 110 / 457 ( 24 % )                             ;
; Total virtual pins              ; 0                                              ;
; Total block memory bits         ; 0 / 4,065,280 ( 0 % )                          ;
; Total RAM Blocks                ; 0 / 397 ( 0 % )                                ;
; Total DSP Blocks                ; 0 / 87 ( 0 % )                                 ;
; Total HSSI RX PCSs              ; 0                                              ;
; Total HSSI PMA RX Deserializers ; 0                                              ;
; Total HSSI TX PCSs              ; 0                                              ;
; Total HSSI PMA TX Serializers   ; 0                                              ;
; Total PLLs                      ; 0 / 6 ( 0 % )                                  ;
; Total DLLs                      ; 0 / 4 ( 0 % )                                  ;
+---------------------------------+------------------------------------------------+


+----------------------------------------------------------------------------------------------------------------------------------------------------+
; Fitter Settings                                                                                                                                    ;
+--------------------------------------------------------------------+---------------------------------------+---------------------------------------+
; Option                                                             ; Setting                               ; Default Value                         ;
+--------------------------------------------------------------------+---------------------------------------+---------------------------------------+
; Device                                                             ; 5CSEMA5F31C6                          ;                                       ;
; Minimum Core Junction Temperature                                  ; 0                                     ;                                       ;
; Maximum Core Junction Temperature                                  ; 85                                    ;                                       ;
; Use smart compilation                                              ; Off                                   ; Off                                   ;
; Enable parallel Assembler and Timing Analyzer during compilation   ; On                                    ; On                                    ;
; Enable compact report table                                        ; Off                                   ; Off                                   ;
; Router Timing Optimization Level                                   ; Normal                                ; Normal                                ;
; Perform Clocking Topology Analysis During Routing                  ; Off                                   ; Off                                   ;
; Placement Effort Multiplier                                        ; 1.0                                   ; 1.0                                   ;
; Device initialization clock source                                 ; INIT_INTOSC                           ; INIT_INTOSC                           ;
; Optimize Hold Timing                                               ; All Paths                             ; All Paths                             ;
; Optimize Multi-Corner Timing                                       ; On                                    ; On                                    ;
; Auto RAM to MLAB Conversion                                        ; On                                    ; On                                    ;
; Equivalent RAM and MLAB Power Up                                   ; Auto                                  ; Auto                                  ;
; Equivalent RAM and MLAB Paused Read Capabilities                   ; Care                                  ; Care                                  ;
; Power Optimization During Fitting                                  ; Normal compilation                    ; Normal compilation                    ;
; SSN Optimization                                                   ; Off                                   ; Off                                   ;
; Optimize Timing                                                    ; Normal compilation                    ; Normal compilation                    ;
; Optimize Timing for ECOs                                           ; Off                                   ; Off                                   ;
; Regenerate Full Fit Report During ECO Compiles                     ; Off                                   ; Off                                   ;
; Optimize IOC Register Placement for Timing                         ; Normal                                ; Normal                                ;
; Final Placement Optimizations                                      ; Automatically                         ; Automatically                         ;
; Fitter Aggressive Routability Optimizations                        ; Automatically                         ; Automatically                         ;
; Fitter Initial Placement Seed                                      ; 1                                     ; 1                                     ;
; Periphery to Core Placement and Routing Optimization               ; Off                                   ; Off                                   ;
; Weak Pull-Up Resistor                                              ; Off                                   ; Off                                   ;
; Enable Bus-Hold Circuitry                                          ; Off                                   ; Off                                   ;
; Auto Packed Registers                                              ; Auto                                  ; Auto                                  ;
; Auto Delay Chains                                                  ; On                                    ; On                                    ;
; Auto Delay Chains for High Fanout Input Pins                       ; Off                                   ; Off                                   ;
; Treat Bidirectional Pin as Output Pin                              ; Off                                   ; Off                                   ;
; Perform Physical Synthesis for Combinational Logic for Fitting     ; Off                                   ; Off                                   ;
; Perform Physical Synthesis for Combinational Logic for Performance ; Off                                   ; Off                                   ;
; Perform Register Duplication for Performance                       ; Off                                   ; Off                                   ;
; Perform Register Retiming for Performance                          ; Off                                   ; Off                                   ;
; Perform Asynchronous Signal Pipelining                             ; Off                                   ; Off                                   ;
; Fitter Effort                                                      ; Auto Fit                              ; Auto Fit                              ;
; Physical Synthesis Effort Level                                    ; Normal                                ; Normal                                ;
; Logic Cell Insertion - Logic Duplication                           ; Auto                                  ; Auto                                  ;
; Auto Register Duplication                                          ; Auto                                  ; Auto                                  ;
; Auto Global Clock                                                  ; On                                    ; On                                    ;
; Auto Global Register Control Signals                               ; On                                    ; On                                    ;
; Reserve all unused pins                                            ; As input tri-stated with weak pull-up ; As input tri-stated with weak pull-up ;
; Synchronizer Identification                                        ; Auto                                  ; Auto                                  ;
; Enable Beneficial Skew Optimization                                ; On                                    ; On                                    ;
; Optimize Design for Metastability                                  ; On                                    ; On                                    ;
; Active Serial clock source                                         ; FREQ_100MHz                           ; FREQ_100MHz                           ;
; Force Fitter to Avoid Periphery Placement Warnings                 ; Off                                   ; Off                                   ;
; Clamping Diode                                                     ; Off                                   ; Off                                   ;
; Enable input tri-state on active configuration pins in user mode   ; Off                                   ; Off                                   ;
; Advanced Physical Optimization                                     ; On                                    ; On                                    ;
+--------------------------------------------------------------------+---------------------------------------+---------------------------------------+


+------------------------------------------+
; Parallel Compilation                     ;
+----------------------------+-------------+
; Processors                 ; Number      ;
+----------------------------+-------------+
; Number detected on machine ; 4           ;
; Maximum allowed            ; 2           ;
;                            ;             ;
; Average used               ; 1.02        ;
; Maximum used               ; 2           ;
;                            ;             ;
; Usage by Processor         ; % Time Used ;
;     Processor 1            ; 100.0%      ;
;     Processor 2            ;   2.4%      ;
+----------------------------+-------------+


+---------------------------------------------------------------------------------------------------+
; Incremental Compilation Preservation Summary                                                      ;
+---------------------+---------------------+----------------------------+--------------------------+
; Type                ; Total [A + B]       ; From Design Partitions [A] ; From Rapid Recompile [B] ;
+---------------------+---------------------+----------------------------+--------------------------+
; Placement (by node) ;                     ;                            ;                          ;
;     -- Requested    ; 0.00 % ( 0 / 1877 ) ; 0.00 % ( 0 / 1877 )        ; 0.00 % ( 0 / 1877 )      ;
;     -- Achieved     ; 0.00 % ( 0 / 1877 ) ; 0.00 % ( 0 / 1877 )        ; 0.00 % ( 0 / 1877 )      ;
;                     ;                     ;                            ;                          ;
; Routing (by net)    ;                     ;                            ;                          ;
;     -- Requested    ; 0.00 % ( 0 / 0 )    ; 0.00 % ( 0 / 0 )           ; 0.00 % ( 0 / 0 )         ;
;     -- Achieved     ; 0.00 % ( 0 / 0 )    ; 0.00 % ( 0 / 0 )           ; 0.00 % ( 0 / 0 )         ;
+---------------------+---------------------+----------------------------+--------------------------+


+----------------------------------------------------------------------------------------------------------------------------------------------------------------------------------------+
; Incremental Compilation Partition Settings                                                                                                                                             ;
+--------------------------------+----------------+-------------------+-------------------------+------------------------+------------------------------+--------------------------------+
; Partition Name                 ; Partition Type ; Netlist Type Used ; Preservation Level Used ; Netlist Type Requested ; Preservation Level Requested ; Contents                       ;
+--------------------------------+----------------+-------------------+-------------------------+------------------------+------------------------------+--------------------------------+
; Top                            ; User-created   ; Source File       ; N/A                     ; Source File            ; N/A                          ;                                ;
; hard_block:auto_generated_inst ; Auto-generated ; Source File       ; N/A                     ; Source File            ; N/A                          ; hard_block:auto_generated_inst ;
+--------------------------------+----------------+-------------------+-------------------------+------------------------+------------------------------+--------------------------------+


+------------------------------------------------------------------------------------------------------------------------------------+
; Incremental Compilation Placement Preservation                                                                                     ;
+--------------------------------+-----------------------+-------------------------+-------------------+---------------------+-------+
; Partition Name                 ; Preservation Achieved ; Preservation Level Used ; Netlist Type Used ; Preservation Method ; Notes ;
+--------------------------------+-----------------------+-------------------------+-------------------+---------------------+-------+
; Top                            ; 0.00 % ( 0 / 1877 )   ; N/A                     ; Source File       ; N/A                 ;       ;
; hard_block:auto_generated_inst ; 0.00 % ( 0 / 0 )      ; N/A                     ; Source File       ; N/A                 ;       ;
+--------------------------------+-----------------------+-------------------------+-------------------+---------------------+-------+


+--------------+
; Pin-Out File ;
+--------------+
The pin-out file can be found in C:/Users/Kidus/Documents/GitHub/First_DSD/16-bit Calculator/Calculator/output_files/Calculator.pin.


+-------------------------------------------------------------------------------------------+
; Fitter Resource Usage Summary                                                             ;
+-------------------------------------------------------------+---------------------+-------+
; Resource                                                    ; Usage               ; %     ;
+-------------------------------------------------------------+---------------------+-------+
; Logic utilization (ALMs needed / total ALMs on device)      ; 990 / 32,070        ; 3 %   ;
; ALMs needed [=A-B+C]                                        ; 990                 ;       ;
;     [A] ALMs used in final placement [=a+b+c+d]             ; 998 / 32,070        ; 3 %   ;
;         [a] ALMs used for LUT logic and registers           ; 0                   ;       ;
;         [b] ALMs used for LUT logic                         ; 998                 ;       ;
;         [c] ALMs used for registers                         ; 0                   ;       ;
;         [d] ALMs used for memory (up to half of total ALMs) ; 0                   ;       ;
;     [B] Estimate of ALMs recoverable by dense packing       ; 8 / 32,070          ; < 1 % ;
;     [C] Estimate of ALMs unavailable [=a+b+c+d]             ; 0 / 32,070          ; 0 %   ;
;         [a] Due to location constrained logic               ; 0                   ;       ;
;         [b] Due to LAB-wide signal conflicts                ; 0                   ;       ;
;         [c] Due to LAB input limits                         ; 0                   ;       ;
;         [d] Due to virtual I/Os                             ; 0                   ;       ;
;                                                             ;                     ;       ;
; Difficulty packing design                                   ; Low                 ;       ;
;                                                             ;                     ;       ;
; Total LABs:  partially or completely used                   ; 108 / 3,207         ; 3 %   ;
;     -- Logic LABs                                           ; 108                 ;       ;
;     -- Memory LABs (up to half of total LABs)               ; 0                   ;       ;
;                                                             ;                     ;       ;
; Combinational ALUT usage for logic                          ; 1,657               ;       ;
;     -- 7 input functions                                    ; 21                  ;       ;
;     -- 6 input functions                                    ; 317                 ;       ;
;     -- 5 input functions                                    ; 511                 ;       ;
;     -- 4 input functions                                    ; 453                 ;       ;
;     -- <=3 input functions                                  ; 355                 ;       ;
; Combinational ALUT usage for route-throughs                 ; 0                   ;       ;
;                                                             ;                     ;       ;
; Dedicated logic registers                                   ; 0                   ;       ;
;     -- By type:                                             ;                     ;       ;
;         -- Primary logic registers                          ; 0 / 64,140          ; 0 %   ;
;         -- Secondary logic registers                        ; 0 / 64,140          ; 0 %   ;
;     -- By function:                                         ;                     ;       ;
;         -- Design implementation registers                  ; 0                   ;       ;
;         -- Routing optimization registers                   ; 0                   ;       ;
;                                                             ;                     ;       ;
; Virtual pins                                                ; 0                   ;       ;
; I/O pins                                                    ; 110 / 457           ; 24 %  ;
;     -- Clock pins                                           ; 4 / 8               ; 50 %  ;
;     -- Dedicated input pins                                 ; 0 / 21              ; 0 %   ;
;                                                             ;                     ;       ;
; Hard processor system peripheral utilization                ;                     ;       ;
;     -- Boot from FPGA                                       ; 0 / 1 ( 0 % )       ;       ;
;     -- Clock resets                                         ; 0 / 1 ( 0 % )       ;       ;
;     -- Cross trigger                                        ; 0 / 1 ( 0 % )       ;       ;
;     -- S2F AXI                                              ; 0 / 1 ( 0 % )       ;       ;
;     -- F2S AXI                                              ; 0 / 1 ( 0 % )       ;       ;
;     -- AXI Lightweight                                      ; 0 / 1 ( 0 % )       ;       ;
;     -- SDRAM                                                ; 0 / 1 ( 0 % )       ;       ;
;     -- Interrupts                                           ; 0 / 1 ( 0 % )       ;       ;
;     -- JTAG                                                 ; 0 / 1 ( 0 % )       ;       ;
;     -- Loan I/O                                             ; 0 / 1 ( 0 % )       ;       ;
;     -- MPU event standby                                    ; 0 / 1 ( 0 % )       ;       ;
;     -- MPU general purpose                                  ; 0 / 1 ( 0 % )       ;       ;
;     -- STM event                                            ; 0 / 1 ( 0 % )       ;       ;
;     -- TPIU trace                                           ; 0 / 1 ( 0 % )       ;       ;
;     -- DMA                                                  ; 0 / 1 ( 0 % )       ;       ;
;     -- CAN                                                  ; 0 / 2 ( 0 % )       ;       ;
;     -- EMAC                                                 ; 0 / 2 ( 0 % )       ;       ;
;     -- I2C                                                  ; 0 / 4 ( 0 % )       ;       ;
;     -- NAND Flash                                           ; 0 / 1 ( 0 % )       ;       ;
;     -- QSPI                                                 ; 0 / 1 ( 0 % )       ;       ;
;     -- SDMMC                                                ; 0 / 1 ( 0 % )       ;       ;
;     -- SPI Master                                           ; 0 / 2 ( 0 % )       ;       ;
;     -- SPI Slave                                            ; 0 / 2 ( 0 % )       ;       ;
;     -- UART                                                 ; 0 / 2 ( 0 % )       ;       ;
;     -- USB                                                  ; 0 / 2 ( 0 % )       ;       ;
;                                                             ;                     ;       ;
; M10K blocks                                                 ; 0 / 397             ; 0 %   ;
; Total MLAB memory bits                                      ; 0                   ;       ;
; Total block memory bits                                     ; 0 / 4,065,280       ; 0 %   ;
; Total block memory implementation bits                      ; 0 / 4,065,280       ; 0 %   ;
;                                                             ;                     ;       ;
; Total DSP Blocks                                            ; 0 / 87              ; 0 %   ;
;                                                             ;                     ;       ;
; Fractional PLLs                                             ; 0 / 6               ; 0 %   ;
; Global signals                                              ; 0                   ;       ;
;     -- Global clocks                                        ; 0 / 16              ; 0 %   ;
;     -- Quadrant clocks                                      ; 0 / 66              ; 0 %   ;
;     -- Horizontal periphery clocks                          ; 0 / 18              ; 0 %   ;
; SERDES Transmitters                                         ; 0 / 100             ; 0 %   ;
; SERDES Receivers                                            ; 0 / 100             ; 0 %   ;
; JTAGs                                                       ; 0 / 1               ; 0 %   ;
; ASMI blocks                                                 ; 0 / 1               ; 0 %   ;
; CRC blocks                                                  ; 0 / 1               ; 0 %   ;
; Remote update blocks                                        ; 0 / 1               ; 0 %   ;
; Oscillator blocks                                           ; 0 / 1               ; 0 %   ;
; Impedance control blocks                                    ; 0 / 4               ; 0 %   ;
; Hard Memory Controllers                                     ; 0 / 2               ; 0 %   ;
; Average interconnect usage (total/H/V)                      ; 0.5% / 0.5% / 0.4%  ;       ;
; Peak interconnect usage (total/H/V)                         ; 9.9% / 10.7% / 7.6% ;       ;
; Maximum fan-out                                             ; 92                  ;       ;
; Highest non-global fan-out                                  ; 92                  ;       ;
; Total fan-out                                               ; 7559                ;       ;
; Average fan-out                                             ; 4.03                ;       ;
+-------------------------------------------------------------+---------------------+-------+


+--------------------------------------------------------------------------------------------------------------------+
; Fitter Partition Statistics                                                                                        ;
+-------------------------------------------------------------+---------------------+--------------------------------+
; Statistic                                                   ; Top                 ; hard_block:auto_generated_inst ;
+-------------------------------------------------------------+---------------------+--------------------------------+
; Logic utilization (ALMs needed / total ALMs on device)      ; 990 / 32070 ( 3 % ) ; 0 / 32070 ( 0 % )              ;
; ALMs needed [=A-B+C]                                        ; 990                 ; 0                              ;
;     [A] ALMs used in final placement [=a+b+c+d]             ; 998 / 32070 ( 3 % ) ; 0 / 32070 ( 0 % )              ;
;         [a] ALMs used for LUT logic and registers           ; 0                   ; 0                              ;
;         [b] ALMs used for LUT logic                         ; 998                 ; 0                              ;
;         [c] ALMs used for registers                         ; 0                   ; 0                              ;
;         [d] ALMs used for memory (up to half of total ALMs) ; 0                   ; 0                              ;
;     [B] Estimate of ALMs recoverable by dense packing       ; 8 / 32070 ( < 1 % ) ; 0 / 32070 ( 0 % )              ;
;     [C] Estimate of ALMs unavailable [=a+b+c+d]             ; 0 / 32070 ( 0 % )   ; 0 / 32070 ( 0 % )              ;
;         [a] Due to location constrained logic               ; 0                   ; 0                              ;
;         [b] Due to LAB-wide signal conflicts                ; 0                   ; 0                              ;
;         [c] Due to LAB input limits                         ; 0                   ; 0                              ;
;         [d] Due to virtual I/Os                             ; 0                   ; 0                              ;
;                                                             ;                     ;                                ;
; Difficulty packing design                                   ; Low                 ; Low                            ;
;                                                             ;                     ;                                ;
; Total LABs:  partially or completely used                   ; 108 / 3207 ( 3 % )  ; 0 / 3207 ( 0 % )               ;
;     -- Logic LABs                                           ; 108                 ; 0                              ;
;     -- Memory LABs (up to half of total LABs)               ; 0                   ; 0                              ;
;                                                             ;                     ;                                ;
; Combinational ALUT usage for logic                          ; 1657                ; 0                              ;
;     -- 7 input functions                                    ; 21                  ; 0                              ;
;     -- 6 input functions                                    ; 317                 ; 0                              ;
;     -- 5 input functions                                    ; 511                 ; 0                              ;
;     -- 4 input functions                                    ; 453                 ; 0                              ;
;     -- <=3 input functions                                  ; 355                 ; 0                              ;
; Combinational ALUT usage for route-throughs                 ; 0                   ; 0                              ;
; Memory ALUT usage                                           ; 0                   ; 0                              ;
;     -- 64-address deep                                      ; 0                   ; 0                              ;
;     -- 32-address deep                                      ; 0                   ; 0                              ;
;                                                             ;                     ;                                ;
; Dedicated logic registers                                   ; 0                   ; 0                              ;
;     -- By type:                                             ;                     ;                                ;
;         -- Primary logic registers                          ; 0 / 64140 ( 0 % )   ; 0 / 64140 ( 0 % )              ;
;         -- Secondary logic registers                        ; 0 / 64140 ( 0 % )   ; 0 / 64140 ( 0 % )              ;
;     -- By function:                                         ;                     ;                                ;
;         -- Design implementation registers                  ; 0                   ; 0                              ;
;         -- Routing optimization registers                   ; 0                   ; 0                              ;
;                                                             ;                     ;                                ;
;                                                             ;                     ;                                ;
; Virtual pins                                                ; 0                   ; 0                              ;
; I/O pins                                                    ; 110                 ; 0                              ;
; I/O registers                                               ; 0                   ; 0                              ;
; Total block memory bits                                     ; 0                   ; 0                              ;
; Total block memory implementation bits                      ; 0                   ; 0                              ;
;                                                             ;                     ;                                ;
; Connections                                                 ;                     ;                                ;
;     -- Input Connections                                    ; 0                   ; 0                              ;
;     -- Registered Input Connections                         ; 0                   ; 0                              ;
;     -- Output Connections                                   ; 0                   ; 0                              ;
;     -- Registered Output Connections                        ; 0                   ; 0                              ;
;                                                             ;                     ;                                ;
; Internal Connections                                        ;                     ;                                ;
;     -- Total Connections                                    ; 7559                ; 0                              ;
;     -- Registered Connections                               ; 0                   ; 0                              ;
;                                                             ;                     ;                                ;
; External Connections                                        ;                     ;                                ;
;     -- Top                                                  ; 0                   ; 0                              ;
;     -- hard_block:auto_generated_inst                       ; 0                   ; 0                              ;
;                                                             ;                     ;                                ;
; Partition Interface                                         ;                     ;                                ;
;     -- Input Ports                                          ; 37                  ; 0                              ;
;     -- Output Ports                                         ; 73                  ; 0                              ;
;     -- Bidir Ports                                          ; 0                   ; 0                              ;
;                                                             ;                     ;                                ;
; Registered Ports                                            ;                     ;                                ;
;     -- Registered Input Ports                               ; 0                   ; 0                              ;
;     -- Registered Output Ports                              ; 0                   ; 0                              ;
;                                                             ;                     ;                                ;
; Port Connectivity                                           ;                     ;                                ;
;     -- Input Ports driven by GND                            ; 0                   ; 0                              ;
;     -- Output Ports driven by GND                           ; 0                   ; 0                              ;
;     -- Input Ports driven by VCC                            ; 0                   ; 0                              ;
;     -- Output Ports driven by VCC                           ; 0                   ; 0                              ;
;     -- Input Ports with no Source                           ; 0                   ; 0                              ;
;     -- Output Ports with no Source                          ; 0                   ; 0                              ;
;     -- Input Ports with no Fanout                           ; 0                   ; 0                              ;
;     -- Output Ports with no Fanout                          ; 0                   ; 0                              ;
+-------------------------------------------------------------+---------------------+--------------------------------+


+---------------------------------------------------------------------------------------------------------------------------------------------------------------------------------------------------------------------------------------------------------------------------------------+
; Input Pins                                                                                                                                                                                                                                                                            ;
+--------+-------+----------+--------------+--------------+--------------+-----------------------+--------------------+--------+----------------+-----------------+----------+--------------+--------------+-------------+---------------------------+----------------------+-----------+
; Name   ; Pin # ; I/O Bank ; X coordinate ; Y coordinate ; Z coordinate ; Combinational Fan-Out ; Registered Fan-Out ; Global ; Input Register ; PCI I/O Enabled ; Bus Hold ; Weak Pull Up ; I/O Standard ; Termination ; Termination Control Block ; Location assigned by ; Slew Rate ;
+--------+-------+----------+--------------+--------------+--------------+-----------------------+--------------------+--------+----------------+-----------------+----------+--------------+--------------+-------------+---------------------------+----------------------+-----------+
; a[0]   ; AE26  ; 5A       ; 89           ; 8            ; 37           ; 50                    ; 0                  ; no     ; no             ; no              ; no       ; Off          ; 2.5 V        ; Off         ; --                        ; Fitter               ; no        ;
; a[10]  ; AH10  ; 3B       ; 34           ; 0            ; 74           ; 6                     ; 0                  ; no     ; no             ; no              ; no       ; Off          ; 2.5 V        ; Off         ; --                        ; Fitter               ; no        ;
; a[11]  ; AB12  ; 3A       ; 12           ; 0            ; 17           ; 6                     ; 0                  ; no     ; no             ; no              ; no       ; Off          ; 2.5 V        ; Off         ; --                        ; Fitter               ; no        ;
; a[12]  ; AH7   ; 3B       ; 32           ; 0            ; 34           ; 14                    ; 0                  ; no     ; no             ; no              ; no       ; Off          ; 2.5 V        ; Off         ; --                        ; Fitter               ; no        ;
; a[13]  ; AA14  ; 3B       ; 36           ; 0            ; 0            ; 13                    ; 0                  ; no     ; no             ; no              ; no       ; Off          ; 2.5 V        ; Off         ; --                        ; Fitter               ; no        ;
; a[14]  ; AF11  ; 3B       ; 18           ; 0            ; 40           ; 11                    ; 0                  ; no     ; no             ; no              ; no       ; Off          ; 2.5 V        ; Off         ; --                        ; Fitter               ; no        ;
; a[15]  ; AJ12  ; 3B       ; 38           ; 0            ; 51           ; 12                    ; 0                  ; no     ; no             ; no              ; no       ; Off          ; 2.5 V        ; Off         ; --                        ; Fitter               ; no        ;
; a[16]  ; AJ14  ; 3B       ; 40           ; 0            ; 34           ; 23                    ; 0                  ; no     ; no             ; no              ; no       ; Off          ; 2.5 V        ; Off         ; --                        ; Fitter               ; no        ;
; a[1]   ; Y16   ; 3B       ; 40           ; 0            ; 17           ; 6                     ; 0                  ; no     ; no             ; no              ; no       ; Off          ; 2.5 V        ; Off         ; --                        ; Fitter               ; no        ;
; a[2]   ; AJ10  ; 3B       ; 34           ; 0            ; 91           ; 4                     ; 0                  ; no     ; no             ; no              ; no       ; Off          ; 2.5 V        ; Off         ; --                        ; Fitter               ; no        ;
; a[3]   ; AK12  ; 3B       ; 36           ; 0            ; 34           ; 3                     ; 0                  ; no     ; no             ; no              ; no       ; Off          ; 2.5 V        ; Off         ; --                        ; Fitter               ; no        ;
; a[4]   ; AH8   ; 3B       ; 32           ; 0            ; 51           ; 11                    ; 0                  ; no     ; no             ; no              ; no       ; Off          ; 2.5 V        ; Off         ; --                        ; Fitter               ; no        ;
; a[5]   ; AG10  ; 3B       ; 18           ; 0            ; 74           ; 9                     ; 0                  ; no     ; no             ; no              ; no       ; Off          ; 2.5 V        ; Off         ; --                        ; Fitter               ; no        ;
; a[6]   ; AJ11  ; 3B       ; 34           ; 0            ; 40           ; 7                     ; 0                  ; no     ; no             ; no              ; no       ; Off          ; 2.5 V        ; Off         ; --                        ; Fitter               ; no        ;
; a[7]   ; AK3   ; 3B       ; 20           ; 0            ; 51           ; 5                     ; 0                  ; no     ; no             ; no              ; no       ; Off          ; 2.5 V        ; Off         ; --                        ; Fitter               ; no        ;
; a[8]   ; AD14  ; 3B       ; 24           ; 0            ; 0            ; 8                     ; 0                  ; no     ; no             ; no              ; no       ; Off          ; 2.5 V        ; Off         ; --                        ; Fitter               ; no        ;
; a[9]   ; AA15  ; 3B       ; 36           ; 0            ; 17           ; 10                    ; 0                  ; no     ; no             ; no              ; no       ; Off          ; 2.5 V        ; Off         ; --                        ; Fitter               ; no        ;
; b[0]   ; AJ20  ; 4A       ; 62           ; 0            ; 34           ; 91                    ; 0                  ; no     ; no             ; no              ; no       ; Off          ; 2.5 V        ; Off         ; --                        ; Fitter               ; no        ;
; b[10]  ; AD7   ; 3A       ; 6            ; 0            ; 0            ; 6                     ; 0                  ; no     ; no             ; no              ; no       ; Off          ; 2.5 V        ; Off         ; --                        ; Fitter               ; no        ;
; b[11]  ; AE18  ; 4A       ; 66           ; 0            ; 40           ; 6                     ; 0                  ; no     ; no             ; no              ; no       ; Off          ; 2.5 V        ; Off         ; --                        ; Fitter               ; no        ;
; b[12]  ; AH23  ; 4A       ; 70           ; 0            ; 34           ; 14                    ; 0                  ; no     ; no             ; no              ; no       ; Off          ; 2.5 V        ; Off         ; --                        ; Fitter               ; no        ;
; b[13]  ; V17   ; 4A       ; 60           ; 0            ; 0            ; 12                    ; 0                  ; no     ; no             ; no              ; no       ; Off          ; 2.5 V        ; Off         ; --                        ; Fitter               ; no        ;
; b[14]  ; AF19  ; 4A       ; 62           ; 0            ; 0            ; 10                    ; 0                  ; no     ; no             ; no              ; no       ; Off          ; 2.5 V        ; Off         ; --                        ; Fitter               ; no        ;
; b[15]  ; AK4   ; 3B       ; 22           ; 0            ; 51           ; 11                    ; 0                  ; no     ; no             ; no              ; no       ; Off          ; 2.5 V        ; Off         ; --                        ; Fitter               ; no        ;
; b[16]  ; AH20  ; 4A       ; 54           ; 0            ; 17           ; 33                    ; 0                  ; no     ; no             ; no              ; no       ; Off          ; 2.5 V        ; Off         ; --                        ; Fitter               ; no        ;
; b[1]   ; AG20  ; 4A       ; 62           ; 0            ; 17           ; 7                     ; 0                  ; no     ; no             ; no              ; no       ; Off          ; 2.5 V        ; Off         ; --                        ; Fitter               ; no        ;
; b[2]   ; AC18  ; 4A       ; 64           ; 0            ; 0            ; 5                     ; 0                  ; no     ; no             ; no              ; no       ; Off          ; 2.5 V        ; Off         ; --                        ; Fitter               ; no        ;
; b[3]   ; AJ21  ; 4A       ; 62           ; 0            ; 51           ; 3                     ; 0                  ; no     ; no             ; no              ; no       ; Off          ; 2.5 V        ; Off         ; --                        ; Fitter               ; no        ;
; b[4]   ; AK26  ; 4A       ; 76           ; 0            ; 51           ; 12                    ; 0                  ; no     ; no             ; no              ; no       ; Off          ; 2.5 V        ; Off         ; --                        ; Fitter               ; no        ;
; b[5]   ; AD17  ; 4A       ; 64           ; 0            ; 17           ; 10                    ; 0                  ; no     ; no             ; no              ; no       ; Off          ; 2.5 V        ; Off         ; --                        ; Fitter               ; no        ;
; b[6]   ; AK19  ; 4A       ; 60           ; 0            ; 51           ; 7                     ; 0                  ; no     ; no             ; no              ; no       ; Off          ; 2.5 V        ; Off         ; --                        ; Fitter               ; no        ;
; b[7]   ; AH22  ; 4A       ; 66           ; 0            ; 91           ; 5                     ; 0                  ; no     ; no             ; no              ; no       ; Off          ; 2.5 V        ; Off         ; --                        ; Fitter               ; no        ;
; b[8]   ; AB17  ; 4A       ; 56           ; 0            ; 17           ; 9                     ; 0                  ; no     ; no             ; no              ; no       ; Off          ; 2.5 V        ; Off         ; --                        ; Fitter               ; no        ;
; b[9]   ; AK18  ; 4A       ; 58           ; 0            ; 57           ; 11                    ; 0                  ; no     ; no             ; no              ; no       ; Off          ; 2.5 V        ; Off         ; --                        ; Fitter               ; no        ;
; sel[0] ; AG16  ; 4A       ; 50           ; 0            ; 74           ; 52                    ; 0                  ; no     ; no             ; no              ; no       ; Off          ; 2.5 V        ; Off         ; --                        ; Fitter               ; no        ;
; sel[1] ; AG17  ; 4A       ; 50           ; 0            ; 91           ; 34                    ; 0                  ; no     ; no             ; no              ; no       ; Off          ; 2.5 V        ; Off         ; --                        ; Fitter               ; no        ;
; sel[2] ; AK14  ; 3B       ; 40           ; 0            ; 51           ; 25                    ; 0                  ; no     ; no             ; no              ; no       ; Off          ; 2.5 V        ; Off         ; --                        ; Fitter               ; no        ;
+--------+-------+----------+--------------+--------------+--------------+-----------------------+--------------------+--------+----------------+-----------------+----------+--------------+--------------+-------------+---------------------------+----------------------+-----------+


+-----------------------------------------------------------------------------------------------------------------------------------------------------------------------------------------------------------------------------------------------------------------------------------------------------------------------------------------------------------------------------------------------------------------------------------------------------------------------------------------------+
; Output Pins                                                                                                                                                                                                                                                                                                                                                                                                                                                                                   ;
+----------+-------+----------+--------------+--------------+--------------+-----------------+------------------------+-----------+-----------------+------------+---------------+----------+--------------+--------------+------------------+-----------------------------------+---------------------------+----------------------------+-----------------------------+---------------------+-----------------------------+----------------------+----------------------+---------------------+
; Name     ; Pin # ; I/O Bank ; X coordinate ; Y coordinate ; Z coordinate ; Output Register ; Output Enable Register ; Slew Rate ; PCI I/O Enabled ; Open Drain ; TRI Primitive ; Bus Hold ; Weak Pull Up ; I/O Standard ; Current Strength ; Termination                       ; Termination Control Block ; Output Buffer Pre-emphasis ; Voltage Output Differential ; Output Buffer Delay ; Output Buffer Delay Control ; Location assigned by ; Output Enable Source ; Output Enable Group ;
+----------+-------+----------+--------------+--------------+--------------+-----------------+------------------------+-----------+-----------------+------------+---------------+----------+--------------+--------------+------------------+-----------------------------------+---------------------------+----------------------------+-----------------------------+---------------------+-----------------------------+----------------------+----------------------+---------------------+
; aaa[0]   ; AH29  ; 5A       ; 89           ; 6            ; 54           ; no              ; no                     ; 1         ; no              ; no         ; no            ; no       ; Off          ; 2.5 V        ; Default          ; Series 50 Ohm without Calibration ; --                        ; no                         ; no                          ; 0                   ; Off                         ; Fitter               ; -                    ; -                   ;
; aaa[10]  ; AJ17  ; 4A       ; 58           ; 0            ; 40           ; no              ; no                     ; 1         ; no              ; no         ; no            ; no       ; Off          ; 2.5 V        ; Default          ; Series 50 Ohm without Calibration ; --                        ; no                         ; no                          ; 0                   ; Off                         ; Fitter               ; -                    ; -                   ;
; aaa[11]  ; AH19  ; 4A       ; 58           ; 0            ; 91           ; no              ; no                     ; 1         ; no              ; no         ; no            ; no       ; Off          ; 2.5 V        ; Default          ; Series 50 Ohm without Calibration ; --                        ; no                         ; no                          ; 0                   ; Off                         ; Fitter               ; -                    ; -                   ;
; aaa[12]  ; AJ22  ; 4A       ; 70           ; 0            ; 51           ; no              ; no                     ; 1         ; no              ; no         ; no            ; no       ; Off          ; 2.5 V        ; Default          ; Series 50 Ohm without Calibration ; --                        ; no                         ; no                          ; 0                   ; Off                         ; Fitter               ; -                    ; -                   ;
; aaa[13]  ; V16   ; 4A       ; 52           ; 0            ; 0            ; no              ; no                     ; 1         ; no              ; no         ; no            ; no       ; Off          ; 2.5 V        ; Default          ; Series 50 Ohm without Calibration ; --                        ; no                         ; no                          ; 0                   ; Off                         ; Fitter               ; -                    ; -                   ;
; aaa[14]  ; AG22  ; 4A       ; 66           ; 0            ; 74           ; no              ; no                     ; 1         ; no              ; no         ; no            ; no       ; Off          ; 2.5 V        ; Default          ; Series 50 Ohm without Calibration ; --                        ; no                         ; no                          ; 0                   ; Off                         ; Fitter               ; -                    ; -                   ;
; aaa[15]  ; AH18  ; 4A       ; 56           ; 0            ; 51           ; no              ; no                     ; 1         ; no              ; no         ; no            ; no       ; Off          ; 2.5 V        ; Default          ; Series 50 Ohm without Calibration ; --                        ; no                         ; no                          ; 0                   ; Off                         ; Fitter               ; -                    ; -                   ;
; aaa[1]   ; AK29  ; 4A       ; 82           ; 0            ; 91           ; no              ; no                     ; 1         ; no              ; no         ; no            ; no       ; Off          ; 2.5 V        ; Default          ; Series 50 Ohm without Calibration ; --                        ; no                         ; no                          ; 0                   ; Off                         ; Fitter               ; -                    ; -                   ;
; aaa[2]   ; AH15  ; 3B       ; 38           ; 0            ; 17           ; no              ; no                     ; 1         ; no              ; no         ; no            ; no       ; Off          ; 2.5 V        ; Default          ; Series 50 Ohm without Calibration ; --                        ; no                         ; no                          ; 0                   ; Off                         ; Fitter               ; -                    ; -                   ;
; aaa[3]   ; AH12  ; 3B       ; 38           ; 0            ; 34           ; no              ; no                     ; 1         ; no              ; no         ; no            ; no       ; Off          ; 2.5 V        ; Default          ; Series 50 Ohm without Calibration ; --                        ; no                         ; no                          ; 0                   ; Off                         ; Fitter               ; -                    ; -                   ;
; aaa[4]   ; AA13  ; 3B       ; 20           ; 0            ; 0            ; no              ; no                     ; 1         ; no              ; no         ; no            ; no       ; Off          ; 2.5 V        ; Default          ; Series 50 Ohm without Calibration ; --                        ; no                         ; no                          ; 0                   ; Off                         ; Fitter               ; -                    ; -                   ;
; aaa[5]   ; AH5   ; 3A       ; 14           ; 0            ; 51           ; no              ; no                     ; 1         ; no              ; no         ; no            ; no       ; Off          ; 2.5 V        ; Default          ; Series 50 Ohm without Calibration ; --                        ; no                         ; no                          ; 0                   ; Off                         ; Fitter               ; -                    ; -                   ;
; aaa[6]   ; AK21  ; 4A       ; 68           ; 0            ; 34           ; no              ; no                     ; 1         ; no              ; no         ; no            ; no       ; Off          ; 2.5 V        ; Default          ; Series 50 Ohm without Calibration ; --                        ; no                         ; no                          ; 0                   ; Off                         ; Fitter               ; -                    ; -                   ;
; aaa[7]   ; AH9   ; 3B       ; 18           ; 0            ; 91           ; no              ; no                     ; 1         ; no              ; no         ; no            ; no       ; Off          ; 2.5 V        ; Default          ; Series 50 Ohm without Calibration ; --                        ; no                         ; no                          ; 0                   ; Off                         ; Fitter               ; -                    ; -                   ;
; aaa[8]   ; W16   ; 4A       ; 52           ; 0            ; 17           ; no              ; no                     ; 1         ; no              ; no         ; no            ; no       ; Off          ; 2.5 V        ; Default          ; Series 50 Ohm without Calibration ; --                        ; no                         ; no                          ; 0                   ; Off                         ; Fitter               ; -                    ; -                   ;
; aaa[9]   ; AF18  ; 4A       ; 50           ; 0            ; 57           ; no              ; no                     ; 1         ; no              ; no         ; no            ; no       ; Off          ; 2.5 V        ; Default          ; Series 50 Ohm without Calibration ; --                        ; no                         ; no                          ; 0                   ; Off                         ; Fitter               ; -                    ; -                   ;
; bbb[0]   ; AG23  ; 4A       ; 64           ; 0            ; 34           ; no              ; no                     ; 1         ; no              ; no         ; no            ; no       ; Off          ; 2.5 V        ; Default          ; Series 50 Ohm without Calibration ; --                        ; no                         ; no                          ; 0                   ; Off                         ; Fitter               ; -                    ; -                   ;
; bbb[10]  ; AA16  ; 4A       ; 56           ; 0            ; 0            ; no              ; no                     ; 1         ; no              ; no         ; no            ; no       ; Off          ; 2.5 V        ; Default          ; Series 50 Ohm without Calibration ; --                        ; no                         ; no                          ; 0                   ; Off                         ; Fitter               ; -                    ; -                   ;
; bbb[11]  ; AK16  ; 4A       ; 54           ; 0            ; 51           ; no              ; no                     ; 1         ; no              ; no         ; no            ; no       ; Off          ; 2.5 V        ; Default          ; Series 50 Ohm without Calibration ; --                        ; no                         ; no                          ; 0                   ; Off                         ; Fitter               ; -                    ; -                   ;
; bbb[12]  ; AA18  ; 4A       ; 68           ; 0            ; 17           ; no              ; no                     ; 1         ; no              ; no         ; no            ; no       ; Off          ; 2.5 V        ; Default          ; Series 50 Ohm without Calibration ; --                        ; no                         ; no                          ; 0                   ; Off                         ; Fitter               ; -                    ; -                   ;
; bbb[13]  ; Y17   ; 4A       ; 68           ; 0            ; 0            ; no              ; no                     ; 1         ; no              ; no         ; no            ; no       ; Off          ; 2.5 V        ; Default          ; Series 50 Ohm without Calibration ; --                        ; no                         ; no                          ; 0                   ; Off                         ; Fitter               ; -                    ; -                   ;
; bbb[14]  ; AJ19  ; 4A       ; 60           ; 0            ; 34           ; no              ; no                     ; 1         ; no              ; no         ; no            ; no       ; Off          ; 2.5 V        ; Default          ; Series 50 Ohm without Calibration ; --                        ; no                         ; no                          ; 0                   ; Off                         ; Fitter               ; -                    ; -                   ;
; bbb[15]  ; AE19  ; 4A       ; 66           ; 0            ; 57           ; no              ; no                     ; 1         ; no              ; no         ; no            ; no       ; Off          ; 2.5 V        ; Default          ; Series 50 Ohm without Calibration ; --                        ; no                         ; no                          ; 0                   ; Off                         ; Fitter               ; -                    ; -                   ;
; bbb[1]   ; AG21  ; 4A       ; 54           ; 0            ; 0            ; no              ; no                     ; 1         ; no              ; no         ; no            ; no       ; Off          ; 2.5 V        ; Default          ; Series 50 Ohm without Calibration ; --                        ; no                         ; no                          ; 0                   ; Off                         ; Fitter               ; -                    ; -                   ;
; bbb[2]   ; AG15  ; 3B       ; 38           ; 0            ; 0            ; no              ; no                     ; 1         ; no              ; no         ; no            ; no       ; Off          ; 2.5 V        ; Default          ; Series 50 Ohm without Calibration ; --                        ; no                         ; no                          ; 0                   ; Off                         ; Fitter               ; -                    ; -                   ;
; bbb[3]   ; AK23  ; 4A       ; 72           ; 0            ; 34           ; no              ; no                     ; 1         ; no              ; no         ; no            ; no       ; Off          ; 2.5 V        ; Default          ; Series 50 Ohm without Calibration ; --                        ; no                         ; no                          ; 0                   ; Off                         ; Fitter               ; -                    ; -                   ;
; bbb[4]   ; AE16  ; 4A       ; 52           ; 0            ; 34           ; no              ; no                     ; 1         ; no              ; no         ; no            ; no       ; Off          ; 2.5 V        ; Default          ; Series 50 Ohm without Calibration ; --                        ; no                         ; no                          ; 0                   ; Off                         ; Fitter               ; -                    ; -                   ;
; bbb[5]   ; AG18  ; 4A       ; 58           ; 0            ; 74           ; no              ; no                     ; 1         ; no              ; no         ; no            ; no       ; Off          ; 2.5 V        ; Default          ; Series 50 Ohm without Calibration ; --                        ; no                         ; no                          ; 0                   ; Off                         ; Fitter               ; -                    ; -                   ;
; bbb[6]   ; AF16  ; 4A       ; 52           ; 0            ; 51           ; no              ; no                     ; 1         ; no              ; no         ; no            ; no       ; Off          ; 2.5 V        ; Default          ; Series 50 Ohm without Calibration ; --                        ; no                         ; no                          ; 0                   ; Off                         ; Fitter               ; -                    ; -                   ;
; bbb[7]   ; W17   ; 4A       ; 60           ; 0            ; 17           ; no              ; no                     ; 1         ; no              ; no         ; no            ; no       ; Off          ; 2.5 V        ; Default          ; Series 50 Ohm without Calibration ; --                        ; no                         ; no                          ; 0                   ; Off                         ; Fitter               ; -                    ; -                   ;
; bbb[8]   ; AH17  ; 4A       ; 56           ; 0            ; 34           ; no              ; no                     ; 1         ; no              ; no         ; no            ; no       ; Off          ; 2.5 V        ; Default          ; Series 50 Ohm without Calibration ; --                        ; no                         ; no                          ; 0                   ; Off                         ; Fitter               ; -                    ; -                   ;
; bbb[9]   ; AJ16  ; 4A       ; 54           ; 0            ; 34           ; no              ; no                     ; 1         ; no              ; no         ; no            ; no       ; Off          ; 2.5 V        ; Default          ; Series 50 Ohm without Calibration ; --                        ; no                         ; no                          ; 0                   ; Off                         ; Fitter               ; -                    ; -                   ;
; d0[0]    ; AJ5   ; 3B       ; 24           ; 0            ; 34           ; no              ; no                     ; 1         ; no              ; no         ; no            ; no       ; Off          ; 2.5 V        ; Default          ; Series 50 Ohm without Calibration ; --                        ; no                         ; no                          ; 0                   ; Off                         ; Fitter               ; -                    ; -                   ;
; d0[1]    ; AK2   ; 3B       ; 20           ; 0            ; 34           ; no              ; no                     ; 1         ; no              ; no         ; no            ; no       ; Off          ; 2.5 V        ; Default          ; Series 50 Ohm without Calibration ; --                        ; no                         ; no                          ; 0                   ; Off                         ; Fitter               ; -                    ; -                   ;
; d0[2]    ; AA12  ; 3A       ; 12           ; 0            ; 0            ; no              ; no                     ; 1         ; no              ; no         ; no            ; no       ; Off          ; 2.5 V        ; Default          ; Series 50 Ohm without Calibration ; --                        ; no                         ; no                          ; 0                   ; Off                         ; Fitter               ; -                    ; -                   ;
; d0[3]    ; AC14  ; 3B       ; 28           ; 0            ; 17           ; no              ; no                     ; 1         ; no              ; no         ; no            ; no       ; Off          ; 2.5 V        ; Default          ; Series 50 Ohm without Calibration ; --                        ; no                         ; no                          ; 0                   ; Off                         ; Fitter               ; -                    ; -                   ;
; d1[0]    ; AF13  ; 3B       ; 22           ; 0            ; 17           ; no              ; no                     ; 1         ; no              ; no         ; no            ; no       ; Off          ; 2.5 V        ; Default          ; Series 50 Ohm without Calibration ; --                        ; no                         ; no                          ; 0                   ; Off                         ; Fitter               ; -                    ; -                   ;
; d1[1]    ; AG11  ; 3B       ; 18           ; 0            ; 57           ; no              ; no                     ; 1         ; no              ; no         ; no            ; no       ; Off          ; 2.5 V        ; Default          ; Series 50 Ohm without Calibration ; --                        ; no                         ; no                          ; 0                   ; Off                         ; Fitter               ; -                    ; -                   ;
; d1[2]    ; AJ4   ; 3B       ; 22           ; 0            ; 34           ; no              ; no                     ; 1         ; no              ; no         ; no            ; no       ; Off          ; 2.5 V        ; Default          ; Series 50 Ohm without Calibration ; --                        ; no                         ; no                          ; 0                   ; Off                         ; Fitter               ; -                    ; -                   ;
; d1[3]    ; AJ7   ; 3B       ; 26           ; 0            ; 91           ; no              ; no                     ; 1         ; no              ; no         ; no            ; no       ; Off          ; 2.5 V        ; Default          ; Series 50 Ohm without Calibration ; --                        ; no                         ; no                          ; 0                   ; Off                         ; Fitter               ; -                    ; -                   ;
; d2[0]    ; AE14  ; 3B       ; 24           ; 0            ; 17           ; no              ; no                     ; 1         ; no              ; no         ; no            ; no       ; Off          ; 2.5 V        ; Default          ; Series 50 Ohm without Calibration ; --                        ; no                         ; no                          ; 0                   ; Off                         ; Fitter               ; -                    ; -                   ;
; d2[1]    ; AH13  ; 3B       ; 30           ; 0            ; 0            ; no              ; no                     ; 1         ; no              ; no         ; no            ; no       ; Off          ; 2.5 V        ; Default          ; Series 50 Ohm without Calibration ; --                        ; no                         ; no                          ; 0                   ; Off                         ; Fitter               ; -                    ; -                   ;
; d2[2]    ; AB15  ; 3B       ; 28           ; 0            ; 0            ; no              ; no                     ; 1         ; no              ; no         ; no            ; no       ; Off          ; 2.5 V        ; Default          ; Series 50 Ohm without Calibration ; --                        ; no                         ; no                          ; 0                   ; Off                         ; Fitter               ; -                    ; -                   ;
; d2[3]    ; AF6   ; 3A       ; 12           ; 0            ; 34           ; no              ; no                     ; 1         ; no              ; no         ; no            ; no       ; Off          ; 2.5 V        ; Default          ; Series 50 Ohm without Calibration ; --                        ; no                         ; no                          ; 0                   ; Off                         ; Fitter               ; -                    ; -                   ;
; d3[0]    ; AF14  ; 3B       ; 32           ; 0            ; 0            ; no              ; no                     ; 1         ; no              ; no         ; no            ; no       ; Off          ; 2.5 V        ; Default          ; Series 50 Ohm without Calibration ; --                        ; no                         ; no                          ; 0                   ; Off                         ; Fitter               ; -                    ; -                   ;
; d3[1]    ; AJ6   ; 3B       ; 26           ; 0            ; 74           ; no              ; no                     ; 1         ; no              ; no         ; no            ; no       ; Off          ; 2.5 V        ; Default          ; Series 50 Ohm without Calibration ; --                        ; no                         ; no                          ; 0                   ; Off                         ; Fitter               ; -                    ; -                   ;
; d3[2]    ; AK9   ; 3B       ; 30           ; 0            ; 51           ; no              ; no                     ; 1         ; no              ; no         ; no            ; no       ; Off          ; 2.5 V        ; Default          ; Series 50 Ohm without Calibration ; --                        ; no                         ; no                          ; 0                   ; Off                         ; Fitter               ; -                    ; -                   ;
; d3[3]    ; AK8   ; 3B       ; 28           ; 0            ; 51           ; no              ; no                     ; 1         ; no              ; no         ; no            ; no       ; Off          ; 2.5 V        ; Default          ; Series 50 Ohm without Calibration ; --                        ; no                         ; no                          ; 0                   ; Off                         ; Fitter               ; -                    ; -                   ;
; d4[0]    ; AG2   ; 3A       ; 16           ; 0            ; 34           ; no              ; no                     ; 1         ; no              ; no         ; no            ; no       ; Off          ; 2.5 V        ; Default          ; Series 50 Ohm without Calibration ; --                        ; no                         ; no                          ; 0                   ; Off                         ; Fitter               ; -                    ; -                   ;
; d4[1]    ; AF15  ; 3B       ; 32           ; 0            ; 17           ; no              ; no                     ; 1         ; no              ; no         ; no            ; no       ; Off          ; 2.5 V        ; Default          ; Series 50 Ohm without Calibration ; --                        ; no                         ; no                          ; 0                   ; Off                         ; Fitter               ; -                    ; -                   ;
; d4[2]    ; AG13  ; 3B       ; 26           ; 0            ; 57           ; no              ; no                     ; 1         ; no              ; no         ; no            ; no       ; Off          ; 2.5 V        ; Default          ; Series 50 Ohm without Calibration ; --                        ; no                         ; no                          ; 0                   ; Off                         ; Fitter               ; -                    ; -                   ;
; d4[3]    ; AK7   ; 3B       ; 28           ; 0            ; 34           ; no              ; no                     ; 1         ; no              ; no         ; no            ; no       ; Off          ; 2.5 V        ; Default          ; Series 50 Ohm without Calibration ; --                        ; no                         ; no                          ; 0                   ; Off                         ; Fitter               ; -                    ; -                   ;
; flags[0] ; AF20  ; 4A       ; 70           ; 0            ; 0            ; no              ; no                     ; 1         ; no              ; no         ; no            ; no       ; Off          ; 2.5 V        ; Default          ; Series 50 Ohm without Calibration ; --                        ; no                         ; no                          ; 0                   ; Off                         ; Fitter               ; -                    ; -                   ;
; flags[1] ; AG6   ; 3A       ; 12           ; 0            ; 51           ; no              ; no                     ; 1         ; no              ; no         ; no            ; no       ; Off          ; 2.5 V        ; Default          ; Series 50 Ohm without Calibration ; --                        ; no                         ; no                          ; 0                   ; Off                         ; Fitter               ; -                    ; -                   ;
; flags[2] ; AF8   ; 3A       ; 10           ; 0            ; 74           ; no              ; no                     ; 1         ; no              ; no         ; no            ; no       ; Off          ; 2.5 V        ; Default          ; Series 50 Ohm without Calibration ; --                        ; no                         ; no                          ; 0                   ; Off                         ; Fitter               ; -                    ; -                   ;
; flags[3] ; AK11  ; 3B       ; 34           ; 0            ; 57           ; no              ; no                     ; 1         ; no              ; no         ; no            ; no       ; Off          ; 2.5 V        ; Default          ; Series 50 Ohm without Calibration ; --                        ; no                         ; no                          ; 0                   ; Off                         ; Fitter               ; -                    ; -                   ;
; rrr[0]   ; AG12  ; 3B       ; 26           ; 0            ; 40           ; no              ; no                     ; 1         ; no              ; no         ; no            ; no       ; Off          ; 2.5 V        ; Default          ; Series 50 Ohm without Calibration ; --                        ; no                         ; no                          ; 0                   ; Off                         ; Fitter               ; -                    ; -                   ;
; rrr[10]  ; AC12  ; 3A       ; 16           ; 0            ; 0            ; no              ; no                     ; 1         ; no              ; no         ; no            ; no       ; Off          ; 2.5 V        ; Default          ; Series 50 Ohm without Calibration ; --                        ; no                         ; no                          ; 0                   ; Off                         ; Fitter               ; -                    ; -                   ;
; rrr[11]  ; AJ9   ; 3B       ; 30           ; 0            ; 34           ; no              ; no                     ; 1         ; no              ; no         ; no            ; no       ; Off          ; 2.5 V        ; Default          ; Series 50 Ohm without Calibration ; --                        ; no                         ; no                          ; 0                   ; Off                         ; Fitter               ; -                    ; -                   ;
; rrr[12]  ; AK22  ; 4A       ; 68           ; 0            ; 51           ; no              ; no                     ; 1         ; no              ; no         ; no            ; no       ; Off          ; 2.5 V        ; Default          ; Series 50 Ohm without Calibration ; --                        ; no                         ; no                          ; 0                   ; Off                         ; Fitter               ; -                    ; -                   ;
; rrr[13]  ; AH14  ; 3B       ; 30           ; 0            ; 17           ; no              ; no                     ; 1         ; no              ; no         ; no            ; no       ; Off          ; 2.5 V        ; Default          ; Series 50 Ohm without Calibration ; --                        ; no                         ; no                          ; 0                   ; Off                         ; Fitter               ; -                    ; -                   ;
; rrr[14]  ; AG5   ; 3A       ; 14           ; 0            ; 34           ; no              ; no                     ; 1         ; no              ; no         ; no            ; no       ; Off          ; 2.5 V        ; Default          ; Series 50 Ohm without Calibration ; --                        ; no                         ; no                          ; 0                   ; Off                         ; Fitter               ; -                    ; -                   ;
; rrr[15]  ; AG7   ; 3A       ; 10           ; 0            ; 91           ; no              ; no                     ; 1         ; no              ; no         ; no            ; no       ; Off          ; 2.5 V        ; Default          ; Series 50 Ohm without Calibration ; --                        ; no                         ; no                          ; 0                   ; Off                         ; Fitter               ; -                    ; -                   ;
; rrr[1]   ; AD12  ; 3A       ; 16           ; 0            ; 17           ; no              ; no                     ; 1         ; no              ; no         ; no            ; no       ; Off          ; 2.5 V        ; Default          ; Series 50 Ohm without Calibration ; --                        ; no                         ; no                          ; 0                   ; Off                         ; Fitter               ; -                    ; -                   ;
; rrr[2]   ; AB13  ; 3B       ; 20           ; 0            ; 17           ; no              ; no                     ; 1         ; no              ; no         ; no            ; no       ; Off          ; 2.5 V        ; Default          ; Series 50 Ohm without Calibration ; --                        ; no                         ; no                          ; 0                   ; Off                         ; Fitter               ; -                    ; -                   ;
; rrr[3]   ; W15   ; 3B       ; 40           ; 0            ; 0            ; no              ; no                     ; 1         ; no              ; no         ; no            ; no       ; Off          ; 2.5 V        ; Default          ; Series 50 Ohm without Calibration ; --                        ; no                         ; no                          ; 0                   ; Off                         ; Fitter               ; -                    ; -                   ;
; rrr[4]   ; AE17  ; 4A       ; 50           ; 0            ; 40           ; no              ; no                     ; 1         ; no              ; no         ; no            ; no       ; Off          ; 2.5 V        ; Default          ; Series 50 Ohm without Calibration ; --                        ; no                         ; no                          ; 0                   ; Off                         ; Fitter               ; -                    ; -                   ;
; rrr[5]   ; AJ2   ; 3A       ; 14           ; 0            ; 17           ; no              ; no                     ; 1         ; no              ; no         ; no            ; no       ; Off          ; 2.5 V        ; Default          ; Series 50 Ohm without Calibration ; --                        ; no                         ; no                          ; 0                   ; Off                         ; Fitter               ; -                    ; -                   ;
; rrr[6]   ; AE13  ; 3B       ; 22           ; 0            ; 0            ; no              ; no                     ; 1         ; no              ; no         ; no            ; no       ; Off          ; 2.5 V        ; Default          ; Series 50 Ohm without Calibration ; --                        ; no                         ; no                          ; 0                   ; Off                         ; Fitter               ; -                    ; -                   ;
; rrr[7]   ; AK13  ; 3B       ; 36           ; 0            ; 51           ; no              ; no                     ; 1         ; no              ; no         ; no            ; no       ; Off          ; 2.5 V        ; Default          ; Series 50 Ohm without Calibration ; --                        ; no                         ; no                          ; 0                   ; Off                         ; Fitter               ; -                    ; -                   ;
; rrr[8]   ; AH24  ; 4A       ; 64           ; 0            ; 51           ; no              ; no                     ; 1         ; no              ; no         ; no            ; no       ; Off          ; 2.5 V        ; Default          ; Series 50 Ohm without Calibration ; --                        ; no                         ; no                          ; 0                   ; Off                         ; Fitter               ; -                    ; -                   ;
; rrr[9]   ; AK6   ; 3B       ; 24           ; 0            ; 51           ; no              ; no                     ; 1         ; no              ; no         ; no            ; no       ; Off          ; 2.5 V        ; Default          ; Series 50 Ohm without Calibration ; --                        ; no                         ; no                          ; 0                   ; Off                         ; Fitter               ; -                    ; -                   ;
; sign     ; AH3   ; 3A       ; 16           ; 0            ; 51           ; no              ; no                     ; 1         ; no              ; no         ; no            ; no       ; Off          ; 2.5 V        ; Default          ; Series 50 Ohm without Calibration ; --                        ; no                         ; no                          ; 0                   ; Off                         ; Fitter               ; -                    ; -                   ;
+----------+-------+----------+--------------+--------------+--------------+-----------------+------------------------+-----------+-----------------+------------+---------------+----------+--------------+--------------+------------------+-----------------------------------+---------------------------+----------------------------+-----------------------------+---------------------+-----------------------------+----------------------+----------------------+---------------------+


+-----------------------------------------------------------------------------+
; I/O Bank Usage                                                              ;
+----------+-------------------+---------------+--------------+---------------+
; I/O Bank ; Usage             ; VCCIO Voltage ; VREF Voltage ; VCCPD Voltage ;
+----------+-------------------+---------------+--------------+---------------+
; B2L      ; 0 / 0 ( -- )      ; --            ; --           ; --            ;
; B1L      ; 0 / 0 ( -- )      ; --            ; --           ; --            ;
; 3A       ; 14 / 32 ( 44 % )  ; 2.5V          ; --           ; 2.5V          ;
; 3B       ; 48 / 48 ( 100 % ) ; 2.5V          ; --           ; 2.5V          ;
; 4A       ; 46 / 80 ( 57 % )  ; 2.5V          ; --           ; 2.5V          ;
; 5A       ; 2 / 32 ( 6 % )    ; 2.5V          ; --           ; 2.5V          ;
; 5B       ; 0 / 16 ( 0 % )    ; 2.5V          ; --           ; 2.5V          ;
; 6B       ; 0 / 44 ( 0 % )    ; 2.5V          ; --           ; 2.5V          ;
; 6A       ; 0 / 56 ( 0 % )    ; 2.5V          ; --           ; 2.5V          ;
; 7A       ; 0 / 19 ( 0 % )    ; 2.5V          ; --           ; 2.5V          ;
; 7B       ; 0 / 22 ( 0 % )    ; 2.5V          ; --           ; 2.5V          ;
; 7C       ; 0 / 12 ( 0 % )    ; 2.5V          ; --           ; 2.5V          ;
; 7D       ; 0 / 14 ( 0 % )    ; 2.5V          ; --           ; 2.5V          ;
; 8A       ; 0 / 80 ( 0 % )    ; 2.5V          ; --           ; 2.5V          ;
+----------+-------------------+---------------+--------------+---------------+


+-----------------------------------------------------------------------------------------------------------------------------------------------------------------------------------+
; All Package Pins                                                                                                                                                                  ;
+----------+------------+----------------+---------------------------------+--------+--------------+---------------------+--------------+-----------------+----------+--------------+
; Location ; Pad Number ; I/O Bank       ; Pin Name/Usage                  ; Dir.   ; I/O Standard ; Voltage             ; I/O Type     ; User Assignment ; Bus Hold ; Weak Pull Up ;
+----------+------------+----------------+---------------------------------+--------+--------------+---------------------+--------------+-----------------+----------+--------------+
; A2       ;            ;                ; GND                             ; gnd    ;              ;                     ; --           ;                 ; --       ; --           ;
; A3       ; 493        ; 8A             ; RESERVED_INPUT_WITH_WEAK_PULLUP ;        ;              ;                     ; Column I/O   ;                 ; no       ; On           ;
; A4       ; 491        ; 8A             ; RESERVED_INPUT_WITH_WEAK_PULLUP ;        ;              ;                     ; Column I/O   ;                 ; no       ; On           ;
; A5       ; 489        ; 8A             ; RESERVED_INPUT_WITH_WEAK_PULLUP ;        ;              ;                     ; Column I/O   ;                 ; no       ; On           ;
; A6       ; 487        ; 8A             ; RESERVED_INPUT_WITH_WEAK_PULLUP ;        ;              ;                     ; Column I/O   ;                 ; no       ; On           ;
; A7       ;            ; 8A             ; VCCIO8A                         ; power  ;              ; 2.5V                ; --           ;                 ; --       ; --           ;
; A8       ; 473        ; 8A             ; RESERVED_INPUT_WITH_WEAK_PULLUP ;        ;              ;                     ; Column I/O   ;                 ; no       ; On           ;
; A9       ; 471        ; 8A             ; RESERVED_INPUT_WITH_WEAK_PULLUP ;        ;              ;                     ; Column I/O   ;                 ; no       ; On           ;
; A10      ; 465        ; 8A             ; RESERVED_INPUT_WITH_WEAK_PULLUP ;        ;              ;                     ; Column I/O   ;                 ; no       ; On           ;
; A11      ; 463        ; 8A             ; RESERVED_INPUT_WITH_WEAK_PULLUP ;        ;              ;                     ; Column I/O   ;                 ; no       ; On           ;
; A12      ;            ;                ; GND                             ; gnd    ;              ;                     ; --           ;                 ; --       ; --           ;
; A13      ; 461        ; 8A             ; RESERVED_INPUT_WITH_WEAK_PULLUP ;        ;              ;                     ; Column I/O   ;                 ; no       ; On           ;
; A14      ; 455        ; 7D             ; RESERVED_INPUT_WITH_WEAK_PULLUP ;        ;              ;                     ; Column I/O   ;                 ; no       ; On           ;
; A15      ; 447        ; 7D             ; RESERVED_INPUT_WITH_WEAK_PULLUP ;        ;              ;                     ; Column I/O   ;                 ; no       ; On           ;
; A16      ; 439        ; 7C             ; RESERVED_INPUT_WITH_WEAK_PULLUP ;        ;              ;                     ; Column I/O   ;                 ; no       ; On           ;
; A17      ;            ;                ; GND                             ; gnd    ;              ;                     ; --           ;                 ; --       ; --           ;
; A18      ; 425        ; 7B             ; RESERVED_INPUT_WITH_WEAK_PULLUP ;        ;              ;                     ; Column I/O   ;                 ; no       ; On           ;
; A19      ; 423        ; 7B             ; RESERVED_INPUT_WITH_WEAK_PULLUP ;        ;              ;                     ; Column I/O   ;                 ; no       ; On           ;
; A20      ; 415        ; 7B             ; RESERVED_INPUT_WITH_WEAK_PULLUP ;        ;              ;                     ; Column I/O   ;                 ; no       ; On           ;
; A21      ; 411        ; 7B             ; RESERVED_INPUT_WITH_WEAK_PULLUP ;        ;              ;                     ; Column I/O   ;                 ; no       ; On           ;
; A22      ;            ;                ; GND                             ; gnd    ;              ;                     ; --           ;                 ; --       ; --           ;
; A23      ; 395        ; 7A             ; RESERVED_INPUT_WITH_WEAK_PULLUP ;        ;              ;                     ; Column I/O   ;                 ; no       ; On           ;
; A24      ; 391        ; 7A             ; RESERVED_INPUT_WITH_WEAK_PULLUP ;        ;              ;                     ; Column I/O   ;                 ; no       ; On           ;
; A25      ; 389        ; 7A             ; RESERVED_INPUT_WITH_WEAK_PULLUP ;        ;              ;                     ; Column I/O   ;                 ; no       ; On           ;
; A26      ; 382        ; 7A             ; ^GND                            ;        ;              ;                     ; --           ;                 ; --       ; --           ;
; A27      ;            ;                ; GND                             ; gnd    ;              ;                     ; --           ;                 ; --       ; --           ;
; A28      ; 380        ; 7A             ; ^HPS_TRST                       ;        ;              ;                     ; --           ;                 ; --       ; --           ;
; A29      ; 378        ; 7A             ; ^HPS_TMS                        ;        ;              ;                     ; --           ;                 ; --       ; --           ;
; AA1      ;            ;                ; GND                             ; gnd    ;              ;                     ; --           ;                 ; --       ; --           ;
; AA2      ;            ;                ; GND                             ; gnd    ;              ;                     ; --           ;                 ; --       ; --           ;
; AA3      ;            ;                ; GND                             ; gnd    ;              ;                     ; --           ;                 ; --       ; --           ;
; AA4      ;            ;                ; GND                             ; gnd    ;              ;                     ; --           ;                 ; --       ; --           ;
; AA5      ;            ; --             ; VCC                             ; power  ;              ; 1.1V                ; --           ;                 ; --       ; --           ;
; AA6      ;            ;                ; GND                             ; gnd    ;              ;                     ; --           ;                 ; --       ; --           ;
; AA7      ;            ;                ; DNU                             ;        ;              ;                     ; --           ;                 ; --       ; --           ;
; AA8      ;            ; --             ; VCCA_FPLL                       ; power  ;              ; 2.5V                ; --           ;                 ; --       ; --           ;
; AA9      ;            ;                ; GND                             ; gnd    ;              ;                     ; --           ;                 ; --       ; --           ;
; AA10     ;            ; 3A             ; VCCPD3A                         ; power  ;              ; 2.5V                ; --           ;                 ; --       ; --           ;
; AA11     ;            ;                ; GND                             ; gnd    ;              ;                     ; --           ;                 ; --       ; --           ;
; AA12     ; 74         ; 3A             ; d0[2]                           ; output ; 2.5 V        ;                     ; Column I/O   ; N               ; no       ; Off          ;
; AA13     ; 90         ; 3B             ; aaa[4]                          ; output ; 2.5 V        ;                     ; Column I/O   ; N               ; no       ; Off          ;
; AA14     ; 122        ; 3B             ; a[13]                           ; input  ; 2.5 V        ;                     ; Column I/O   ; N               ; no       ; Off          ;
; AA15     ; 120        ; 3B             ; a[9]                            ; input  ; 2.5 V        ;                     ; Column I/O   ; N               ; no       ; Off          ;
; AA16     ; 146        ; 4A             ; bbb[10]                         ; output ; 2.5 V        ;                     ; Column I/O   ; N               ; no       ; Off          ;
; AA17     ;            ; 4A             ; VCCIO4A                         ; power  ;              ; 2.5V                ; --           ;                 ; --       ; --           ;
; AA18     ; 168        ; 4A             ; bbb[12]                         ; output ; 2.5 V        ;                     ; Column I/O   ; N               ; no       ; Off          ;
; AA19     ; 176        ; 4A             ; RESERVED_INPUT_WITH_WEAK_PULLUP ;        ;              ;                     ; Column I/O   ;                 ; no       ; On           ;
; AA20     ; 200        ; 4A             ; RESERVED_INPUT_WITH_WEAK_PULLUP ;        ;              ;                     ; Column I/O   ;                 ; no       ; On           ;
; AA21     ; 210        ; 4A             ; RESERVED_INPUT_WITH_WEAK_PULLUP ;        ;              ;                     ; Column I/O   ;                 ; no       ; On           ;
; AA22     ;            ;                ; GND                             ; gnd    ;              ;                     ; --           ;                 ; --       ; --           ;
; AA23     ;            ; --             ; VCCPGM                          ; power  ;              ; 1.8V/2.5V/3.0V/3.3V ; --           ;                 ; --       ; --           ;
; AA24     ; 228        ; 5A             ; RESERVED_INPUT_WITH_WEAK_PULLUP ;        ;              ;                     ; Row I/O      ;                 ; no       ; On           ;
; AA25     ; 224        ; 5A             ; RESERVED_INPUT_WITH_WEAK_PULLUP ;        ;              ;                     ; Row I/O      ;                 ; no       ; On           ;
; AA26     ; 252        ; 5B             ; RESERVED_INPUT_WITH_WEAK_PULLUP ;        ;              ;                     ; Row I/O      ;                 ; no       ; On           ;
; AA27     ;            ; 5B             ; VCCIO5B                         ; power  ;              ; 2.5V                ; --           ;                 ; --       ; --           ;
; AA28     ; 251        ; 5B             ; RESERVED_INPUT_WITH_WEAK_PULLUP ;        ;              ;                     ; Row I/O      ;                 ; no       ; On           ;
; AA29     ;            ; 5B             ; VREFB5BN0                       ; power  ;              ;                     ; --           ;                 ; --       ; --           ;
; AA30     ; 250        ; 5B             ; RESERVED_INPUT_WITH_WEAK_PULLUP ;        ;              ;                     ; Row I/O      ;                 ; no       ; On           ;
; AB1      ;            ;                ; GND                             ; gnd    ;              ;                     ; --           ;                 ; --       ; --           ;
; AB2      ;            ;                ; GND                             ; gnd    ;              ;                     ; --           ;                 ; --       ; --           ;
; AB3      ;            ;                ; DNU                             ;        ;              ;                     ; --           ;                 ; --       ; --           ;
; AB4      ;            ;                ; DNU                             ;        ;              ;                     ; --           ;                 ; --       ; --           ;
; AB5      ;            ;                ; GND                             ; gnd    ;              ;                     ; --           ;                 ; --       ; --           ;
; AB6      ;            ; --             ; VCCA_FPLL                       ; power  ;              ; 2.5V                ; --           ;                 ; --       ; --           ;
; AB7      ;            ;                ; GND                             ; gnd    ;              ;                     ; --           ;                 ; --       ; --           ;
; AB8      ; 43         ; 3A             ; ^nCSO, DATA4                    ;        ;              ;                     ; Weak Pull Up ;                 ; --       ; On           ;
; AB9      ; 42         ; 3A             ; #TDO                            ; output ;              ;                     ; --           ;                 ; --       ; --           ;
; AB10     ;            ; --             ; VCCPGM                          ; power  ;              ; 1.8V/2.5V/3.0V/3.3V ; --           ;                 ; --       ; --           ;
; AB11     ;            ; --             ; VCC_AUX                         ; power  ;              ; 2.5V                ; --           ;                 ; --       ; --           ;
; AB12     ; 72         ; 3A             ; a[11]                           ; input  ; 2.5 V        ;                     ; Column I/O   ; N               ; no       ; Off          ;
; AB13     ; 88         ; 3B             ; rrr[2]                          ; output ; 2.5 V        ;                     ; Column I/O   ; N               ; no       ; Off          ;
; AB14     ;            ; 3B             ; VCCIO3B                         ; power  ;              ; 2.5V                ; --           ;                 ; --       ; --           ;
; AB15     ; 106        ; 3B             ; d2[2]                           ; output ; 2.5 V        ;                     ; Column I/O   ; N               ; no       ; Off          ;
; AB16     ;            ; --             ; VCC_AUX                         ; power  ;              ; 2.5V                ; --           ;                 ; --       ; --           ;
; AB17     ; 144        ; 4A             ; b[8]                            ; input  ; 2.5 V        ;                     ; Column I/O   ; N               ; no       ; Off          ;
; AB18     ;            ; 3B, 4A         ; VCCPD3B4A                       ; power  ;              ; 2.5V                ; --           ;                 ; --       ; --           ;
; AB19     ;            ;                ; GND                             ; gnd    ;              ;                     ; --           ;                 ; --       ; --           ;
; AB20     ;            ; 3B, 4A         ; VCCPD3B4A                       ; power  ;              ; 2.5V                ; --           ;                 ; --       ; --           ;
; AB21     ; 208        ; 4A             ; RESERVED_INPUT_WITH_WEAK_PULLUP ;        ;              ;                     ; Column I/O   ;                 ; no       ; On           ;
; AB22     ; 225        ; 5A             ; RESERVED_INPUT_WITH_WEAK_PULLUP ;        ;              ;                     ; Row I/O      ;                 ; no       ; On           ;
; AB23     ; 227        ; 5A             ; RESERVED_INPUT_WITH_WEAK_PULLUP ;        ;              ;                     ; Row I/O      ;                 ; no       ; On           ;
; AB24     ;            ; 5A             ; VCCIO5A                         ; power  ;              ; 2.5V                ; --           ;                 ; --       ; --           ;
; AB25     ; 230        ; 5A             ; RESERVED_INPUT_WITH_WEAK_PULLUP ;        ;              ;                     ; Row I/O      ;                 ; no       ; On           ;
; AB26     ; 226        ; 5A             ; RESERVED_INPUT_WITH_WEAK_PULLUP ;        ;              ;                     ; Row I/O      ;                 ; no       ; On           ;
; AB27     ; 254        ; 5B             ; RESERVED_INPUT_WITH_WEAK_PULLUP ;        ;              ;                     ; Row I/O      ;                 ; no       ; On           ;
; AB28     ; 249        ; 5B             ; RESERVED_INPUT_WITH_WEAK_PULLUP ;        ;              ;                     ; Row I/O      ;                 ; no       ; On           ;
; AB29     ;            ;                ; GND                             ; gnd    ;              ;                     ; --           ;                 ; --       ; --           ;
; AB30     ; 248        ; 5B             ; RESERVED_INPUT_WITH_WEAK_PULLUP ;        ;              ;                     ; Row I/O      ;                 ; no       ; On           ;
; AC1      ;            ;                ; GND                             ; gnd    ;              ;                     ; --           ;                 ; --       ; --           ;
; AC2      ;            ;                ; GND                             ; gnd    ;              ;                     ; --           ;                 ; --       ; --           ;
; AC3      ;            ;                ; GND                             ; gnd    ;              ;                     ; --           ;                 ; --       ; --           ;
; AC4      ;            ;                ; GND                             ; gnd    ;              ;                     ; --           ;                 ; --       ; --           ;
; AC5      ; 46         ; 3A             ; #TCK                            ; input  ;              ;                     ; --           ;                 ; --       ; --           ;
; AC6      ;            ;                ; GND                             ; gnd    ;              ;                     ; --           ;                 ; --       ; --           ;
; AC7      ; 45         ; 3A             ; ^AS_DATA3, DATA3                ;        ;              ;                     ; Weak Pull Up ;                 ; --       ; On           ;
; AC8      ;            ;                ; GND                             ; gnd    ;              ;                     ; --           ;                 ; --       ; --           ;
; AC9      ; 58         ; 3A             ; RESERVED_INPUT_WITH_WEAK_PULLUP ;        ;              ;                     ; Column I/O   ;                 ; no       ; On           ;
; AC10     ;            ; 3A             ; VCCPD3A                         ; power  ;              ; 2.5V                ; --           ;                 ; --       ; --           ;
; AC11     ;            ; 3A             ; VCCIO3A                         ; power  ;              ; 2.5V                ; --           ;                 ; --       ; --           ;
; AC12     ; 82         ; 3A             ; rrr[10]                         ; output ; 2.5 V        ;                     ; Column I/O   ; N               ; no       ; Off          ;
; AC13     ;            ; 3B, 4A         ; VCCPD3B4A                       ; power  ;              ; 2.5V                ; --           ;                 ; --       ; --           ;
; AC14     ; 104        ; 3B             ; d0[3]                           ; output ; 2.5 V        ;                     ; Column I/O   ; N               ; no       ; Off          ;
; AC15     ;            ; 3B, 4A         ; VCCPD3B4A                       ; power  ;              ; 2.5V                ; --           ;                 ; --       ; --           ;
; AC16     ;            ;                ; GND                             ; gnd    ;              ;                     ; --           ;                 ; --       ; --           ;
; AC17     ;            ; 3B, 4A         ; VCCPD3B4A                       ; power  ;              ; 2.5V                ; --           ;                 ; --       ; --           ;
; AC18     ; 162        ; 4A             ; b[2]                            ; input  ; 2.5 V        ;                     ; Column I/O   ; N               ; no       ; Off          ;
; AC19     ;            ; 3B, 4A         ; VCCPD3B4A                       ; power  ;              ; 2.5V                ; --           ;                 ; --       ; --           ;
; AC20     ; 186        ; 4A             ; RESERVED_INPUT_WITH_WEAK_PULLUP ;        ;              ;                     ; Column I/O   ;                 ; no       ; On           ;
; AC21     ;            ; 4A             ; VCCIO4A                         ; power  ;              ; 2.5V                ; --           ;                 ; --       ; --           ;
; AC22     ; 207        ; 4A             ; RESERVED_INPUT_WITH_WEAK_PULLUP ;        ;              ;                     ; Column I/O   ;                 ; no       ; On           ;
; AC23     ; 205        ; 4A             ; RESERVED_INPUT_WITH_WEAK_PULLUP ;        ;              ;                     ; Column I/O   ;                 ; no       ; On           ;
; AC24     ;            ; 5A             ; VREFB5AN0                       ; power  ;              ;                     ; --           ;                 ; --       ; --           ;
; AC25     ; 215        ; 5A             ; RESERVED_INPUT_WITH_WEAK_PULLUP ;        ;              ;                     ; Row I/O      ;                 ; no       ; On           ;
; AC26     ;            ;                ; GND                             ; gnd    ;              ;                     ; --           ;                 ; --       ; --           ;
; AC27     ; 242        ; 5A             ; RESERVED_INPUT_WITH_WEAK_PULLUP ;        ;              ;                     ; Row I/O      ;                 ; no       ; On           ;
; AC28     ; 245        ; 5B             ; RESERVED_INPUT_WITH_WEAK_PULLUP ;        ;              ;                     ; Row I/O      ;                 ; no       ; On           ;
; AC29     ; 247        ; 5B             ; RESERVED_INPUT_WITH_WEAK_PULLUP ;        ;              ;                     ; Row I/O      ;                 ; no       ; On           ;
; AC30     ; 259        ; 5B             ; RESERVED_INPUT_WITH_WEAK_PULLUP ;        ;              ;                     ; Row I/O      ;                 ; no       ; On           ;
; AD1      ;            ;                ; GND                             ; gnd    ;              ;                     ; --           ;                 ; --       ; --           ;
; AD2      ;            ;                ; GND                             ; gnd    ;              ;                     ; --           ;                 ; --       ; --           ;
; AD3      ;            ;                ; DNU                             ;        ;              ;                     ; --           ;                 ; --       ; --           ;
; AD4      ;            ;                ; DNU                             ;        ;              ;                     ; --           ;                 ; --       ; --           ;
; AD5      ;            ;                ; GND                             ; gnd    ;              ;                     ; --           ;                 ; --       ; --           ;
; AD6      ;            ; 3A             ; VREFB3AN0                       ; power  ;              ;                     ; --           ;                 ; --       ; --           ;
; AD7      ; 62         ; 3A             ; b[10]                           ; input  ; 2.5 V        ;                     ; Column I/O   ; N               ; no       ; Off          ;
; AD8      ;            ; 3A             ; VCCIO3A                         ; power  ;              ; 2.5V                ; --           ;                 ; --       ; --           ;
; AD9      ; 55         ; 3A             ; RESERVED_INPUT_WITH_WEAK_PULLUP ;        ;              ;                     ; Column I/O   ;                 ; no       ; On           ;
; AD10     ; 56         ; 3A             ; RESERVED_INPUT_WITH_WEAK_PULLUP ;        ;              ;                     ; Column I/O   ;                 ; no       ; On           ;
; AD11     ; 54         ; 3A             ; RESERVED_INPUT_WITH_WEAK_PULLUP ;        ;              ;                     ; Column I/O   ;                 ; no       ; On           ;
; AD12     ; 80         ; 3A             ; rrr[1]                          ; output ; 2.5 V        ;                     ; Column I/O   ; N               ; no       ; Off          ;
; AD13     ;            ; 3B             ; VCCIO3B                         ; power  ;              ; 2.5V                ; --           ;                 ; --       ; --           ;
; AD14     ; 98         ; 3B             ; a[8]                            ; input  ; 2.5 V        ;                     ; Column I/O   ; N               ; no       ; Off          ;
; AD15     ;            ;                ; DNU                             ;        ;              ;                     ; --           ;                 ; --       ; --           ;
; AD16     ;            ; 3B, 4A         ; VCCPD3B4A                       ; power  ;              ; 2.5V                ; --           ;                 ; --       ; --           ;
; AD17     ; 160        ; 4A             ; b[5]                            ; input  ; 2.5 V        ;                     ; Column I/O   ; N               ; no       ; Off          ;
; AD18     ;            ; 4A             ; VCCIO4A                         ; power  ;              ; 2.5V                ; --           ;                 ; --       ; --           ;
; AD19     ; 184        ; 4A             ; RESERVED_INPUT_WITH_WEAK_PULLUP ;        ;              ;                     ; Column I/O   ;                 ; no       ; On           ;
; AD20     ; 199        ; 4A             ; RESERVED_INPUT_WITH_WEAK_PULLUP ;        ;              ;                     ; Column I/O   ;                 ; no       ; On           ;
; AD21     ; 197        ; 4A             ; RESERVED_INPUT_WITH_WEAK_PULLUP ;        ;              ;                     ; Column I/O   ;                 ; no       ; On           ;
; AD22     ;            ; --             ; VCC_AUX                         ; power  ;              ; 2.5V                ; --           ;                 ; --       ; --           ;
; AD23     ;            ;                ; GND                             ; gnd    ;              ;                     ; --           ;                 ; --       ; --           ;
; AD24     ; 211        ; 4A             ; RESERVED_INPUT_WITH_WEAK_PULLUP ;        ;              ;                     ; Column I/O   ;                 ; no       ; On           ;
; AD25     ; 213        ; 5A             ; RESERVED_INPUT_WITH_WEAK_PULLUP ;        ;              ;                     ; Row I/O      ;                 ; no       ; On           ;
; AD26     ; 240        ; 5A             ; RESERVED_INPUT_WITH_WEAK_PULLUP ;        ;              ;                     ; Row I/O      ;                 ; no       ; On           ;
; AD27     ; 222        ; 5A             ; RESERVED_INPUT_WITH_WEAK_PULLUP ;        ;              ;                     ; Row I/O      ;                 ; no       ; On           ;
; AD28     ;            ; 5A             ; VCCIO5A                         ; power  ;              ; 2.5V                ; --           ;                 ; --       ; --           ;
; AD29     ; 255        ; 5B             ; RESERVED_INPUT_WITH_WEAK_PULLUP ;        ;              ;                     ; Row I/O      ;                 ; no       ; On           ;
; AD30     ; 257        ; 5B             ; RESERVED_INPUT_WITH_WEAK_PULLUP ;        ;              ;                     ; Row I/O      ;                 ; no       ; On           ;
; AE1      ;            ;                ; GND                             ; gnd    ;              ;                     ; --           ;                 ; --       ; --           ;
; AE2      ;            ;                ; GND                             ; gnd    ;              ;                     ; --           ;                 ; --       ; --           ;
; AE3      ;            ;                ; GND                             ; gnd    ;              ;                     ; --           ;                 ; --       ; --           ;
; AE4      ;            ;                ; GND                             ; gnd    ;              ;                     ; --           ;                 ; --       ; --           ;
; AE5      ; 49         ; 3A             ; ^AS_DATA1, DATA1                ;        ;              ;                     ; Weak Pull Up ;                 ; --       ; On           ;
; AE6      ; 51         ; 3A             ; ^AS_DATA0, ASDO, DATA0          ;        ;              ;                     ; Weak Pull Up ;                 ; --       ; On           ;
; AE7      ; 60         ; 3A             ; RESERVED_INPUT_WITH_WEAK_PULLUP ;        ;              ;                     ; Column I/O   ;                 ; no       ; On           ;
; AE8      ; 47         ; 3A             ; ^AS_DATA2, DATA2                ;        ;              ;                     ; Weak Pull Up ;                 ; --       ; On           ;
; AE9      ; 53         ; 3A             ; RESERVED_INPUT_WITH_WEAK_PULLUP ;        ;              ;                     ; Column I/O   ;                 ; no       ; On           ;
; AE10     ;            ;                ; GND                             ; gnd    ;              ;                     ; --           ;                 ; --       ; --           ;
; AE11     ; 59         ; 3A             ; RESERVED_INPUT_WITH_WEAK_PULLUP ;        ;              ;                     ; Column I/O   ;                 ; no       ; On           ;
; AE12     ; 52         ; 3A             ; RESERVED_INPUT_WITH_WEAK_PULLUP ;        ;              ;                     ; Column I/O   ;                 ; no       ; On           ;
; AE13     ; 95         ; 3B             ; rrr[6]                          ; output ; 2.5 V        ;                     ; Column I/O   ; N               ; no       ; Off          ;
; AE14     ; 96         ; 3B             ; d2[0]                           ; output ; 2.5 V        ;                     ; Column I/O   ; N               ; no       ; Off          ;
; AE15     ;            ; 3B             ; VCCIO3B                         ; power  ;              ; 2.5V                ; --           ;                 ; --       ; --           ;
; AE16     ; 139        ; 4A             ; bbb[4]                          ; output ; 2.5 V        ;                     ; Column I/O   ; N               ; no       ; Off          ;
; AE17     ; 135        ; 4A             ; rrr[4]                          ; output ; 2.5 V        ;                     ; Column I/O   ; N               ; no       ; Off          ;
; AE18     ; 167        ; 4A             ; b[11]                           ; input  ; 2.5 V        ;                     ; Column I/O   ; N               ; no       ; Off          ;
; AE19     ; 165        ; 4A             ; bbb[15]                         ; output ; 2.5 V        ;                     ; Column I/O   ; N               ; no       ; Off          ;
; AE20     ;            ;                ; GND                             ; gnd    ;              ;                     ; --           ;                 ; --       ; --           ;
; AE21     ;            ; 3B, 4A         ; VCCPD3B4A                       ; power  ;              ; 2.5V                ; --           ;                 ; --       ; --           ;
; AE22     ; 191        ; 4A             ; RESERVED_INPUT_WITH_WEAK_PULLUP ;        ;              ;                     ; Column I/O   ;                 ; no       ; On           ;
; AE23     ; 189        ; 4A             ; RESERVED_INPUT_WITH_WEAK_PULLUP ;        ;              ;                     ; Column I/O   ;                 ; no       ; On           ;
; AE24     ; 209        ; 4A             ; RESERVED_INPUT_WITH_WEAK_PULLUP ;        ;              ;                     ; Column I/O   ;                 ; no       ; On           ;
; AE25     ;            ; 4A             ; VCCIO4A                         ; power  ;              ; 2.5V                ; --           ;                 ; --       ; --           ;
; AE26     ; 220        ; 5A             ; a[0]                            ; input  ; 2.5 V        ;                     ; Row I/O      ; N               ; no       ; Off          ;
; AE27     ; 229        ; 5A             ; RESERVED_INPUT_WITH_WEAK_PULLUP ;        ;              ;                     ; Row I/O      ;                 ; no       ; On           ;
; AE28     ; 231        ; 5A             ; RESERVED_INPUT_WITH_WEAK_PULLUP ;        ;              ;                     ; Row I/O      ;                 ; no       ; On           ;
; AE29     ; 253        ; 5B             ; RESERVED_INPUT_WITH_WEAK_PULLUP ;        ;              ;                     ; Row I/O      ;                 ; no       ; On           ;
; AE30     ;            ; 5B             ; VCCIO5B                         ; power  ;              ; 2.5V                ; --           ;                 ; --       ; --           ;
; AF1      ;            ;                ; GND                             ; gnd    ;              ;                     ; --           ;                 ; --       ; --           ;
; AF2      ;            ;                ; GND                             ; gnd    ;              ;                     ; --           ;                 ; --       ; --           ;
; AF3      ;            ;                ; GND                             ; gnd    ;              ;                     ; --           ;                 ; --       ; --           ;
; AF4      ; 66         ; 3A             ; RESERVED_INPUT_WITH_WEAK_PULLUP ;        ;              ;                     ; Column I/O   ;                 ; no       ; On           ;
; AF5      ; 64         ; 3A             ; RESERVED_INPUT_WITH_WEAK_PULLUP ;        ;              ;                     ; Column I/O   ;                 ; no       ; On           ;
; AF6      ; 75         ; 3A             ; d2[3]                           ; output ; 2.5 V        ;                     ; Column I/O   ; N               ; no       ; Off          ;
; AF7      ;            ; 3A             ; VCCIO3A                         ; power  ;              ; 2.5V                ; --           ;                 ; --       ; --           ;
; AF8      ; 70         ; 3A             ; flags[2]                        ; output ; 2.5 V        ;                     ; Column I/O   ; N               ; no       ; Off          ;
; AF9      ; 67         ; 3A             ; RESERVED_INPUT_WITH_WEAK_PULLUP ;        ;              ;                     ; Column I/O   ;                 ; no       ; On           ;
; AF10     ; 57         ; 3A             ; RESERVED_INPUT_WITH_WEAK_PULLUP ;        ;              ;                     ; Column I/O   ;                 ; no       ; On           ;
; AF11     ; 87         ; 3B             ; a[14]                           ; input  ; 2.5 V        ;                     ; Column I/O   ; N               ; no       ; Off          ;
; AF12     ;            ;                ; GND                             ; gnd    ;              ;                     ; --           ;                 ; --       ; --           ;
; AF13     ; 93         ; 3B             ; d1[0]                           ; output ; 2.5 V        ;                     ; Column I/O   ; N               ; no       ; Off          ;
; AF14     ; 114        ; 3B             ; d3[0]                           ; output ; 2.5 V        ;                     ; Column I/O   ; N               ; no       ; Off          ;
; AF15     ; 112        ; 3B             ; d4[1]                           ; output ; 2.5 V        ;                     ; Column I/O   ; N               ; no       ; Off          ;
; AF16     ; 137        ; 4A             ; bbb[6]                          ; output ; 2.5 V        ;                     ; Column I/O   ; N               ; no       ; Off          ;
; AF17     ;            ;                ; GND                             ; gnd    ;              ;                     ; --           ;                 ; --       ; --           ;
; AF18     ; 133        ; 4A             ; aaa[9]                          ; output ; 2.5 V        ;                     ; Column I/O   ; N               ; no       ; Off          ;
; AF19     ; 159        ; 4A             ; b[14]                           ; input  ; 2.5 V        ;                     ; Column I/O   ; N               ; no       ; Off          ;
; AF20     ; 175        ; 4A             ; flags[0]                        ; output ; 2.5 V        ;                     ; Column I/O   ; N               ; no       ; Off          ;
; AF21     ; 173        ; 4A             ; RESERVED_INPUT_WITH_WEAK_PULLUP ;        ;              ;                     ; Column I/O   ;                 ; no       ; On           ;
; AF22     ;            ; 4A             ; VCCIO4A                         ; power  ;              ; 2.5V                ; --           ;                 ; --       ; --           ;
; AF23     ; 183        ; 4A             ; RESERVED_INPUT_WITH_WEAK_PULLUP ;        ;              ;                     ; Column I/O   ;                 ; no       ; On           ;
; AF24     ; 181        ; 4A             ; RESERVED_INPUT_WITH_WEAK_PULLUP ;        ;              ;                     ; Column I/O   ;                 ; no       ; On           ;
; AF25     ; 206        ; 4A             ; RESERVED_INPUT_WITH_WEAK_PULLUP ;        ;              ;                     ; Column I/O   ;                 ; no       ; On           ;
; AF26     ; 204        ; 4A             ; RESERVED_INPUT_WITH_WEAK_PULLUP ;        ;              ;                     ; Column I/O   ;                 ; no       ; On           ;
; AF27     ;            ;                ; GND                             ; gnd    ;              ;                     ; --           ;                 ; --       ; --           ;
; AF28     ; 235        ; 5A             ; RESERVED_INPUT_WITH_WEAK_PULLUP ;        ;              ;                     ; Row I/O      ;                 ; no       ; On           ;
; AF29     ; 237        ; 5A             ; RESERVED_INPUT_WITH_WEAK_PULLUP ;        ;              ;                     ; Row I/O      ;                 ; no       ; On           ;
; AF30     ; 239        ; 5A             ; RESERVED_INPUT_WITH_WEAK_PULLUP ;        ;              ;                     ; Row I/O      ;                 ; no       ; On           ;
; AG1      ; 71         ; 3A             ; RESERVED_INPUT_WITH_WEAK_PULLUP ;        ;              ;                     ; Column I/O   ;                 ; no       ; On           ;
; AG2      ; 83         ; 3A             ; d4[0]                           ; output ; 2.5 V        ;                     ; Column I/O   ; N               ; no       ; Off          ;
; AG3      ; 63         ; 3A             ; RESERVED_INPUT_WITH_WEAK_PULLUP ;        ;              ;                     ; Column I/O   ;                 ; no       ; On           ;
; AG4      ;            ; 3A             ; VCCIO3A                         ; power  ;              ; 2.5V                ; --           ;                 ; --       ; --           ;
; AG5      ; 78         ; 3A             ; rrr[14]                         ; output ; 2.5 V        ;                     ; Column I/O   ; N               ; no       ; Off          ;
; AG6      ; 73         ; 3A             ; flags[1]                        ; output ; 2.5 V        ;                     ; Column I/O   ; N               ; no       ; Off          ;
; AG7      ; 68         ; 3A             ; rrr[15]                         ; output ; 2.5 V        ;                     ; Column I/O   ; N               ; no       ; Off          ;
; AG8      ; 65         ; 3A             ; RESERVED_INPUT_WITH_WEAK_PULLUP ;        ;              ;                     ; Column I/O   ;                 ; no       ; On           ;
; AG9      ;            ;                ; GND                             ; gnd    ;              ;                     ; --           ;                 ; --       ; --           ;
; AG10     ; 86         ; 3B             ; a[5]                            ; input  ; 2.5 V        ;                     ; Column I/O   ; N               ; no       ; Off          ;
; AG11     ; 85         ; 3B             ; d1[1]                           ; output ; 2.5 V        ;                     ; Column I/O   ; N               ; no       ; Off          ;
; AG12     ; 103        ; 3B             ; rrr[0]                          ; output ; 2.5 V        ;                     ; Column I/O   ; N               ; no       ; Off          ;
; AG13     ; 101        ; 3B             ; d4[2]                           ; output ; 2.5 V        ;                     ; Column I/O   ; N               ; no       ; Off          ;
; AG14     ;            ;                ; GND                             ; gnd    ;              ;                     ; --           ;                 ; --       ; --           ;
; AG15     ; 127        ; 3B             ; bbb[2]                          ; output ; 2.5 V        ;                     ; Column I/O   ; N               ; no       ; Off          ;
; AG16     ; 134        ; 4A             ; sel[0]                          ; input  ; 2.5 V        ;                     ; Column I/O   ; N               ; no       ; Off          ;
; AG17     ; 132        ; 4A             ; sel[1]                          ; input  ; 2.5 V        ;                     ; Column I/O   ; N               ; no       ; Off          ;
; AG18     ; 150        ; 4A             ; bbb[5]                          ; output ; 2.5 V        ;                     ; Column I/O   ; N               ; no       ; Off          ;
; AG19     ;            ; 4A             ; VCCIO4A                         ; power  ;              ; 2.5V                ; --           ;                 ; --       ; --           ;
; AG20     ; 157        ; 4A             ; b[1]                            ; input  ; 2.5 V        ;                     ; Column I/O   ; N               ; no       ; Off          ;
; AG21     ; 143        ; 4A             ; bbb[1]                          ; output ; 2.5 V        ;                     ; Column I/O   ; N               ; no       ; Off          ;
; AG22     ; 166        ; 4A             ; aaa[14]                         ; output ; 2.5 V        ;                     ; Column I/O   ; N               ; no       ; Off          ;
; AG23     ; 163        ; 4A             ; bbb[0]                          ; output ; 2.5 V        ;                     ; Column I/O   ; N               ; no       ; Off          ;
; AG24     ;            ;                ; GND                             ; gnd    ;              ;                     ; --           ;                 ; --       ; --           ;
; AG25     ; 190        ; 4A             ; RESERVED_INPUT_WITH_WEAK_PULLUP ;        ;              ;                     ; Column I/O   ;                 ; no       ; On           ;
; AG26     ; 203        ; 4A             ; RESERVED_INPUT_WITH_WEAK_PULLUP ;        ;              ;                     ; Column I/O   ;                 ; no       ; On           ;
; AG27     ; 212        ; 5A             ; RESERVED_INPUT_WITH_WEAK_PULLUP ;        ;              ;                     ; Row I/O      ;                 ; no       ; On           ;
; AG28     ; 233        ; 5A             ; RESERVED_INPUT_WITH_WEAK_PULLUP ;        ;              ;                     ; Row I/O      ;                 ; no       ; On           ;
; AG29     ;            ; 5A             ; VCCIO5A                         ; power  ;              ; 2.5V                ; --           ;                 ; --       ; --           ;
; AG30     ; 243        ; 5A             ; RESERVED_INPUT_WITH_WEAK_PULLUP ;        ;              ;                     ; Row I/O      ;                 ; no       ; On           ;
; AH1      ;            ;                ; GND                             ; gnd    ;              ;                     ; --           ;                 ; --       ; --           ;
; AH2      ; 69         ; 3A             ; RESERVED_INPUT_WITH_WEAK_PULLUP ;        ;              ;                     ; Column I/O   ;                 ; no       ; On           ;
; AH3      ; 81         ; 3A             ; sign                            ; output ; 2.5 V        ;                     ; Column I/O   ; N               ; no       ; Off          ;
; AH4      ; 61         ; 3A             ; RESERVED_INPUT_WITH_WEAK_PULLUP ;        ;              ;                     ; Column I/O   ;                 ; no       ; On           ;
; AH5      ; 76         ; 3A             ; aaa[5]                          ; output ; 2.5 V        ;                     ; Column I/O   ; N               ; no       ; Off          ;
; AH6      ;            ;                ; GND                             ; gnd    ;              ;                     ; --           ;                 ; --       ; --           ;
; AH7      ; 115        ; 3B             ; a[12]                           ; input  ; 2.5 V        ;                     ; Column I/O   ; N               ; no       ; Off          ;
; AH8      ; 113        ; 3B             ; a[4]                            ; input  ; 2.5 V        ;                     ; Column I/O   ; N               ; no       ; Off          ;
; AH9      ; 84         ; 3B             ; aaa[7]                          ; output ; 2.5 V        ;                     ; Column I/O   ; N               ; no       ; Off          ;
; AH10     ; 118        ; 3B             ; a[10]                           ; input  ; 2.5 V        ;                     ; Column I/O   ; N               ; no       ; Off          ;
; AH11     ;            ;                ; GND                             ; gnd    ;              ;                     ; --           ;                 ; --       ; --           ;
; AH12     ; 126        ; 3B             ; aaa[3]                          ; output ; 2.5 V        ;                     ; Column I/O   ; N               ; no       ; Off          ;
; AH13     ; 111        ; 3B             ; d2[1]                           ; output ; 2.5 V        ;                     ; Column I/O   ; N               ; no       ; Off          ;
; AH14     ; 109        ; 3B             ; rrr[13]                         ; output ; 2.5 V        ;                     ; Column I/O   ; N               ; no       ; Off          ;
; AH15     ; 125        ; 3B             ; aaa[2]                          ; output ; 2.5 V        ;                     ; Column I/O   ; N               ; no       ; Off          ;
; AH16     ;            ; 4A             ; VCCIO4A                         ; power  ;              ; 2.5V                ; --           ;                 ; --       ; --           ;
; AH17     ; 147        ; 4A             ; bbb[8]                          ; output ; 2.5 V        ;                     ; Column I/O   ; N               ; no       ; Off          ;
; AH18     ; 145        ; 4A             ; aaa[15]                         ; output ; 2.5 V        ;                     ; Column I/O   ; N               ; no       ; Off          ;
; AH19     ; 148        ; 4A             ; aaa[11]                         ; output ; 2.5 V        ;                     ; Column I/O   ; N               ; no       ; Off          ;
; AH20     ; 141        ; 4A             ; b[16]                           ; input  ; 2.5 V        ;                     ; Column I/O   ; N               ; no       ; Off          ;
; AH21     ;            ;                ; GND                             ; gnd    ;              ;                     ; --           ;                 ; --       ; --           ;
; AH22     ; 164        ; 4A             ; b[7]                            ; input  ; 2.5 V        ;                     ; Column I/O   ; N               ; no       ; Off          ;
; AH23     ; 174        ; 4A             ; b[12]                           ; input  ; 2.5 V        ;                     ; Column I/O   ; N               ; no       ; Off          ;
; AH24     ; 161        ; 4A             ; rrr[8]                          ; output ; 2.5 V        ;                     ; Column I/O   ; N               ; no       ; Off          ;
; AH25     ; 188        ; 4A             ; RESERVED_INPUT_WITH_WEAK_PULLUP ;        ;              ;                     ; Column I/O   ;                 ; no       ; On           ;
; AH26     ;            ; 4A             ; VCCIO4A                         ; power  ;              ; 2.5V                ; --           ;                 ; --       ; --           ;
; AH27     ; 201        ; 4A             ; RESERVED_INPUT_WITH_WEAK_PULLUP ;        ;              ;                     ; Column I/O   ;                 ; no       ; On           ;
; AH28     ; 214        ; 5A             ; RESERVED_INPUT_WITH_WEAK_PULLUP ;        ;              ;                     ; Row I/O      ;                 ; no       ; On           ;
; AH29     ; 218        ; 5A             ; aaa[0]                          ; output ; 2.5 V        ;                     ; Row I/O      ; N               ; no       ; Off          ;
; AH30     ; 241        ; 5A             ; RESERVED_INPUT_WITH_WEAK_PULLUP ;        ;              ;                     ; Row I/O      ;                 ; no       ; On           ;
; AJ1      ; 79         ; 3A             ; RESERVED_INPUT_WITH_WEAK_PULLUP ;        ;              ;                     ; Column I/O   ;                 ; no       ; On           ;
; AJ2      ; 77         ; 3A             ; rrr[5]                          ; output ; 2.5 V        ;                     ; Column I/O   ; N               ; no       ; Off          ;
; AJ3      ;            ;                ; GND                             ; gnd    ;              ;                     ; --           ;                 ; --       ; --           ;
; AJ4      ; 94         ; 3B             ; d1[2]                           ; output ; 2.5 V        ;                     ; Column I/O   ; N               ; no       ; Off          ;
; AJ5      ; 99         ; 3B             ; d0[0]                           ; output ; 2.5 V        ;                     ; Column I/O   ; N               ; no       ; Off          ;
; AJ6      ; 102        ; 3B             ; d3[1]                           ; output ; 2.5 V        ;                     ; Column I/O   ; N               ; no       ; Off          ;
; AJ7      ; 100        ; 3B             ; d1[3]                           ; output ; 2.5 V        ;                     ; Column I/O   ; N               ; no       ; Off          ;
; AJ8      ;            ; 3B             ; VCCIO3B                         ; power  ;              ; 2.5V                ; --           ;                 ; --       ; --           ;
; AJ9      ; 110        ; 3B             ; rrr[11]                         ; output ; 2.5 V        ;                     ; Column I/O   ; N               ; no       ; Off          ;
; AJ10     ; 116        ; 3B             ; a[2]                            ; input  ; 2.5 V        ;                     ; Column I/O   ; N               ; no       ; Off          ;
; AJ11     ; 119        ; 3B             ; a[6]                            ; input  ; 2.5 V        ;                     ; Column I/O   ; N               ; no       ; Off          ;
; AJ12     ; 124        ; 3B             ; a[15]                           ; input  ; 2.5 V        ;                     ; Column I/O   ; N               ; no       ; Off          ;
; AJ13     ;            ; 3B             ; VCCIO3B                         ; power  ;              ; 2.5V                ; --           ;                 ; --       ; --           ;
; AJ14     ; 131        ; 3B             ; a[16]                           ; input  ; 2.5 V        ;                     ; Column I/O   ; N               ; no       ; Off          ;
; AJ15     ;            ; 3B             ; VREFB3BN0                       ; power  ;              ;                     ; --           ;                 ; --       ; --           ;
; AJ16     ; 142        ; 4A             ; bbb[9]                          ; output ; 2.5 V        ;                     ; Column I/O   ; N               ; no       ; Off          ;
; AJ17     ; 151        ; 4A             ; aaa[10]                         ; output ; 2.5 V        ;                     ; Column I/O   ; N               ; no       ; Off          ;
; AJ18     ;            ;                ; GND                             ; gnd    ;              ;                     ; --           ;                 ; --       ; --           ;
; AJ19     ; 155        ; 4A             ; bbb[14]                         ; output ; 2.5 V        ;                     ; Column I/O   ; N               ; no       ; Off          ;
; AJ20     ; 158        ; 4A             ; b[0]                            ; input  ; 2.5 V        ;                     ; Column I/O   ; N               ; no       ; Off          ;
; AJ21     ; 156        ; 4A             ; b[3]                            ; input  ; 2.5 V        ;                     ; Column I/O   ; N               ; no       ; Off          ;
; AJ22     ; 172        ; 4A             ; aaa[12]                         ; output ; 2.5 V        ;                     ; Column I/O   ; N               ; no       ; Off          ;
; AJ23     ;            ; 4A             ; VCCIO4A                         ; power  ;              ; 2.5V                ; --           ;                 ; --       ; --           ;
; AJ24     ; 182        ; 4A             ; RESERVED_INPUT_WITH_WEAK_PULLUP ;        ;              ;                     ; Column I/O   ;                 ; no       ; On           ;
; AJ25     ; 180        ; 4A             ; RESERVED_INPUT_WITH_WEAK_PULLUP ;        ;              ;                     ; Column I/O   ;                 ; no       ; On           ;
; AJ26     ; 187        ; 4A             ; RESERVED_INPUT_WITH_WEAK_PULLUP ;        ;              ;                     ; Column I/O   ;                 ; no       ; On           ;
; AJ27     ; 195        ; 4A             ; RESERVED_INPUT_WITH_WEAK_PULLUP ;        ;              ;                     ; Column I/O   ;                 ; no       ; On           ;
; AJ28     ;            ;                ; GND                             ; gnd    ;              ;                     ; --           ;                 ; --       ; --           ;
; AJ29     ; 216        ; 5A             ; RESERVED_INPUT_WITH_WEAK_PULLUP ;        ;              ;                     ; Row I/O      ;                 ; no       ; On           ;
; AJ30     ;            ;                ; GND                             ; gnd    ;              ;                     ; --           ;                 ; --       ; --           ;
; AK2      ; 91         ; 3B             ; d0[1]                           ; output ; 2.5 V        ;                     ; Column I/O   ; N               ; no       ; Off          ;
; AK3      ; 89         ; 3B             ; a[7]                            ; input  ; 2.5 V        ;                     ; Column I/O   ; N               ; no       ; Off          ;
; AK4      ; 92         ; 3B             ; b[15]                           ; input  ; 2.5 V        ;                     ; Column I/O   ; N               ; no       ; Off          ;
; AK5      ;            ;                ; GND                             ; gnd    ;              ;                     ; --           ;                 ; --       ; --           ;
; AK6      ; 97         ; 3B             ; rrr[9]                          ; output ; 2.5 V        ;                     ; Column I/O   ; N               ; no       ; Off          ;
; AK7      ; 107        ; 3B             ; d4[3]                           ; output ; 2.5 V        ;                     ; Column I/O   ; N               ; no       ; Off          ;
; AK8      ; 105        ; 3B             ; d3[3]                           ; output ; 2.5 V        ;                     ; Column I/O   ; N               ; no       ; Off          ;
; AK9      ; 108        ; 3B             ; d3[2]                           ; output ; 2.5 V        ;                     ; Column I/O   ; N               ; no       ; Off          ;
; AK10     ;            ; 3B             ; VCCIO3B                         ; power  ;              ; 2.5V                ; --           ;                 ; --       ; --           ;
; AK11     ; 117        ; 3B             ; flags[3]                        ; output ; 2.5 V        ;                     ; Column I/O   ; N               ; no       ; Off          ;
; AK12     ; 123        ; 3B             ; a[3]                            ; input  ; 2.5 V        ;                     ; Column I/O   ; N               ; no       ; Off          ;
; AK13     ; 121        ; 3B             ; rrr[7]                          ; output ; 2.5 V        ;                     ; Column I/O   ; N               ; no       ; Off          ;
; AK14     ; 129        ; 3B             ; sel[2]                          ; input  ; 2.5 V        ;                     ; Column I/O   ; N               ; no       ; Off          ;
; AK15     ;            ;                ; GND                             ; gnd    ;              ;                     ; --           ;                 ; --       ; --           ;
; AK16     ; 140        ; 4A             ; bbb[11]                         ; output ; 2.5 V        ;                     ; Column I/O   ; N               ; no       ; Off          ;
; AK17     ;            ; 4A             ; VREFB4AN0                       ; power  ;              ;                     ; --           ;                 ; --       ; --           ;
; AK18     ; 149        ; 4A             ; b[9]                            ; input  ; 2.5 V        ;                     ; Column I/O   ; N               ; no       ; Off          ;
; AK19     ; 153        ; 4A             ; b[6]                            ; input  ; 2.5 V        ;                     ; Column I/O   ; N               ; no       ; Off          ;
; AK20     ;            ; 4A             ; VCCIO4A                         ; power  ;              ; 2.5V                ; --           ;                 ; --       ; --           ;
; AK21     ; 171        ; 4A             ; aaa[6]                          ; output ; 2.5 V        ;                     ; Column I/O   ; N               ; no       ; Off          ;
; AK22     ; 169        ; 4A             ; rrr[12]                         ; output ; 2.5 V        ;                     ; Column I/O   ; N               ; no       ; Off          ;
; AK23     ; 179        ; 4A             ; bbb[3]                          ; output ; 2.5 V        ;                     ; Column I/O   ; N               ; no       ; Off          ;
; AK24     ; 177        ; 4A             ; RESERVED_INPUT_WITH_WEAK_PULLUP ;        ;              ;                     ; Column I/O   ;                 ; no       ; On           ;
; AK25     ;            ;                ; GND                             ; gnd    ;              ;                     ; --           ;                 ; --       ; --           ;
; AK26     ; 185        ; 4A             ; b[4]                            ; input  ; 2.5 V        ;                     ; Column I/O   ; N               ; no       ; Off          ;
; AK27     ; 193        ; 4A             ; RESERVED_INPUT_WITH_WEAK_PULLUP ;        ;              ;                     ; Column I/O   ;                 ; no       ; On           ;
; AK28     ; 198        ; 4A             ; RESERVED_INPUT_WITH_WEAK_PULLUP ;        ;              ;                     ; Column I/O   ;                 ; no       ; On           ;
; AK29     ; 196        ; 4A             ; aaa[1]                          ; output ; 2.5 V        ;                     ; Column I/O   ; N               ; no       ; Off          ;
; B1       ; 509        ; 8A             ; RESERVED_INPUT_WITH_WEAK_PULLUP ;        ;              ;                     ; Column I/O   ;                 ; no       ; On           ;
; B2       ; 507        ; 8A             ; RESERVED_INPUT_WITH_WEAK_PULLUP ;        ;              ;                     ; Column I/O   ;                 ; no       ; On           ;
; B3       ; 513        ; 8A             ; RESERVED_INPUT_WITH_WEAK_PULLUP ;        ;              ;                     ; Column I/O   ;                 ; no       ; On           ;
; B4       ;            ; 8A             ; VCCIO8A                         ; power  ;              ; 2.5V                ; --           ;                 ; --       ; --           ;
; B5       ; 512        ; 8A             ; RESERVED_INPUT_WITH_WEAK_PULLUP ;        ;              ;                     ; Column I/O   ;                 ; no       ; On           ;
; B6       ; 510        ; 8A             ; RESERVED_INPUT_WITH_WEAK_PULLUP ;        ;              ;                     ; Column I/O   ;                 ; no       ; On           ;
; B7       ; 477        ; 8A             ; RESERVED_INPUT_WITH_WEAK_PULLUP ;        ;              ;                     ; Column I/O   ;                 ; no       ; On           ;
; B8       ; 481        ; 8A             ; RESERVED_INPUT_WITH_WEAK_PULLUP ;        ;              ;                     ; Column I/O   ;                 ; no       ; On           ;
; B9       ;            ;                ; GND                             ; gnd    ;              ;                     ; --           ;                 ; --       ; --           ;
; B10      ;            ; 8A             ; VREFB8AN0                       ; power  ;              ;                     ; --           ;                 ; --       ; --           ;
; B11      ; 469        ; 8A             ; RESERVED_INPUT_WITH_WEAK_PULLUP ;        ;              ;                     ; Column I/O   ;                 ; no       ; On           ;
; B12      ; 464        ; 8A             ; RESERVED_INPUT_WITH_WEAK_PULLUP ;        ;              ;                     ; Column I/O   ;                 ; no       ; On           ;
; B13      ; 459        ; 8A             ; RESERVED_INPUT_WITH_WEAK_PULLUP ;        ;              ;                     ; Column I/O   ;                 ; no       ; On           ;
; B14      ;            ;                ; GND                             ; gnd    ;              ;                     ; --           ;                 ; --       ; --           ;
; B15      ; 451        ; 7D             ; RESERVED_INPUT_WITH_WEAK_PULLUP ;        ;              ;                     ; Column I/O   ;                 ; no       ; On           ;
; B16      ; 441        ; 7C             ; RESERVED_INPUT_WITH_WEAK_PULLUP ;        ;              ;                     ; Column I/O   ;                 ; no       ; On           ;
; B17      ; 431        ; 7C             ; RESERVED_INPUT_WITH_WEAK_PULLUP ;        ;              ;                     ; Column I/O   ;                 ; no       ; On           ;
; B18      ; 418        ; 7B             ; RESERVED_INPUT_WITH_WEAK_PULLUP ;        ;              ;                     ; Column I/O   ;                 ; no       ; On           ;
; B19      ;            ;                ; GND                             ; gnd    ;              ;                     ; --           ;                 ; --       ; --           ;
; B20      ; 417        ; 7B             ; RESERVED_INPUT_WITH_WEAK_PULLUP ;        ;              ;                     ; Column I/O   ;                 ; no       ; On           ;
; B21      ; 413        ; 7B             ; RESERVED_INPUT_WITH_WEAK_PULLUP ;        ;              ;                     ; Column I/O   ;                 ; no       ; On           ;
; B22      ; 399        ; 7A             ; RESERVED_INPUT_WITH_WEAK_PULLUP ;        ;              ;                     ; Column I/O   ;                 ; no       ; On           ;
; B23      ; 397        ; 7A             ; RESERVED_INPUT_WITH_WEAK_PULLUP ;        ;              ;                     ; Column I/O   ;                 ; no       ; On           ;
; B24      ;            ;                ; GND                             ; gnd    ;              ;                     ; --           ;                 ; --       ; --           ;
; B25      ; 387        ; 7A             ; RESERVED_INPUT_WITH_WEAK_PULLUP ;        ;              ;                     ; Column I/O   ;                 ; no       ; On           ;
; B26      ; 386        ; 7A             ; RESERVED_INPUT_WITH_WEAK_PULLUP ;        ;              ;                     ; Column I/O   ;                 ; no       ; On           ;
; B27      ; 381        ; 7A             ; ^HPS_TDI                        ;        ;              ;                     ; --           ;                 ; --       ; --           ;
; B28      ; 376        ; 7A             ; ^HPS_TDO                        ;        ;              ;                     ; --           ;                 ; --       ; --           ;
; B29      ;            ;                ; GND                             ; gnd    ;              ;                     ; --           ;                 ; --       ; --           ;
; B30      ; 365        ; 6A             ; RESERVED_INPUT_WITH_WEAK_PULLUP ;        ;              ;                     ; Row I/O      ;                 ; no       ; On           ;
; C1       ;            ;                ; GND                             ; gnd    ;              ;                     ; --           ;                 ; --       ; --           ;
; C2       ; 517        ; 8A             ; RESERVED_INPUT_WITH_WEAK_PULLUP ;        ;              ;                     ; Column I/O   ;                 ; no       ; On           ;
; C3       ; 511        ; 8A             ; RESERVED_INPUT_WITH_WEAK_PULLUP ;        ;              ;                     ; Column I/O   ;                 ; no       ; On           ;
; C4       ; 501        ; 8A             ; RESERVED_INPUT_WITH_WEAK_PULLUP ;        ;              ;                     ; Column I/O   ;                 ; no       ; On           ;
; C5       ; 497        ; 8A             ; RESERVED_INPUT_WITH_WEAK_PULLUP ;        ;              ;                     ; Column I/O   ;                 ; no       ; On           ;
; C6       ;            ;                ; GND                             ; gnd    ;              ;                     ; --           ;                 ; --       ; --           ;
; C7       ; 475        ; 8A             ; RESERVED_INPUT_WITH_WEAK_PULLUP ;        ;              ;                     ; Column I/O   ;                 ; no       ; On           ;
; C8       ; 479        ; 8A             ; RESERVED_INPUT_WITH_WEAK_PULLUP ;        ;              ;                     ; Column I/O   ;                 ; no       ; On           ;
; C9       ; 485        ; 8A             ; RESERVED_INPUT_WITH_WEAK_PULLUP ;        ;              ;                     ; Column I/O   ;                 ; no       ; On           ;
; C10      ; 483        ; 8A             ; RESERVED_INPUT_WITH_WEAK_PULLUP ;        ;              ;                     ; Column I/O   ;                 ; no       ; On           ;
; C11      ;            ; 8A             ; VCCIO8A                         ; power  ;              ; 2.5V                ; --           ;                 ; --       ; --           ;
; C12      ; 467        ; 8A             ; RESERVED_INPUT_WITH_WEAK_PULLUP ;        ;              ;                     ; Column I/O   ;                 ; no       ; On           ;
; C13      ; 462        ; 8A             ; RESERVED_INPUT_WITH_WEAK_PULLUP ;        ;              ;                     ; Column I/O   ;                 ; no       ; On           ;
; C14      ; 448        ; 7D             ; RESERVED_INPUT_WITH_WEAK_PULLUP ;        ;              ;                     ; Column I/O   ;                 ; no       ; On           ;
; C15      ; 453        ; 7D             ; RESERVED_INPUT_WITH_WEAK_PULLUP ;        ;              ;                     ; Column I/O   ;                 ; no       ; On           ;
; C16      ;            ;                ; GND                             ; gnd    ;              ;                     ; --           ;                 ; --       ; --           ;
; C17      ; 433        ; 7C             ; RESERVED_INPUT_WITH_WEAK_PULLUP ;        ;              ;                     ; Column I/O   ;                 ; no       ; On           ;
; C18      ; 435        ; 7C             ; RESERVED_INPUT_WITH_WEAK_PULLUP ;        ;              ;                     ; Column I/O   ;                 ; no       ; On           ;
; C19      ; 427        ; 7B             ; RESERVED_INPUT_WITH_WEAK_PULLUP ;        ;              ;                     ; Column I/O   ;                 ; no       ; On           ;
; C20      ; 421        ; 7B             ; RESERVED_INPUT_WITH_WEAK_PULLUP ;        ;              ;                     ; Column I/O   ;                 ; no       ; On           ;
; C21      ;            ;                ; GND                             ; gnd    ;              ;                     ; --           ;                 ; --       ; --           ;
; C22      ; 396        ; 7A             ; RESERVED_INPUT_WITH_WEAK_PULLUP ;        ;              ;                     ; Column I/O   ;                 ; no       ; On           ;
; C23      ; 401        ; 7A             ; RESERVED_INPUT_WITH_WEAK_PULLUP ;        ;              ;                     ; Column I/O   ;                 ; no       ; On           ;
; C24      ; 393        ; 7A             ; RESERVED_INPUT_WITH_WEAK_PULLUP ;        ;              ;                     ; Column I/O   ;                 ; no       ; On           ;
; C25      ; 388        ; 7A             ; RESERVED_INPUT_WITH_WEAK_PULLUP ;        ;              ;                     ; Column I/O   ;                 ; no       ; On           ;
; C26      ;            ;                ; GND                             ; gnd    ;              ;                     ; --           ;                 ; --       ; --           ;
; C27      ; 374        ; 7A             ; ^HPS_nRST                       ;        ;              ;                     ; --           ;                 ; --       ; --           ;
; C28      ; 369        ; 6A             ; RESERVED_INPUT_WITH_WEAK_PULLUP ;        ;              ;                     ; Row I/O      ;                 ; no       ; On           ;
; C29      ; 367        ; 6A             ; RESERVED_INPUT_WITH_WEAK_PULLUP ;        ;              ;                     ; Row I/O      ;                 ; no       ; On           ;
; C30      ; 363        ; 6A             ; RESERVED_INPUT_WITH_WEAK_PULLUP ;        ;              ;                     ; Row I/O      ;                 ; no       ; On           ;
; D1       ; 529        ; 8A             ; RESERVED_INPUT_WITH_WEAK_PULLUP ;        ;              ;                     ; Column I/O   ;                 ; no       ; On           ;
; D2       ; 515        ; 8A             ; RESERVED_INPUT_WITH_WEAK_PULLUP ;        ;              ;                     ; Column I/O   ;                 ; no       ; On           ;
; D3       ;            ;                ; GND                             ; gnd    ;              ;                     ; --           ;                 ; --       ; --           ;
; D4       ; 521        ; 8A             ; RESERVED_INPUT_WITH_WEAK_PULLUP ;        ;              ;                     ; Column I/O   ;                 ; no       ; On           ;
; D5       ; 499        ; 8A             ; RESERVED_INPUT_WITH_WEAK_PULLUP ;        ;              ;                     ; Column I/O   ;                 ; no       ; On           ;
; D6       ; 495        ; 8A             ; RESERVED_INPUT_WITH_WEAK_PULLUP ;        ;              ;                     ; Column I/O   ;                 ; no       ; On           ;
; D7       ; 505        ; 8A             ; RESERVED_INPUT_WITH_WEAK_PULLUP ;        ;              ;                     ; Column I/O   ;                 ; no       ; On           ;
; D8       ;            ; 8A             ; VCCIO8A                         ; power  ;              ; 2.5V                ; --           ;                 ; --       ; --           ;
; D9       ; 480        ; 8A             ; RESERVED_INPUT_WITH_WEAK_PULLUP ;        ;              ;                     ; Column I/O   ;                 ; no       ; On           ;
; D10      ; 472        ; 8A             ; RESERVED_INPUT_WITH_WEAK_PULLUP ;        ;              ;                     ; Column I/O   ;                 ; no       ; On           ;
; D11      ; 470        ; 8A             ; RESERVED_INPUT_WITH_WEAK_PULLUP ;        ;              ;                     ; Column I/O   ;                 ; no       ; On           ;
; D12      ; 496        ; 8A             ; RESERVED_INPUT_WITH_WEAK_PULLUP ;        ;              ;                     ; Column I/O   ;                 ; no       ; On           ;
; D13      ;            ;                ; GND                             ; gnd    ;              ;                     ; --           ;                 ; --       ; --           ;
; D14      ; 446        ; 7D             ; RESERVED_INPUT_WITH_WEAK_PULLUP ;        ;              ;                     ; Column I/O   ;                 ; no       ; On           ;
; D15      ; 449        ; 7D             ; RESERVED_INPUT_WITH_WEAK_PULLUP ;        ;              ;                     ; Column I/O   ;                 ; no       ; On           ;
; D16      ; 445        ; 7D             ; RESERVED_INPUT_WITH_WEAK_PULLUP ;        ;              ;                     ; Column I/O   ;                 ; no       ; On           ;
; D17      ; 440        ; 7C             ; RESERVED_INPUT_WITH_WEAK_PULLUP ;        ;              ;                     ; Column I/O   ;                 ; no       ; On           ;
; D18      ;            ; 7C             ; VCCIO7C_HPS                     ; power  ;              ; 2.5V                ; --           ;                 ; --       ; --           ;
; D19      ; 426        ; 7B             ; RESERVED_INPUT_WITH_WEAK_PULLUP ;        ;              ;                     ; Column I/O   ;                 ; no       ; On           ;
; D20      ; 420        ; 7B             ; RESERVED_INPUT_WITH_WEAK_PULLUP ;        ;              ;                     ; Column I/O   ;                 ; no       ; On           ;
; D21      ; 419        ; 7B             ; RESERVED_INPUT_WITH_WEAK_PULLUP ;        ;              ;                     ; Column I/O   ;                 ; no       ; On           ;
; D22      ; 402        ; 7A             ; RESERVED_INPUT_WITH_WEAK_PULLUP ;        ;              ;                     ; Column I/O   ;                 ; no       ; On           ;
; D23      ;            ;                ; GND                             ; gnd    ;              ;                     ; --           ;                 ; --       ; --           ;
; D24      ; 404        ; 7A             ; RESERVED_INPUT_WITH_WEAK_PULLUP ;        ;              ;                     ; Column I/O   ;                 ; no       ; On           ;
; D25      ; 384        ; 7A             ; ^HPS_CLK1                       ;        ;              ;                     ; --           ;                 ; --       ; --           ;
; D26      ; 373        ; 7A             ; ^GND                            ;        ;              ;                     ; --           ;                 ; --       ; --           ;
; D27      ; 371        ; 6A             ; HPS_RZQ_0                       ;        ;              ;                     ; --           ;                 ; no       ; On           ;
; D28      ;            ; 6A             ; VCCIO6A_HPS                     ; power  ;              ; 2.5V                ; --           ;                 ; --       ; --           ;
; D29      ; 361        ; 6A             ; RESERVED_INPUT_WITH_WEAK_PULLUP ;        ;              ;                     ; Row I/O      ;                 ; no       ; On           ;
; D30      ; 359        ; 6A             ; RESERVED_INPUT_WITH_WEAK_PULLUP ;        ;              ;                     ; Row I/O      ;                 ; no       ; On           ;
; E1       ; 527        ; 8A             ; RESERVED_INPUT_WITH_WEAK_PULLUP ;        ;              ;                     ; Column I/O   ;                 ; no       ; On           ;
; E2       ; 525        ; 8A             ; RESERVED_INPUT_WITH_WEAK_PULLUP ;        ;              ;                     ; Column I/O   ;                 ; no       ; On           ;
; E3       ; 523        ; 8A             ; RESERVED_INPUT_WITH_WEAK_PULLUP ;        ;              ;                     ; Column I/O   ;                 ; no       ; On           ;
; E4       ; 519        ; 8A             ; RESERVED_INPUT_WITH_WEAK_PULLUP ;        ;              ;                     ; Column I/O   ;                 ; no       ; On           ;
; E5       ;            ; 8A             ; VCCIO8A                         ; power  ;              ; 2.5V                ; --           ;                 ; --       ; --           ;
; E6       ; 533        ; 8A             ; RESERVED_INPUT_WITH_WEAK_PULLUP ;        ;              ;                     ; Column I/O   ;                 ; no       ; On           ;
; E7       ; 531        ; 8A             ; RESERVED_INPUT_WITH_WEAK_PULLUP ;        ;              ;                     ; Column I/O   ;                 ; no       ; On           ;
; E8       ; 503        ; 8A             ; RESERVED_INPUT_WITH_WEAK_PULLUP ;        ;              ;                     ; Column I/O   ;                 ; no       ; On           ;
; E9       ; 478        ; 8A             ; RESERVED_INPUT_WITH_WEAK_PULLUP ;        ;              ;                     ; Column I/O   ;                 ; no       ; On           ;
; E10      ;            ;                ; GND                             ; gnd    ;              ;                     ; --           ;                 ; --       ; --           ;
; E11      ; 504        ; 8A             ; RESERVED_INPUT_WITH_WEAK_PULLUP ;        ;              ;                     ; Column I/O   ;                 ; no       ; On           ;
; E12      ; 494        ; 8A             ; RESERVED_INPUT_WITH_WEAK_PULLUP ;        ;              ;                     ; Column I/O   ;                 ; no       ; On           ;
; E13      ; 488        ; 8A             ; RESERVED_INPUT_WITH_WEAK_PULLUP ;        ;              ;                     ; Column I/O   ;                 ; no       ; On           ;
; E14      ; 454        ; 7D             ; RESERVED_INPUT_WITH_WEAK_PULLUP ;        ;              ;                     ; Column I/O   ;                 ; no       ; On           ;
; E15      ;            ; 7D             ; VCCIO7D_HPS                     ; power  ;              ; 2.5V                ; --           ;                 ; --       ; --           ;
; E16      ; 443        ; 7D             ; RESERVED_INPUT_WITH_WEAK_PULLUP ;        ;              ;                     ; Column I/O   ;                 ; no       ; On           ;
; E17      ; 438        ; 7C             ; RESERVED_INPUT_WITH_WEAK_PULLUP ;        ;              ;                     ; Column I/O   ;                 ; no       ; On           ;
; E18      ; 437        ; 7C             ; RESERVED_INPUT_WITH_WEAK_PULLUP ;        ;              ;                     ; Column I/O   ;                 ; no       ; On           ;
; E19      ; 424        ; 7B             ; RESERVED_INPUT_WITH_WEAK_PULLUP ;        ;              ;                     ; Column I/O   ;                 ; no       ; On           ;
; E20      ;            ; 7B             ; VCCIO7B_HPS                     ; power  ;              ; 2.5V                ; --           ;                 ; --       ; --           ;
; E21      ; 412        ; 7B             ; RESERVED_INPUT_WITH_WEAK_PULLUP ;        ;              ;                     ; Column I/O   ;                 ; no       ; On           ;
; E22      ;            ; 7A, 7B, 7C, 7D ; VREFB7A7B7C7DN0_HPS             ; power  ;              ;                     ; --           ;                 ; --       ; --           ;
; E23      ; 394        ; 7A             ; RESERVED_INPUT_WITH_WEAK_PULLUP ;        ;              ;                     ; Column I/O   ;                 ; no       ; On           ;
; E24      ; 403        ; 7A             ; RESERVED_INPUT_WITH_WEAK_PULLUP ;        ;              ;                     ; Column I/O   ;                 ; no       ; On           ;
; E25      ;            ;                ; GND                             ; gnd    ;              ;                     ; --           ;                 ; --       ; --           ;
; E26      ;            ;                ; DNU                             ;        ;              ;                     ; --           ;                 ; --       ; --           ;
; E27      ; 357        ; 6A             ; RESERVED_INPUT_WITH_WEAK_PULLUP ;        ;              ;                     ; Row I/O      ;                 ; no       ; On           ;
; E28      ; 351        ; 6A             ; RESERVED_INPUT_WITH_WEAK_PULLUP ;        ;              ;                     ; Row I/O      ;                 ; no       ; On           ;
; E29      ; 353        ; 6A             ; RESERVED_INPUT_WITH_WEAK_PULLUP ;        ;              ;                     ; Row I/O      ;                 ; no       ; On           ;
; E30      ;            ;                ; GND                             ; gnd    ;              ;                     ; --           ;                 ; --       ; --           ;
; F1       ;            ;                ; DNU                             ;        ;              ;                     ; --           ;                 ; --       ; --           ;
; F2       ;            ;                ; GND                             ; gnd    ;              ;                     ; --           ;                 ; --       ; --           ;
; F3       ; 539        ; 9A             ; ^CONF_DONE                      ;        ;              ;                     ; --           ;                 ; --       ; --           ;
; F4       ; 541        ; 9A             ; ^nSTATUS                        ;        ;              ;                     ; --           ;                 ; --       ; --           ;
; F5       ;            ;                ; GND                             ; gnd    ;              ;                     ; --           ;                 ; --       ; --           ;
; F6       ; 537        ; 8A             ; RESERVED_INPUT_WITH_WEAK_PULLUP ;        ;              ;                     ; Column I/O   ;                 ; no       ; On           ;
; F7       ;            ;                ; GND                             ; gnd    ;              ;                     ; --           ;                 ; --       ; --           ;
; F8       ; 536        ; 8A             ; RESERVED_INPUT_WITH_WEAK_PULLUP ;        ;              ;                     ; Column I/O   ;                 ; no       ; On           ;
; F9       ; 534        ; 8A             ; RESERVED_INPUT_WITH_WEAK_PULLUP ;        ;              ;                     ; Column I/O   ;                 ; no       ; On           ;
; F10      ; 528        ; 8A             ; RESERVED_INPUT_WITH_WEAK_PULLUP ;        ;              ;                     ; Column I/O   ;                 ; no       ; On           ;
; F11      ; 502        ; 8A             ; RESERVED_INPUT_WITH_WEAK_PULLUP ;        ;              ;                     ; Column I/O   ;                 ; no       ; On           ;
; F12      ;            ; 8A             ; VCCIO8A                         ; power  ;              ; 2.5V                ; --           ;                 ; --       ; --           ;
; F13      ; 486        ; 8A             ; RESERVED_INPUT_WITH_WEAK_PULLUP ;        ;              ;                     ; Column I/O   ;                 ; no       ; On           ;
; F14      ; 468        ; 8A             ; RESERVED_INPUT_WITH_WEAK_PULLUP ;        ;              ;                     ; Column I/O   ;                 ; no       ; On           ;
; F15      ; 466        ; 8A             ; RESERVED_INPUT_WITH_WEAK_PULLUP ;        ;              ;                     ; Column I/O   ;                 ; no       ; On           ;
; F16      ; 442        ; 7D             ; RESERVED_INPUT_WITH_WEAK_PULLUP ;        ;              ;                     ; Column I/O   ;                 ; no       ; On           ;
; F17      ;            ;                ; GND                             ; gnd    ;              ;                     ; --           ;                 ; --       ; --           ;
; F18      ; 430        ; 7C             ; RESERVED_INPUT_WITH_WEAK_PULLUP ;        ;              ;                     ; Column I/O   ;                 ; no       ; On           ;
; F19      ; 410        ; 7B             ; RESERVED_INPUT_WITH_WEAK_PULLUP ;        ;              ;                     ; Column I/O   ;                 ; no       ; On           ;
; F20      ; 407        ; 7B             ; RESERVED_INPUT_WITH_WEAK_PULLUP ;        ;              ;                     ; Column I/O   ;                 ; no       ; On           ;
; F21      ; 409        ; 7B             ; RESERVED_INPUT_WITH_WEAK_PULLUP ;        ;              ;                     ; Column I/O   ;                 ; no       ; On           ;
; F22      ;            ; 7A             ; VCCIO7A_HPS                     ; power  ;              ; 2.5V                ; --           ;                 ; --       ; --           ;
; F23      ; 375        ; 7A             ; ^HPS_nPOR                       ;        ;              ;                     ; --           ;                 ; --       ; --           ;
; F24      ; 383        ; 7A             ; ^HPS_PORSEL                     ;        ;              ;                     ; --           ;                 ; --       ; --           ;
; F25      ; 385        ; 7A             ; ^HPS_CLK2                       ;        ;              ;                     ; --           ;                 ; --       ; --           ;
; F26      ; 341        ; 6A             ; RESERVED_INPUT_WITH_WEAK_PULLUP ;        ;              ;                     ; Row I/O      ;                 ; no       ; On           ;
; F27      ;            ;                ; GND                             ; gnd    ;              ;                     ; --           ;                 ; --       ; --           ;
; F28      ; 345        ; 6A             ; RESERVED_INPUT_WITH_WEAK_PULLUP ;        ;              ;                     ; Row I/O      ;                 ; no       ; On           ;
; F29      ; 349        ; 6A             ; RESERVED_INPUT_WITH_WEAK_PULLUP ;        ;              ;                     ; Row I/O      ;                 ; no       ; On           ;
; F30      ; 347        ; 6A             ; RESERVED_INPUT_WITH_WEAK_PULLUP ;        ;              ;                     ; Row I/O      ;                 ; no       ; On           ;
; G1       ;            ;                ; GND                             ;        ;              ;                     ; --           ;                 ; --       ; --           ;
; G2       ;            ;                ; DNU                             ;        ;              ;                     ; --           ;                 ; --       ; --           ;
; G3       ;            ;                ; GND                             ; gnd    ;              ;                     ; --           ;                 ; --       ; --           ;
; G4       ;            ;                ; GND                             ; gnd    ;              ;                     ; --           ;                 ; --       ; --           ;
; G5       ; 542        ; 9A             ; ^nCE                            ;        ;              ;                     ; --           ;                 ; --       ; --           ;
; G6       ; 543        ; 9A             ; ^MSEL2                          ;        ;              ;                     ; --           ;                 ; --       ; --           ;
; G7       ; 535        ; 8A             ; RESERVED_INPUT_WITH_WEAK_PULLUP ;        ;              ;                     ; Column I/O   ;                 ; no       ; On           ;
; G8       ; 492        ; 8A             ; RESERVED_INPUT_WITH_WEAK_PULLUP ;        ;              ;                     ; Column I/O   ;                 ; no       ; On           ;
; G9       ;            ; 8A             ; VCCIO8A                         ; power  ;              ; 2.5V                ; --           ;                 ; --       ; --           ;
; G10      ; 526        ; 8A             ; RESERVED_INPUT_WITH_WEAK_PULLUP ;        ;              ;                     ; Column I/O   ;                 ; no       ; On           ;
; G11      ; 520        ; 8A             ; RESERVED_INPUT_WITH_WEAK_PULLUP ;        ;              ;                     ; Column I/O   ;                 ; no       ; On           ;
; G12      ; 518        ; 8A             ; RESERVED_INPUT_WITH_WEAK_PULLUP ;        ;              ;                     ; Column I/O   ;                 ; no       ; On           ;
; G13      ; 484        ; 8A             ; RESERVED_INPUT_WITH_WEAK_PULLUP ;        ;              ;                     ; Column I/O   ;                 ; no       ; On           ;
; G14      ;            ; 8A             ; VCCIO8A                         ; power  ;              ; 2.5V                ; --           ;                 ; --       ; --           ;
; G15      ; 460        ; 8A             ; RESERVED_INPUT_WITH_WEAK_PULLUP ;        ;              ;                     ; Column I/O   ;                 ; no       ; On           ;
; G16      ; 444        ; 7D             ; RESERVED_INPUT_WITH_WEAK_PULLUP ;        ;              ;                     ; Column I/O   ;                 ; no       ; On           ;
; G17      ; 436        ; 7C             ; RESERVED_INPUT_WITH_WEAK_PULLUP ;        ;              ;                     ; Column I/O   ;                 ; no       ; On           ;
; G18      ; 432        ; 7C             ; RESERVED_INPUT_WITH_WEAK_PULLUP ;        ;              ;                     ; Column I/O   ;                 ; no       ; On           ;
; G19      ;            ; 7B             ; VCCIO7B_HPS                     ; power  ;              ; 2.5V                ; --           ;                 ; --       ; --           ;
; G20      ; 416        ; 7B             ; RESERVED_INPUT_WITH_WEAK_PULLUP ;        ;              ;                     ; Column I/O   ;                 ; no       ; On           ;
; G21      ; 392        ; 7A             ; RESERVED_INPUT_WITH_WEAK_PULLUP ;        ;              ;                     ; Column I/O   ;                 ; no       ; On           ;
; G22      ; 400        ; 7A             ; RESERVED_INPUT_WITH_WEAK_PULLUP ;        ;              ;                     ; Column I/O   ;                 ; no       ; On           ;
; G23      ; 377        ; 7A             ; ^VCCRSTCLK_HPS                  ;        ;              ;                     ; --           ;                 ; --       ; --           ;
; G24      ;            ;                ; GND                             ; gnd    ;              ;                     ; --           ;                 ; --       ; --           ;
; G25      ; 370        ; 6A             ; RESERVED_INPUT_WITH_WEAK_PULLUP ;        ;              ;                     ; Row I/O      ;                 ; no       ; On           ;
; G26      ; 362        ; 6A             ; RESERVED_INPUT_WITH_WEAK_PULLUP ;        ;              ;                     ; Row I/O      ;                 ; no       ; On           ;
; G27      ; 339        ; 6A             ; RESERVED_INPUT_WITH_WEAK_PULLUP ;        ;              ;                     ; Row I/O      ;                 ; --       ; --           ;
; G28      ; 335        ; 6A             ; RESERVED_INPUT_WITH_WEAK_PULLUP ;        ;              ;                     ; Row I/O      ;                 ; no       ; On           ;
; G29      ;            ; 6A             ; VCCIO6A_HPS                     ; power  ;              ; 2.5V                ; --           ;                 ; --       ; --           ;
; G30      ; 343        ; 6A             ; RESERVED_INPUT_WITH_WEAK_PULLUP ;        ;              ;                     ; Row I/O      ;                 ; no       ; On           ;
; H1       ;            ;                ; GND                             ; gnd    ;              ;                     ; --           ;                 ; --       ; --           ;
; H2       ;            ;                ; GND                             ; gnd    ;              ;                     ; --           ;                 ; --       ; --           ;
; H3       ;            ;                ; DNU                             ;        ;              ;                     ; --           ;                 ; --       ; --           ;
; H4       ;            ;                ; DNU                             ;        ;              ;                     ; --           ;                 ; --       ; --           ;
; H5       ;            ;                ; GND                             ; gnd    ;              ;                     ; --           ;                 ; --       ; --           ;
; H6       ;            ; 8A             ; VCCIO8A                         ; power  ;              ; 2.5V                ; --           ;                 ; --       ; --           ;
; H7       ; 508        ; 8A             ; RESERVED_INPUT_WITH_WEAK_PULLUP ;        ;              ;                     ; Column I/O   ;                 ; no       ; On           ;
; H8       ; 490        ; 8A             ; RESERVED_INPUT_WITH_WEAK_PULLUP ;        ;              ;                     ; Column I/O   ;                 ; no       ; On           ;
; H9       ;            ; --             ; VCCBAT                          ; power  ;              ; 1.2V                ; --           ;                 ; --       ; --           ;
; H10      ;            ; --             ; VCC_AUX                         ; power  ;              ; 2.5V                ; --           ;                 ; --       ; --           ;
; H11      ;            ;                ; GND                             ; gnd    ;              ;                     ; --           ;                 ; --       ; --           ;
; H12      ; 500        ; 8A             ; RESERVED_INPUT_WITH_WEAK_PULLUP ;        ;              ;                     ; Column I/O   ;                 ; no       ; On           ;
; H13      ; 498        ; 8A             ; RESERVED_INPUT_WITH_WEAK_PULLUP ;        ;              ;                     ; Column I/O   ;                 ; no       ; On           ;
; H14      ; 482        ; 8A             ; RESERVED_INPUT_WITH_WEAK_PULLUP ;        ;              ;                     ; Column I/O   ;                 ; no       ; On           ;
; H15      ; 458        ; 8A             ; RESERVED_INPUT_WITH_WEAK_PULLUP ;        ;              ;                     ; Column I/O   ;                 ; no       ; On           ;
; H16      ;            ; 7D             ; VCCIO7D_HPS                     ; power  ;              ; 2.5V                ; --           ;                 ; --       ; --           ;
; H17      ; 434        ; 7C             ; RESERVED_INPUT_WITH_WEAK_PULLUP ;        ;              ;                     ; Column I/O   ;                 ; no       ; On           ;
; H18      ; 422        ; 7B             ; RESERVED_INPUT_WITH_WEAK_PULLUP ;        ;              ;                     ; Column I/O   ;                 ; no       ; On           ;
; H19      ; 406        ; 7B             ; RESERVED_INPUT_WITH_WEAK_PULLUP ;        ;              ;                     ; Column I/O   ;                 ; no       ; On           ;
; H20      ; 398        ; 7A             ; RESERVED_INPUT_WITH_WEAK_PULLUP ;        ;              ;                     ; Column I/O   ;                 ; no       ; On           ;
; H21      ;            ; 7A             ; VCCIO7A_HPS                     ; power  ;              ; 2.5V                ; --           ;                 ; --       ; --           ;
; H22      ; 379        ; 7A             ; ^HPS_TCK                        ;        ;              ;                     ; --           ;                 ; --       ; --           ;
; H23      ; 390        ; 7A             ; RESERVED_INPUT_WITH_WEAK_PULLUP ;        ;              ;                     ; Column I/O   ;                 ; no       ; On           ;
; H24      ; 364        ; 6A             ; RESERVED_INPUT_WITH_WEAK_PULLUP ;        ;              ;                     ; Row I/O      ;                 ; no       ; On           ;
; H25      ; 368        ; 6A             ; RESERVED_INPUT_WITH_WEAK_PULLUP ;        ;              ;                     ; Row I/O      ;                 ; no       ; On           ;
; H26      ;            ; 6A             ; VCCIO6A_HPS                     ; power  ;              ; 2.5V                ; --           ;                 ; --       ; --           ;
; H27      ; 360        ; 6A             ; RESERVED_INPUT_WITH_WEAK_PULLUP ;        ;              ;                     ; Row I/O      ;                 ; no       ; On           ;
; H28      ; 333        ; 6A             ; RESERVED_INPUT_WITH_WEAK_PULLUP ;        ;              ;                     ; Row I/O      ;                 ; no       ; On           ;
; H29      ; 331        ; 6A             ; RESERVED_INPUT_WITH_WEAK_PULLUP ;        ;              ;                     ; Row I/O      ;                 ; no       ; On           ;
; H30      ; 337        ; 6A             ; RESERVED_INPUT_WITH_WEAK_PULLUP ;        ;              ;                     ; Row I/O      ;                 ; no       ; On           ;
; J1       ;            ;                ; GND                             ; gnd    ;              ;                     ; --           ;                 ; --       ; --           ;
; J2       ;            ;                ; GND                             ; gnd    ;              ;                     ; --           ;                 ; --       ; --           ;
; J3       ;            ;                ; GND                             ; gnd    ;              ;                     ; --           ;                 ; --       ; --           ;
; J4       ;            ;                ; GND                             ; gnd    ;              ;                     ; --           ;                 ; --       ; --           ;
; J5       ; 545        ; 9A             ; ^nCONFIG                        ;        ;              ;                     ; --           ;                 ; --       ; --           ;
; J6       ; 547        ; 9A             ; ^GND                            ;        ;              ;                     ; --           ;                 ; --       ; --           ;
; J7       ; 506        ; 8A             ; RESERVED_INPUT_WITH_WEAK_PULLUP ;        ;              ;                     ; Column I/O   ;                 ; no       ; On           ;
; J8       ;            ;                ; GND                             ; gnd    ;              ;                     ; --           ;                 ; --       ; --           ;
; J9       ; 532        ; 8A             ; RESERVED_INPUT_WITH_WEAK_PULLUP ;        ;              ;                     ; Column I/O   ;                 ; no       ; On           ;
; J10      ; 530        ; 8A             ; RESERVED_INPUT_WITH_WEAK_PULLUP ;        ;              ;                     ; Column I/O   ;                 ; no       ; On           ;
; J11      ;            ; --             ; VCCPGM                          ; power  ;              ; 1.8V/2.5V/3.0V/3.3V ; --           ;                 ; --       ; --           ;
; J12      ; 516        ; 8A             ; RESERVED_INPUT_WITH_WEAK_PULLUP ;        ;              ;                     ; Column I/O   ;                 ; no       ; On           ;
; J13      ;            ; 8A             ; VCCIO8A                         ; power  ;              ; 2.5V                ; --           ;                 ; --       ; --           ;
; J14      ; 476        ; 8A             ; RESERVED_INPUT_WITH_WEAK_PULLUP ;        ;              ;                     ; Column I/O   ;                 ; no       ; On           ;
; J15      ;            ;                ; DNU                             ;        ;              ;                     ; --           ;                 ; --       ; --           ;
; J16      ;            ; --             ; VCC_AUX                         ; power  ;              ; 2.5V                ; --           ;                 ; --       ; --           ;
; J17      ;            ; 7C             ; VCCPD7C_HPS                     ; power  ;              ; 2.5V                ; --           ;                 ; --       ; --           ;
; J18      ;            ;                ; GND                             ; gnd    ;              ;                     ; --           ;                 ; --       ; --           ;
; J19      ; 408        ; 7B             ; RESERVED_INPUT_WITH_WEAK_PULLUP ;        ;              ;                     ; Column I/O   ;                 ; no       ; On           ;
; J20      ;            ; --             ; VCCRSTCLK_HPS                   ; power  ;              ; 1.8V/2.5V/3.0V/3.3V ; --           ;                 ; --       ; --           ;
; J21      ;            ; --             ; VCC_AUX_SHARED                  ; power  ;              ; 2.5V                ; --           ;                 ; --       ; --           ;
; J22      ; 372        ; 7A             ; ^GND                            ;        ;              ;                     ; --           ;                 ; --       ; --           ;
; J23      ; 354        ; 6A             ; RESERVED_INPUT_WITH_WEAK_PULLUP ;        ;              ;                     ; Row I/O      ;                 ; no       ; On           ;
; J24      ; 352        ; 6A             ; RESERVED_INPUT_WITH_WEAK_PULLUP ;        ;              ;                     ; Row I/O      ;                 ; no       ; On           ;
; J25      ; 344        ; 6A             ; RESERVED_INPUT_WITH_WEAK_PULLUP ;        ;              ;                     ; Row I/O      ;                 ; no       ; On           ;
; J26      ; 323        ; 6A             ; RESERVED_INPUT_WITH_WEAK_PULLUP ;        ;              ;                     ; Row I/O      ;                 ; no       ; On           ;
; J27      ; 346        ; 6A             ; RESERVED_INPUT_WITH_WEAK_PULLUP ;        ;              ;                     ; Row I/O      ;                 ; no       ; On           ;
; J28      ;            ;                ; GND                             ; gnd    ;              ;                     ; --           ;                 ; --       ; --           ;
; J29      ; 327        ; 6A             ; RESERVED_INPUT_WITH_WEAK_PULLUP ;        ;              ;                     ; Row I/O      ;                 ; no       ; On           ;
; J30      ; 329        ; 6A             ; RESERVED_INPUT_WITH_WEAK_PULLUP ;        ;              ;                     ; Row I/O      ;                 ; no       ; On           ;
; K1       ;            ;                ; GND                             ; gnd    ;              ;                     ; --           ;                 ; --       ; --           ;
; K2       ;            ;                ; GND                             ; gnd    ;              ;                     ; --           ;                 ; --       ; --           ;
; K3       ;            ;                ; DNU                             ;        ;              ;                     ; --           ;                 ; --       ; --           ;
; K4       ;            ;                ; DNU                             ;        ;              ;                     ; --           ;                 ; --       ; --           ;
; K5       ;            ;                ; GND                             ; gnd    ;              ;                     ; --           ;                 ; --       ; --           ;
; K6       ; 540        ; 9A             ; ^MSEL1                          ;        ;              ;                     ; --           ;                 ; --       ; --           ;
; K7       ; 522        ; 8A             ; RESERVED_INPUT_WITH_WEAK_PULLUP ;        ;              ;                     ; Column I/O   ;                 ; no       ; On           ;
; K8       ; 524        ; 8A             ; RESERVED_INPUT_WITH_WEAK_PULLUP ;        ;              ;                     ; Column I/O   ;                 ; no       ; On           ;
; K9       ;            ; --             ; VCCA_FPLL                       ; power  ;              ; 2.5V                ; --           ;                 ; --       ; --           ;
; K10      ;            ;                ; GND                             ; gnd    ;              ;                     ; --           ;                 ; --       ; --           ;
; K11      ;            ; 8A             ; VCCPD8A                         ; power  ;              ; 2.5V                ; --           ;                 ; --       ; --           ;
; K12      ; 514        ; 8A             ; RESERVED_INPUT_WITH_WEAK_PULLUP ;        ;              ;                     ; Column I/O   ;                 ; no       ; On           ;
; K13      ;            ; 8A             ; VCCPD8A                         ; power  ;              ; 2.5V                ; --           ;                 ; --       ; --           ;
; K14      ; 474        ; 8A             ; RESERVED_INPUT_WITH_WEAK_PULLUP ;        ;              ;                     ; Column I/O   ;                 ; no       ; On           ;
; K15      ;            ;                ; GND                             ; gnd    ;              ;                     ; --           ;                 ; --       ; --           ;
; K16      ;            ; 7D             ; VCCPD7D_HPS                     ; power  ;              ; 2.5V                ; --           ;                 ; --       ; --           ;
; K17      ; 414        ; 7B             ; RESERVED_INPUT_WITH_WEAK_PULLUP ;        ;              ;                     ; Column I/O   ;                 ; no       ; On           ;
; K18      ;            ; 7B             ; VCCPD7B_HPS                     ; power  ;              ; 2.5V                ; --           ;                 ; --       ; --           ;
; K19      ;            ; 7A             ; VCCPD7A_HPS                     ; power  ;              ; 2.5V                ; --           ;                 ; --       ; --           ;
; K20      ;            ;                ; GND                             ; gnd    ;              ;                     ; --           ;                 ; --       ; --           ;
; K21      ; 366        ; 6A             ; RESERVED_INPUT_WITH_WEAK_PULLUP ;        ;              ;                     ; Row I/O      ;                 ; no       ; On           ;
; K22      ; 336        ; 6A             ; RESERVED_INPUT_WITH_WEAK_PULLUP ;        ;              ;                     ; Row I/O      ;                 ; no       ; On           ;
; K23      ; 338        ; 6A             ; RESERVED_INPUT_WITH_WEAK_PULLUP ;        ;              ;                     ; Row I/O      ;                 ; no       ; On           ;
; K24      ;            ; 6A             ; VCCIO6A_HPS                     ; power  ;              ; 2.5V                ; --           ;                 ; --       ; --           ;
; K25      ;            ;                ; GND                             ; gnd    ;              ;                     ; --           ;                 ; --       ; --           ;
; K26      ; 322        ; 6A             ; RESERVED_INPUT_WITH_WEAK_PULLUP ;        ;              ;                     ; Row I/O      ;                 ; no       ; On           ;
; K27      ; 319        ; 6A             ; RESERVED_INPUT_WITH_WEAK_PULLUP ;        ;              ;                     ; Row I/O      ;                 ; no       ; On           ;
; K28      ; 325        ; 6A             ; RESERVED_INPUT_WITH_WEAK_PULLUP ;        ;              ;                     ; Row I/O      ;                 ; no       ; On           ;
; K29      ; 321        ; 6A             ; RESERVED_INPUT_WITH_WEAK_PULLUP ;        ;              ;                     ; Row I/O      ;                 ; no       ; On           ;
; K30      ;            ; 6A             ; VCCIO6A_HPS                     ; power  ;              ; 2.5V                ; --           ;                 ; --       ; --           ;
; L1       ;            ;                ; GND                             ; gnd    ;              ;                     ; --           ;                 ; --       ; --           ;
; L2       ;            ;                ; GND                             ; gnd    ;              ;                     ; --           ;                 ; --       ; --           ;
; L3       ;            ;                ; GND                             ; gnd    ;              ;                     ; --           ;                 ; --       ; --           ;
; L4       ;            ;                ; GND                             ; gnd    ;              ;                     ; --           ;                 ; --       ; --           ;
; L5       ;            ; --             ; VCC                             ; power  ;              ; 1.1V                ; --           ;                 ; --       ; --           ;
; L6       ;            ;                ; GND                             ; gnd    ;              ;                     ; --           ;                 ; --       ; --           ;
; L7       ; 544        ; 9A             ; ^MSEL3                          ;        ;              ;                     ; --           ;                 ; --       ; --           ;
; L8       ; 538        ; 9A             ; ^MSEL0                          ;        ;              ;                     ; --           ;                 ; --       ; --           ;
; L9       ; 546        ; 9A             ; ^MSEL4                          ;        ;              ;                     ; --           ;                 ; --       ; --           ;
; L10      ;            ; 8A             ; VCCPD8A                         ; power  ;              ; 2.5V                ; --           ;                 ; --       ; --           ;
; L11      ;            ;                ; GND                             ; gnd    ;              ;                     ; --           ;                 ; --       ; --           ;
; L12      ;            ; 8A             ; VCCPD8A                         ; power  ;              ; 2.5V                ; --           ;                 ; --       ; --           ;
; L13      ;            ;                ; GND                             ; gnd    ;              ;                     ; --           ;                 ; --       ; --           ;
; L14      ;            ; 8A             ; VCCPD8A                         ; power  ;              ; 2.5V                ; --           ;                 ; --       ; --           ;
; L15      ;            ;                ; GND                             ; gnd    ;              ;                     ; --           ;                 ; --       ; --           ;
; L16      ;            ; --             ; VCC_HPS                         ; power  ;              ; 1.1V                ; --           ;                 ; --       ; --           ;
; L17      ;            ;                ; GND                             ; gnd    ;              ;                     ; --           ;                 ; --       ; --           ;
; L18      ;            ; --             ; VCC_HPS                         ; power  ;              ; 1.1V                ; --           ;                 ; --       ; --           ;
; L19      ;            ;                ; GND                             ; gnd    ;              ;                     ; --           ;                 ; --       ; --           ;
; L20      ;            ; --             ; VCC_HPS                         ; power  ;              ; 1.1V                ; --           ;                 ; --       ; --           ;
; L21      ;            ; --             ; VCCPLL_HPS                      ; power  ;              ; 2.5V                ; --           ;                 ; --       ; --           ;
; L22      ;            ;                ; GND                             ; gnd    ;              ;                     ; --           ;                 ; --       ; --           ;
; L23      ; 350        ; 6A             ; RESERVED_INPUT_WITH_WEAK_PULLUP ;        ;              ;                     ; Row I/O      ;                 ; no       ; On           ;
; L24      ; 328        ; 6A             ; RESERVED_INPUT_WITH_WEAK_PULLUP ;        ;              ;                     ; Row I/O      ;                 ; no       ; On           ;
; L25      ; 330        ; 6A             ; RESERVED_INPUT_WITH_WEAK_PULLUP ;        ;              ;                     ; Row I/O      ;                 ; no       ; On           ;
; L26      ; 320        ; 6A             ; RESERVED_INPUT_WITH_WEAK_PULLUP ;        ;              ;                     ; Row I/O      ;                 ; no       ; On           ;
; L27      ;            ; 6A             ; VCCIO6A_HPS                     ; power  ;              ; 2.5V                ; --           ;                 ; --       ; --           ;
; L28      ; 313        ; 6A             ; RESERVED_INPUT_WITH_WEAK_PULLUP ;        ;              ;                     ; Row I/O      ;                 ; no       ; On           ;
; L29      ; 315        ; 6A             ; RESERVED_INPUT_WITH_WEAK_PULLUP ;        ;              ;                     ; Row I/O      ;                 ; no       ; On           ;
; L30      ; 317        ; 6A             ; RESERVED_INPUT_WITH_WEAK_PULLUP ;        ;              ;                     ; Row I/O      ;                 ; no       ; On           ;
; M1       ;            ;                ; GND                             ; gnd    ;              ;                     ; --           ;                 ; --       ; --           ;
; M2       ;            ;                ; GND                             ; gnd    ;              ;                     ; --           ;                 ; --       ; --           ;
; M3       ;            ;                ; DNU                             ;        ;              ;                     ; --           ;                 ; --       ; --           ;
; M4       ;            ;                ; DNU                             ;        ;              ;                     ; --           ;                 ; --       ; --           ;
; M5       ;            ;                ; GND                             ; gnd    ;              ;                     ; --           ;                 ; --       ; --           ;
; M6       ;            ; --             ; VCC                             ; power  ;              ; 1.1V                ; --           ;                 ; --       ; --           ;
; M7       ;            ;                ; GND                             ; gnd    ;              ;                     ; --           ;                 ; --       ; --           ;
; M8       ;            ;                ; GND                             ; gnd    ;              ;                     ; --           ;                 ; --       ; --           ;
; M9       ;            ; --             ; VCC                             ; power  ;              ; 1.1V                ; --           ;                 ; --       ; --           ;
; M10      ;            ;                ; GND                             ; gnd    ;              ;                     ; --           ;                 ; --       ; --           ;
; M11      ;            ; --             ; VCC                             ; power  ;              ; 1.1V                ; --           ;                 ; --       ; --           ;
; M12      ;            ;                ; GND                             ; gnd    ;              ;                     ; --           ;                 ; --       ; --           ;
; M13      ;            ; --             ; VCC                             ; power  ;              ; 1.1V                ; --           ;                 ; --       ; --           ;
; M14      ;            ;                ; GND                             ; gnd    ;              ;                     ; --           ;                 ; --       ; --           ;
; M15      ;            ; --             ; VCC_HPS                         ; power  ;              ; 1.1V                ; --           ;                 ; --       ; --           ;
; M16      ;            ;                ; GND                             ; gnd    ;              ;                     ; --           ;                 ; --       ; --           ;
; M17      ; 450        ; 7D             ; RESERVED_INPUT_WITH_WEAK_PULLUP ;        ;              ;                     ; Column I/O   ;                 ; no       ; On           ;
; M18      ;            ;                ; GND                             ; gnd    ;              ;                     ; --           ;                 ; --       ; --           ;
; M19      ; 334        ; 6A             ; RESERVED_INPUT_WITH_WEAK_PULLUP ;        ;              ;                     ; Row I/O      ;                 ; no       ; On           ;
; M20      ;            ;                ; GND                             ; gnd    ;              ;                     ; --           ;                 ; --       ; --           ;
; M21      ;            ; 6A, 6B         ; VCCPD6A6B_HPS                   ; power  ;              ; 2.5V                ; --           ;                 ; --       ; --           ;
; M22      ; 308        ; 6A             ; RESERVED_INPUT_WITH_WEAK_PULLUP ;        ;              ;                     ; Row I/O      ;                 ; no       ; On           ;
; M23      ; 348        ; 6A             ; RESERVED_INPUT_WITH_WEAK_PULLUP ;        ;              ;                     ; Row I/O      ;                 ; no       ; On           ;
; M24      ;            ; 6A             ; VCCIO6A_HPS                     ; power  ;              ; 2.5V                ; --           ;                 ; --       ; --           ;
; M25      ; 324        ; 6A             ; RESERVED_INPUT_WITH_WEAK_PULLUP ;        ;              ;                     ; Row I/O      ;                 ; no       ; On           ;
; M26      ; 314        ; 6A             ; RESERVED_INPUT_WITH_WEAK_PULLUP ;        ;              ;                     ; Row I/O      ;                 ; no       ; On           ;
; M27      ; 312        ; 6A             ; RESERVED_INPUT_WITH_WEAK_PULLUP ;        ;              ;                     ; Row I/O      ;                 ; no       ; On           ;
; M28      ; 309        ; 6A             ; RESERVED_INPUT_WITH_WEAK_PULLUP ;        ;              ;                     ; Row I/O      ;                 ; no       ; On           ;
; M29      ;            ;                ; GND                             ; gnd    ;              ;                     ; --           ;                 ; --       ; --           ;
; M30      ; 311        ; 6A             ; RESERVED_INPUT_WITH_WEAK_PULLUP ;        ;              ;                     ; Row I/O      ;                 ; no       ; On           ;
; N1       ;            ;                ; GND                             ; gnd    ;              ;                     ; --           ;                 ; --       ; --           ;
; N2       ;            ;                ; GND                             ; gnd    ;              ;                     ; --           ;                 ; --       ; --           ;
; N3       ;            ;                ; GND                             ; gnd    ;              ;                     ; --           ;                 ; --       ; --           ;
; N4       ;            ;                ; GND                             ; gnd    ;              ;                     ; --           ;                 ; --       ; --           ;
; N5       ;            ; --             ; VCC                             ; power  ;              ; 1.1V                ; --           ;                 ; --       ; --           ;
; N6       ;            ;                ; GND                             ; gnd    ;              ;                     ; --           ;                 ; --       ; --           ;
; N7       ;            ; --             ; VCCA_FPLL                       ; power  ;              ; 2.5V                ; --           ;                 ; --       ; --           ;
; N8       ;            ;                ; GND                             ; gnd    ;              ;                     ; --           ;                 ; --       ; --           ;
; N9       ;            ;                ; GND                             ; gnd    ;              ;                     ; --           ;                 ; --       ; --           ;
; N10      ;            ; --             ; VCC                             ; power  ;              ; 1.1V                ; --           ;                 ; --       ; --           ;
; N11      ;            ;                ; GND                             ; gnd    ;              ;                     ; --           ;                 ; --       ; --           ;
; N12      ;            ; --             ; VCC                             ; power  ;              ; 1.1V                ; --           ;                 ; --       ; --           ;
; N13      ;            ;                ; GND                             ; gnd    ;              ;                     ; --           ;                 ; --       ; --           ;
; N14      ;            ; --             ; VCC                             ; power  ;              ; 1.1V                ; --           ;                 ; --       ; --           ;
; N15      ;            ;                ; GND                             ; gnd    ;              ;                     ; --           ;                 ; --       ; --           ;
; N16      ; 452        ; 7D             ; RESERVED_INPUT_WITH_WEAK_PULLUP ;        ;              ;                     ; Column I/O   ;                 ; no       ; On           ;
; N17      ;            ;                ; GND                             ; gnd    ;              ;                     ; --           ;                 ; --       ; --           ;
; N18      ; 332        ; 6A             ; RESERVED_INPUT_WITH_WEAK_PULLUP ;        ;              ;                     ; Row I/O      ;                 ; no       ; On           ;
; N19      ;            ;                ; GND                             ; gnd    ;              ;                     ; --           ;                 ; --       ; --           ;
; N20      ;            ; --             ; VCC_HPS                         ; power  ;              ; 1.1V                ; --           ;                 ; --       ; --           ;
; N21      ;            ; 6A             ; VCCIO6A_HPS                     ; power  ;              ; 2.5V                ; --           ;                 ; --       ; --           ;
; N22      ;            ; 6A, 6B         ; VCCPD6A6B_HPS                   ; power  ;              ; 2.5V                ; --           ;                 ; --       ; --           ;
; N23      ; 310        ; 6A             ; RESERVED_INPUT_WITH_WEAK_PULLUP ;        ;              ;                     ; Row I/O      ;                 ; no       ; On           ;
; N24      ; 318        ; 6A             ; RESERVED_INPUT_WITH_WEAK_PULLUP ;        ;              ;                     ; Row I/O      ;                 ; no       ; On           ;
; N25      ; 316        ; 6A             ; RESERVED_INPUT_WITH_WEAK_PULLUP ;        ;              ;                     ; Row I/O      ;                 ; no       ; On           ;
; N26      ;            ;                ; GND                             ; gnd    ;              ;                     ; --           ;                 ; --       ; --           ;
; N27      ; 297        ; 6B             ; RESERVED_INPUT_WITH_WEAK_PULLUP ;        ;              ;                     ; Row I/O      ;                 ; no       ; On           ;
; N28      ; 303        ; 6B             ; RESERVED_INPUT_WITH_WEAK_PULLUP ;        ;              ;                     ; Row I/O      ;                 ; no       ; On           ;
; N29      ; 305        ; 6B             ; RESERVED_INPUT_WITH_WEAK_PULLUP ;        ;              ;                     ; Row I/O      ;                 ; no       ; On           ;
; N30      ; 307        ; 6B             ; RESERVED_INPUT_WITH_WEAK_PULLUP ;        ;              ;                     ; Row I/O      ;                 ; no       ; On           ;
; P1       ;            ;                ; GND                             ; gnd    ;              ;                     ; --           ;                 ; --       ; --           ;
; P2       ;            ;                ; GND                             ; gnd    ;              ;                     ; --           ;                 ; --       ; --           ;
; P3       ;            ;                ; DNU                             ;        ;              ;                     ; --           ;                 ; --       ; --           ;
; P4       ;            ;                ; DNU                             ;        ;              ;                     ; --           ;                 ; --       ; --           ;
; P5       ;            ;                ; GND                             ; gnd    ;              ;                     ; --           ;                 ; --       ; --           ;
; P6       ;            ; --             ; VCCA_FPLL                       ; power  ;              ; 2.5V                ; --           ;                 ; --       ; --           ;
; P7       ;            ;                ; GND                             ; gnd    ;              ;                     ; --           ;                 ; --       ; --           ;
; P8       ;            ;                ; GND                             ; gnd    ;              ;                     ; --           ;                 ; --       ; --           ;
; P9       ;            ;                ; GND                             ; gnd    ;              ;                     ; --           ;                 ; --       ; --           ;
; P10      ;            ;                ; GND                             ; gnd    ;              ;                     ; --           ;                 ; --       ; --           ;
; P11      ;            ; --             ; VCC                             ; power  ;              ; 1.1V                ; --           ;                 ; --       ; --           ;
; P12      ;            ;                ; GND                             ; gnd    ;              ;                     ; --           ;                 ; --       ; --           ;
; P13      ;            ; --             ; VCC                             ; power  ;              ; 1.1V                ; --           ;                 ; --       ; --           ;
; P14      ;            ;                ; GND                             ; gnd    ;              ;                     ; --           ;                 ; --       ; --           ;
; P15      ;            ; --             ; VCC_HPS                         ; power  ;              ; 1.1V                ; --           ;                 ; --       ; --           ;
; P16      ;            ;                ; GND                             ; gnd    ;              ;                     ; --           ;                 ; --       ; --           ;
; P17      ;            ; --             ; VCC_HPS                         ; power  ;              ; 1.1V                ; --           ;                 ; --       ; --           ;
; P18      ;            ;                ; GND                             ; gnd    ;              ;                     ; --           ;                 ; --       ; --           ;
; P19      ;            ; --             ; VCC_HPS                         ; power  ;              ; 1.1V                ; --           ;                 ; --       ; --           ;
; P20      ;            ;                ; GND                             ; gnd    ;              ;                     ; --           ;                 ; --       ; --           ;
; P21      ;            ; 6A, 6B         ; VCCPD6A6B_HPS                   ; power  ;              ; 2.5V                ; --           ;                 ; --       ; --           ;
; P22      ; 294        ; 6B             ; RESERVED_INPUT_WITH_WEAK_PULLUP ;        ;              ;                     ; Row I/O      ;                 ; no       ; On           ;
; P23      ;            ; 6B             ; VCCIO6B_HPS                     ; power  ;              ; 2.5V                ; --           ;                 ; --       ; --           ;
; P24      ; 290        ; 6B             ; RESERVED_INPUT_WITH_WEAK_PULLUP ;        ;              ;                     ; Row I/O      ;                 ; no       ; On           ;
; P25      ; 288        ; 6B             ; RESERVED_INPUT_WITH_WEAK_PULLUP ;        ;              ;                     ; Row I/O      ;                 ; no       ; On           ;
; P26      ; 298        ; 6B             ; RESERVED_INPUT_WITH_WEAK_PULLUP ;        ;              ;                     ; Row I/O      ;                 ; no       ; On           ;
; P27      ; 296        ; 6B             ; RESERVED_INPUT_WITH_WEAK_PULLUP ;        ;              ;                     ; Row I/O      ;                 ; no       ; On           ;
; P28      ;            ; 6B             ; VCCIO6B_HPS                     ; power  ;              ; 2.5V                ; --           ;                 ; --       ; --           ;
; P29      ; 299        ; 6B             ; RESERVED_INPUT_WITH_WEAK_PULLUP ;        ;              ;                     ; Row I/O      ;                 ; no       ; On           ;
; P30      ; 301        ; 6B             ; RESERVED_INPUT_WITH_WEAK_PULLUP ;        ;              ;                     ; Row I/O      ;                 ; no       ; On           ;
; R1       ;            ;                ; GND                             ; gnd    ;              ;                     ; --           ;                 ; --       ; --           ;
; R2       ;            ;                ; GND                             ; gnd    ;              ;                     ; --           ;                 ; --       ; --           ;
; R3       ;            ;                ; GND                             ; gnd    ;              ;                     ; --           ;                 ; --       ; --           ;
; R4       ;            ;                ; GND                             ; gnd    ;              ;                     ; --           ;                 ; --       ; --           ;
; R5       ;            ; --             ; VCC                             ; power  ;              ; 1.1V                ; --           ;                 ; --       ; --           ;
; R6       ;            ;                ; GND                             ; gnd    ;              ;                     ; --           ;                 ; --       ; --           ;
; R7       ;            ; --             ; VCCA_FPLL                       ; power  ;              ; 2.5V                ; --           ;                 ; --       ; --           ;
; R8       ;            ;                ; GND                             ; gnd    ;              ;                     ; --           ;                 ; --       ; --           ;
; R9       ;            ;                ; GND                             ; gnd    ;              ;                     ; --           ;                 ; --       ; --           ;
; R10      ;            ; --             ; VCC                             ; power  ;              ; 1.1V                ; --           ;                 ; --       ; --           ;
; R11      ;            ;                ; GND                             ; gnd    ;              ;                     ; --           ;                 ; --       ; --           ;
; R12      ;            ; --             ; VCC                             ; power  ;              ; 1.1V                ; --           ;                 ; --       ; --           ;
; R13      ;            ;                ; GND                             ; gnd    ;              ;                     ; --           ;                 ; --       ; --           ;
; R14      ;            ; --             ; VCC                             ; power  ;              ; 1.1V                ; --           ;                 ; --       ; --           ;
; R15      ;            ;                ; GND                             ; gnd    ;              ;                     ; --           ;                 ; --       ; --           ;
; R16      ;            ; --             ; VCC_HPS                         ; power  ;              ; 1.1V                ; --           ;                 ; --       ; --           ;
; R17      ;            ;                ; GND                             ; gnd    ;              ;                     ; --           ;                 ; --       ; --           ;
; R18      ; 302        ; 6B             ; RESERVED_INPUT_WITH_WEAK_PULLUP ;        ;              ;                     ; Row I/O      ;                 ; no       ; On           ;
; R19      ; 300        ; 6B             ; RESERVED_INPUT_WITH_WEAK_PULLUP ;        ;              ;                     ; Row I/O      ;                 ; no       ; On           ;
; R20      ;            ; 6A, 6B         ; VCCPD6A6B_HPS                   ; power  ;              ; 2.5V                ; --           ;                 ; --       ; --           ;
; R21      ; 286        ; 6B             ; RESERVED_INPUT_WITH_WEAK_PULLUP ;        ;              ;                     ; Row I/O      ;                 ; no       ; On           ;
; R22      ; 284        ; 6B             ; RESERVED_INPUT_WITH_WEAK_PULLUP ;        ;              ;                     ; Row I/O      ;                 ; no       ; On           ;
; R23      ;            ; 6A, 6B         ; VCCPD6A6B_HPS                   ; power  ;              ; 2.5V                ; --           ;                 ; --       ; --           ;
; R24      ; 272        ; 6B             ; RESERVED_INPUT_WITH_WEAK_PULLUP ;        ;              ;                     ; Row I/O      ;                 ; no       ; On           ;
; R25      ;            ; 6B             ; VCCIO6B_HPS                     ; power  ;              ; 2.5V                ; --           ;                 ; --       ; --           ;
; R26      ; 280        ; 6B             ; RESERVED_INPUT_WITH_WEAK_PULLUP ;        ;              ;                     ; Row I/O      ;                 ; no       ; On           ;
; R27      ; 282        ; 6B             ; RESERVED_INPUT_WITH_WEAK_PULLUP ;        ;              ;                     ; Row I/O      ;                 ; no       ; On           ;
; R28      ; 293        ; 6B             ; RESERVED_INPUT_WITH_WEAK_PULLUP ;        ;              ;                     ; Row I/O      ;                 ; no       ; On           ;
; R29      ; 295        ; 6B             ; RESERVED_INPUT_WITH_WEAK_PULLUP ;        ;              ;                     ; Row I/O      ;                 ; no       ; On           ;
; R30      ;            ;                ; GND                             ; gnd    ;              ;                     ; --           ;                 ; --       ; --           ;
; T1       ;            ;                ; GND                             ; gnd    ;              ;                     ; --           ;                 ; --       ; --           ;
; T2       ;            ;                ; GND                             ; gnd    ;              ;                     ; --           ;                 ; --       ; --           ;
; T3       ;            ;                ; DNU                             ;        ;              ;                     ; --           ;                 ; --       ; --           ;
; T4       ;            ;                ; DNU                             ;        ;              ;                     ; --           ;                 ; --       ; --           ;
; T5       ;            ;                ; GND                             ; gnd    ;              ;                     ; --           ;                 ; --       ; --           ;
; T6       ;            ; --             ; VCC                             ; power  ;              ; 1.1V                ; --           ;                 ; --       ; --           ;
; T7       ;            ;                ; GND                             ; gnd    ;              ;                     ; --           ;                 ; --       ; --           ;
; T8       ;            ;                ; GND                             ; gnd    ;              ;                     ; --           ;                 ; --       ; --           ;
; T9       ;            ;                ; GND                             ; gnd    ;              ;                     ; --           ;                 ; --       ; --           ;
; T10      ;            ;                ; GND                             ; gnd    ;              ;                     ; --           ;                 ; --       ; --           ;
; T11      ;            ; --             ; VCC                             ; power  ;              ; 1.1V                ; --           ;                 ; --       ; --           ;
; T12      ;            ;                ; GND                             ; gnd    ;              ;                     ; --           ;                 ; --       ; --           ;
; T13      ;            ; --             ; VCC                             ; power  ;              ; 1.1V                ; --           ;                 ; --       ; --           ;
; T14      ;            ;                ; GND                             ; gnd    ;              ;                     ; --           ;                 ; --       ; --           ;
; T15      ;            ;                ; GND                             ; gnd    ;              ;                     ; --           ;                 ; --       ; --           ;
; T16      ;            ;                ; GND                             ; gnd    ;              ;                     ; --           ;                 ; --       ; --           ;
; T17      ;            ; --             ; VCC_HPS                         ; power  ;              ; 1.1V                ; --           ;                 ; --       ; --           ;
; T18      ;            ;                ; GND                             ; gnd    ;              ;                     ; --           ;                 ; --       ; --           ;
; T19      ;            ; --             ; VCC_HPS                         ; power  ;              ; 1.1V                ; --           ;                 ; --       ; --           ;
; T20      ;            ;                ; GND                             ; gnd    ;              ;                     ; --           ;                 ; --       ; --           ;
; T21      ; 278        ; 6B             ; RESERVED_INPUT_WITH_WEAK_PULLUP ;        ;              ;                     ; Row I/O      ;                 ; no       ; On           ;
; T22      ;            ; 6B             ; VCCIO6B_HPS                     ; power  ;              ; 2.5V                ; --           ;                 ; --       ; --           ;
; T23      ; 270        ; 6B             ; RESERVED_INPUT_WITH_WEAK_PULLUP ;        ;              ;                     ; Row I/O      ;                 ; no       ; On           ;
; T24      ; 268        ; 6B             ; RESERVED_INPUT_WITH_WEAK_PULLUP ;        ;              ;                     ; Row I/O      ;                 ; no       ; On           ;
; T25      ; 266        ; 6B             ; RESERVED_INPUT_WITH_WEAK_PULLUP ;        ;              ;                     ; Row I/O      ;                 ; no       ; On           ;
; T26      ; 304        ; 6B             ; RESERVED_INPUT_WITH_WEAK_PULLUP ;        ;              ;                     ; Row I/O      ;                 ; no       ; On           ;
; T27      ;            ;                ; GND                             ; gnd    ;              ;                     ; --           ;                 ; --       ; --           ;
; T28      ; 287        ; 6B             ; RESERVED_INPUT_WITH_WEAK_PULLUP ;        ;              ;                     ; Row I/O      ;                 ; no       ; On           ;
; T29      ; 289        ; 6B             ; RESERVED_INPUT_WITH_WEAK_PULLUP ;        ;              ;                     ; Row I/O      ;                 ; no       ; On           ;
; T30      ; 291        ; 6B             ; RESERVED_INPUT_WITH_WEAK_PULLUP ;        ;              ;                     ; Row I/O      ;                 ; no       ; On           ;
; U1       ;            ;                ; GND                             ; gnd    ;              ;                     ; --           ;                 ; --       ; --           ;
; U2       ;            ;                ; GND                             ; gnd    ;              ;                     ; --           ;                 ; --       ; --           ;
; U3       ;            ;                ; GND                             ; gnd    ;              ;                     ; --           ;                 ; --       ; --           ;
; U4       ;            ;                ; GND                             ; gnd    ;              ;                     ; --           ;                 ; --       ; --           ;
; U5       ;            ; --             ; VCC                             ; power  ;              ; 1.1V                ; --           ;                 ; --       ; --           ;
; U6       ;            ;                ; GND                             ; gnd    ;              ;                     ; --           ;                 ; --       ; --           ;
; U7       ; 50         ; 3A             ; ^DCLK                           ;        ;              ;                     ; Weak Pull Up ;                 ; --       ; On           ;
; U8       ; 48         ; 3A             ; #TDI                            ; input  ;              ;                     ; --           ;                 ; --       ; --           ;
; U9       ;            ;                ; GND                             ; gnd    ;              ;                     ; --           ;                 ; --       ; --           ;
; U10      ;            ; --             ; VCC                             ; power  ;              ; 1.1V                ; --           ;                 ; --       ; --           ;
; U11      ;            ;                ; GND                             ; gnd    ;              ;                     ; --           ;                 ; --       ; --           ;
; U12      ;            ; --             ; VCC                             ; power  ;              ; 1.1V                ; --           ;                 ; --       ; --           ;
; U13      ;            ;                ; GND                             ; gnd    ;              ;                     ; --           ;                 ; --       ; --           ;
; U14      ;            ; --             ; VCC                             ; power  ;              ; 1.1V                ; --           ;                 ; --       ; --           ;
; U15      ;            ;                ; GND                             ; gnd    ;              ;                     ; --           ;                 ; --       ; --           ;
; U16      ;            ; --             ; VCC_HPS                         ; power  ;              ; 1.1V                ; --           ;                 ; --       ; --           ;
; U17      ;            ;                ; GND                             ; gnd    ;              ;                     ; --           ;                 ; --       ; --           ;
; U18      ;            ; --             ; VCC_HPS                         ; power  ;              ; 1.1V                ; --           ;                 ; --       ; --           ;
; U19      ;            ; 6B             ; VCCIO6B_HPS                     ; power  ;              ; 2.5V                ; --           ;                 ; --       ; --           ;
; U20      ; 276        ; 6B             ; RESERVED_INPUT_WITH_WEAK_PULLUP ;        ;              ;                     ; Row I/O      ;                 ; no       ; On           ;
; U21      ;            ; --             ; VCC                             ; power  ;              ; 1.1V                ; --           ;                 ; --       ; --           ;
; U22      ;            ;                ; GND                             ; gnd    ;              ;                     ; --           ;                 ; --       ; --           ;
; U23      ;            ; 5B             ; VCCPD5B                         ; power  ;              ; 2.5V                ; --           ;                 ; --       ; --           ;
; U24      ;            ;                ; GND                             ; gnd    ;              ;                     ; --           ;                 ; --       ; --           ;
; U25      ; 264        ; 6B             ; RESERVED_INPUT_WITH_WEAK_PULLUP ;        ;              ;                     ; Row I/O      ;                 ; no       ; On           ;
; U26      ; 306        ; 6B             ; RESERVED_INPUT_WITH_WEAK_PULLUP ;        ;              ;                     ; Row I/O      ;                 ; no       ; On           ;
; U27      ; 273        ; 6B             ; RESERVED_INPUT_WITH_WEAK_PULLUP ;        ;              ;                     ; Row I/O      ;                 ; no       ; On           ;
; U28      ; 285        ; 6B             ; RESERVED_INPUT_WITH_WEAK_PULLUP ;        ;              ;                     ; Row I/O      ;                 ; no       ; On           ;
; U29      ;            ;                ; GND                             ; gnd    ;              ;                     ; --           ;                 ; --       ; --           ;
; U30      ; 283        ; 6B             ; RESERVED_INPUT_WITH_WEAK_PULLUP ;        ;              ;                     ; Row I/O      ;                 ; --       ; --           ;
; V1       ;            ;                ; GND                             ; gnd    ;              ;                     ; --           ;                 ; --       ; --           ;
; V2       ;            ;                ; GND                             ; gnd    ;              ;                     ; --           ;                 ; --       ; --           ;
; V3       ;            ;                ; DNU                             ;        ;              ;                     ; --           ;                 ; --       ; --           ;
; V4       ;            ;                ; DNU                             ;        ;              ;                     ; --           ;                 ; --       ; --           ;
; V5       ;            ;                ; GND                             ; gnd    ;              ;                     ; --           ;                 ; --       ; --           ;
; V6       ;            ; --             ; VCCA_FPLL                       ; power  ;              ; 2.5V                ; --           ;                 ; --       ; --           ;
; V7       ;            ;                ; GND                             ; gnd    ;              ;                     ; --           ;                 ; --       ; --           ;
; V8       ;            ; --             ; VCCA_FPLL                       ; power  ;              ; 2.5V                ; --           ;                 ; --       ; --           ;
; V9       ; 44         ; 3A             ; #TMS                            ; input  ;              ;                     ; --           ;                 ; --       ; --           ;
; V10      ;            ;                ; GND                             ; gnd    ;              ;                     ; --           ;                 ; --       ; --           ;
; V11      ;            ; --             ; VCC                             ; power  ;              ; 1.1V                ; --           ;                 ; --       ; --           ;
; V12      ;            ;                ; GND                             ; gnd    ;              ;                     ; --           ;                 ; --       ; --           ;
; V13      ;            ; --             ; VCC                             ; power  ;              ; 1.1V                ; --           ;                 ; --       ; --           ;
; V14      ;            ;                ; GND                             ; gnd    ;              ;                     ; --           ;                 ; --       ; --           ;
; V15      ;            ; --             ; VCC                             ; power  ;              ; 1.1V                ; --           ;                 ; --       ; --           ;
; V16      ; 138        ; 4A             ; aaa[13]                         ; output ; 2.5 V        ;                     ; Column I/O   ; N               ; no       ; Off          ;
; V17      ; 154        ; 4A             ; b[13]                           ; input  ; 2.5 V        ;                     ; Column I/O   ; N               ; no       ; Off          ;
; V18      ; 194        ; 4A             ; RESERVED_INPUT_WITH_WEAK_PULLUP ;        ;              ;                     ; Column I/O   ;                 ; no       ; On           ;
; V19      ;            ;                ; GND                             ; gnd    ;              ;                     ; --           ;                 ; --       ; --           ;
; V20      ; 292        ; 6B             ; RESERVED_INPUT_WITH_WEAK_PULLUP ;        ;              ;                     ; Row I/O      ;                 ; no       ; On           ;
; V21      ;            ;                ; GND                             ; gnd    ;              ;                     ; --           ;                 ; --       ; --           ;
; V22      ;            ; 5A             ; VCCPD5A                         ; power  ;              ; 2.5V                ; --           ;                 ; --       ; --           ;
; V23      ; 236        ; 5A             ; RESERVED_INPUT_WITH_WEAK_PULLUP ;        ;              ;                     ; Row I/O      ;                 ; no       ; On           ;
; V24      ;            ; 5A             ; VCCPD5A                         ; power  ;              ; 2.5V                ; --           ;                 ; --       ; --           ;
; V25      ; 246        ; 5B             ; RESERVED_INPUT_WITH_WEAK_PULLUP ;        ;              ;                     ; Row I/O      ;                 ; no       ; On           ;
; V26      ;            ; 6B             ; VCCIO6B_HPS                     ; power  ;              ; 2.5V                ; --           ;                 ; --       ; --           ;
; V27      ; 265        ; 6B             ; RESERVED_INPUT_WITH_WEAK_PULLUP ;        ;              ;                     ; Row I/O      ;                 ; no       ; On           ;
; V28      ; 271        ; 6B             ; RESERVED_INPUT_WITH_WEAK_PULLUP ;        ;              ;                     ; Row I/O      ;                 ; no       ; On           ;
; V29      ; 275        ; 6B             ; RESERVED_INPUT_WITH_WEAK_PULLUP ;        ;              ;                     ; Row I/O      ;                 ; no       ; On           ;
; V30      ; 281        ; 6B             ; RESERVED_INPUT_WITH_WEAK_PULLUP ;        ;              ;                     ; Row I/O      ;                 ; no       ; On           ;
; W1       ;            ;                ; GND                             ; gnd    ;              ;                     ; --           ;                 ; --       ; --           ;
; W2       ;            ;                ; GND                             ; gnd    ;              ;                     ; --           ;                 ; --       ; --           ;
; W3       ;            ;                ; GND                             ; gnd    ;              ;                     ; --           ;                 ; --       ; --           ;
; W4       ;            ;                ; GND                             ; gnd    ;              ;                     ; --           ;                 ; --       ; --           ;
; W5       ;            ; --             ; VCC                             ; power  ;              ; 1.1V                ; --           ;                 ; --       ; --           ;
; W6       ;            ;                ; GND                             ; gnd    ;              ;                     ; --           ;                 ; --       ; --           ;
; W7       ;            ;                ; GND                             ; gnd    ;              ;                     ; --           ;                 ; --       ; --           ;
; W8       ;            ;                ; GND                             ; gnd    ;              ;                     ; --           ;                 ; --       ; --           ;
; W9       ;            ;                ; GND                             ; gnd    ;              ;                     ; --           ;                 ; --       ; --           ;
; W10      ;            ; --             ; VCC                             ; power  ;              ; 1.1V                ; --           ;                 ; --       ; --           ;
; W11      ;            ;                ; GND                             ; gnd    ;              ;                     ; --           ;                 ; --       ; --           ;
; W12      ;            ; --             ; VCC                             ; power  ;              ; 1.1V                ; --           ;                 ; --       ; --           ;
; W13      ;            ;                ; GND                             ; gnd    ;              ;                     ; --           ;                 ; --       ; --           ;
; W14      ;            ; --             ; VCC                             ; power  ;              ; 1.1V                ; --           ;                 ; --       ; --           ;
; W15      ; 130        ; 3B             ; rrr[3]                          ; output ; 2.5 V        ;                     ; Column I/O   ; N               ; no       ; Off          ;
; W16      ; 136        ; 4A             ; aaa[8]                          ; output ; 2.5 V        ;                     ; Column I/O   ; N               ; no       ; Off          ;
; W17      ; 152        ; 4A             ; bbb[7]                          ; output ; 2.5 V        ;                     ; Column I/O   ; N               ; no       ; Off          ;
; W18      ;            ;                ; GND                             ; gnd    ;              ;                     ; --           ;                 ; --       ; --           ;
; W19      ; 192        ; 4A             ; RESERVED_INPUT_WITH_WEAK_PULLUP ;        ;              ;                     ; Column I/O   ;                 ; no       ; On           ;
; W20      ; 217        ; 5A             ; RESERVED_INPUT_WITH_WEAK_PULLUP ;        ;              ;                     ; Row I/O      ;                 ; no       ; On           ;
; W21      ; 221        ; 5A             ; RESERVED_INPUT_WITH_WEAK_PULLUP ;        ;              ;                     ; Row I/O      ;                 ; no       ; On           ;
; W22      ; 223        ; 5A             ; RESERVED_INPUT_WITH_WEAK_PULLUP ;        ;              ;                     ; Row I/O      ;                 ; no       ; On           ;
; W23      ;            ; 5A             ; VCCIO5A                         ; power  ;              ; 2.5V                ; --           ;                 ; --       ; --           ;
; W24      ; 238        ; 5A             ; RESERVED_INPUT_WITH_WEAK_PULLUP ;        ;              ;                     ; Row I/O      ;                 ; no       ; On           ;
; W25      ; 244        ; 5B             ; RESERVED_INPUT_WITH_WEAK_PULLUP ;        ;              ;                     ; Row I/O      ;                 ; no       ; On           ;
; W26      ; 274        ; 6B             ; RESERVED_INPUT_WITH_WEAK_PULLUP ;        ;              ;                     ; Row I/O      ;                 ; no       ; On           ;
; W27      ; 261        ; 6B             ; RESERVED_INPUT_WITH_WEAK_PULLUP ;        ;              ;                     ; Row I/O      ;                 ; no       ; On           ;
; W28      ;            ;                ; GND                             ; gnd    ;              ;                     ; --           ;                 ; --       ; --           ;
; W29      ; 279        ; 6B             ; RESERVED_INPUT_WITH_WEAK_PULLUP ;        ;              ;                     ; Row I/O      ;                 ; no       ; On           ;
; W30      ; 277        ; 6B             ; RESERVED_INPUT_WITH_WEAK_PULLUP ;        ;              ;                     ; Row I/O      ;                 ; no       ; On           ;
; Y1       ;            ;                ; GND                             ; gnd    ;              ;                     ; --           ;                 ; --       ; --           ;
; Y2       ;            ;                ; GND                             ; gnd    ;              ;                     ; --           ;                 ; --       ; --           ;
; Y3       ;            ;                ; DNU                             ;        ;              ;                     ; --           ;                 ; --       ; --           ;
; Y4       ;            ;                ; DNU                             ;        ;              ;                     ; --           ;                 ; --       ; --           ;
; Y5       ;            ;                ; GND                             ; gnd    ;              ;                     ; --           ;                 ; --       ; --           ;
; Y6       ;            ; --             ; VCC                             ; power  ;              ; 1.1V                ; --           ;                 ; --       ; --           ;
; Y7       ;            ;                ; GND                             ; gnd    ;              ;                     ; --           ;                 ; --       ; --           ;
; Y8       ;            ;                ; GND                             ; gnd    ;              ;                     ; --           ;                 ; --       ; --           ;
; Y9       ;            ; --             ; VCC                             ; power  ;              ; 1.1V                ; --           ;                 ; --       ; --           ;
; Y10      ;            ;                ; GND                             ; gnd    ;              ;                     ; --           ;                 ; --       ; --           ;
; Y11      ;            ; --             ; VCC                             ; power  ;              ; 1.1V                ; --           ;                 ; --       ; --           ;
; Y12      ;            ;                ; GND                             ; gnd    ;              ;                     ; --           ;                 ; --       ; --           ;
; Y13      ;            ; --             ; VCC                             ; power  ;              ; 1.1V                ; --           ;                 ; --       ; --           ;
; Y14      ;            ;                ; GND                             ; gnd    ;              ;                     ; --           ;                 ; --       ; --           ;
; Y15      ;            ;                ; GND                             ; gnd    ;              ;                     ; --           ;                 ; --       ; --           ;
; Y16      ; 128        ; 3B             ; a[1]                            ; input  ; 2.5 V        ;                     ; Column I/O   ; N               ; no       ; Off          ;
; Y17      ; 170        ; 4A             ; bbb[13]                         ; output ; 2.5 V        ;                     ; Column I/O   ; N               ; no       ; Off          ;
; Y18      ; 178        ; 4A             ; RESERVED_INPUT_WITH_WEAK_PULLUP ;        ;              ;                     ; Column I/O   ;                 ; no       ; On           ;
; Y19      ; 202        ; 4A             ; RESERVED_INPUT_WITH_WEAK_PULLUP ;        ;              ;                     ; Column I/O   ;                 ; no       ; On           ;
; Y20      ;            ;                ; GND                             ; gnd    ;              ;                     ; --           ;                 ; --       ; --           ;
; Y21      ; 219        ; 5A             ; RESERVED_INPUT_WITH_WEAK_PULLUP ;        ;              ;                     ; Row I/O      ;                 ; no       ; On           ;
; Y22      ;            ; --             ; VCCA_FPLL                       ; power  ;              ; 2.5V                ; --           ;                 ; --       ; --           ;
; Y23      ; 232        ; 5A             ; RESERVED_INPUT_WITH_WEAK_PULLUP ;        ;              ;                     ; Row I/O      ;                 ; no       ; On           ;
; Y24      ; 234        ; 5A             ; RESERVED_INPUT_WITH_WEAK_PULLUP ;        ;              ;                     ; Row I/O      ;                 ; no       ; On           ;
; Y25      ;            ;                ; GND                             ; gnd    ;              ;                     ; --           ;                 ; --       ; --           ;
; Y26      ; 256        ; 5B             ; RESERVED_INPUT_WITH_WEAK_PULLUP ;        ;              ;                     ; Row I/O      ;                 ; no       ; On           ;
; Y27      ; 258        ; 5B             ; RESERVED_INPUT_WITH_WEAK_PULLUP ;        ;              ;                     ; Row I/O      ;                 ; no       ; On           ;
; Y28      ; 269        ; 6B             ; RESERVED_INPUT_WITH_WEAK_PULLUP ;        ;              ;                     ; Row I/O      ;                 ; no       ; On           ;
; Y29      ; 263        ; 6B             ; RESERVED_INPUT_WITH_WEAK_PULLUP ;        ;              ;                     ; Row I/O      ;                 ; no       ; On           ;
; Y30      ;            ;                ; GND                             ; gnd    ;              ;                     ; --           ;                 ; --       ; --           ;
+----------+------------+----------------+---------------------------------+--------+--------------+---------------------+--------------+-----------------+----------+--------------+
Note: Pin directions (input, output or bidir) are based on device operating in user mode.


+------------------------------------------+
; I/O Assignment Warnings                  ;
+----------+-------------------------------+
; Pin Name ; Reason                        ;
+----------+-------------------------------+
; d0[0]    ; Incomplete set of assignments ;
; d0[1]    ; Incomplete set of assignments ;
; d0[2]    ; Incomplete set of assignments ;
; d0[3]    ; Incomplete set of assignments ;
; d1[0]    ; Incomplete set of assignments ;
; d1[1]    ; Incomplete set of assignments ;
; d1[2]    ; Incomplete set of assignments ;
; d1[3]    ; Incomplete set of assignments ;
; d2[0]    ; Incomplete set of assignments ;
; d2[1]    ; Incomplete set of assignments ;
; d2[2]    ; Incomplete set of assignments ;
; d2[3]    ; Incomplete set of assignments ;
; d3[0]    ; Incomplete set of assignments ;
; d3[1]    ; Incomplete set of assignments ;
; d3[2]    ; Incomplete set of assignments ;
; d3[3]    ; Incomplete set of assignments ;
; d4[0]    ; Incomplete set of assignments ;
; d4[1]    ; Incomplete set of assignments ;
; d4[2]    ; Incomplete set of assignments ;
; d4[3]    ; Incomplete set of assignments ;
; flags[0] ; Incomplete set of assignments ;
; flags[1] ; Incomplete set of assignments ;
; flags[2] ; Incomplete set of assignments ;
; flags[3] ; Incomplete set of assignments ;
; aaa[0]   ; Incomplete set of assignments ;
; aaa[1]   ; Incomplete set of assignments ;
; aaa[2]   ; Incomplete set of assignments ;
; aaa[3]   ; Incomplete set of assignments ;
; aaa[4]   ; Incomplete set of assignments ;
; aaa[5]   ; Incomplete set of assignments ;
; aaa[6]   ; Incomplete set of assignments ;
; aaa[7]   ; Incomplete set of assignments ;
; aaa[8]   ; Incomplete set of assignments ;
; aaa[9]   ; Incomplete set of assignments ;
; aaa[10]  ; Incomplete set of assignments ;
; aaa[11]  ; Incomplete set of assignments ;
; aaa[12]  ; Incomplete set of assignments ;
; aaa[13]  ; Incomplete set of assignments ;
; aaa[14]  ; Incomplete set of assignments ;
; aaa[15]  ; Incomplete set of assignments ;
; bbb[0]   ; Incomplete set of assignments ;
; bbb[1]   ; Incomplete set of assignments ;
; bbb[2]   ; Incomplete set of assignments ;
; bbb[3]   ; Incomplete set of assignments ;
; bbb[4]   ; Incomplete set of assignments ;
; bbb[5]   ; Incomplete set of assignments ;
; bbb[6]   ; Incomplete set of assignments ;
; bbb[7]   ; Incomplete set of assignments ;
; bbb[8]   ; Incomplete set of assignments ;
; bbb[9]   ; Incomplete set of assignments ;
; bbb[10]  ; Incomplete set of assignments ;
; bbb[11]  ; Incomplete set of assignments ;
; bbb[12]  ; Incomplete set of assignments ;
; bbb[13]  ; Incomplete set of assignments ;
; bbb[14]  ; Incomplete set of assignments ;
; bbb[15]  ; Incomplete set of assignments ;
; rrr[0]   ; Incomplete set of assignments ;
; rrr[1]   ; Incomplete set of assignments ;
; rrr[2]   ; Incomplete set of assignments ;
; rrr[3]   ; Incomplete set of assignments ;
; rrr[4]   ; Incomplete set of assignments ;
; rrr[5]   ; Incomplete set of assignments ;
; rrr[6]   ; Incomplete set of assignments ;
; rrr[7]   ; Incomplete set of assignments ;
; rrr[8]   ; Incomplete set of assignments ;
; rrr[9]   ; Incomplete set of assignments ;
; rrr[10]  ; Incomplete set of assignments ;
; rrr[11]  ; Incomplete set of assignments ;
; rrr[12]  ; Incomplete set of assignments ;
; rrr[13]  ; Incomplete set of assignments ;
; rrr[14]  ; Incomplete set of assignments ;
; rrr[15]  ; Incomplete set of assignments ;
; sign     ; Incomplete set of assignments ;
; a[0]     ; Incomplete set of assignments ;
; sel[0]   ; Incomplete set of assignments ;
; sel[2]   ; Incomplete set of assignments ;
; sel[1]   ; Incomplete set of assignments ;
; b[0]     ; Incomplete set of assignments ;
; b[16]    ; Incomplete set of assignments ;
; b[1]     ; Incomplete set of assignments ;
; b[4]     ; Incomplete set of assignments ;
; b[8]     ; Incomplete set of assignments ;
; b[2]     ; Incomplete set of assignments ;
; b[5]     ; Incomplete set of assignments ;
; b[12]    ; Incomplete set of assignments ;
; b[9]     ; Incomplete set of assignments ;
; b[3]     ; Incomplete set of assignments ;
; b[6]     ; Incomplete set of assignments ;
; b[10]    ; Incomplete set of assignments ;
; b[7]     ; Incomplete set of assignments ;
; b[13]    ; Incomplete set of assignments ;
; b[14]    ; Incomplete set of assignments ;
; b[11]    ; Incomplete set of assignments ;
; b[15]    ; Incomplete set of assignments ;
; a[16]    ; Incomplete set of assignments ;
; a[12]    ; Incomplete set of assignments ;
; a[13]    ; Incomplete set of assignments ;
; a[14]    ; Incomplete set of assignments ;
; a[15]    ; Incomplete set of assignments ;
; a[8]     ; Incomplete set of assignments ;
; a[9]     ; Incomplete set of assignments ;
; a[10]    ; Incomplete set of assignments ;
; a[11]    ; Incomplete set of assignments ;
; a[4]     ; Incomplete set of assignments ;
; a[5]     ; Incomplete set of assignments ;
; a[3]     ; Incomplete set of assignments ;
; a[6]     ; Incomplete set of assignments ;
; a[7]     ; Incomplete set of assignments ;
; a[1]     ; Incomplete set of assignments ;
; a[2]     ; Incomplete set of assignments ;
; d0[0]    ; Missing location assignment   ;
; d0[1]    ; Missing location assignment   ;
; d0[2]    ; Missing location assignment   ;
; d0[3]    ; Missing location assignment   ;
; d1[0]    ; Missing location assignment   ;
; d1[1]    ; Missing location assignment   ;
; d1[2]    ; Missing location assignment   ;
; d1[3]    ; Missing location assignment   ;
; d2[0]    ; Missing location assignment   ;
; d2[1]    ; Missing location assignment   ;
; d2[2]    ; Missing location assignment   ;
; d2[3]    ; Missing location assignment   ;
; d3[0]    ; Missing location assignment   ;
; d3[1]    ; Missing location assignment   ;
; d3[2]    ; Missing location assignment   ;
; d3[3]    ; Missing location assignment   ;
; d4[0]    ; Missing location assignment   ;
; d4[1]    ; Missing location assignment   ;
; d4[2]    ; Missing location assignment   ;
; d4[3]    ; Missing location assignment   ;
; flags[0] ; Missing location assignment   ;
; flags[1] ; Missing location assignment   ;
; flags[2] ; Missing location assignment   ;
; flags[3] ; Missing location assignment   ;
; aaa[0]   ; Missing location assignment   ;
; aaa[1]   ; Missing location assignment   ;
; aaa[2]   ; Missing location assignment   ;
; aaa[3]   ; Missing location assignment   ;
; aaa[4]   ; Missing location assignment   ;
; aaa[5]   ; Missing location assignment   ;
; aaa[6]   ; Missing location assignment   ;
; aaa[7]   ; Missing location assignment   ;
; aaa[8]   ; Missing location assignment   ;
; aaa[9]   ; Missing location assignment   ;
; aaa[10]  ; Missing location assignment   ;
; aaa[11]  ; Missing location assignment   ;
; aaa[12]  ; Missing location assignment   ;
; aaa[13]  ; Missing location assignment   ;
; aaa[14]  ; Missing location assignment   ;
; aaa[15]  ; Missing location assignment   ;
; bbb[0]   ; Missing location assignment   ;
; bbb[1]   ; Missing location assignment   ;
; bbb[2]   ; Missing location assignment   ;
; bbb[3]   ; Missing location assignment   ;
; bbb[4]   ; Missing location assignment   ;
; bbb[5]   ; Missing location assignment   ;
; bbb[6]   ; Missing location assignment   ;
; bbb[7]   ; Missing location assignment   ;
; bbb[8]   ; Missing location assignment   ;
; bbb[9]   ; Missing location assignment   ;
; bbb[10]  ; Missing location assignment   ;
; bbb[11]  ; Missing location assignment   ;
; bbb[12]  ; Missing location assignment   ;
; bbb[13]  ; Missing location assignment   ;
; bbb[14]  ; Missing location assignment   ;
; bbb[15]  ; Missing location assignment   ;
; rrr[0]   ; Missing location assignment   ;
; rrr[1]   ; Missing location assignment   ;
; rrr[2]   ; Missing location assignment   ;
; rrr[3]   ; Missing location assignment   ;
; rrr[4]   ; Missing location assignment   ;
; rrr[5]   ; Missing location assignment   ;
; rrr[6]   ; Missing location assignment   ;
; rrr[7]   ; Missing location assignment   ;
; rrr[8]   ; Missing location assignment   ;
; rrr[9]   ; Missing location assignment   ;
; rrr[10]  ; Missing location assignment   ;
; rrr[11]  ; Missing location assignment   ;
; rrr[12]  ; Missing location assignment   ;
; rrr[13]  ; Missing location assignment   ;
; rrr[14]  ; Missing location assignment   ;
; rrr[15]  ; Missing location assignment   ;
; sign     ; Missing location assignment   ;
; a[0]     ; Missing location assignment   ;
; sel[0]   ; Missing location assignment   ;
; sel[2]   ; Missing location assignment   ;
; sel[1]   ; Missing location assignment   ;
; b[0]     ; Missing location assignment   ;
; b[16]    ; Missing location assignment   ;
; b[1]     ; Missing location assignment   ;
; b[4]     ; Missing location assignment   ;
; b[8]     ; Missing location assignment   ;
; b[2]     ; Missing location assignment   ;
; b[5]     ; Missing location assignment   ;
; b[12]    ; Missing location assignment   ;
; b[9]     ; Missing location assignment   ;
; b[3]     ; Missing location assignment   ;
; b[6]     ; Missing location assignment   ;
; b[10]    ; Missing location assignment   ;
; b[7]     ; Missing location assignment   ;
; b[13]    ; Missing location assignment   ;
; b[14]    ; Missing location assignment   ;
; b[11]    ; Missing location assignment   ;
; b[15]    ; Missing location assignment   ;
; a[16]    ; Missing location assignment   ;
; a[12]    ; Missing location assignment   ;
; a[13]    ; Missing location assignment   ;
; a[14]    ; Missing location assignment   ;
; a[15]    ; Missing location assignment   ;
; a[8]     ; Missing location assignment   ;
; a[9]     ; Missing location assignment   ;
; a[10]    ; Missing location assignment   ;
; a[11]    ; Missing location assignment   ;
; a[4]     ; Missing location assignment   ;
; a[5]     ; Missing location assignment   ;
; a[3]     ; Missing location assignment   ;
; a[6]     ; Missing location assignment   ;
; a[7]     ; Missing location assignment   ;
; a[1]     ; Missing location assignment   ;
; a[2]     ; Missing location assignment   ;
+----------+-------------------------------+


+--------------------------------------------------------------------------------------------------------------------------------------------------------------------------------------------------------------------------------------------------------------------------------------------------------------------------------------------------------------------------------------------------------------------------------------------------------------------------------------+
; Fitter Resource Utilization by Entity                                                                                                                                                                                                                                                                                                                                                                                                                                                ;
+---------------------------------------+----------------------+----------------------------------+---------------------------------------------------+----------------------------------+----------------------+---------------------+---------------------------+---------------+-------------------+-------+------------+------+--------------+-------------------------------------------------------------------------------------------------------+--------------+--------------+
; Compilation Hierarchy Node            ; ALMs needed [=A-B+C] ; [A] ALMs used in final placement ; [B] Estimate of ALMs recoverable by dense packing ; [C] Estimate of ALMs unavailable ; ALMs used for memory ; Combinational ALUTs ; Dedicated Logic Registers ; I/O Registers ; Block Memory Bits ; M10Ks ; DSP Blocks ; Pins ; Virtual Pins ; Full Hierarchy Name                                                                                   ; Entity Name  ; Library Name ;
+---------------------------------------+----------------------+----------------------------------+---------------------------------------------------+----------------------------------+----------------------+---------------------+---------------------------+---------------+-------------------+-------+------------+------+--------------+-------------------------------------------------------------------------------------------------------+--------------+--------------+
; |Calculator                           ; 990.0 (67.5)         ; 998.0 (68.0)                     ; 8.0 (0.5)                                         ; 0.0 (0.0)                        ; 0.0 (0.0)            ; 1657 (96)           ; 0 (0)                     ; 0 (0)         ; 0                 ; 0     ; 0          ; 110  ; 0            ; |Calculator                                                                                           ; Calculator   ; work         ;
;    |Divider:div|                      ; 398.0 (17.5)         ; 401.0 (17.5)                     ; 3.0 (0.0)                                         ; 0.0 (0.0)                        ; 0.0 (0.0)            ; 613 (30)            ; 0 (0)                     ; 0 (0)         ; 0                 ; 0     ; 0          ; 0    ; 0            ; |Calculator|Divider:div                                                                               ; Divider      ; work         ;
;       |FAdder:v1|                     ; 5.0 (0.0)            ; 5.0 (0.0)                        ; 0.0 (0.0)                                         ; 0.0 (0.0)                        ; 0.0 (0.0)            ; 7 (0)               ; 0 (0)                     ; 0 (0)         ; 0                 ; 0     ; 0          ; 0    ; 0            ; |Calculator|Divider:div|FAdder:v1                                                                     ; FAdder       ; work         ;
;          |FAdder_4bit:u1|             ; 2.0 (0.0)            ; 2.0 (0.0)                        ; 0.0 (0.0)                                         ; 0.0 (0.0)                        ; 0.0 (0.0)            ; 3 (0)               ; 0 (0)                     ; 0 (0)         ; 0                 ; 0     ; 0          ; 0    ; 0            ; |Calculator|Divider:div|FAdder:v1|FAdder_4bit:u1                                                      ; FAdder_4bit  ; work         ;
;             |FAdder_1bit:u0|          ; 0.5 (0.5)            ; 0.5 (0.5)                        ; 0.0 (0.0)                                         ; 0.0 (0.0)                        ; 0.0 (0.0)            ; 1 (1)               ; 0 (0)                     ; 0 (0)         ; 0                 ; 0     ; 0          ; 0    ; 0            ; |Calculator|Divider:div|FAdder:v1|FAdder_4bit:u1|FAdder_1bit:u0                                       ; FAdder_1bit  ; work         ;
;             |FAdder_1bit:u1|          ; 0.5 (0.5)            ; 0.5 (0.5)                        ; 0.0 (0.0)                                         ; 0.0 (0.0)                        ; 0.0 (0.0)            ; 1 (1)               ; 0 (0)                     ; 0 (0)         ; 0                 ; 0     ; 0          ; 0    ; 0            ; |Calculator|Divider:div|FAdder:v1|FAdder_4bit:u1|FAdder_1bit:u1                                       ; FAdder_1bit  ; work         ;
;             |FAdder_1bit:u3|          ; 1.0 (1.0)            ; 1.0 (1.0)                        ; 0.0 (0.0)                                         ; 0.0 (0.0)                        ; 0.0 (0.0)            ; 1 (1)               ; 0 (0)                     ; 0 (0)         ; 0                 ; 0     ; 0          ; 0    ; 0            ; |Calculator|Divider:div|FAdder:v1|FAdder_4bit:u1|FAdder_1bit:u3                                       ; FAdder_1bit  ; work         ;
;          |FAdder_4bit:u2|             ; 2.0 (0.0)            ; 2.0 (0.0)                        ; 0.0 (0.0)                                         ; 0.0 (0.0)                        ; 0.0 (0.0)            ; 3 (0)               ; 0 (0)                     ; 0 (0)         ; 0                 ; 0     ; 0          ; 0    ; 0            ; |Calculator|Divider:div|FAdder:v1|FAdder_4bit:u2                                                      ; FAdder_4bit  ; work         ;
;             |FAdder_1bit:u1|          ; 0.5 (0.5)            ; 0.5 (0.5)                        ; 0.0 (0.0)                                         ; 0.0 (0.0)                        ; 0.0 (0.0)            ; 1 (1)               ; 0 (0)                     ; 0 (0)         ; 0                 ; 0     ; 0          ; 0    ; 0            ; |Calculator|Divider:div|FAdder:v1|FAdder_4bit:u2|FAdder_1bit:u1                                       ; FAdder_1bit  ; work         ;
;             |FAdder_1bit:u2|          ; 1.0 (1.0)            ; 1.0 (1.0)                        ; 0.0 (0.0)                                         ; 0.0 (0.0)                        ; 0.0 (0.0)            ; 1 (1)               ; 0 (0)                     ; 0 (0)         ; 0                 ; 0     ; 0          ; 0    ; 0            ; |Calculator|Divider:div|FAdder:v1|FAdder_4bit:u2|FAdder_1bit:u2                                       ; FAdder_1bit  ; work         ;
;             |FAdder_1bit:u3|          ; 0.5 (0.5)            ; 0.5 (0.5)                        ; 0.0 (0.0)                                         ; 0.0 (0.0)                        ; 0.0 (0.0)            ; 1 (1)               ; 0 (0)                     ; 0 (0)         ; 0                 ; 0     ; 0          ; 0    ; 0            ; |Calculator|Divider:div|FAdder:v1|FAdder_4bit:u2|FAdder_1bit:u3                                       ; FAdder_1bit  ; work         ;
;          |FAdder_4bit:u3|             ; 1.0 (0.0)            ; 1.0 (0.0)                        ; 0.0 (0.0)                                         ; 0.0 (0.0)                        ; 0.0 (0.0)            ; 1 (0)               ; 0 (0)                     ; 0 (0)         ; 0                 ; 0     ; 0          ; 0    ; 0            ; |Calculator|Divider:div|FAdder:v1|FAdder_4bit:u3                                                      ; FAdder_4bit  ; work         ;
;             |FAdder_1bit:u1|          ; 1.0 (1.0)            ; 1.0 (1.0)                        ; 0.0 (0.0)                                         ; 0.0 (0.0)                        ; 0.0 (0.0)            ; 1 (1)               ; 0 (0)                     ; 0 (0)         ; 0                 ; 0     ; 0          ; 0    ; 0            ; |Calculator|Divider:div|FAdder:v1|FAdder_4bit:u3|FAdder_1bit:u1                                       ; FAdder_1bit  ; work         ;
;       |FAdder:v2|                     ; 6.0 (0.0)            ; 6.0 (0.0)                        ; 0.0 (0.0)                                         ; 0.0 (0.0)                        ; 0.0 (0.0)            ; 7 (0)               ; 0 (0)                     ; 0 (0)         ; 0                 ; 0     ; 0          ; 0    ; 0            ; |Calculator|Divider:div|FAdder:v2                                                                     ; FAdder       ; work         ;
;          |FAdder_4bit:u0|             ; 0.0 (0.0)            ; 0.0 (0.0)                        ; 0.0 (0.0)                                         ; 0.0 (0.0)                        ; 0.0 (0.0)            ; 1 (0)               ; 0 (0)                     ; 0 (0)         ; 0                 ; 0     ; 0          ; 0    ; 0            ; |Calculator|Divider:div|FAdder:v2|FAdder_4bit:u0                                                      ; FAdder_4bit  ; work         ;
;             |FAdder_1bit:u2|          ; 0.0 (0.0)            ; 0.0 (0.0)                        ; 0.0 (0.0)                                         ; 0.0 (0.0)                        ; 0.0 (0.0)            ; 1 (1)               ; 0 (0)                     ; 0 (0)         ; 0                 ; 0     ; 0          ; 0    ; 0            ; |Calculator|Divider:div|FAdder:v2|FAdder_4bit:u0|FAdder_1bit:u2                                       ; FAdder_1bit  ; work         ;
;          |FAdder_4bit:u1|             ; 3.0 (0.0)            ; 3.0 (0.0)                        ; 0.0 (0.0)                                         ; 0.0 (0.0)                        ; 0.0 (0.0)            ; 3 (0)               ; 0 (0)                     ; 0 (0)         ; 0                 ; 0     ; 0          ; 0    ; 0            ; |Calculator|Divider:div|FAdder:v2|FAdder_4bit:u1                                                      ; FAdder_4bit  ; work         ;
;             |FAdder_1bit:u0|          ; 1.0 (1.0)            ; 1.0 (1.0)                        ; 0.0 (0.0)                                         ; 0.0 (0.0)                        ; 0.0 (0.0)            ; 1 (1)               ; 0 (0)                     ; 0 (0)         ; 0                 ; 0     ; 0          ; 0    ; 0            ; |Calculator|Divider:div|FAdder:v2|FAdder_4bit:u1|FAdder_1bit:u0                                       ; FAdder_1bit  ; work         ;
;             |FAdder_1bit:u3|          ; 2.0 (2.0)            ; 2.0 (2.0)                        ; 0.0 (0.0)                                         ; 0.0 (0.0)                        ; 0.0 (0.0)            ; 2 (2)               ; 0 (0)                     ; 0 (0)         ; 0                 ; 0     ; 0          ; 0    ; 0            ; |Calculator|Divider:div|FAdder:v2|FAdder_4bit:u1|FAdder_1bit:u3                                       ; FAdder_1bit  ; work         ;
;          |FAdder_4bit:u2|             ; 2.0 (0.0)            ; 2.0 (0.0)                        ; 0.0 (0.0)                                         ; 0.0 (0.0)                        ; 0.0 (0.0)            ; 2 (0)               ; 0 (0)                     ; 0 (0)         ; 0                 ; 0     ; 0          ; 0    ; 0            ; |Calculator|Divider:div|FAdder:v2|FAdder_4bit:u2                                                      ; FAdder_4bit  ; work         ;
;             |FAdder_1bit:u1|          ; 1.0 (1.0)            ; 1.0 (1.0)                        ; 0.0 (0.0)                                         ; 0.0 (0.0)                        ; 0.0 (0.0)            ; 1 (1)               ; 0 (0)                     ; 0 (0)         ; 0                 ; 0     ; 0          ; 0    ; 0            ; |Calculator|Divider:div|FAdder:v2|FAdder_4bit:u2|FAdder_1bit:u1                                       ; FAdder_1bit  ; work         ;
;             |FAdder_1bit:u2|          ; 1.0 (1.0)            ; 1.0 (1.0)                        ; 0.0 (0.0)                                         ; 0.0 (0.0)                        ; 0.0 (0.0)            ; 1 (1)               ; 0 (0)                     ; 0 (0)         ; 0                 ; 0     ; 0          ; 0    ; 0            ; |Calculator|Divider:div|FAdder:v2|FAdder_4bit:u2|FAdder_1bit:u2                                       ; FAdder_1bit  ; work         ;
;          |FAdder_4bit:u3|             ; 1.0 (0.0)            ; 1.0 (0.0)                        ; 0.0 (0.0)                                         ; 0.0 (0.0)                        ; 0.0 (0.0)            ; 1 (0)               ; 0 (0)                     ; 0 (0)         ; 0                 ; 0     ; 0          ; 0    ; 0            ; |Calculator|Divider:div|FAdder:v2|FAdder_4bit:u3                                                      ; FAdder_4bit  ; work         ;
;             |FAdder_1bit:u0|          ; 1.0 (1.0)            ; 1.0 (1.0)                        ; 0.0 (0.0)                                         ; 0.0 (0.0)                        ; 0.0 (0.0)            ; 1 (1)               ; 0 (0)                     ; 0 (0)         ; 0                 ; 0     ; 0          ; 0    ; 0            ; |Calculator|Divider:div|FAdder:v2|FAdder_4bit:u3|FAdder_1bit:u0                                       ; FAdder_1bit  ; work         ;
;       |FAdder:v3|                     ; 7.5 (0.0)            ; 7.5 (0.0)                        ; 0.0 (0.0)                                         ; 0.0 (0.0)                        ; 0.0 (0.0)            ; 10 (0)              ; 0 (0)                     ; 0 (0)         ; 0                 ; 0     ; 0          ; 0    ; 0            ; |Calculator|Divider:div|FAdder:v3                                                                     ; FAdder       ; work         ;
;          |FAdder_4bit:u0|             ; 2.0 (0.0)            ; 2.0 (0.0)                        ; 0.0 (0.0)                                         ; 0.0 (0.0)                        ; 0.0 (0.0)            ; 2 (0)               ; 0 (0)                     ; 0 (0)         ; 0                 ; 0     ; 0          ; 0    ; 0            ; |Calculator|Divider:div|FAdder:v3|FAdder_4bit:u0                                                      ; FAdder_4bit  ; work         ;
;             |FAdder_1bit:u1|          ; 1.0 (1.0)            ; 1.0 (1.0)                        ; 0.0 (0.0)                                         ; 0.0 (0.0)                        ; 0.0 (0.0)            ; 1 (1)               ; 0 (0)                     ; 0 (0)         ; 0                 ; 0     ; 0          ; 0    ; 0            ; |Calculator|Divider:div|FAdder:v3|FAdder_4bit:u0|FAdder_1bit:u1                                       ; FAdder_1bit  ; work         ;
;             |FAdder_1bit:u2|          ; 1.0 (1.0)            ; 1.0 (1.0)                        ; 0.0 (0.0)                                         ; 0.0 (0.0)                        ; 0.0 (0.0)            ; 1 (1)               ; 0 (0)                     ; 0 (0)         ; 0                 ; 0     ; 0          ; 0    ; 0            ; |Calculator|Divider:div|FAdder:v3|FAdder_4bit:u0|FAdder_1bit:u2                                       ; FAdder_1bit  ; work         ;
;          |FAdder_4bit:u1|             ; 2.5 (0.0)            ; 2.5 (0.0)                        ; 0.0 (0.0)                                         ; 0.0 (0.0)                        ; 0.0 (0.0)            ; 4 (0)               ; 0 (0)                     ; 0 (0)         ; 0                 ; 0     ; 0          ; 0    ; 0            ; |Calculator|Divider:div|FAdder:v3|FAdder_4bit:u1                                                      ; FAdder_4bit  ; work         ;
;             |FAdder_1bit:u0|          ; 0.5 (0.5)            ; 0.5 (0.5)                        ; 0.0 (0.0)                                         ; 0.0 (0.0)                        ; 0.0 (0.0)            ; 1 (1)               ; 0 (0)                     ; 0 (0)         ; 0                 ; 0     ; 0          ; 0    ; 0            ; |Calculator|Divider:div|FAdder:v3|FAdder_4bit:u1|FAdder_1bit:u0                                       ; FAdder_1bit  ; work         ;
;             |FAdder_1bit:u1|          ; 0.5 (0.5)            ; 0.5 (0.5)                        ; 0.0 (0.0)                                         ; 0.0 (0.0)                        ; 0.0 (0.0)            ; 1 (1)               ; 0 (0)                     ; 0 (0)         ; 0                 ; 0     ; 0          ; 0    ; 0            ; |Calculator|Divider:div|FAdder:v3|FAdder_4bit:u1|FAdder_1bit:u1                                       ; FAdder_1bit  ; work         ;
;             |FAdder_1bit:u2|          ; 0.5 (0.5)            ; 0.5 (0.5)                        ; 0.0 (0.0)                                         ; 0.0 (0.0)                        ; 0.0 (0.0)            ; 1 (1)               ; 0 (0)                     ; 0 (0)         ; 0                 ; 0     ; 0          ; 0    ; 0            ; |Calculator|Divider:div|FAdder:v3|FAdder_4bit:u1|FAdder_1bit:u2                                       ; FAdder_1bit  ; work         ;
;             |FAdder_1bit:u3|          ; 1.0 (1.0)            ; 1.0 (1.0)                        ; 0.0 (0.0)                                         ; 0.0 (0.0)                        ; 0.0 (0.0)            ; 1 (1)               ; 0 (0)                     ; 0 (0)         ; 0                 ; 0     ; 0          ; 0    ; 0            ; |Calculator|Divider:div|FAdder:v3|FAdder_4bit:u1|FAdder_1bit:u3                                       ; FAdder_1bit  ; work         ;
;          |FAdder_4bit:u2|             ; 2.0 (0.0)            ; 2.0 (0.0)                        ; 0.0 (0.0)                                         ; 0.0 (0.0)                        ; 0.0 (0.0)            ; 3 (0)               ; 0 (0)                     ; 0 (0)         ; 0                 ; 0     ; 0          ; 0    ; 0            ; |Calculator|Divider:div|FAdder:v3|FAdder_4bit:u2                                                      ; FAdder_4bit  ; work         ;
;             |FAdder_1bit:u1|          ; 0.5 (0.5)            ; 0.5 (0.5)                        ; 0.0 (0.0)                                         ; 0.0 (0.0)                        ; 0.0 (0.0)            ; 1 (1)               ; 0 (0)                     ; 0 (0)         ; 0                 ; 0     ; 0          ; 0    ; 0            ; |Calculator|Divider:div|FAdder:v3|FAdder_4bit:u2|FAdder_1bit:u1                                       ; FAdder_1bit  ; work         ;
;             |FAdder_1bit:u2|          ; 0.5 (0.5)            ; 0.5 (0.5)                        ; 0.0 (0.0)                                         ; 0.0 (0.0)                        ; 0.0 (0.0)            ; 1 (1)               ; 0 (0)                     ; 0 (0)         ; 0                 ; 0     ; 0          ; 0    ; 0            ; |Calculator|Divider:div|FAdder:v3|FAdder_4bit:u2|FAdder_1bit:u2                                       ; FAdder_1bit  ; work         ;
;             |FAdder_1bit:u3|          ; 1.0 (1.0)            ; 1.0 (1.0)                        ; 0.0 (0.0)                                         ; 0.0 (0.0)                        ; 0.0 (0.0)            ; 1 (1)               ; 0 (0)                     ; 0 (0)         ; 0                 ; 0     ; 0          ; 0    ; 0            ; |Calculator|Divider:div|FAdder:v3|FAdder_4bit:u2|FAdder_1bit:u3                                       ; FAdder_1bit  ; work         ;
;          |FAdder_4bit:u3|             ; 1.0 (0.0)            ; 1.0 (0.0)                        ; 0.0 (0.0)                                         ; 0.0 (0.0)                        ; 0.0 (0.0)            ; 1 (0)               ; 0 (0)                     ; 0 (0)         ; 0                 ; 0     ; 0          ; 0    ; 0            ; |Calculator|Divider:div|FAdder:v3|FAdder_4bit:u3                                                      ; FAdder_4bit  ; work         ;
;             |FAdder_1bit:u0|          ; 1.0 (1.0)            ; 1.0 (1.0)                        ; 0.0 (0.0)                                         ; 0.0 (0.0)                        ; 0.0 (0.0)            ; 1 (1)               ; 0 (0)                     ; 0 (0)         ; 0                 ; 0     ; 0          ; 0    ; 0            ; |Calculator|Divider:div|FAdder:v3|FAdder_4bit:u3|FAdder_1bit:u0                                       ; FAdder_1bit  ; work         ;
;       |FAdder:v4|                     ; 6.0 (0.0)            ; 6.0 (0.0)                        ; 0.0 (0.0)                                         ; 0.0 (0.0)                        ; 0.0 (0.0)            ; 11 (0)              ; 0 (0)                     ; 0 (0)         ; 0                 ; 0     ; 0          ; 0    ; 0            ; |Calculator|Divider:div|FAdder:v4                                                                     ; FAdder       ; work         ;
;          |FAdder_4bit:u0|             ; 0.0 (0.0)            ; 0.0 (0.0)                        ; 0.0 (0.0)                                         ; 0.0 (0.0)                        ; 0.0 (0.0)            ; 1 (0)               ; 0 (0)                     ; 0 (0)         ; 0                 ; 0     ; 0          ; 0    ; 0            ; |Calculator|Divider:div|FAdder:v4|FAdder_4bit:u0                                                      ; FAdder_4bit  ; work         ;
;             |FAdder_1bit:u1|          ; 0.0 (0.0)            ; 0.0 (0.0)                        ; 0.0 (0.0)                                         ; 0.0 (0.0)                        ; 0.0 (0.0)            ; 1 (1)               ; 0 (0)                     ; 0 (0)         ; 0                 ; 0     ; 0          ; 0    ; 0            ; |Calculator|Divider:div|FAdder:v4|FAdder_4bit:u0|FAdder_1bit:u1                                       ; FAdder_1bit  ; work         ;
;          |FAdder_4bit:u1|             ; 2.0 (0.0)            ; 2.0 (0.0)                        ; 0.0 (0.0)                                         ; 0.0 (0.0)                        ; 0.0 (0.0)            ; 3 (0)               ; 0 (0)                     ; 0 (0)         ; 0                 ; 0     ; 0          ; 0    ; 0            ; |Calculator|Divider:div|FAdder:v4|FAdder_4bit:u1                                                      ; FAdder_4bit  ; work         ;
;             |FAdder_1bit:u0|          ; 1.0 (1.0)            ; 1.0 (1.0)                        ; 0.0 (0.0)                                         ; 0.0 (0.0)                        ; 0.0 (0.0)            ; 2 (2)               ; 0 (0)                     ; 0 (0)         ; 0                 ; 0     ; 0          ; 0    ; 0            ; |Calculator|Divider:div|FAdder:v4|FAdder_4bit:u1|FAdder_1bit:u0                                       ; FAdder_1bit  ; work         ;
;             |FAdder_1bit:u1|          ; 1.0 (1.0)            ; 1.0 (1.0)                        ; 0.0 (0.0)                                         ; 0.0 (0.0)                        ; 0.0 (0.0)            ; 1 (1)               ; 0 (0)                     ; 0 (0)         ; 0                 ; 0     ; 0          ; 0    ; 0            ; |Calculator|Divider:div|FAdder:v4|FAdder_4bit:u1|FAdder_1bit:u1                                       ; FAdder_1bit  ; work         ;
;          |FAdder_4bit:u2|             ; 2.5 (0.0)            ; 2.5 (0.0)                        ; 0.0 (0.0)                                         ; 0.0 (0.0)                        ; 0.0 (0.0)            ; 4 (0)               ; 0 (0)                     ; 0 (0)         ; 0                 ; 0     ; 0          ; 0    ; 0            ; |Calculator|Divider:div|FAdder:v4|FAdder_4bit:u2                                                      ; FAdder_4bit  ; work         ;
;             |FAdder_1bit:u0|          ; 0.5 (0.5)            ; 0.5 (0.5)                        ; 0.0 (0.0)                                         ; 0.0 (0.0)                        ; 0.0 (0.0)            ; 1 (1)               ; 0 (0)                     ; 0 (0)         ; 0                 ; 0     ; 0          ; 0    ; 0            ; |Calculator|Divider:div|FAdder:v4|FAdder_4bit:u2|FAdder_1bit:u0                                       ; FAdder_1bit  ; work         ;
;             |FAdder_1bit:u1|          ; 1.0 (1.0)            ; 1.0 (1.0)                        ; 0.0 (0.0)                                         ; 0.0 (0.0)                        ; 0.0 (0.0)            ; 2 (2)               ; 0 (0)                     ; 0 (0)         ; 0                 ; 0     ; 0          ; 0    ; 0            ; |Calculator|Divider:div|FAdder:v4|FAdder_4bit:u2|FAdder_1bit:u1                                       ; FAdder_1bit  ; work         ;
;             |FAdder_1bit:u2|          ; 1.0 (1.0)            ; 1.0 (1.0)                        ; 0.0 (0.0)                                         ; 0.0 (0.0)                        ; 0.0 (0.0)            ; 1 (1)               ; 0 (0)                     ; 0 (0)         ; 0                 ; 0     ; 0          ; 0    ; 0            ; |Calculator|Divider:div|FAdder:v4|FAdder_4bit:u2|FAdder_1bit:u2                                       ; FAdder_1bit  ; work         ;
;          |FAdder_4bit:u3|             ; 1.5 (0.0)            ; 1.5 (0.0)                        ; 0.0 (0.0)                                         ; 0.0 (0.0)                        ; 0.0 (0.0)            ; 3 (0)               ; 0 (0)                     ; 0 (0)         ; 0                 ; 0     ; 0          ; 0    ; 0            ; |Calculator|Divider:div|FAdder:v4|FAdder_4bit:u3                                                      ; FAdder_4bit  ; work         ;
;             |FAdder_1bit:u1|          ; 0.0 (0.0)            ; 0.0 (0.0)                        ; 0.0 (0.0)                                         ; 0.0 (0.0)                        ; 0.0 (0.0)            ; 1 (1)               ; 0 (0)                     ; 0 (0)         ; 0                 ; 0     ; 0          ; 0    ; 0            ; |Calculator|Divider:div|FAdder:v4|FAdder_4bit:u3|FAdder_1bit:u1                                       ; FAdder_1bit  ; work         ;
;             |FAdder_1bit:u2|          ; 1.5 (1.5)            ; 1.5 (1.5)                        ; 0.0 (0.0)                                         ; 0.0 (0.0)                        ; 0.0 (0.0)            ; 2 (2)               ; 0 (0)                     ; 0 (0)         ; 0                 ; 0     ; 0          ; 0    ; 0            ; |Calculator|Divider:div|FAdder:v4|FAdder_4bit:u3|FAdder_1bit:u2                                       ; FAdder_1bit  ; work         ;
;       |pu4s:u1|                       ; 76.5 (0.0)           ; 78.5 (0.0)                       ; 2.0 (0.0)                                         ; 0.0 (0.0)                        ; 0.0 (0.0)            ; 110 (0)             ; 0 (0)                     ; 0 (0)         ; 0                 ; 0     ; 0          ; 0    ; 0            ; |Calculator|Divider:div|pu4s:u1                                                                       ; pu4s         ; work         ;
;          |pu:u1|                      ; 10.0 (4.0)           ; 10.0 (4.0)                       ; 0.0 (0.0)                                         ; 0.0 (0.0)                        ; 0.0 (0.0)            ; 15 (6)              ; 0 (0)                     ; 0 (0)         ; 0                 ; 0     ; 0          ; 0    ; 0            ; |Calculator|Divider:div|pu4s:u1|pu:u1                                                                 ; pu           ; work         ;
;             |FAdder:u1|               ; 6.0 (0.0)            ; 6.0 (0.0)                        ; 0.0 (0.0)                                         ; 0.0 (0.0)                        ; 0.0 (0.0)            ; 9 (0)               ; 0 (0)                     ; 0 (0)         ; 0                 ; 0     ; 0          ; 0    ; 0            ; |Calculator|Divider:div|pu4s:u1|pu:u1|FAdder:u1                                                       ; FAdder       ; work         ;
;                |FAdder_4bit:u0|       ; 1.0 (0.0)            ; 1.0 (0.0)                        ; 0.0 (0.0)                                         ; 0.0 (0.0)                        ; 0.0 (0.0)            ; 2 (0)               ; 0 (0)                     ; 0 (0)         ; 0                 ; 0     ; 0          ; 0    ; 0            ; |Calculator|Divider:div|pu4s:u1|pu:u1|FAdder:u1|FAdder_4bit:u0                                        ; FAdder_4bit  ; work         ;
;                   |FAdder_1bit:u1|    ; 0.0 (0.0)            ; 0.0 (0.0)                        ; 0.0 (0.0)                                         ; 0.0 (0.0)                        ; 0.0 (0.0)            ; 1 (1)               ; 0 (0)                     ; 0 (0)         ; 0                 ; 0     ; 0          ; 0    ; 0            ; |Calculator|Divider:div|pu4s:u1|pu:u1|FAdder:u1|FAdder_4bit:u0|FAdder_1bit:u1                         ; FAdder_1bit  ; work         ;
;                   |FAdder_1bit:u3|    ; 1.0 (1.0)            ; 1.0 (1.0)                        ; 0.0 (0.0)                                         ; 0.0 (0.0)                        ; 0.0 (0.0)            ; 1 (1)               ; 0 (0)                     ; 0 (0)         ; 0                 ; 0     ; 0          ; 0    ; 0            ; |Calculator|Divider:div|pu4s:u1|pu:u1|FAdder:u1|FAdder_4bit:u0|FAdder_1bit:u3                         ; FAdder_1bit  ; work         ;
;                |FAdder_4bit:u1|       ; 2.5 (0.0)            ; 2.5 (0.0)                        ; 0.0 (0.0)                                         ; 0.0 (0.0)                        ; 0.0 (0.0)            ; 4 (0)               ; 0 (0)                     ; 0 (0)         ; 0                 ; 0     ; 0          ; 0    ; 0            ; |Calculator|Divider:div|pu4s:u1|pu:u1|FAdder:u1|FAdder_4bit:u1                                        ; FAdder_4bit  ; work         ;
;                   |FAdder_1bit:u0|    ; 0.5 (0.5)            ; 0.5 (0.5)                        ; 0.0 (0.0)                                         ; 0.0 (0.0)                        ; 0.0 (0.0)            ; 1 (1)               ; 0 (0)                     ; 0 (0)         ; 0                 ; 0     ; 0          ; 0    ; 0            ; |Calculator|Divider:div|pu4s:u1|pu:u1|FAdder:u1|FAdder_4bit:u1|FAdder_1bit:u0                         ; FAdder_1bit  ; work         ;
;                   |FAdder_1bit:u1|    ; 0.5 (0.5)            ; 0.5 (0.5)                        ; 0.0 (0.0)                                         ; 0.0 (0.0)                        ; 0.0 (0.0)            ; 1 (1)               ; 0 (0)                     ; 0 (0)         ; 0                 ; 0     ; 0          ; 0    ; 0            ; |Calculator|Divider:div|pu4s:u1|pu:u1|FAdder:u1|FAdder_4bit:u1|FAdder_1bit:u1                         ; FAdder_1bit  ; work         ;
;                   |FAdder_1bit:u2|    ; 0.5 (0.5)            ; 0.5 (0.5)                        ; 0.0 (0.0)                                         ; 0.0 (0.0)                        ; 0.0 (0.0)            ; 1 (1)               ; 0 (0)                     ; 0 (0)         ; 0                 ; 0     ; 0          ; 0    ; 0            ; |Calculator|Divider:div|pu4s:u1|pu:u1|FAdder:u1|FAdder_4bit:u1|FAdder_1bit:u2                         ; FAdder_1bit  ; work         ;
;                   |FAdder_1bit:u3|    ; 1.0 (1.0)            ; 1.0 (1.0)                        ; 0.0 (0.0)                                         ; 0.0 (0.0)                        ; 0.0 (0.0)            ; 1 (1)               ; 0 (0)                     ; 0 (0)         ; 0                 ; 0     ; 0          ; 0    ; 0            ; |Calculator|Divider:div|pu4s:u1|pu:u1|FAdder:u1|FAdder_4bit:u1|FAdder_1bit:u3                         ; FAdder_1bit  ; work         ;
;                |FAdder_4bit:u2|       ; 1.0 (0.0)            ; 1.0 (0.0)                        ; 0.0 (0.0)                                         ; 0.0 (0.0)                        ; 0.0 (0.0)            ; 1 (0)               ; 0 (0)                     ; 0 (0)         ; 0                 ; 0     ; 0          ; 0    ; 0            ; |Calculator|Divider:div|pu4s:u1|pu:u1|FAdder:u1|FAdder_4bit:u2                                        ; FAdder_4bit  ; work         ;
;                   |FAdder_1bit:u0|    ; 1.0 (1.0)            ; 1.0 (1.0)                        ; 0.0 (0.0)                                         ; 0.0 (0.0)                        ; 0.0 (0.0)            ; 1 (1)               ; 0 (0)                     ; 0 (0)         ; 0                 ; 0     ; 0          ; 0    ; 0            ; |Calculator|Divider:div|pu4s:u1|pu:u1|FAdder:u1|FAdder_4bit:u2|FAdder_1bit:u0                         ; FAdder_1bit  ; work         ;
;                |FAdder_4bit:u3|       ; 1.5 (0.0)            ; 1.5 (0.0)                        ; 0.0 (0.0)                                         ; 0.0 (0.0)                        ; 0.0 (0.0)            ; 2 (0)               ; 0 (0)                     ; 0 (0)         ; 0                 ; 0     ; 0          ; 0    ; 0            ; |Calculator|Divider:div|pu4s:u1|pu:u1|FAdder:u1|FAdder_4bit:u3                                        ; FAdder_4bit  ; work         ;
;                   |FAdder_1bit:u3|    ; 1.5 (1.5)            ; 1.5 (1.5)                        ; 0.0 (0.0)                                         ; 0.0 (0.0)                        ; 0.0 (0.0)            ; 2 (2)               ; 0 (0)                     ; 0 (0)         ; 0                 ; 0     ; 0          ; 0    ; 0            ; |Calculator|Divider:div|pu4s:u1|pu:u1|FAdder:u1|FAdder_4bit:u3|FAdder_1bit:u3                         ; FAdder_1bit  ; work         ;
;          |pu:u2|                      ; 19.5 (8.0)           ; 21.0 (9.0)                       ; 1.5 (1.0)                                         ; 0.0 (0.0)                        ; 0.0 (0.0)            ; 29 (12)             ; 0 (0)                     ; 0 (0)         ; 0                 ; 0     ; 0          ; 0    ; 0            ; |Calculator|Divider:div|pu4s:u1|pu:u2                                                                 ; pu           ; work         ;
;             |FAdder:u1|               ; 11.5 (0.0)           ; 12.0 (0.0)                       ; 0.5 (0.0)                                         ; 0.0 (0.0)                        ; 0.0 (0.0)            ; 17 (0)              ; 0 (0)                     ; 0 (0)         ; 0                 ; 0     ; 0          ; 0    ; 0            ; |Calculator|Divider:div|pu4s:u1|pu:u2|FAdder:u1                                                       ; FAdder       ; work         ;
;                |FAdder_4bit:u0|       ; 4.0 (0.0)            ; 4.0 (0.0)                        ; 0.0 (0.0)                                         ; 0.0 (0.0)                        ; 0.0 (0.0)            ; 5 (0)               ; 0 (0)                     ; 0 (0)         ; 0                 ; 0     ; 0          ; 0    ; 0            ; |Calculator|Divider:div|pu4s:u1|pu:u2|FAdder:u1|FAdder_4bit:u0                                        ; FAdder_4bit  ; work         ;
;                   |FAdder_1bit:u1|    ; 2.5 (2.5)            ; 2.5 (2.5)                        ; 0.0 (0.0)                                         ; 0.0 (0.0)                        ; 0.0 (0.0)            ; 3 (3)               ; 0 (0)                     ; 0 (0)         ; 0                 ; 0     ; 0          ; 0    ; 0            ; |Calculator|Divider:div|pu4s:u1|pu:u2|FAdder:u1|FAdder_4bit:u0|FAdder_1bit:u1                         ; FAdder_1bit  ; work         ;
;                   |FAdder_1bit:u2|    ; 0.5 (0.5)            ; 0.5 (0.5)                        ; 0.0 (0.0)                                         ; 0.0 (0.0)                        ; 0.0 (0.0)            ; 1 (1)               ; 0 (0)                     ; 0 (0)         ; 0                 ; 0     ; 0          ; 0    ; 0            ; |Calculator|Divider:div|pu4s:u1|pu:u2|FAdder:u1|FAdder_4bit:u0|FAdder_1bit:u2                         ; FAdder_1bit  ; work         ;
;                   |FAdder_1bit:u3|    ; 1.0 (1.0)            ; 1.0 (1.0)                        ; 0.0 (0.0)                                         ; 0.0 (0.0)                        ; 0.0 (0.0)            ; 1 (1)               ; 0 (0)                     ; 0 (0)         ; 0                 ; 0     ; 0          ; 0    ; 0            ; |Calculator|Divider:div|pu4s:u1|pu:u2|FAdder:u1|FAdder_4bit:u0|FAdder_1bit:u3                         ; FAdder_1bit  ; work         ;
;                |FAdder_4bit:u1|       ; 2.5 (0.0)            ; 3.0 (0.0)                        ; 0.5 (0.0)                                         ; 0.0 (0.0)                        ; 0.0 (0.0)            ; 4 (0)               ; 0 (0)                     ; 0 (0)         ; 0                 ; 0     ; 0          ; 0    ; 0            ; |Calculator|Divider:div|pu4s:u1|pu:u2|FAdder:u1|FAdder_4bit:u1                                        ; FAdder_4bit  ; work         ;
;                   |FAdder_1bit:u0|    ; 0.5 (0.5)            ; 0.5 (0.5)                        ; 0.0 (0.0)                                         ; 0.0 (0.0)                        ; 0.0 (0.0)            ; 1 (1)               ; 0 (0)                     ; 0 (0)         ; 0                 ; 0     ; 0          ; 0    ; 0            ; |Calculator|Divider:div|pu4s:u1|pu:u2|FAdder:u1|FAdder_4bit:u1|FAdder_1bit:u0                         ; FAdder_1bit  ; work         ;
;                   |FAdder_1bit:u1|    ; 0.5 (0.5)            ; 1.0 (1.0)                        ; 0.5 (0.5)                                         ; 0.0 (0.0)                        ; 0.0 (0.0)            ; 1 (1)               ; 0 (0)                     ; 0 (0)         ; 0                 ; 0     ; 0          ; 0    ; 0            ; |Calculator|Divider:div|pu4s:u1|pu:u2|FAdder:u1|FAdder_4bit:u1|FAdder_1bit:u1                         ; FAdder_1bit  ; work         ;
;                   |FAdder_1bit:u2|    ; 0.5 (0.5)            ; 0.5 (0.5)                        ; 0.0 (0.0)                                         ; 0.0 (0.0)                        ; 0.0 (0.0)            ; 1 (1)               ; 0 (0)                     ; 0 (0)         ; 0                 ; 0     ; 0          ; 0    ; 0            ; |Calculator|Divider:div|pu4s:u1|pu:u2|FAdder:u1|FAdder_4bit:u1|FAdder_1bit:u2                         ; FAdder_1bit  ; work         ;
;                   |FAdder_1bit:u3|    ; 1.0 (1.0)            ; 1.0 (1.0)                        ; 0.0 (0.0)                                         ; 0.0 (0.0)                        ; 0.0 (0.0)            ; 1 (1)               ; 0 (0)                     ; 0 (0)         ; 0                 ; 0     ; 0          ; 0    ; 0            ; |Calculator|Divider:div|pu4s:u1|pu:u2|FAdder:u1|FAdder_4bit:u1|FAdder_1bit:u3                         ; FAdder_1bit  ; work         ;
;                |FAdder_4bit:u2|       ; 2.0 (0.0)            ; 2.0 (0.0)                        ; 0.0 (0.0)                                         ; 0.0 (0.0)                        ; 0.0 (0.0)            ; 3 (0)               ; 0 (0)                     ; 0 (0)         ; 0                 ; 0     ; 0          ; 0    ; 0            ; |Calculator|Divider:div|pu4s:u1|pu:u2|FAdder:u1|FAdder_4bit:u2                                        ; FAdder_4bit  ; work         ;
;                   |FAdder_1bit:u0|    ; 1.0 (1.0)            ; 1.0 (1.0)                        ; 0.0 (0.0)                                         ; 0.0 (0.0)                        ; 0.0 (0.0)            ; 1 (1)               ; 0 (0)                     ; 0 (0)         ; 0                 ; 0     ; 0          ; 0    ; 0            ; |Calculator|Divider:div|pu4s:u1|pu:u2|FAdder:u1|FAdder_4bit:u2|FAdder_1bit:u0                         ; FAdder_1bit  ; work         ;
;                   |FAdder_1bit:u1|    ; 0.0 (0.0)            ; 0.0 (0.0)                        ; 0.0 (0.0)                                         ; 0.0 (0.0)                        ; 0.0 (0.0)            ; 1 (1)               ; 0 (0)                     ; 0 (0)         ; 0                 ; 0     ; 0          ; 0    ; 0            ; |Calculator|Divider:div|pu4s:u1|pu:u2|FAdder:u1|FAdder_4bit:u2|FAdder_1bit:u1                         ; FAdder_1bit  ; work         ;
;                   |FAdder_1bit:u2|    ; 1.0 (1.0)            ; 1.0 (1.0)                        ; 0.0 (0.0)                                         ; 0.0 (0.0)                        ; 0.0 (0.0)            ; 1 (1)               ; 0 (0)                     ; 0 (0)         ; 0                 ; 0     ; 0          ; 0    ; 0            ; |Calculator|Divider:div|pu4s:u1|pu:u2|FAdder:u1|FAdder_4bit:u2|FAdder_1bit:u2                         ; FAdder_1bit  ; work         ;
;                |FAdder_4bit:u3|       ; 3.0 (0.0)            ; 3.0 (0.0)                        ; 0.0 (0.0)                                         ; 0.0 (0.0)                        ; 0.0 (0.0)            ; 5 (0)               ; 0 (0)                     ; 0 (0)         ; 0                 ; 0     ; 0          ; 0    ; 0            ; |Calculator|Divider:div|pu4s:u1|pu:u2|FAdder:u1|FAdder_4bit:u3                                        ; FAdder_4bit  ; work         ;
;                   |FAdder_1bit:u3|    ; 3.0 (3.0)            ; 3.0 (3.0)                        ; 0.0 (0.0)                                         ; 0.0 (0.0)                        ; 0.0 (0.0)            ; 5 (5)               ; 0 (0)                     ; 0 (0)         ; 0                 ; 0     ; 0          ; 0    ; 0            ; |Calculator|Divider:div|pu4s:u1|pu:u2|FAdder:u1|FAdder_4bit:u3|FAdder_1bit:u3                         ; FAdder_1bit  ; work         ;
;          |pu:u3|                      ; 24.0 (7.5)           ; 24.5 (8.0)                       ; 0.5 (0.5)                                         ; 0.0 (0.0)                        ; 0.0 (0.0)            ; 33 (11)             ; 0 (0)                     ; 0 (0)         ; 0                 ; 0     ; 0          ; 0    ; 0            ; |Calculator|Divider:div|pu4s:u1|pu:u3                                                                 ; pu           ; work         ;
;             |FAdder:u1|               ; 16.5 (0.0)           ; 16.5 (0.0)                       ; 0.0 (0.0)                                         ; 0.0 (0.0)                        ; 0.0 (0.0)            ; 22 (0)              ; 0 (0)                     ; 0 (0)         ; 0                 ; 0     ; 0          ; 0    ; 0            ; |Calculator|Divider:div|pu4s:u1|pu:u3|FAdder:u1                                                       ; FAdder       ; work         ;
;                |FAdder_4bit:u0|       ; 3.0 (0.0)            ; 3.0 (0.0)                        ; 0.0 (0.0)                                         ; 0.0 (0.0)                        ; 0.0 (0.0)            ; 4 (0)               ; 0 (0)                     ; 0 (0)         ; 0                 ; 0     ; 0          ; 0    ; 0            ; |Calculator|Divider:div|pu4s:u1|pu:u3|FAdder:u1|FAdder_4bit:u0                                        ; FAdder_4bit  ; work         ;
;                   |FAdder_1bit:u1|    ; 2.0 (2.0)            ; 2.0 (2.0)                        ; 0.0 (0.0)                                         ; 0.0 (0.0)                        ; 0.0 (0.0)            ; 2 (2)               ; 0 (0)                     ; 0 (0)         ; 0                 ; 0     ; 0          ; 0    ; 0            ; |Calculator|Divider:div|pu4s:u1|pu:u3|FAdder:u1|FAdder_4bit:u0|FAdder_1bit:u1                         ; FAdder_1bit  ; work         ;
;                   |FAdder_1bit:u3|    ; 1.0 (1.0)            ; 1.0 (1.0)                        ; 0.0 (0.0)                                         ; 0.0 (0.0)                        ; 0.0 (0.0)            ; 2 (2)               ; 0 (0)                     ; 0 (0)         ; 0                 ; 0     ; 0          ; 0    ; 0            ; |Calculator|Divider:div|pu4s:u1|pu:u3|FAdder:u1|FAdder_4bit:u0|FAdder_1bit:u3                         ; FAdder_1bit  ; work         ;
;                |FAdder_4bit:u1|       ; 5.0 (0.0)            ; 5.0 (0.0)                        ; 0.0 (0.0)                                         ; 0.0 (0.0)                        ; 0.0 (0.0)            ; 6 (0)               ; 0 (0)                     ; 0 (0)         ; 0                 ; 0     ; 0          ; 0    ; 0            ; |Calculator|Divider:div|pu4s:u1|pu:u3|FAdder:u1|FAdder_4bit:u1                                        ; FAdder_4bit  ; work         ;
;                   |FAdder_1bit:u0|    ; 3.0 (3.0)            ; 3.0 (3.0)                        ; 0.0 (0.0)                                         ; 0.0 (0.0)                        ; 0.0 (0.0)            ; 3 (3)               ; 0 (0)                     ; 0 (0)         ; 0                 ; 0     ; 0          ; 0    ; 0            ; |Calculator|Divider:div|pu4s:u1|pu:u3|FAdder:u1|FAdder_4bit:u1|FAdder_1bit:u0                         ; FAdder_1bit  ; work         ;
;                   |FAdder_1bit:u1|    ; 1.0 (1.0)            ; 1.0 (1.0)                        ; 0.0 (0.0)                                         ; 0.0 (0.0)                        ; 0.0 (0.0)            ; 2 (2)               ; 0 (0)                     ; 0 (0)         ; 0                 ; 0     ; 0          ; 0    ; 0            ; |Calculator|Divider:div|pu4s:u1|pu:u3|FAdder:u1|FAdder_4bit:u1|FAdder_1bit:u1                         ; FAdder_1bit  ; work         ;
;                   |FAdder_1bit:u2|    ; 1.0 (1.0)            ; 1.0 (1.0)                        ; 0.0 (0.0)                                         ; 0.0 (0.0)                        ; 0.0 (0.0)            ; 1 (1)               ; 0 (0)                     ; 0 (0)         ; 0                 ; 0     ; 0          ; 0    ; 0            ; |Calculator|Divider:div|pu4s:u1|pu:u3|FAdder:u1|FAdder_4bit:u1|FAdder_1bit:u2                         ; FAdder_1bit  ; work         ;
;                |FAdder_4bit:u2|       ; 5.5 (0.0)            ; 5.5 (0.0)                        ; 0.0 (0.0)                                         ; 0.0 (0.0)                        ; 0.0 (0.0)            ; 8 (0)               ; 0 (0)                     ; 0 (0)         ; 0                 ; 0     ; 0          ; 0    ; 0            ; |Calculator|Divider:div|pu4s:u1|pu:u3|FAdder:u1|FAdder_4bit:u2                                        ; FAdder_4bit  ; work         ;
;                   |FAdder_1bit:u0|    ; 1.0 (1.0)            ; 1.0 (1.0)                        ; 0.0 (0.0)                                         ; 0.0 (0.0)                        ; 0.0 (0.0)            ; 2 (2)               ; 0 (0)                     ; 0 (0)         ; 0                 ; 0     ; 0          ; 0    ; 0            ; |Calculator|Divider:div|pu4s:u1|pu:u3|FAdder:u1|FAdder_4bit:u2|FAdder_1bit:u0                         ; FAdder_1bit  ; work         ;
;                   |FAdder_1bit:u1|    ; 2.5 (2.5)            ; 2.5 (2.5)                        ; 0.0 (0.0)                                         ; 0.0 (0.0)                        ; 0.0 (0.0)            ; 3 (3)               ; 0 (0)                     ; 0 (0)         ; 0                 ; 0     ; 0          ; 0    ; 0            ; |Calculator|Divider:div|pu4s:u1|pu:u3|FAdder:u1|FAdder_4bit:u2|FAdder_1bit:u1                         ; FAdder_1bit  ; work         ;
;                   |FAdder_1bit:u2|    ; 1.0 (1.0)            ; 1.0 (1.0)                        ; 0.0 (0.0)                                         ; 0.0 (0.0)                        ; 0.0 (0.0)            ; 2 (2)               ; 0 (0)                     ; 0 (0)         ; 0                 ; 0     ; 0          ; 0    ; 0            ; |Calculator|Divider:div|pu4s:u1|pu:u3|FAdder:u1|FAdder_4bit:u2|FAdder_1bit:u2                         ; FAdder_1bit  ; work         ;
;                   |FAdder_1bit:u3|    ; 1.0 (1.0)            ; 1.0 (1.0)                        ; 0.0 (0.0)                                         ; 0.0 (0.0)                        ; 0.0 (0.0)            ; 1 (1)               ; 0 (0)                     ; 0 (0)         ; 0                 ; 0     ; 0          ; 0    ; 0            ; |Calculator|Divider:div|pu4s:u1|pu:u3|FAdder:u1|FAdder_4bit:u2|FAdder_1bit:u3                         ; FAdder_1bit  ; work         ;
;                |FAdder_4bit:u3|       ; 3.0 (0.0)            ; 3.0 (0.0)                        ; 0.0 (0.0)                                         ; 0.0 (0.0)                        ; 0.0 (0.0)            ; 4 (0)               ; 0 (0)                     ; 0 (0)         ; 0                 ; 0     ; 0          ; 0    ; 0            ; |Calculator|Divider:div|pu4s:u1|pu:u3|FAdder:u1|FAdder_4bit:u3                                        ; FAdder_4bit  ; work         ;
;                   |FAdder_1bit:u3|    ; 3.0 (3.0)            ; 3.0 (3.0)                        ; 0.0 (0.0)                                         ; 0.0 (0.0)                        ; 0.0 (0.0)            ; 4 (4)               ; 0 (0)                     ; 0 (0)         ; 0                 ; 0     ; 0          ; 0    ; 0            ; |Calculator|Divider:div|pu4s:u1|pu:u3|FAdder:u1|FAdder_4bit:u3|FAdder_1bit:u3                         ; FAdder_1bit  ; work         ;
;          |pu:u4|                      ; 23.0 (8.5)           ; 23.0 (8.5)                       ; 0.0 (0.0)                                         ; 0.0 (0.0)                        ; 0.0 (0.0)            ; 33 (13)             ; 0 (0)                     ; 0 (0)         ; 0                 ; 0     ; 0          ; 0    ; 0            ; |Calculator|Divider:div|pu4s:u1|pu:u4                                                                 ; pu           ; work         ;
;             |FAdder:u1|               ; 14.5 (0.0)           ; 14.5 (0.0)                       ; 0.0 (0.0)                                         ; 0.0 (0.0)                        ; 0.0 (0.0)            ; 20 (0)              ; 0 (0)                     ; 0 (0)         ; 0                 ; 0     ; 0          ; 0    ; 0            ; |Calculator|Divider:div|pu4s:u1|pu:u4|FAdder:u1                                                       ; FAdder       ; work         ;
;                |FAdder_4bit:u0|       ; 3.5 (0.0)            ; 3.5 (0.0)                        ; 0.0 (0.0)                                         ; 0.0 (0.0)                        ; 0.0 (0.0)            ; 5 (0)               ; 0 (0)                     ; 0 (0)         ; 0                 ; 0     ; 0          ; 0    ; 0            ; |Calculator|Divider:div|pu4s:u1|pu:u4|FAdder:u1|FAdder_4bit:u0                                        ; FAdder_4bit  ; work         ;
;                   |FAdder_1bit:u1|    ; 2.0 (2.0)            ; 2.0 (2.0)                        ; 0.0 (0.0)                                         ; 0.0 (0.0)                        ; 0.0 (0.0)            ; 3 (3)               ; 0 (0)                     ; 0 (0)         ; 0                 ; 0     ; 0          ; 0    ; 0            ; |Calculator|Divider:div|pu4s:u1|pu:u4|FAdder:u1|FAdder_4bit:u0|FAdder_1bit:u1                         ; FAdder_1bit  ; work         ;
;                   |FAdder_1bit:u2|    ; 0.5 (0.5)            ; 0.5 (0.5)                        ; 0.0 (0.0)                                         ; 0.0 (0.0)                        ; 0.0 (0.0)            ; 1 (1)               ; 0 (0)                     ; 0 (0)         ; 0                 ; 0     ; 0          ; 0    ; 0            ; |Calculator|Divider:div|pu4s:u1|pu:u4|FAdder:u1|FAdder_4bit:u0|FAdder_1bit:u2                         ; FAdder_1bit  ; work         ;
;                   |FAdder_1bit:u3|    ; 1.0 (1.0)            ; 1.0 (1.0)                        ; 0.0 (0.0)                                         ; 0.0 (0.0)                        ; 0.0 (0.0)            ; 1 (1)               ; 0 (0)                     ; 0 (0)         ; 0                 ; 0     ; 0          ; 0    ; 0            ; |Calculator|Divider:div|pu4s:u1|pu:u4|FAdder:u1|FAdder_4bit:u0|FAdder_1bit:u3                         ; FAdder_1bit  ; work         ;
;                |FAdder_4bit:u1|       ; 3.5 (0.0)            ; 3.5 (0.0)                        ; 0.0 (0.0)                                         ; 0.0 (0.0)                        ; 0.0 (0.0)            ; 5 (0)               ; 0 (0)                     ; 0 (0)         ; 0                 ; 0     ; 0          ; 0    ; 0            ; |Calculator|Divider:div|pu4s:u1|pu:u4|FAdder:u1|FAdder_4bit:u1                                        ; FAdder_4bit  ; work         ;
;                   |FAdder_1bit:u1|    ; 0.5 (0.5)            ; 0.5 (0.5)                        ; 0.0 (0.0)                                         ; 0.0 (0.0)                        ; 0.0 (0.0)            ; 1 (1)               ; 0 (0)                     ; 0 (0)         ; 0                 ; 0     ; 0          ; 0    ; 0            ; |Calculator|Divider:div|pu4s:u1|pu:u4|FAdder:u1|FAdder_4bit:u1|FAdder_1bit:u1                         ; FAdder_1bit  ; work         ;
;                   |FAdder_1bit:u2|    ; 3.0 (3.0)            ; 3.0 (3.0)                        ; 0.0 (0.0)                                         ; 0.0 (0.0)                        ; 0.0 (0.0)            ; 3 (3)               ; 0 (0)                     ; 0 (0)         ; 0                 ; 0     ; 0          ; 0    ; 0            ; |Calculator|Divider:div|pu4s:u1|pu:u4|FAdder:u1|FAdder_4bit:u1|FAdder_1bit:u2                         ; FAdder_1bit  ; work         ;
;                   |FAdder_1bit:u3|    ; 0.0 (0.0)            ; 0.0 (0.0)                        ; 0.0 (0.0)                                         ; 0.0 (0.0)                        ; 0.0 (0.0)            ; 1 (1)               ; 0 (0)                     ; 0 (0)         ; 0                 ; 0     ; 0          ; 0    ; 0            ; |Calculator|Divider:div|pu4s:u1|pu:u4|FAdder:u1|FAdder_4bit:u1|FAdder_1bit:u3                         ; FAdder_1bit  ; work         ;
;                |FAdder_4bit:u2|       ; 4.5 (0.0)            ; 4.5 (0.0)                        ; 0.0 (0.0)                                         ; 0.0 (0.0)                        ; 0.0 (0.0)            ; 5 (0)               ; 0 (0)                     ; 0 (0)         ; 0                 ; 0     ; 0          ; 0    ; 0            ; |Calculator|Divider:div|pu4s:u1|pu:u4|FAdder:u1|FAdder_4bit:u2                                        ; FAdder_4bit  ; work         ;
;                   |FAdder_1bit:u0|    ; 1.0 (1.0)            ; 1.0 (1.0)                        ; 0.0 (0.0)                                         ; 0.0 (0.0)                        ; 0.0 (0.0)            ; 1 (1)               ; 0 (0)                     ; 0 (0)         ; 0                 ; 0     ; 0          ; 0    ; 0            ; |Calculator|Divider:div|pu4s:u1|pu:u4|FAdder:u1|FAdder_4bit:u2|FAdder_1bit:u0                         ; FAdder_1bit  ; work         ;
;                   |FAdder_1bit:u1|    ; 0.5 (0.5)            ; 0.5 (0.5)                        ; 0.0 (0.0)                                         ; 0.0 (0.0)                        ; 0.0 (0.0)            ; 1 (1)               ; 0 (0)                     ; 0 (0)         ; 0                 ; 0     ; 0          ; 0    ; 0            ; |Calculator|Divider:div|pu4s:u1|pu:u4|FAdder:u1|FAdder_4bit:u2|FAdder_1bit:u1                         ; FAdder_1bit  ; work         ;
;                   |FAdder_1bit:u3|    ; 3.0 (3.0)            ; 3.0 (3.0)                        ; 0.0 (0.0)                                         ; 0.0 (0.0)                        ; 0.0 (0.0)            ; 3 (3)               ; 0 (0)                     ; 0 (0)         ; 0                 ; 0     ; 0          ; 0    ; 0            ; |Calculator|Divider:div|pu4s:u1|pu:u4|FAdder:u1|FAdder_4bit:u2|FAdder_1bit:u3                         ; FAdder_1bit  ; work         ;
;                |FAdder_4bit:u3|       ; 3.0 (0.0)            ; 3.0 (0.0)                        ; 0.0 (0.0)                                         ; 0.0 (0.0)                        ; 0.0 (0.0)            ; 5 (0)               ; 0 (0)                     ; 0 (0)         ; 0                 ; 0     ; 0          ; 0    ; 0            ; |Calculator|Divider:div|pu4s:u1|pu:u4|FAdder:u1|FAdder_4bit:u3                                        ; FAdder_4bit  ; work         ;
;                   |FAdder_1bit:u0|    ; 0.5 (0.5)            ; 0.5 (0.5)                        ; 0.0 (0.0)                                         ; 0.0 (0.0)                        ; 0.0 (0.0)            ; 1 (1)               ; 0 (0)                     ; 0 (0)         ; 0                 ; 0     ; 0          ; 0    ; 0            ; |Calculator|Divider:div|pu4s:u1|pu:u4|FAdder:u1|FAdder_4bit:u3|FAdder_1bit:u0                         ; FAdder_1bit  ; work         ;
;                   |FAdder_1bit:u3|    ; 2.5 (2.5)            ; 2.5 (2.5)                        ; 0.0 (0.0)                                         ; 0.0 (0.0)                        ; 0.0 (0.0)            ; 4 (4)               ; 0 (0)                     ; 0 (0)         ; 0                 ; 0     ; 0          ; 0    ; 0            ; |Calculator|Divider:div|pu4s:u1|pu:u4|FAdder:u1|FAdder_4bit:u3|FAdder_1bit:u3                         ; FAdder_1bit  ; work         ;
;       |pu4s:u2|                       ; 90.5 (0.0)           ; 92.0 (0.0)                       ; 1.5 (0.0)                                         ; 0.0 (0.0)                        ; 0.0 (0.0)            ; 142 (0)             ; 0 (0)                     ; 0 (0)         ; 0                 ; 0     ; 0          ; 0    ; 0            ; |Calculator|Divider:div|pu4s:u2                                                                       ; pu4s         ; work         ;
;          |pu:u1|                      ; 20.5 (7.5)           ; 22.0 (9.0)                       ; 1.5 (1.5)                                         ; 0.0 (0.0)                        ; 0.0 (0.0)            ; 34 (13)             ; 0 (0)                     ; 0 (0)         ; 0                 ; 0     ; 0          ; 0    ; 0            ; |Calculator|Divider:div|pu4s:u2|pu:u1                                                                 ; pu           ; work         ;
;             |FAdder:u1|               ; 13.0 (0.0)           ; 13.0 (0.0)                       ; 0.0 (0.0)                                         ; 0.0 (0.0)                        ; 0.0 (0.0)            ; 21 (0)              ; 0 (0)                     ; 0 (0)         ; 0                 ; 0     ; 0          ; 0    ; 0            ; |Calculator|Divider:div|pu4s:u2|pu:u1|FAdder:u1                                                       ; FAdder       ; work         ;
;                |FAdder_4bit:u0|       ; 2.0 (0.0)            ; 2.0 (0.0)                        ; 0.0 (0.0)                                         ; 0.0 (0.0)                        ; 0.0 (0.0)            ; 4 (0)               ; 0 (0)                     ; 0 (0)         ; 0                 ; 0     ; 0          ; 0    ; 0            ; |Calculator|Divider:div|pu4s:u2|pu:u1|FAdder:u1|FAdder_4bit:u0                                        ; FAdder_4bit  ; work         ;
;                   |FAdder_1bit:u1|    ; 1.0 (1.0)            ; 1.0 (1.0)                        ; 0.0 (0.0)                                         ; 0.0 (0.0)                        ; 0.0 (0.0)            ; 2 (2)               ; 0 (0)                     ; 0 (0)         ; 0                 ; 0     ; 0          ; 0    ; 0            ; |Calculator|Divider:div|pu4s:u2|pu:u1|FAdder:u1|FAdder_4bit:u0|FAdder_1bit:u1                         ; FAdder_1bit  ; work         ;
;                   |FAdder_1bit:u3|    ; 1.0 (1.0)            ; 1.0 (1.0)                        ; 0.0 (0.0)                                         ; 0.0 (0.0)                        ; 0.0 (0.0)            ; 2 (2)               ; 0 (0)                     ; 0 (0)         ; 0                 ; 0     ; 0          ; 0    ; 0            ; |Calculator|Divider:div|pu4s:u2|pu:u1|FAdder:u1|FAdder_4bit:u0|FAdder_1bit:u3                         ; FAdder_1bit  ; work         ;
;                |FAdder_4bit:u1|       ; 4.0 (0.0)            ; 4.0 (0.0)                        ; 0.0 (0.0)                                         ; 0.0 (0.0)                        ; 0.0 (0.0)            ; 5 (0)               ; 0 (0)                     ; 0 (0)         ; 0                 ; 0     ; 0          ; 0    ; 0            ; |Calculator|Divider:div|pu4s:u2|pu:u1|FAdder:u1|FAdder_4bit:u1                                        ; FAdder_4bit  ; work         ;
;                   |FAdder_1bit:u0|    ; 2.5 (2.5)            ; 2.5 (2.5)                        ; 0.0 (0.0)                                         ; 0.0 (0.0)                        ; 0.0 (0.0)            ; 3 (3)               ; 0 (0)                     ; 0 (0)         ; 0                 ; 0     ; 0          ; 0    ; 0            ; |Calculator|Divider:div|pu4s:u2|pu:u1|FAdder:u1|FAdder_4bit:u1|FAdder_1bit:u0                         ; FAdder_1bit  ; work         ;
;                   |FAdder_1bit:u1|    ; 0.5 (0.5)            ; 0.5 (0.5)                        ; 0.0 (0.0)                                         ; 0.0 (0.0)                        ; 0.0 (0.0)            ; 1 (1)               ; 0 (0)                     ; 0 (0)         ; 0                 ; 0     ; 0          ; 0    ; 0            ; |Calculator|Divider:div|pu4s:u2|pu:u1|FAdder:u1|FAdder_4bit:u1|FAdder_1bit:u1                         ; FAdder_1bit  ; work         ;
;                   |FAdder_1bit:u2|    ; 1.0 (1.0)            ; 1.0 (1.0)                        ; 0.0 (0.0)                                         ; 0.0 (0.0)                        ; 0.0 (0.0)            ; 1 (1)               ; 0 (0)                     ; 0 (0)         ; 0                 ; 0     ; 0          ; 0    ; 0            ; |Calculator|Divider:div|pu4s:u2|pu:u1|FAdder:u1|FAdder_4bit:u1|FAdder_1bit:u2                         ; FAdder_1bit  ; work         ;
;                |FAdder_4bit:u2|       ; 5.0 (0.0)            ; 5.0 (0.0)                        ; 0.0 (0.0)                                         ; 0.0 (0.0)                        ; 0.0 (0.0)            ; 7 (0)               ; 0 (0)                     ; 0 (0)         ; 0                 ; 0     ; 0          ; 0    ; 0            ; |Calculator|Divider:div|pu4s:u2|pu:u1|FAdder:u1|FAdder_4bit:u2                                        ; FAdder_4bit  ; work         ;
;                   |FAdder_1bit:u0|    ; 1.5 (1.5)            ; 1.5 (1.5)                        ; 0.0 (0.0)                                         ; 0.0 (0.0)                        ; 0.0 (0.0)            ; 2 (2)               ; 0 (0)                     ; 0 (0)         ; 0                 ; 0     ; 0          ; 0    ; 0            ; |Calculator|Divider:div|pu4s:u2|pu:u1|FAdder:u1|FAdder_4bit:u2|FAdder_1bit:u0                         ; FAdder_1bit  ; work         ;
;                   |FAdder_1bit:u1|    ; 2.0 (2.0)            ; 2.0 (2.0)                        ; 0.0 (0.0)                                         ; 0.0 (0.0)                        ; 0.0 (0.0)            ; 3 (3)               ; 0 (0)                     ; 0 (0)         ; 0                 ; 0     ; 0          ; 0    ; 0            ; |Calculator|Divider:div|pu4s:u2|pu:u1|FAdder:u1|FAdder_4bit:u2|FAdder_1bit:u1                         ; FAdder_1bit  ; work         ;
;                   |FAdder_1bit:u2|    ; 0.5 (0.5)            ; 0.5 (0.5)                        ; 0.0 (0.0)                                         ; 0.0 (0.0)                        ; 0.0 (0.0)            ; 1 (1)               ; 0 (0)                     ; 0 (0)         ; 0                 ; 0     ; 0          ; 0    ; 0            ; |Calculator|Divider:div|pu4s:u2|pu:u1|FAdder:u1|FAdder_4bit:u2|FAdder_1bit:u2                         ; FAdder_1bit  ; work         ;
;                   |FAdder_1bit:u3|    ; 1.0 (1.0)            ; 1.0 (1.0)                        ; 0.0 (0.0)                                         ; 0.0 (0.0)                        ; 0.0 (0.0)            ; 1 (1)               ; 0 (0)                     ; 0 (0)         ; 0                 ; 0     ; 0          ; 0    ; 0            ; |Calculator|Divider:div|pu4s:u2|pu:u1|FAdder:u1|FAdder_4bit:u2|FAdder_1bit:u3                         ; FAdder_1bit  ; work         ;
;                |FAdder_4bit:u3|       ; 2.0 (0.0)            ; 2.0 (0.0)                        ; 0.0 (0.0)                                         ; 0.0 (0.0)                        ; 0.0 (0.0)            ; 5 (0)               ; 0 (0)                     ; 0 (0)         ; 0                 ; 0     ; 0          ; 0    ; 0            ; |Calculator|Divider:div|pu4s:u2|pu:u1|FAdder:u1|FAdder_4bit:u3                                        ; FAdder_4bit  ; work         ;
;                   |FAdder_1bit:u0|    ; 0.0 (0.0)            ; 0.0 (0.0)                        ; 0.0 (0.0)                                         ; 0.0 (0.0)                        ; 0.0 (0.0)            ; 1 (1)               ; 0 (0)                     ; 0 (0)         ; 0                 ; 0     ; 0          ; 0    ; 0            ; |Calculator|Divider:div|pu4s:u2|pu:u1|FAdder:u1|FAdder_4bit:u3|FAdder_1bit:u0                         ; FAdder_1bit  ; work         ;
;                   |FAdder_1bit:u3|    ; 2.0 (2.0)            ; 2.0 (2.0)                        ; 0.0 (0.0)                                         ; 0.0 (0.0)                        ; 0.0 (0.0)            ; 4 (4)               ; 0 (0)                     ; 0 (0)         ; 0                 ; 0     ; 0          ; 0    ; 0            ; |Calculator|Divider:div|pu4s:u2|pu:u1|FAdder:u1|FAdder_4bit:u3|FAdder_1bit:u3                         ; FAdder_1bit  ; work         ;
;          |pu:u2|                      ; 25.0 (8.5)           ; 25.0 (8.5)                       ; 0.0 (0.0)                                         ; 0.0 (0.0)                        ; 0.0 (0.0)            ; 36 (14)             ; 0 (0)                     ; 0 (0)         ; 0                 ; 0     ; 0          ; 0    ; 0            ; |Calculator|Divider:div|pu4s:u2|pu:u2                                                                 ; pu           ; work         ;
;             |FAdder:u1|               ; 16.5 (0.0)           ; 16.5 (0.0)                       ; 0.0 (0.0)                                         ; 0.0 (0.0)                        ; 0.0 (0.0)            ; 22 (0)              ; 0 (0)                     ; 0 (0)         ; 0                 ; 0     ; 0          ; 0    ; 0            ; |Calculator|Divider:div|pu4s:u2|pu:u2|FAdder:u1                                                       ; FAdder       ; work         ;
;                |FAdder_4bit:u0|       ; 2.5 (0.0)            ; 2.5 (0.0)                        ; 0.0 (0.0)                                         ; 0.0 (0.0)                        ; 0.0 (0.0)            ; 4 (0)               ; 0 (0)                     ; 0 (0)         ; 0                 ; 0     ; 0          ; 0    ; 0            ; |Calculator|Divider:div|pu4s:u2|pu:u2|FAdder:u1|FAdder_4bit:u0                                        ; FAdder_4bit  ; work         ;
;                   |FAdder_1bit:u1|    ; 1.5 (1.5)            ; 1.5 (1.5)                        ; 0.0 (0.0)                                         ; 0.0 (0.0)                        ; 0.0 (0.0)            ; 2 (2)               ; 0 (0)                     ; 0 (0)         ; 0                 ; 0     ; 0          ; 0    ; 0            ; |Calculator|Divider:div|pu4s:u2|pu:u2|FAdder:u1|FAdder_4bit:u0|FAdder_1bit:u1                         ; FAdder_1bit  ; work         ;
;                   |FAdder_1bit:u3|    ; 1.0 (1.0)            ; 1.0 (1.0)                        ; 0.0 (0.0)                                         ; 0.0 (0.0)                        ; 0.0 (0.0)            ; 2 (2)               ; 0 (0)                     ; 0 (0)         ; 0                 ; 0     ; 0          ; 0    ; 0            ; |Calculator|Divider:div|pu4s:u2|pu:u2|FAdder:u1|FAdder_4bit:u0|FAdder_1bit:u3                         ; FAdder_1bit  ; work         ;
;                |FAdder_4bit:u1|       ; 4.5 (0.0)            ; 4.5 (0.0)                        ; 0.0 (0.0)                                         ; 0.0 (0.0)                        ; 0.0 (0.0)            ; 5 (0)               ; 0 (0)                     ; 0 (0)         ; 0                 ; 0     ; 0          ; 0    ; 0            ; |Calculator|Divider:div|pu4s:u2|pu:u2|FAdder:u1|FAdder_4bit:u1                                        ; FAdder_4bit  ; work         ;
;                   |FAdder_1bit:u0|    ; 3.0 (3.0)            ; 3.0 (3.0)                        ; 0.0 (0.0)                                         ; 0.0 (0.0)                        ; 0.0 (0.0)            ; 3 (3)               ; 0 (0)                     ; 0 (0)         ; 0                 ; 0     ; 0          ; 0    ; 0            ; |Calculator|Divider:div|pu4s:u2|pu:u2|FAdder:u1|FAdder_4bit:u1|FAdder_1bit:u0                         ; FAdder_1bit  ; work         ;
;                   |FAdder_1bit:u1|    ; 0.5 (0.5)            ; 0.5 (0.5)                        ; 0.0 (0.0)                                         ; 0.0 (0.0)                        ; 0.0 (0.0)            ; 1 (1)               ; 0 (0)                     ; 0 (0)         ; 0                 ; 0     ; 0          ; 0    ; 0            ; |Calculator|Divider:div|pu4s:u2|pu:u2|FAdder:u1|FAdder_4bit:u1|FAdder_1bit:u1                         ; FAdder_1bit  ; work         ;
;                   |FAdder_1bit:u2|    ; 1.0 (1.0)            ; 1.0 (1.0)                        ; 0.0 (0.0)                                         ; 0.0 (0.0)                        ; 0.0 (0.0)            ; 1 (1)               ; 0 (0)                     ; 0 (0)         ; 0                 ; 0     ; 0          ; 0    ; 0            ; |Calculator|Divider:div|pu4s:u2|pu:u2|FAdder:u1|FAdder_4bit:u1|FAdder_1bit:u2                         ; FAdder_1bit  ; work         ;
;                |FAdder_4bit:u2|       ; 5.0 (0.0)            ; 5.0 (0.0)                        ; 0.0 (0.0)                                         ; 0.0 (0.0)                        ; 0.0 (0.0)            ; 7 (0)               ; 0 (0)                     ; 0 (0)         ; 0                 ; 0     ; 0          ; 0    ; 0            ; |Calculator|Divider:div|pu4s:u2|pu:u2|FAdder:u1|FAdder_4bit:u2                                        ; FAdder_4bit  ; work         ;
;                   |FAdder_1bit:u0|    ; 1.0 (1.0)            ; 1.0 (1.0)                        ; 0.0 (0.0)                                         ; 0.0 (0.0)                        ; 0.0 (0.0)            ; 2 (2)               ; 0 (0)                     ; 0 (0)         ; 0                 ; 0     ; 0          ; 0    ; 0            ; |Calculator|Divider:div|pu4s:u2|pu:u2|FAdder:u1|FAdder_4bit:u2|FAdder_1bit:u0                         ; FAdder_1bit  ; work         ;
;                   |FAdder_1bit:u1|    ; 2.5 (2.5)            ; 2.5 (2.5)                        ; 0.0 (0.0)                                         ; 0.0 (0.0)                        ; 0.0 (0.0)            ; 3 (3)               ; 0 (0)                     ; 0 (0)         ; 0                 ; 0     ; 0          ; 0    ; 0            ; |Calculator|Divider:div|pu4s:u2|pu:u2|FAdder:u1|FAdder_4bit:u2|FAdder_1bit:u1                         ; FAdder_1bit  ; work         ;
;                   |FAdder_1bit:u2|    ; 0.5 (0.5)            ; 0.5 (0.5)                        ; 0.0 (0.0)                                         ; 0.0 (0.0)                        ; 0.0 (0.0)            ; 1 (1)               ; 0 (0)                     ; 0 (0)         ; 0                 ; 0     ; 0          ; 0    ; 0            ; |Calculator|Divider:div|pu4s:u2|pu:u2|FAdder:u1|FAdder_4bit:u2|FAdder_1bit:u2                         ; FAdder_1bit  ; work         ;
;                   |FAdder_1bit:u3|    ; 1.0 (1.0)            ; 1.0 (1.0)                        ; 0.0 (0.0)                                         ; 0.0 (0.0)                        ; 0.0 (0.0)            ; 1 (1)               ; 0 (0)                     ; 0 (0)         ; 0                 ; 0     ; 0          ; 0    ; 0            ; |Calculator|Divider:div|pu4s:u2|pu:u2|FAdder:u1|FAdder_4bit:u2|FAdder_1bit:u3                         ; FAdder_1bit  ; work         ;
;                |FAdder_4bit:u3|       ; 4.5 (0.0)            ; 4.5 (0.0)                        ; 0.0 (0.0)                                         ; 0.0 (0.0)                        ; 0.0 (0.0)            ; 6 (0)               ; 0 (0)                     ; 0 (0)         ; 0                 ; 0     ; 0          ; 0    ; 0            ; |Calculator|Divider:div|pu4s:u2|pu:u2|FAdder:u1|FAdder_4bit:u3                                        ; FAdder_4bit  ; work         ;
;                   |FAdder_1bit:u0|    ; 0.5 (0.5)            ; 0.5 (0.5)                        ; 0.0 (0.0)                                         ; 0.0 (0.0)                        ; 0.0 (0.0)            ; 1 (1)               ; 0 (0)                     ; 0 (0)         ; 0                 ; 0     ; 0          ; 0    ; 0            ; |Calculator|Divider:div|pu4s:u2|pu:u2|FAdder:u1|FAdder_4bit:u3|FAdder_1bit:u0                         ; FAdder_1bit  ; work         ;
;                   |FAdder_1bit:u1|    ; 0.5 (0.5)            ; 0.5 (0.5)                        ; 0.0 (0.0)                                         ; 0.0 (0.0)                        ; 0.0 (0.0)            ; 1 (1)               ; 0 (0)                     ; 0 (0)         ; 0                 ; 0     ; 0          ; 0    ; 0            ; |Calculator|Divider:div|pu4s:u2|pu:u2|FAdder:u1|FAdder_4bit:u3|FAdder_1bit:u1                         ; FAdder_1bit  ; work         ;
;                   |FAdder_1bit:u3|    ; 3.5 (3.5)            ; 3.5 (3.5)                        ; 0.0 (0.0)                                         ; 0.0 (0.0)                        ; 0.0 (0.0)            ; 4 (4)               ; 0 (0)                     ; 0 (0)         ; 0                 ; 0     ; 0          ; 0    ; 0            ; |Calculator|Divider:div|pu4s:u2|pu:u2|FAdder:u1|FAdder_4bit:u3|FAdder_1bit:u3                         ; FAdder_1bit  ; work         ;
;          |pu:u3|                      ; 22.5 (8.5)           ; 22.5 (8.5)                       ; 0.0 (0.0)                                         ; 0.0 (0.0)                        ; 0.0 (0.0)            ; 36 (14)             ; 0 (0)                     ; 0 (0)         ; 0                 ; 0     ; 0          ; 0    ; 0            ; |Calculator|Divider:div|pu4s:u2|pu:u3                                                                 ; pu           ; work         ;
;             |FAdder:u1|               ; 14.0 (0.0)           ; 14.0 (0.0)                       ; 0.0 (0.0)                                         ; 0.0 (0.0)                        ; 0.0 (0.0)            ; 22 (0)              ; 0 (0)                     ; 0 (0)         ; 0                 ; 0     ; 0          ; 0    ; 0            ; |Calculator|Divider:div|pu4s:u2|pu:u3|FAdder:u1                                                       ; FAdder       ; work         ;
;                |FAdder_4bit:u0|       ; 2.5 (0.0)            ; 2.5 (0.0)                        ; 0.0 (0.0)                                         ; 0.0 (0.0)                        ; 0.0 (0.0)            ; 4 (0)               ; 0 (0)                     ; 0 (0)         ; 0                 ; 0     ; 0          ; 0    ; 0            ; |Calculator|Divider:div|pu4s:u2|pu:u3|FAdder:u1|FAdder_4bit:u0                                        ; FAdder_4bit  ; work         ;
;                   |FAdder_1bit:u1|    ; 1.5 (1.5)            ; 1.5 (1.5)                        ; 0.0 (0.0)                                         ; 0.0 (0.0)                        ; 0.0 (0.0)            ; 2 (2)               ; 0 (0)                     ; 0 (0)         ; 0                 ; 0     ; 0          ; 0    ; 0            ; |Calculator|Divider:div|pu4s:u2|pu:u3|FAdder:u1|FAdder_4bit:u0|FAdder_1bit:u1                         ; FAdder_1bit  ; work         ;
;                   |FAdder_1bit:u3|    ; 1.0 (1.0)            ; 1.0 (1.0)                        ; 0.0 (0.0)                                         ; 0.0 (0.0)                        ; 0.0 (0.0)            ; 2 (2)               ; 0 (0)                     ; 0 (0)         ; 0                 ; 0     ; 0          ; 0    ; 0            ; |Calculator|Divider:div|pu4s:u2|pu:u3|FAdder:u1|FAdder_4bit:u0|FAdder_1bit:u3                         ; FAdder_1bit  ; work         ;
;                |FAdder_4bit:u1|       ; 3.5 (0.0)            ; 3.5 (0.0)                        ; 0.0 (0.0)                                         ; 0.0 (0.0)                        ; 0.0 (0.0)            ; 5 (0)               ; 0 (0)                     ; 0 (0)         ; 0                 ; 0     ; 0          ; 0    ; 0            ; |Calculator|Divider:div|pu4s:u2|pu:u3|FAdder:u1|FAdder_4bit:u1                                        ; FAdder_4bit  ; work         ;
;                   |FAdder_1bit:u0|    ; 2.0 (2.0)            ; 2.0 (2.0)                        ; 0.0 (0.0)                                         ; 0.0 (0.0)                        ; 0.0 (0.0)            ; 3 (3)               ; 0 (0)                     ; 0 (0)         ; 0                 ; 0     ; 0          ; 0    ; 0            ; |Calculator|Divider:div|pu4s:u2|pu:u3|FAdder:u1|FAdder_4bit:u1|FAdder_1bit:u0                         ; FAdder_1bit  ; work         ;
;                   |FAdder_1bit:u1|    ; 0.5 (0.5)            ; 0.5 (0.5)                        ; 0.0 (0.0)                                         ; 0.0 (0.0)                        ; 0.0 (0.0)            ; 1 (1)               ; 0 (0)                     ; 0 (0)         ; 0                 ; 0     ; 0          ; 0    ; 0            ; |Calculator|Divider:div|pu4s:u2|pu:u3|FAdder:u1|FAdder_4bit:u1|FAdder_1bit:u1                         ; FAdder_1bit  ; work         ;
;                   |FAdder_1bit:u2|    ; 1.0 (1.0)            ; 1.0 (1.0)                        ; 0.0 (0.0)                                         ; 0.0 (0.0)                        ; 0.0 (0.0)            ; 1 (1)               ; 0 (0)                     ; 0 (0)         ; 0                 ; 0     ; 0          ; 0    ; 0            ; |Calculator|Divider:div|pu4s:u2|pu:u3|FAdder:u1|FAdder_4bit:u1|FAdder_1bit:u2                         ; FAdder_1bit  ; work         ;
;                |FAdder_4bit:u2|       ; 4.5 (0.0)            ; 4.5 (0.0)                        ; 0.0 (0.0)                                         ; 0.0 (0.0)                        ; 0.0 (0.0)            ; 7 (0)               ; 0 (0)                     ; 0 (0)         ; 0                 ; 0     ; 0          ; 0    ; 0            ; |Calculator|Divider:div|pu4s:u2|pu:u3|FAdder:u1|FAdder_4bit:u2                                        ; FAdder_4bit  ; work         ;
;                   |FAdder_1bit:u0|    ; 1.0 (1.0)            ; 1.0 (1.0)                        ; 0.0 (0.0)                                         ; 0.0 (0.0)                        ; 0.0 (0.0)            ; 2 (2)               ; 0 (0)                     ; 0 (0)         ; 0                 ; 0     ; 0          ; 0    ; 0            ; |Calculator|Divider:div|pu4s:u2|pu:u3|FAdder:u1|FAdder_4bit:u2|FAdder_1bit:u0                         ; FAdder_1bit  ; work         ;
;                   |FAdder_1bit:u1|    ; 2.0 (2.0)            ; 2.0 (2.0)                        ; 0.0 (0.0)                                         ; 0.0 (0.0)                        ; 0.0 (0.0)            ; 3 (3)               ; 0 (0)                     ; 0 (0)         ; 0                 ; 0     ; 0          ; 0    ; 0            ; |Calculator|Divider:div|pu4s:u2|pu:u3|FAdder:u1|FAdder_4bit:u2|FAdder_1bit:u1                         ; FAdder_1bit  ; work         ;
;                   |FAdder_1bit:u2|    ; 0.5 (0.5)            ; 0.5 (0.5)                        ; 0.0 (0.0)                                         ; 0.0 (0.0)                        ; 0.0 (0.0)            ; 1 (1)               ; 0 (0)                     ; 0 (0)         ; 0                 ; 0     ; 0          ; 0    ; 0            ; |Calculator|Divider:div|pu4s:u2|pu:u3|FAdder:u1|FAdder_4bit:u2|FAdder_1bit:u2                         ; FAdder_1bit  ; work         ;
;                   |FAdder_1bit:u3|    ; 1.0 (1.0)            ; 1.0 (1.0)                        ; 0.0 (0.0)                                         ; 0.0 (0.0)                        ; 0.0 (0.0)            ; 1 (1)               ; 0 (0)                     ; 0 (0)         ; 0                 ; 0     ; 0          ; 0    ; 0            ; |Calculator|Divider:div|pu4s:u2|pu:u3|FAdder:u1|FAdder_4bit:u2|FAdder_1bit:u3                         ; FAdder_1bit  ; work         ;
;                |FAdder_4bit:u3|       ; 3.5 (0.0)            ; 3.5 (0.0)                        ; 0.0 (0.0)                                         ; 0.0 (0.0)                        ; 0.0 (0.0)            ; 6 (0)               ; 0 (0)                     ; 0 (0)         ; 0                 ; 0     ; 0          ; 0    ; 0            ; |Calculator|Divider:div|pu4s:u2|pu:u3|FAdder:u1|FAdder_4bit:u3                                        ; FAdder_4bit  ; work         ;
;                   |FAdder_1bit:u0|    ; 0.5 (0.5)            ; 0.5 (0.5)                        ; 0.0 (0.0)                                         ; 0.0 (0.0)                        ; 0.0 (0.0)            ; 1 (1)               ; 0 (0)                     ; 0 (0)         ; 0                 ; 0     ; 0          ; 0    ; 0            ; |Calculator|Divider:div|pu4s:u2|pu:u3|FAdder:u1|FAdder_4bit:u3|FAdder_1bit:u0                         ; FAdder_1bit  ; work         ;
;                   |FAdder_1bit:u1|    ; 1.0 (1.0)            ; 1.0 (1.0)                        ; 0.0 (0.0)                                         ; 0.0 (0.0)                        ; 0.0 (0.0)            ; 1 (1)               ; 0 (0)                     ; 0 (0)         ; 0                 ; 0     ; 0          ; 0    ; 0            ; |Calculator|Divider:div|pu4s:u2|pu:u3|FAdder:u1|FAdder_4bit:u3|FAdder_1bit:u1                         ; FAdder_1bit  ; work         ;
;                   |FAdder_1bit:u3|    ; 2.0 (2.0)            ; 2.0 (2.0)                        ; 0.0 (0.0)                                         ; 0.0 (0.0)                        ; 0.0 (0.0)            ; 4 (4)               ; 0 (0)                     ; 0 (0)         ; 0                 ; 0     ; 0          ; 0    ; 0            ; |Calculator|Divider:div|pu4s:u2|pu:u3|FAdder:u1|FAdder_4bit:u3|FAdder_1bit:u3                         ; FAdder_1bit  ; work         ;
;          |pu:u4|                      ; 22.5 (8.5)           ; 22.5 (8.5)                       ; 0.0 (0.0)                                         ; 0.0 (0.0)                        ; 0.0 (0.0)            ; 36 (14)             ; 0 (0)                     ; 0 (0)         ; 0                 ; 0     ; 0          ; 0    ; 0            ; |Calculator|Divider:div|pu4s:u2|pu:u4                                                                 ; pu           ; work         ;
;             |FAdder:u1|               ; 14.0 (0.0)           ; 14.0 (0.0)                       ; 0.0 (0.0)                                         ; 0.0 (0.0)                        ; 0.0 (0.0)            ; 22 (0)              ; 0 (0)                     ; 0 (0)         ; 0                 ; 0     ; 0          ; 0    ; 0            ; |Calculator|Divider:div|pu4s:u2|pu:u4|FAdder:u1                                                       ; FAdder       ; work         ;
;                |FAdder_4bit:u0|       ; 3.0 (0.0)            ; 3.0 (0.0)                        ; 0.0 (0.0)                                         ; 0.0 (0.0)                        ; 0.0 (0.0)            ; 4 (0)               ; 0 (0)                     ; 0 (0)         ; 0                 ; 0     ; 0          ; 0    ; 0            ; |Calculator|Divider:div|pu4s:u2|pu:u4|FAdder:u1|FAdder_4bit:u0                                        ; FAdder_4bit  ; work         ;
;                   |FAdder_1bit:u1|    ; 1.5 (1.5)            ; 1.5 (1.5)                        ; 0.0 (0.0)                                         ; 0.0 (0.0)                        ; 0.0 (0.0)            ; 2 (2)               ; 0 (0)                     ; 0 (0)         ; 0                 ; 0     ; 0          ; 0    ; 0            ; |Calculator|Divider:div|pu4s:u2|pu:u4|FAdder:u1|FAdder_4bit:u0|FAdder_1bit:u1                         ; FAdder_1bit  ; work         ;
;                   |FAdder_1bit:u3|    ; 1.5 (1.5)            ; 1.5 (1.5)                        ; 0.0 (0.0)                                         ; 0.0 (0.0)                        ; 0.0 (0.0)            ; 2 (2)               ; 0 (0)                     ; 0 (0)         ; 0                 ; 0     ; 0          ; 0    ; 0            ; |Calculator|Divider:div|pu4s:u2|pu:u4|FAdder:u1|FAdder_4bit:u0|FAdder_1bit:u3                         ; FAdder_1bit  ; work         ;
;                |FAdder_4bit:u1|       ; 3.5 (0.0)            ; 3.5 (0.0)                        ; 0.0 (0.0)                                         ; 0.0 (0.0)                        ; 0.0 (0.0)            ; 5 (0)               ; 0 (0)                     ; 0 (0)         ; 0                 ; 0     ; 0          ; 0    ; 0            ; |Calculator|Divider:div|pu4s:u2|pu:u4|FAdder:u1|FAdder_4bit:u1                                        ; FAdder_4bit  ; work         ;
;                   |FAdder_1bit:u0|    ; 2.0 (2.0)            ; 2.0 (2.0)                        ; 0.0 (0.0)                                         ; 0.0 (0.0)                        ; 0.0 (0.0)            ; 3 (3)               ; 0 (0)                     ; 0 (0)         ; 0                 ; 0     ; 0          ; 0    ; 0            ; |Calculator|Divider:div|pu4s:u2|pu:u4|FAdder:u1|FAdder_4bit:u1|FAdder_1bit:u0                         ; FAdder_1bit  ; work         ;
;                   |FAdder_1bit:u1|    ; 0.5 (0.5)            ; 0.5 (0.5)                        ; 0.0 (0.0)                                         ; 0.0 (0.0)                        ; 0.0 (0.0)            ; 1 (1)               ; 0 (0)                     ; 0 (0)         ; 0                 ; 0     ; 0          ; 0    ; 0            ; |Calculator|Divider:div|pu4s:u2|pu:u4|FAdder:u1|FAdder_4bit:u1|FAdder_1bit:u1                         ; FAdder_1bit  ; work         ;
;                   |FAdder_1bit:u2|    ; 1.0 (1.0)            ; 1.0 (1.0)                        ; 0.0 (0.0)                                         ; 0.0 (0.0)                        ; 0.0 (0.0)            ; 1 (1)               ; 0 (0)                     ; 0 (0)         ; 0                 ; 0     ; 0          ; 0    ; 0            ; |Calculator|Divider:div|pu4s:u2|pu:u4|FAdder:u1|FAdder_4bit:u1|FAdder_1bit:u2                         ; FAdder_1bit  ; work         ;
;                |FAdder_4bit:u2|       ; 4.5 (0.0)            ; 4.5 (0.0)                        ; 0.0 (0.0)                                         ; 0.0 (0.0)                        ; 0.0 (0.0)            ; 7 (0)               ; 0 (0)                     ; 0 (0)         ; 0                 ; 0     ; 0          ; 0    ; 0            ; |Calculator|Divider:div|pu4s:u2|pu:u4|FAdder:u1|FAdder_4bit:u2                                        ; FAdder_4bit  ; work         ;
;                   |FAdder_1bit:u0|    ; 1.0 (1.0)            ; 1.0 (1.0)                        ; 0.0 (0.0)                                         ; 0.0 (0.0)                        ; 0.0 (0.0)            ; 2 (2)               ; 0 (0)                     ; 0 (0)         ; 0                 ; 0     ; 0          ; 0    ; 0            ; |Calculator|Divider:div|pu4s:u2|pu:u4|FAdder:u1|FAdder_4bit:u2|FAdder_1bit:u0                         ; FAdder_1bit  ; work         ;
;                   |FAdder_1bit:u1|    ; 2.0 (2.0)            ; 2.0 (2.0)                        ; 0.0 (0.0)                                         ; 0.0 (0.0)                        ; 0.0 (0.0)            ; 3 (3)               ; 0 (0)                     ; 0 (0)         ; 0                 ; 0     ; 0          ; 0    ; 0            ; |Calculator|Divider:div|pu4s:u2|pu:u4|FAdder:u1|FAdder_4bit:u2|FAdder_1bit:u1                         ; FAdder_1bit  ; work         ;
;                   |FAdder_1bit:u2|    ; 0.5 (0.5)            ; 0.5 (0.5)                        ; 0.0 (0.0)                                         ; 0.0 (0.0)                        ; 0.0 (0.0)            ; 1 (1)               ; 0 (0)                     ; 0 (0)         ; 0                 ; 0     ; 0          ; 0    ; 0            ; |Calculator|Divider:div|pu4s:u2|pu:u4|FAdder:u1|FAdder_4bit:u2|FAdder_1bit:u2                         ; FAdder_1bit  ; work         ;
;                   |FAdder_1bit:u3|    ; 1.0 (1.0)            ; 1.0 (1.0)                        ; 0.0 (0.0)                                         ; 0.0 (0.0)                        ; 0.0 (0.0)            ; 1 (1)               ; 0 (0)                     ; 0 (0)         ; 0                 ; 0     ; 0          ; 0    ; 0            ; |Calculator|Divider:div|pu4s:u2|pu:u4|FAdder:u1|FAdder_4bit:u2|FAdder_1bit:u3                         ; FAdder_1bit  ; work         ;
;                |FAdder_4bit:u3|       ; 3.0 (0.0)            ; 3.0 (0.0)                        ; 0.0 (0.0)                                         ; 0.0 (0.0)                        ; 0.0 (0.0)            ; 6 (0)               ; 0 (0)                     ; 0 (0)         ; 0                 ; 0     ; 0          ; 0    ; 0            ; |Calculator|Divider:div|pu4s:u2|pu:u4|FAdder:u1|FAdder_4bit:u3                                        ; FAdder_4bit  ; work         ;
;                   |FAdder_1bit:u0|    ; 0.0 (0.0)            ; 0.0 (0.0)                        ; 0.0 (0.0)                                         ; 0.0 (0.0)                        ; 0.0 (0.0)            ; 1 (1)               ; 0 (0)                     ; 0 (0)         ; 0                 ; 0     ; 0          ; 0    ; 0            ; |Calculator|Divider:div|pu4s:u2|pu:u4|FAdder:u1|FAdder_4bit:u3|FAdder_1bit:u0                         ; FAdder_1bit  ; work         ;
;                   |FAdder_1bit:u1|    ; 0.5 (0.5)            ; 0.5 (0.5)                        ; 0.0 (0.0)                                         ; 0.0 (0.0)                        ; 0.0 (0.0)            ; 1 (1)               ; 0 (0)                     ; 0 (0)         ; 0                 ; 0     ; 0          ; 0    ; 0            ; |Calculator|Divider:div|pu4s:u2|pu:u4|FAdder:u1|FAdder_4bit:u3|FAdder_1bit:u1                         ; FAdder_1bit  ; work         ;
;                   |FAdder_1bit:u3|    ; 2.5 (2.5)            ; 2.5 (2.5)                        ; 0.0 (0.0)                                         ; 0.0 (0.0)                        ; 0.0 (0.0)            ; 4 (4)               ; 0 (0)                     ; 0 (0)         ; 0                 ; 0     ; 0          ; 0    ; 0            ; |Calculator|Divider:div|pu4s:u2|pu:u4|FAdder:u1|FAdder_4bit:u3|FAdder_1bit:u3                         ; FAdder_1bit  ; work         ;
;       |pu4s:u3|                       ; 91.5 (0.0)           ; 91.5 (0.0)                       ; 0.0 (0.0)                                         ; 0.0 (0.0)                        ; 0.0 (0.0)            ; 145 (0)             ; 0 (0)                     ; 0 (0)         ; 0                 ; 0     ; 0          ; 0    ; 0            ; |Calculator|Divider:div|pu4s:u3                                                                       ; pu4s         ; work         ;
;          |pu:u1|                      ; 23.5 (9.5)           ; 23.5 (10.0)                      ; 0.0 (0.5)                                         ; 0.0 (0.0)                        ; 0.0 (0.0)            ; 37 (15)             ; 0 (0)                     ; 0 (0)         ; 0                 ; 0     ; 0          ; 0    ; 0            ; |Calculator|Divider:div|pu4s:u3|pu:u1                                                                 ; pu           ; work         ;
;             |FAdder:u1|               ; 13.5 (0.0)           ; 13.5 (0.0)                       ; 0.0 (0.0)                                         ; 0.0 (0.0)                        ; 0.0 (0.0)            ; 22 (0)              ; 0 (0)                     ; 0 (0)         ; 0                 ; 0     ; 0          ; 0    ; 0            ; |Calculator|Divider:div|pu4s:u3|pu:u1|FAdder:u1                                                       ; FAdder       ; work         ;
;                |FAdder_4bit:u0|       ; 2.0 (0.0)            ; 2.0 (0.0)                        ; 0.0 (0.0)                                         ; 0.0 (0.0)                        ; 0.0 (0.0)            ; 4 (0)               ; 0 (0)                     ; 0 (0)         ; 0                 ; 0     ; 0          ; 0    ; 0            ; |Calculator|Divider:div|pu4s:u3|pu:u1|FAdder:u1|FAdder_4bit:u0                                        ; FAdder_4bit  ; work         ;
;                   |FAdder_1bit:u1|    ; 1.0 (1.0)            ; 1.0 (1.0)                        ; 0.0 (0.0)                                         ; 0.0 (0.0)                        ; 0.0 (0.0)            ; 2 (2)               ; 0 (0)                     ; 0 (0)         ; 0                 ; 0     ; 0          ; 0    ; 0            ; |Calculator|Divider:div|pu4s:u3|pu:u1|FAdder:u1|FAdder_4bit:u0|FAdder_1bit:u1                         ; FAdder_1bit  ; work         ;
;                   |FAdder_1bit:u3|    ; 1.0 (1.0)            ; 1.0 (1.0)                        ; 0.0 (0.0)                                         ; 0.0 (0.0)                        ; 0.0 (0.0)            ; 2 (2)               ; 0 (0)                     ; 0 (0)         ; 0                 ; 0     ; 0          ; 0    ; 0            ; |Calculator|Divider:div|pu4s:u3|pu:u1|FAdder:u1|FAdder_4bit:u0|FAdder_1bit:u3                         ; FAdder_1bit  ; work         ;
;                |FAdder_4bit:u1|       ; 3.5 (0.0)            ; 3.5 (0.0)                        ; 0.0 (0.0)                                         ; 0.0 (0.0)                        ; 0.0 (0.0)            ; 5 (0)               ; 0 (0)                     ; 0 (0)         ; 0                 ; 0     ; 0          ; 0    ; 0            ; |Calculator|Divider:div|pu4s:u3|pu:u1|FAdder:u1|FAdder_4bit:u1                                        ; FAdder_4bit  ; work         ;
;                   |FAdder_1bit:u0|    ; 2.0 (2.0)            ; 2.0 (2.0)                        ; 0.0 (0.0)                                         ; 0.0 (0.0)                        ; 0.0 (0.0)            ; 3 (3)               ; 0 (0)                     ; 0 (0)         ; 0                 ; 0     ; 0          ; 0    ; 0            ; |Calculator|Divider:div|pu4s:u3|pu:u1|FAdder:u1|FAdder_4bit:u1|FAdder_1bit:u0                         ; FAdder_1bit  ; work         ;
;                   |FAdder_1bit:u1|    ; 0.5 (0.5)            ; 0.5 (0.5)                        ; 0.0 (0.0)                                         ; 0.0 (0.0)                        ; 0.0 (0.0)            ; 1 (1)               ; 0 (0)                     ; 0 (0)         ; 0                 ; 0     ; 0          ; 0    ; 0            ; |Calculator|Divider:div|pu4s:u3|pu:u1|FAdder:u1|FAdder_4bit:u1|FAdder_1bit:u1                         ; FAdder_1bit  ; work         ;
;                   |FAdder_1bit:u2|    ; 1.0 (1.0)            ; 1.0 (1.0)                        ; 0.0 (0.0)                                         ; 0.0 (0.0)                        ; 0.0 (0.0)            ; 1 (1)               ; 0 (0)                     ; 0 (0)         ; 0                 ; 0     ; 0          ; 0    ; 0            ; |Calculator|Divider:div|pu4s:u3|pu:u1|FAdder:u1|FAdder_4bit:u1|FAdder_1bit:u2                         ; FAdder_1bit  ; work         ;
;                |FAdder_4bit:u2|       ; 5.0 (0.0)            ; 5.0 (0.0)                        ; 0.0 (0.0)                                         ; 0.0 (0.0)                        ; 0.0 (0.0)            ; 7 (0)               ; 0 (0)                     ; 0 (0)         ; 0                 ; 0     ; 0          ; 0    ; 0            ; |Calculator|Divider:div|pu4s:u3|pu:u1|FAdder:u1|FAdder_4bit:u2                                        ; FAdder_4bit  ; work         ;
;                   |FAdder_1bit:u0|    ; 1.0 (1.0)            ; 1.0 (1.0)                        ; 0.0 (0.0)                                         ; 0.0 (0.0)                        ; 0.0 (0.0)            ; 2 (2)               ; 0 (0)                     ; 0 (0)         ; 0                 ; 0     ; 0          ; 0    ; 0            ; |Calculator|Divider:div|pu4s:u3|pu:u1|FAdder:u1|FAdder_4bit:u2|FAdder_1bit:u0                         ; FAdder_1bit  ; work         ;
;                   |FAdder_1bit:u1|    ; 2.5 (2.5)            ; 2.5 (2.5)                        ; 0.0 (0.0)                                         ; 0.0 (0.0)                        ; 0.0 (0.0)            ; 3 (3)               ; 0 (0)                     ; 0 (0)         ; 0                 ; 0     ; 0          ; 0    ; 0            ; |Calculator|Divider:div|pu4s:u3|pu:u1|FAdder:u1|FAdder_4bit:u2|FAdder_1bit:u1                         ; FAdder_1bit  ; work         ;
;                   |FAdder_1bit:u2|    ; 0.5 (0.5)            ; 0.5 (0.5)                        ; 0.0 (0.0)                                         ; 0.0 (0.0)                        ; 0.0 (0.0)            ; 1 (1)               ; 0 (0)                     ; 0 (0)         ; 0                 ; 0     ; 0          ; 0    ; 0            ; |Calculator|Divider:div|pu4s:u3|pu:u1|FAdder:u1|FAdder_4bit:u2|FAdder_1bit:u2                         ; FAdder_1bit  ; work         ;
;                   |FAdder_1bit:u3|    ; 1.0 (1.0)            ; 1.0 (1.0)                        ; 0.0 (0.0)                                         ; 0.0 (0.0)                        ; 0.0 (0.0)            ; 1 (1)               ; 0 (0)                     ; 0 (0)         ; 0                 ; 0     ; 0          ; 0    ; 0            ; |Calculator|Divider:div|pu4s:u3|pu:u1|FAdder:u1|FAdder_4bit:u2|FAdder_1bit:u3                         ; FAdder_1bit  ; work         ;
;                |FAdder_4bit:u3|       ; 3.0 (0.0)            ; 3.0 (0.0)                        ; 0.0 (0.0)                                         ; 0.0 (0.0)                        ; 0.0 (0.0)            ; 6 (0)               ; 0 (0)                     ; 0 (0)         ; 0                 ; 0     ; 0          ; 0    ; 0            ; |Calculator|Divider:div|pu4s:u3|pu:u1|FAdder:u1|FAdder_4bit:u3                                        ; FAdder_4bit  ; work         ;
;                   |FAdder_1bit:u0|    ; 0.5 (0.5)            ; 0.5 (0.5)                        ; 0.0 (0.0)                                         ; 0.0 (0.0)                        ; 0.0 (0.0)            ; 1 (1)               ; 0 (0)                     ; 0 (0)         ; 0                 ; 0     ; 0          ; 0    ; 0            ; |Calculator|Divider:div|pu4s:u3|pu:u1|FAdder:u1|FAdder_4bit:u3|FAdder_1bit:u0                         ; FAdder_1bit  ; work         ;
;                   |FAdder_1bit:u1|    ; 0.5 (0.5)            ; 0.5 (0.5)                        ; 0.0 (0.0)                                         ; 0.0 (0.0)                        ; 0.0 (0.0)            ; 1 (1)               ; 0 (0)                     ; 0 (0)         ; 0                 ; 0     ; 0          ; 0    ; 0            ; |Calculator|Divider:div|pu4s:u3|pu:u1|FAdder:u1|FAdder_4bit:u3|FAdder_1bit:u1                         ; FAdder_1bit  ; work         ;
;                   |FAdder_1bit:u3|    ; 2.0 (2.0)            ; 2.0 (2.0)                        ; 0.0 (0.0)                                         ; 0.0 (0.0)                        ; 0.0 (0.0)            ; 4 (4)               ; 0 (0)                     ; 0 (0)         ; 0                 ; 0     ; 0          ; 0    ; 0            ; |Calculator|Divider:div|pu4s:u3|pu:u1|FAdder:u1|FAdder_4bit:u3|FAdder_1bit:u3                         ; FAdder_1bit  ; work         ;
;          |pu:u2|                      ; 22.5 (9.0)           ; 22.5 (9.0)                       ; 0.0 (0.0)                                         ; 0.0 (0.0)                        ; 0.0 (0.0)            ; 36 (15)             ; 0 (0)                     ; 0 (0)         ; 0                 ; 0     ; 0          ; 0    ; 0            ; |Calculator|Divider:div|pu4s:u3|pu:u2                                                                 ; pu           ; work         ;
;             |FAdder:u1|               ; 13.5 (0.0)           ; 13.5 (0.0)                       ; 0.0 (0.0)                                         ; 0.0 (0.0)                        ; 0.0 (0.0)            ; 21 (0)              ; 0 (0)                     ; 0 (0)         ; 0                 ; 0     ; 0          ; 0    ; 0            ; |Calculator|Divider:div|pu4s:u3|pu:u2|FAdder:u1                                                       ; FAdder       ; work         ;
;                |FAdder_4bit:u0|       ; 2.0 (0.0)            ; 2.0 (0.0)                        ; 0.0 (0.0)                                         ; 0.0 (0.0)                        ; 0.0 (0.0)            ; 3 (0)               ; 0 (0)                     ; 0 (0)         ; 0                 ; 0     ; 0          ; 0    ; 0            ; |Calculator|Divider:div|pu4s:u3|pu:u2|FAdder:u1|FAdder_4bit:u0                                        ; FAdder_4bit  ; work         ;
;                   |FAdder_1bit:u1|    ; 1.0 (1.0)            ; 1.0 (1.0)                        ; 0.0 (0.0)                                         ; 0.0 (0.0)                        ; 0.0 (0.0)            ; 1 (1)               ; 0 (0)                     ; 0 (0)         ; 0                 ; 0     ; 0          ; 0    ; 0            ; |Calculator|Divider:div|pu4s:u3|pu:u2|FAdder:u1|FAdder_4bit:u0|FAdder_1bit:u1                         ; FAdder_1bit  ; work         ;
;                   |FAdder_1bit:u3|    ; 1.0 (1.0)            ; 1.0 (1.0)                        ; 0.0 (0.0)                                         ; 0.0 (0.0)                        ; 0.0 (0.0)            ; 2 (2)               ; 0 (0)                     ; 0 (0)         ; 0                 ; 0     ; 0          ; 0    ; 0            ; |Calculator|Divider:div|pu4s:u3|pu:u2|FAdder:u1|FAdder_4bit:u0|FAdder_1bit:u3                         ; FAdder_1bit  ; work         ;
;                |FAdder_4bit:u1|       ; 4.0 (0.0)            ; 4.0 (0.0)                        ; 0.0 (0.0)                                         ; 0.0 (0.0)                        ; 0.0 (0.0)            ; 5 (0)               ; 0 (0)                     ; 0 (0)         ; 0                 ; 0     ; 0          ; 0    ; 0            ; |Calculator|Divider:div|pu4s:u3|pu:u2|FAdder:u1|FAdder_4bit:u1                                        ; FAdder_4bit  ; work         ;
;                   |FAdder_1bit:u0|    ; 2.5 (2.5)            ; 2.5 (2.5)                        ; 0.0 (0.0)                                         ; 0.0 (0.0)                        ; 0.0 (0.0)            ; 3 (3)               ; 0 (0)                     ; 0 (0)         ; 0                 ; 0     ; 0          ; 0    ; 0            ; |Calculator|Divider:div|pu4s:u3|pu:u2|FAdder:u1|FAdder_4bit:u1|FAdder_1bit:u0                         ; FAdder_1bit  ; work         ;
;                   |FAdder_1bit:u1|    ; 0.5 (0.5)            ; 0.5 (0.5)                        ; 0.0 (0.0)                                         ; 0.0 (0.0)                        ; 0.0 (0.0)            ; 1 (1)               ; 0 (0)                     ; 0 (0)         ; 0                 ; 0     ; 0          ; 0    ; 0            ; |Calculator|Divider:div|pu4s:u3|pu:u2|FAdder:u1|FAdder_4bit:u1|FAdder_1bit:u1                         ; FAdder_1bit  ; work         ;
;                   |FAdder_1bit:u2|    ; 1.0 (1.0)            ; 1.0 (1.0)                        ; 0.0 (0.0)                                         ; 0.0 (0.0)                        ; 0.0 (0.0)            ; 1 (1)               ; 0 (0)                     ; 0 (0)         ; 0                 ; 0     ; 0          ; 0    ; 0            ; |Calculator|Divider:div|pu4s:u3|pu:u2|FAdder:u1|FAdder_4bit:u1|FAdder_1bit:u2                         ; FAdder_1bit  ; work         ;
;                |FAdder_4bit:u2|       ; 5.0 (0.0)            ; 5.0 (0.0)                        ; 0.0 (0.0)                                         ; 0.0 (0.0)                        ; 0.0 (0.0)            ; 7 (0)               ; 0 (0)                     ; 0 (0)         ; 0                 ; 0     ; 0          ; 0    ; 0            ; |Calculator|Divider:div|pu4s:u3|pu:u2|FAdder:u1|FAdder_4bit:u2                                        ; FAdder_4bit  ; work         ;
;                   |FAdder_1bit:u0|    ; 1.0 (1.0)            ; 1.0 (1.0)                        ; 0.0 (0.0)                                         ; 0.0 (0.0)                        ; 0.0 (0.0)            ; 2 (2)               ; 0 (0)                     ; 0 (0)         ; 0                 ; 0     ; 0          ; 0    ; 0            ; |Calculator|Divider:div|pu4s:u3|pu:u2|FAdder:u1|FAdder_4bit:u2|FAdder_1bit:u0                         ; FAdder_1bit  ; work         ;
;                   |FAdder_1bit:u1|    ; 2.5 (2.5)            ; 2.5 (2.5)                        ; 0.0 (0.0)                                         ; 0.0 (0.0)                        ; 0.0 (0.0)            ; 3 (3)               ; 0 (0)                     ; 0 (0)         ; 0                 ; 0     ; 0          ; 0    ; 0            ; |Calculator|Divider:div|pu4s:u3|pu:u2|FAdder:u1|FAdder_4bit:u2|FAdder_1bit:u1                         ; FAdder_1bit  ; work         ;
;                   |FAdder_1bit:u2|    ; 0.5 (0.5)            ; 0.5 (0.5)                        ; 0.0 (0.0)                                         ; 0.0 (0.0)                        ; 0.0 (0.0)            ; 1 (1)               ; 0 (0)                     ; 0 (0)         ; 0                 ; 0     ; 0          ; 0    ; 0            ; |Calculator|Divider:div|pu4s:u3|pu:u2|FAdder:u1|FAdder_4bit:u2|FAdder_1bit:u2                         ; FAdder_1bit  ; work         ;
;                   |FAdder_1bit:u3|    ; 1.0 (1.0)            ; 1.0 (1.0)                        ; 0.0 (0.0)                                         ; 0.0 (0.0)                        ; 0.0 (0.0)            ; 1 (1)               ; 0 (0)                     ; 0 (0)         ; 0                 ; 0     ; 0          ; 0    ; 0            ; |Calculator|Divider:div|pu4s:u3|pu:u2|FAdder:u1|FAdder_4bit:u2|FAdder_1bit:u3                         ; FAdder_1bit  ; work         ;
;                |FAdder_4bit:u3|       ; 2.5 (0.0)            ; 2.5 (0.0)                        ; 0.0 (0.0)                                         ; 0.0 (0.0)                        ; 0.0 (0.0)            ; 6 (0)               ; 0 (0)                     ; 0 (0)         ; 0                 ; 0     ; 0          ; 0    ; 0            ; |Calculator|Divider:div|pu4s:u3|pu:u2|FAdder:u1|FAdder_4bit:u3                                        ; FAdder_4bit  ; work         ;
;                   |FAdder_1bit:u0|    ; 0.0 (0.0)            ; 0.0 (0.0)                        ; 0.0 (0.0)                                         ; 0.0 (0.0)                        ; 0.0 (0.0)            ; 1 (1)               ; 0 (0)                     ; 0 (0)         ; 0                 ; 0     ; 0          ; 0    ; 0            ; |Calculator|Divider:div|pu4s:u3|pu:u2|FAdder:u1|FAdder_4bit:u3|FAdder_1bit:u0                         ; FAdder_1bit  ; work         ;
;                   |FAdder_1bit:u1|    ; 1.0 (1.0)            ; 1.0 (1.0)                        ; 0.0 (0.0)                                         ; 0.0 (0.0)                        ; 0.0 (0.0)            ; 1 (1)               ; 0 (0)                     ; 0 (0)         ; 0                 ; 0     ; 0          ; 0    ; 0            ; |Calculator|Divider:div|pu4s:u3|pu:u2|FAdder:u1|FAdder_4bit:u3|FAdder_1bit:u1                         ; FAdder_1bit  ; work         ;
;                   |FAdder_1bit:u3|    ; 1.5 (1.5)            ; 1.5 (1.5)                        ; 0.0 (0.0)                                         ; 0.0 (0.0)                        ; 0.0 (0.0)            ; 4 (4)               ; 0 (0)                     ; 0 (0)         ; 0                 ; 0     ; 0          ; 0    ; 0            ; |Calculator|Divider:div|pu4s:u3|pu:u2|FAdder:u1|FAdder_4bit:u3|FAdder_1bit:u3                         ; FAdder_1bit  ; work         ;
;          |pu:u3|                      ; 22.5 (9.5)           ; 22.5 (9.5)                       ; 0.0 (0.0)                                         ; 0.0 (0.0)                        ; 0.0 (0.0)            ; 36 (15)             ; 0 (0)                     ; 0 (0)         ; 0                 ; 0     ; 0          ; 0    ; 0            ; |Calculator|Divider:div|pu4s:u3|pu:u3                                                                 ; pu           ; work         ;
;             |FAdder:u1|               ; 13.0 (0.0)           ; 13.0 (0.0)                       ; 0.0 (0.0)                                         ; 0.0 (0.0)                        ; 0.0 (0.0)            ; 21 (0)              ; 0 (0)                     ; 0 (0)         ; 0                 ; 0     ; 0          ; 0    ; 0            ; |Calculator|Divider:div|pu4s:u3|pu:u3|FAdder:u1                                                       ; FAdder       ; work         ;
;                |FAdder_4bit:u0|       ; 2.0 (0.0)            ; 2.0 (0.0)                        ; 0.0 (0.0)                                         ; 0.0 (0.0)                        ; 0.0 (0.0)            ; 3 (0)               ; 0 (0)                     ; 0 (0)         ; 0                 ; 0     ; 0          ; 0    ; 0            ; |Calculator|Divider:div|pu4s:u3|pu:u3|FAdder:u1|FAdder_4bit:u0                                        ; FAdder_4bit  ; work         ;
;                   |FAdder_1bit:u1|    ; 1.0 (1.0)            ; 1.0 (1.0)                        ; 0.0 (0.0)                                         ; 0.0 (0.0)                        ; 0.0 (0.0)            ; 1 (1)               ; 0 (0)                     ; 0 (0)         ; 0                 ; 0     ; 0          ; 0    ; 0            ; |Calculator|Divider:div|pu4s:u3|pu:u3|FAdder:u1|FAdder_4bit:u0|FAdder_1bit:u1                         ; FAdder_1bit  ; work         ;
;                   |FAdder_1bit:u3|    ; 1.0 (1.0)            ; 1.0 (1.0)                        ; 0.0 (0.0)                                         ; 0.0 (0.0)                        ; 0.0 (0.0)            ; 2 (2)               ; 0 (0)                     ; 0 (0)         ; 0                 ; 0     ; 0          ; 0    ; 0            ; |Calculator|Divider:div|pu4s:u3|pu:u3|FAdder:u1|FAdder_4bit:u0|FAdder_1bit:u3                         ; FAdder_1bit  ; work         ;
;                |FAdder_4bit:u1|       ; 4.0 (0.0)            ; 4.0 (0.0)                        ; 0.0 (0.0)                                         ; 0.0 (0.0)                        ; 0.0 (0.0)            ; 5 (0)               ; 0 (0)                     ; 0 (0)         ; 0                 ; 0     ; 0          ; 0    ; 0            ; |Calculator|Divider:div|pu4s:u3|pu:u3|FAdder:u1|FAdder_4bit:u1                                        ; FAdder_4bit  ; work         ;
;                   |FAdder_1bit:u0|    ; 2.5 (2.5)            ; 2.5 (2.5)                        ; 0.0 (0.0)                                         ; 0.0 (0.0)                        ; 0.0 (0.0)            ; 3 (3)               ; 0 (0)                     ; 0 (0)         ; 0                 ; 0     ; 0          ; 0    ; 0            ; |Calculator|Divider:div|pu4s:u3|pu:u3|FAdder:u1|FAdder_4bit:u1|FAdder_1bit:u0                         ; FAdder_1bit  ; work         ;
;                   |FAdder_1bit:u1|    ; 0.5 (0.5)            ; 0.5 (0.5)                        ; 0.0 (0.0)                                         ; 0.0 (0.0)                        ; 0.0 (0.0)            ; 1 (1)               ; 0 (0)                     ; 0 (0)         ; 0                 ; 0     ; 0          ; 0    ; 0            ; |Calculator|Divider:div|pu4s:u3|pu:u3|FAdder:u1|FAdder_4bit:u1|FAdder_1bit:u1                         ; FAdder_1bit  ; work         ;
;                   |FAdder_1bit:u2|    ; 1.0 (1.0)            ; 1.0 (1.0)                        ; 0.0 (0.0)                                         ; 0.0 (0.0)                        ; 0.0 (0.0)            ; 1 (1)               ; 0 (0)                     ; 0 (0)         ; 0                 ; 0     ; 0          ; 0    ; 0            ; |Calculator|Divider:div|pu4s:u3|pu:u3|FAdder:u1|FAdder_4bit:u1|FAdder_1bit:u2                         ; FAdder_1bit  ; work         ;
;                |FAdder_4bit:u2|       ; 4.5 (0.0)            ; 4.5 (0.0)                        ; 0.0 (0.0)                                         ; 0.0 (0.0)                        ; 0.0 (0.0)            ; 7 (0)               ; 0 (0)                     ; 0 (0)         ; 0                 ; 0     ; 0          ; 0    ; 0            ; |Calculator|Divider:div|pu4s:u3|pu:u3|FAdder:u1|FAdder_4bit:u2                                        ; FAdder_4bit  ; work         ;
;                   |FAdder_1bit:u0|    ; 1.0 (1.0)            ; 1.0 (1.0)                        ; 0.0 (0.0)                                         ; 0.0 (0.0)                        ; 0.0 (0.0)            ; 2 (2)               ; 0 (0)                     ; 0 (0)         ; 0                 ; 0     ; 0          ; 0    ; 0            ; |Calculator|Divider:div|pu4s:u3|pu:u3|FAdder:u1|FAdder_4bit:u2|FAdder_1bit:u0                         ; FAdder_1bit  ; work         ;
;                   |FAdder_1bit:u1|    ; 2.0 (2.0)            ; 2.0 (2.0)                        ; 0.0 (0.0)                                         ; 0.0 (0.0)                        ; 0.0 (0.0)            ; 3 (3)               ; 0 (0)                     ; 0 (0)         ; 0                 ; 0     ; 0          ; 0    ; 0            ; |Calculator|Divider:div|pu4s:u3|pu:u3|FAdder:u1|FAdder_4bit:u2|FAdder_1bit:u1                         ; FAdder_1bit  ; work         ;
;                   |FAdder_1bit:u2|    ; 0.5 (0.5)            ; 0.5 (0.5)                        ; 0.0 (0.0)                                         ; 0.0 (0.0)                        ; 0.0 (0.0)            ; 1 (1)               ; 0 (0)                     ; 0 (0)         ; 0                 ; 0     ; 0          ; 0    ; 0            ; |Calculator|Divider:div|pu4s:u3|pu:u3|FAdder:u1|FAdder_4bit:u2|FAdder_1bit:u2                         ; FAdder_1bit  ; work         ;
;                   |FAdder_1bit:u3|    ; 1.0 (1.0)            ; 1.0 (1.0)                        ; 0.0 (0.0)                                         ; 0.0 (0.0)                        ; 0.0 (0.0)            ; 1 (1)               ; 0 (0)                     ; 0 (0)         ; 0                 ; 0     ; 0          ; 0    ; 0            ; |Calculator|Divider:div|pu4s:u3|pu:u3|FAdder:u1|FAdder_4bit:u2|FAdder_1bit:u3                         ; FAdder_1bit  ; work         ;
;                |FAdder_4bit:u3|       ; 2.5 (0.0)            ; 2.5 (0.0)                        ; 0.0 (0.0)                                         ; 0.0 (0.0)                        ; 0.0 (0.0)            ; 6 (0)               ; 0 (0)                     ; 0 (0)         ; 0                 ; 0     ; 0          ; 0    ; 0            ; |Calculator|Divider:div|pu4s:u3|pu:u3|FAdder:u1|FAdder_4bit:u3                                        ; FAdder_4bit  ; work         ;
;                   |FAdder_1bit:u0|    ; 0.0 (0.0)            ; 0.0 (0.0)                        ; 0.0 (0.0)                                         ; 0.0 (0.0)                        ; 0.0 (0.0)            ; 1 (1)               ; 0 (0)                     ; 0 (0)         ; 0                 ; 0     ; 0          ; 0    ; 0            ; |Calculator|Divider:div|pu4s:u3|pu:u3|FAdder:u1|FAdder_4bit:u3|FAdder_1bit:u0                         ; FAdder_1bit  ; work         ;
;                   |FAdder_1bit:u1|    ; 0.5 (0.5)            ; 0.5 (0.5)                        ; 0.0 (0.0)                                         ; 0.0 (0.0)                        ; 0.0 (0.0)            ; 1 (1)               ; 0 (0)                     ; 0 (0)         ; 0                 ; 0     ; 0          ; 0    ; 0            ; |Calculator|Divider:div|pu4s:u3|pu:u3|FAdder:u1|FAdder_4bit:u3|FAdder_1bit:u1                         ; FAdder_1bit  ; work         ;
;                   |FAdder_1bit:u3|    ; 2.0 (2.0)            ; 2.0 (2.0)                        ; 0.0 (0.0)                                         ; 0.0 (0.0)                        ; 0.0 (0.0)            ; 4 (4)               ; 0 (0)                     ; 0 (0)         ; 0                 ; 0     ; 0          ; 0    ; 0            ; |Calculator|Divider:div|pu4s:u3|pu:u3|FAdder:u1|FAdder_4bit:u3|FAdder_1bit:u3                         ; FAdder_1bit  ; work         ;
;          |pu:u4|                      ; 23.0 (9.0)           ; 23.0 (9.0)                       ; 0.0 (0.0)                                         ; 0.0 (0.0)                        ; 0.0 (0.0)            ; 36 (15)             ; 0 (0)                     ; 0 (0)         ; 0                 ; 0     ; 0          ; 0    ; 0            ; |Calculator|Divider:div|pu4s:u3|pu:u4                                                                 ; pu           ; work         ;
;             |FAdder:u1|               ; 14.0 (0.0)           ; 14.0 (0.0)                       ; 0.0 (0.0)                                         ; 0.0 (0.0)                        ; 0.0 (0.0)            ; 21 (0)              ; 0 (0)                     ; 0 (0)         ; 0                 ; 0     ; 0          ; 0    ; 0            ; |Calculator|Divider:div|pu4s:u3|pu:u4|FAdder:u1                                                       ; FAdder       ; work         ;
;                |FAdder_4bit:u0|       ; 2.0 (0.0)            ; 2.0 (0.0)                        ; 0.0 (0.0)                                         ; 0.0 (0.0)                        ; 0.0 (0.0)            ; 3 (0)               ; 0 (0)                     ; 0 (0)         ; 0                 ; 0     ; 0          ; 0    ; 0            ; |Calculator|Divider:div|pu4s:u3|pu:u4|FAdder:u1|FAdder_4bit:u0                                        ; FAdder_4bit  ; work         ;
;                   |FAdder_1bit:u1|    ; 1.0 (1.0)            ; 1.0 (1.0)                        ; 0.0 (0.0)                                         ; 0.0 (0.0)                        ; 0.0 (0.0)            ; 1 (1)               ; 0 (0)                     ; 0 (0)         ; 0                 ; 0     ; 0          ; 0    ; 0            ; |Calculator|Divider:div|pu4s:u3|pu:u4|FAdder:u1|FAdder_4bit:u0|FAdder_1bit:u1                         ; FAdder_1bit  ; work         ;
;                   |FAdder_1bit:u3|    ; 1.0 (1.0)            ; 1.0 (1.0)                        ; 0.0 (0.0)                                         ; 0.0 (0.0)                        ; 0.0 (0.0)            ; 2 (2)               ; 0 (0)                     ; 0 (0)         ; 0                 ; 0     ; 0          ; 0    ; 0            ; |Calculator|Divider:div|pu4s:u3|pu:u4|FAdder:u1|FAdder_4bit:u0|FAdder_1bit:u3                         ; FAdder_1bit  ; work         ;
;                |FAdder_4bit:u1|       ; 4.0 (0.0)            ; 4.0 (0.0)                        ; 0.0 (0.0)                                         ; 0.0 (0.0)                        ; 0.0 (0.0)            ; 5 (0)               ; 0 (0)                     ; 0 (0)         ; 0                 ; 0     ; 0          ; 0    ; 0            ; |Calculator|Divider:div|pu4s:u3|pu:u4|FAdder:u1|FAdder_4bit:u1                                        ; FAdder_4bit  ; work         ;
;                   |FAdder_1bit:u0|    ; 2.5 (2.5)            ; 2.5 (2.5)                        ; 0.0 (0.0)                                         ; 0.0 (0.0)                        ; 0.0 (0.0)            ; 3 (3)               ; 0 (0)                     ; 0 (0)         ; 0                 ; 0     ; 0          ; 0    ; 0            ; |Calculator|Divider:div|pu4s:u3|pu:u4|FAdder:u1|FAdder_4bit:u1|FAdder_1bit:u0                         ; FAdder_1bit  ; work         ;
;                   |FAdder_1bit:u1|    ; 0.5 (0.5)            ; 0.5 (0.5)                        ; 0.0 (0.0)                                         ; 0.0 (0.0)                        ; 0.0 (0.0)            ; 1 (1)               ; 0 (0)                     ; 0 (0)         ; 0                 ; 0     ; 0          ; 0    ; 0            ; |Calculator|Divider:div|pu4s:u3|pu:u4|FAdder:u1|FAdder_4bit:u1|FAdder_1bit:u1                         ; FAdder_1bit  ; work         ;
;                   |FAdder_1bit:u2|    ; 1.0 (1.0)            ; 1.0 (1.0)                        ; 0.0 (0.0)                                         ; 0.0 (0.0)                        ; 0.0 (0.0)            ; 1 (1)               ; 0 (0)                     ; 0 (0)         ; 0                 ; 0     ; 0          ; 0    ; 0            ; |Calculator|Divider:div|pu4s:u3|pu:u4|FAdder:u1|FAdder_4bit:u1|FAdder_1bit:u2                         ; FAdder_1bit  ; work         ;
;                |FAdder_4bit:u2|       ; 4.5 (0.0)            ; 4.5 (0.0)                        ; 0.0 (0.0)                                         ; 0.0 (0.0)                        ; 0.0 (0.0)            ; 7 (0)               ; 0 (0)                     ; 0 (0)         ; 0                 ; 0     ; 0          ; 0    ; 0            ; |Calculator|Divider:div|pu4s:u3|pu:u4|FAdder:u1|FAdder_4bit:u2                                        ; FAdder_4bit  ; work         ;
;                   |FAdder_1bit:u0|    ; 1.0 (1.0)            ; 1.0 (1.0)                        ; 0.0 (0.0)                                         ; 0.0 (0.0)                        ; 0.0 (0.0)            ; 2 (2)               ; 0 (0)                     ; 0 (0)         ; 0                 ; 0     ; 0          ; 0    ; 0            ; |Calculator|Divider:div|pu4s:u3|pu:u4|FAdder:u1|FAdder_4bit:u2|FAdder_1bit:u0                         ; FAdder_1bit  ; work         ;
;                   |FAdder_1bit:u1|    ; 2.0 (2.0)            ; 2.0 (2.0)                        ; 0.0 (0.0)                                         ; 0.0 (0.0)                        ; 0.0 (0.0)            ; 3 (3)               ; 0 (0)                     ; 0 (0)         ; 0                 ; 0     ; 0          ; 0    ; 0            ; |Calculator|Divider:div|pu4s:u3|pu:u4|FAdder:u1|FAdder_4bit:u2|FAdder_1bit:u1                         ; FAdder_1bit  ; work         ;
;                   |FAdder_1bit:u2|    ; 0.5 (0.5)            ; 0.5 (0.5)                        ; 0.0 (0.0)                                         ; 0.0 (0.0)                        ; 0.0 (0.0)            ; 1 (1)               ; 0 (0)                     ; 0 (0)         ; 0                 ; 0     ; 0          ; 0    ; 0            ; |Calculator|Divider:div|pu4s:u3|pu:u4|FAdder:u1|FAdder_4bit:u2|FAdder_1bit:u2                         ; FAdder_1bit  ; work         ;
;                   |FAdder_1bit:u3|    ; 1.0 (1.0)            ; 1.0 (1.0)                        ; 0.0 (0.0)                                         ; 0.0 (0.0)                        ; 0.0 (0.0)            ; 1 (1)               ; 0 (0)                     ; 0 (0)         ; 0                 ; 0     ; 0          ; 0    ; 0            ; |Calculator|Divider:div|pu4s:u3|pu:u4|FAdder:u1|FAdder_4bit:u2|FAdder_1bit:u3                         ; FAdder_1bit  ; work         ;
;                |FAdder_4bit:u3|       ; 3.5 (0.0)            ; 3.5 (0.0)                        ; 0.0 (0.0)                                         ; 0.0 (0.0)                        ; 0.0 (0.0)            ; 6 (0)               ; 0 (0)                     ; 0 (0)         ; 0                 ; 0     ; 0          ; 0    ; 0            ; |Calculator|Divider:div|pu4s:u3|pu:u4|FAdder:u1|FAdder_4bit:u3                                        ; FAdder_4bit  ; work         ;
;                   |FAdder_1bit:u0|    ; 0.5 (0.5)            ; 0.5 (0.5)                        ; 0.0 (0.0)                                         ; 0.0 (0.0)                        ; 0.0 (0.0)            ; 1 (1)               ; 0 (0)                     ; 0 (0)         ; 0                 ; 0     ; 0          ; 0    ; 0            ; |Calculator|Divider:div|pu4s:u3|pu:u4|FAdder:u1|FAdder_4bit:u3|FAdder_1bit:u0                         ; FAdder_1bit  ; work         ;
;                   |FAdder_1bit:u1|    ; 0.5 (0.5)            ; 0.5 (0.5)                        ; 0.0 (0.0)                                         ; 0.0 (0.0)                        ; 0.0 (0.0)            ; 1 (1)               ; 0 (0)                     ; 0 (0)         ; 0                 ; 0     ; 0          ; 0    ; 0            ; |Calculator|Divider:div|pu4s:u3|pu:u4|FAdder:u1|FAdder_4bit:u3|FAdder_1bit:u1                         ; FAdder_1bit  ; work         ;
;                   |FAdder_1bit:u3|    ; 2.5 (2.5)            ; 2.5 (2.5)                        ; 0.0 (0.0)                                         ; 0.0 (0.0)                        ; 0.0 (0.0)            ; 4 (4)               ; 0 (0)                     ; 0 (0)         ; 0                 ; 0     ; 0          ; 0    ; 0            ; |Calculator|Divider:div|pu4s:u3|pu:u4|FAdder:u1|FAdder_4bit:u3|FAdder_1bit:u3                         ; FAdder_1bit  ; work         ;
;       |pu4s:u4|                       ; 97.0 (0.0)           ; 97.0 (0.0)                       ; 0.0 (0.0)                                         ; 0.0 (0.0)                        ; 0.0 (0.0)            ; 151 (0)             ; 0 (0)                     ; 0 (0)         ; 0                 ; 0     ; 0          ; 0    ; 0            ; |Calculator|Divider:div|pu4s:u4                                                                       ; pu4s         ; work         ;
;          |pu:u1|                      ; 21.5 (8.0)           ; 21.5 (8.0)                       ; 0.0 (0.0)                                         ; 0.0 (0.0)                        ; 0.0 (0.0)            ; 36 (15)             ; 0 (0)                     ; 0 (0)         ; 0                 ; 0     ; 0          ; 0    ; 0            ; |Calculator|Divider:div|pu4s:u4|pu:u1                                                                 ; pu           ; work         ;
;             |FAdder:u1|               ; 13.5 (0.0)           ; 13.5 (0.0)                       ; 0.0 (0.0)                                         ; 0.0 (0.0)                        ; 0.0 (0.0)            ; 21 (0)              ; 0 (0)                     ; 0 (0)         ; 0                 ; 0     ; 0          ; 0    ; 0            ; |Calculator|Divider:div|pu4s:u4|pu:u1|FAdder:u1                                                       ; FAdder       ; work         ;
;                |FAdder_4bit:u0|       ; 2.5 (0.0)            ; 2.5 (0.0)                        ; 0.0 (0.0)                                         ; 0.0 (0.0)                        ; 0.0 (0.0)            ; 3 (0)               ; 0 (0)                     ; 0 (0)         ; 0                 ; 0     ; 0          ; 0    ; 0            ; |Calculator|Divider:div|pu4s:u4|pu:u1|FAdder:u1|FAdder_4bit:u0                                        ; FAdder_4bit  ; work         ;
;                   |FAdder_1bit:u1|    ; 1.0 (1.0)            ; 1.0 (1.0)                        ; 0.0 (0.0)                                         ; 0.0 (0.0)                        ; 0.0 (0.0)            ; 1 (1)               ; 0 (0)                     ; 0 (0)         ; 0                 ; 0     ; 0          ; 0    ; 0            ; |Calculator|Divider:div|pu4s:u4|pu:u1|FAdder:u1|FAdder_4bit:u0|FAdder_1bit:u1                         ; FAdder_1bit  ; work         ;
;                   |FAdder_1bit:u3|    ; 1.5 (1.5)            ; 1.5 (1.5)                        ; 0.0 (0.0)                                         ; 0.0 (0.0)                        ; 0.0 (0.0)            ; 2 (2)               ; 0 (0)                     ; 0 (0)         ; 0                 ; 0     ; 0          ; 0    ; 0            ; |Calculator|Divider:div|pu4s:u4|pu:u1|FAdder:u1|FAdder_4bit:u0|FAdder_1bit:u3                         ; FAdder_1bit  ; work         ;
;                |FAdder_4bit:u1|       ; 4.0 (0.0)            ; 4.0 (0.0)                        ; 0.0 (0.0)                                         ; 0.0 (0.0)                        ; 0.0 (0.0)            ; 5 (0)               ; 0 (0)                     ; 0 (0)         ; 0                 ; 0     ; 0          ; 0    ; 0            ; |Calculator|Divider:div|pu4s:u4|pu:u1|FAdder:u1|FAdder_4bit:u1                                        ; FAdder_4bit  ; work         ;
;                   |FAdder_1bit:u0|    ; 2.5 (2.5)            ; 2.5 (2.5)                        ; 0.0 (0.0)                                         ; 0.0 (0.0)                        ; 0.0 (0.0)            ; 3 (3)               ; 0 (0)                     ; 0 (0)         ; 0                 ; 0     ; 0          ; 0    ; 0            ; |Calculator|Divider:div|pu4s:u4|pu:u1|FAdder:u1|FAdder_4bit:u1|FAdder_1bit:u0                         ; FAdder_1bit  ; work         ;
;                   |FAdder_1bit:u1|    ; 0.5 (0.5)            ; 0.5 (0.5)                        ; 0.0 (0.0)                                         ; 0.0 (0.0)                        ; 0.0 (0.0)            ; 1 (1)               ; 0 (0)                     ; 0 (0)         ; 0                 ; 0     ; 0          ; 0    ; 0            ; |Calculator|Divider:div|pu4s:u4|pu:u1|FAdder:u1|FAdder_4bit:u1|FAdder_1bit:u1                         ; FAdder_1bit  ; work         ;
;                   |FAdder_1bit:u2|    ; 1.0 (1.0)            ; 1.0 (1.0)                        ; 0.0 (0.0)                                         ; 0.0 (0.0)                        ; 0.0 (0.0)            ; 1 (1)               ; 0 (0)                     ; 0 (0)         ; 0                 ; 0     ; 0          ; 0    ; 0            ; |Calculator|Divider:div|pu4s:u4|pu:u1|FAdder:u1|FAdder_4bit:u1|FAdder_1bit:u2                         ; FAdder_1bit  ; work         ;
;                |FAdder_4bit:u2|       ; 4.5 (0.0)            ; 4.5 (0.0)                        ; 0.0 (0.0)                                         ; 0.0 (0.0)                        ; 0.0 (0.0)            ; 7 (0)               ; 0 (0)                     ; 0 (0)         ; 0                 ; 0     ; 0          ; 0    ; 0            ; |Calculator|Divider:div|pu4s:u4|pu:u1|FAdder:u1|FAdder_4bit:u2                                        ; FAdder_4bit  ; work         ;
;                   |FAdder_1bit:u0|    ; 1.0 (1.0)            ; 1.0 (1.0)                        ; 0.0 (0.0)                                         ; 0.0 (0.0)                        ; 0.0 (0.0)            ; 2 (2)               ; 0 (0)                     ; 0 (0)         ; 0                 ; 0     ; 0          ; 0    ; 0            ; |Calculator|Divider:div|pu4s:u4|pu:u1|FAdder:u1|FAdder_4bit:u2|FAdder_1bit:u0                         ; FAdder_1bit  ; work         ;
;                   |FAdder_1bit:u1|    ; 2.0 (2.0)            ; 2.0 (2.0)                        ; 0.0 (0.0)                                         ; 0.0 (0.0)                        ; 0.0 (0.0)            ; 3 (3)               ; 0 (0)                     ; 0 (0)         ; 0                 ; 0     ; 0          ; 0    ; 0            ; |Calculator|Divider:div|pu4s:u4|pu:u1|FAdder:u1|FAdder_4bit:u2|FAdder_1bit:u1                         ; FAdder_1bit  ; work         ;
;                   |FAdder_1bit:u2|    ; 0.5 (0.5)            ; 0.5 (0.5)                        ; 0.0 (0.0)                                         ; 0.0 (0.0)                        ; 0.0 (0.0)            ; 1 (1)               ; 0 (0)                     ; 0 (0)         ; 0                 ; 0     ; 0          ; 0    ; 0            ; |Calculator|Divider:div|pu4s:u4|pu:u1|FAdder:u1|FAdder_4bit:u2|FAdder_1bit:u2                         ; FAdder_1bit  ; work         ;
;                   |FAdder_1bit:u3|    ; 1.0 (1.0)            ; 1.0 (1.0)                        ; 0.0 (0.0)                                         ; 0.0 (0.0)                        ; 0.0 (0.0)            ; 1 (1)               ; 0 (0)                     ; 0 (0)         ; 0                 ; 0     ; 0          ; 0    ; 0            ; |Calculator|Divider:div|pu4s:u4|pu:u1|FAdder:u1|FAdder_4bit:u2|FAdder_1bit:u3                         ; FAdder_1bit  ; work         ;
;                |FAdder_4bit:u3|       ; 2.5 (0.0)            ; 2.5 (0.0)                        ; 0.0 (0.0)                                         ; 0.0 (0.0)                        ; 0.0 (0.0)            ; 6 (0)               ; 0 (0)                     ; 0 (0)         ; 0                 ; 0     ; 0          ; 0    ; 0            ; |Calculator|Divider:div|pu4s:u4|pu:u1|FAdder:u1|FAdder_4bit:u3                                        ; FAdder_4bit  ; work         ;
;                   |FAdder_1bit:u0|    ; 0.0 (0.0)            ; 0.0 (0.0)                        ; 0.0 (0.0)                                         ; 0.0 (0.0)                        ; 0.0 (0.0)            ; 1 (1)               ; 0 (0)                     ; 0 (0)         ; 0                 ; 0     ; 0          ; 0    ; 0            ; |Calculator|Divider:div|pu4s:u4|pu:u1|FAdder:u1|FAdder_4bit:u3|FAdder_1bit:u0                         ; FAdder_1bit  ; work         ;
;                   |FAdder_1bit:u1|    ; 0.5 (0.5)            ; 0.5 (0.5)                        ; 0.0 (0.0)                                         ; 0.0 (0.0)                        ; 0.0 (0.0)            ; 1 (1)               ; 0 (0)                     ; 0 (0)         ; 0                 ; 0     ; 0          ; 0    ; 0            ; |Calculator|Divider:div|pu4s:u4|pu:u1|FAdder:u1|FAdder_4bit:u3|FAdder_1bit:u1                         ; FAdder_1bit  ; work         ;
;                   |FAdder_1bit:u3|    ; 2.0 (2.0)            ; 2.0 (2.0)                        ; 0.0 (0.0)                                         ; 0.0 (0.0)                        ; 0.0 (0.0)            ; 4 (4)               ; 0 (0)                     ; 0 (0)         ; 0                 ; 0     ; 0          ; 0    ; 0            ; |Calculator|Divider:div|pu4s:u4|pu:u1|FAdder:u1|FAdder_4bit:u3|FAdder_1bit:u3                         ; FAdder_1bit  ; work         ;
;          |pu:u2|                      ; 23.0 (8.5)           ; 23.5 (9.0)                       ; 0.5 (0.5)                                         ; 0.0 (0.0)                        ; 0.0 (0.0)            ; 36 (15)             ; 0 (0)                     ; 0 (0)         ; 0                 ; 0     ; 0          ; 0    ; 0            ; |Calculator|Divider:div|pu4s:u4|pu:u2                                                                 ; pu           ; work         ;
;             |FAdder:u1|               ; 14.5 (0.0)           ; 14.5 (0.0)                       ; 0.0 (0.0)                                         ; 0.0 (0.0)                        ; 0.0 (0.0)            ; 21 (0)              ; 0 (0)                     ; 0 (0)         ; 0                 ; 0     ; 0          ; 0    ; 0            ; |Calculator|Divider:div|pu4s:u4|pu:u2|FAdder:u1                                                       ; FAdder       ; work         ;
;                |FAdder_4bit:u0|       ; 2.5 (0.0)            ; 2.5 (0.0)                        ; 0.0 (0.0)                                         ; 0.0 (0.0)                        ; 0.0 (0.0)            ; 3 (0)               ; 0 (0)                     ; 0 (0)         ; 0                 ; 0     ; 0          ; 0    ; 0            ; |Calculator|Divider:div|pu4s:u4|pu:u2|FAdder:u1|FAdder_4bit:u0                                        ; FAdder_4bit  ; work         ;
;                   |FAdder_1bit:u1|    ; 1.0 (1.0)            ; 1.0 (1.0)                        ; 0.0 (0.0)                                         ; 0.0 (0.0)                        ; 0.0 (0.0)            ; 1 (1)               ; 0 (0)                     ; 0 (0)         ; 0                 ; 0     ; 0          ; 0    ; 0            ; |Calculator|Divider:div|pu4s:u4|pu:u2|FAdder:u1|FAdder_4bit:u0|FAdder_1bit:u1                         ; FAdder_1bit  ; work         ;
;                   |FAdder_1bit:u3|    ; 1.5 (1.5)            ; 1.5 (1.5)                        ; 0.0 (0.0)                                         ; 0.0 (0.0)                        ; 0.0 (0.0)            ; 2 (2)               ; 0 (0)                     ; 0 (0)         ; 0                 ; 0     ; 0          ; 0    ; 0            ; |Calculator|Divider:div|pu4s:u4|pu:u2|FAdder:u1|FAdder_4bit:u0|FAdder_1bit:u3                         ; FAdder_1bit  ; work         ;
;                |FAdder_4bit:u1|       ; 4.5 (0.0)            ; 4.5 (0.0)                        ; 0.0 (0.0)                                         ; 0.0 (0.0)                        ; 0.0 (0.0)            ; 5 (0)               ; 0 (0)                     ; 0 (0)         ; 0                 ; 0     ; 0          ; 0    ; 0            ; |Calculator|Divider:div|pu4s:u4|pu:u2|FAdder:u1|FAdder_4bit:u1                                        ; FAdder_4bit  ; work         ;
;                   |FAdder_1bit:u0|    ; 3.0 (3.0)            ; 3.0 (3.0)                        ; 0.0 (0.0)                                         ; 0.0 (0.0)                        ; 0.0 (0.0)            ; 3 (3)               ; 0 (0)                     ; 0 (0)         ; 0                 ; 0     ; 0          ; 0    ; 0            ; |Calculator|Divider:div|pu4s:u4|pu:u2|FAdder:u1|FAdder_4bit:u1|FAdder_1bit:u0                         ; FAdder_1bit  ; work         ;
;                   |FAdder_1bit:u1|    ; 0.5 (0.5)            ; 0.5 (0.5)                        ; 0.0 (0.0)                                         ; 0.0 (0.0)                        ; 0.0 (0.0)            ; 1 (1)               ; 0 (0)                     ; 0 (0)         ; 0                 ; 0     ; 0          ; 0    ; 0            ; |Calculator|Divider:div|pu4s:u4|pu:u2|FAdder:u1|FAdder_4bit:u1|FAdder_1bit:u1                         ; FAdder_1bit  ; work         ;
;                   |FAdder_1bit:u2|    ; 1.0 (1.0)            ; 1.0 (1.0)                        ; 0.0 (0.0)                                         ; 0.0 (0.0)                        ; 0.0 (0.0)            ; 1 (1)               ; 0 (0)                     ; 0 (0)         ; 0                 ; 0     ; 0          ; 0    ; 0            ; |Calculator|Divider:div|pu4s:u4|pu:u2|FAdder:u1|FAdder_4bit:u1|FAdder_1bit:u2                         ; FAdder_1bit  ; work         ;
;                |FAdder_4bit:u2|       ; 5.0 (0.0)            ; 5.0 (0.0)                        ; 0.0 (0.0)                                         ; 0.0 (0.0)                        ; 0.0 (0.0)            ; 7 (0)               ; 0 (0)                     ; 0 (0)         ; 0                 ; 0     ; 0          ; 0    ; 0            ; |Calculator|Divider:div|pu4s:u4|pu:u2|FAdder:u1|FAdder_4bit:u2                                        ; FAdder_4bit  ; work         ;
;                   |FAdder_1bit:u0|    ; 1.0 (1.0)            ; 1.0 (1.0)                        ; 0.0 (0.0)                                         ; 0.0 (0.0)                        ; 0.0 (0.0)            ; 2 (2)               ; 0 (0)                     ; 0 (0)         ; 0                 ; 0     ; 0          ; 0    ; 0            ; |Calculator|Divider:div|pu4s:u4|pu:u2|FAdder:u1|FAdder_4bit:u2|FAdder_1bit:u0                         ; FAdder_1bit  ; work         ;
;                   |FAdder_1bit:u1|    ; 2.5 (2.5)            ; 2.5 (2.5)                        ; 0.0 (0.0)                                         ; 0.0 (0.0)                        ; 0.0 (0.0)            ; 3 (3)               ; 0 (0)                     ; 0 (0)         ; 0                 ; 0     ; 0          ; 0    ; 0            ; |Calculator|Divider:div|pu4s:u4|pu:u2|FAdder:u1|FAdder_4bit:u2|FAdder_1bit:u1                         ; FAdder_1bit  ; work         ;
;                   |FAdder_1bit:u2|    ; 0.5 (0.5)            ; 0.5 (0.5)                        ; 0.0 (0.0)                                         ; 0.0 (0.0)                        ; 0.0 (0.0)            ; 1 (1)               ; 0 (0)                     ; 0 (0)         ; 0                 ; 0     ; 0          ; 0    ; 0            ; |Calculator|Divider:div|pu4s:u4|pu:u2|FAdder:u1|FAdder_4bit:u2|FAdder_1bit:u2                         ; FAdder_1bit  ; work         ;
;                   |FAdder_1bit:u3|    ; 1.0 (1.0)            ; 1.0 (1.0)                        ; 0.0 (0.0)                                         ; 0.0 (0.0)                        ; 0.0 (0.0)            ; 1 (1)               ; 0 (0)                     ; 0 (0)         ; 0                 ; 0     ; 0          ; 0    ; 0            ; |Calculator|Divider:div|pu4s:u4|pu:u2|FAdder:u1|FAdder_4bit:u2|FAdder_1bit:u3                         ; FAdder_1bit  ; work         ;
;                |FAdder_4bit:u3|       ; 2.5 (0.0)            ; 2.5 (0.0)                        ; 0.0 (0.0)                                         ; 0.0 (0.0)                        ; 0.0 (0.0)            ; 6 (0)               ; 0 (0)                     ; 0 (0)         ; 0                 ; 0     ; 0          ; 0    ; 0            ; |Calculator|Divider:div|pu4s:u4|pu:u2|FAdder:u1|FAdder_4bit:u3                                        ; FAdder_4bit  ; work         ;
;                   |FAdder_1bit:u0|    ; 0.0 (0.0)            ; 0.0 (0.0)                        ; 0.0 (0.0)                                         ; 0.0 (0.0)                        ; 0.0 (0.0)            ; 1 (1)               ; 0 (0)                     ; 0 (0)         ; 0                 ; 0     ; 0          ; 0    ; 0            ; |Calculator|Divider:div|pu4s:u4|pu:u2|FAdder:u1|FAdder_4bit:u3|FAdder_1bit:u0                         ; FAdder_1bit  ; work         ;
;                   |FAdder_1bit:u1|    ; 0.5 (0.5)            ; 0.5 (0.5)                        ; 0.0 (0.0)                                         ; 0.0 (0.0)                        ; 0.0 (0.0)            ; 1 (1)               ; 0 (0)                     ; 0 (0)         ; 0                 ; 0     ; 0          ; 0    ; 0            ; |Calculator|Divider:div|pu4s:u4|pu:u2|FAdder:u1|FAdder_4bit:u3|FAdder_1bit:u1                         ; FAdder_1bit  ; work         ;
;                   |FAdder_1bit:u3|    ; 2.0 (2.0)            ; 2.0 (2.0)                        ; 0.0 (0.0)                                         ; 0.0 (0.0)                        ; 0.0 (0.0)            ; 4 (4)               ; 0 (0)                     ; 0 (0)         ; 0                 ; 0     ; 0          ; 0    ; 0            ; |Calculator|Divider:div|pu4s:u4|pu:u2|FAdder:u1|FAdder_4bit:u3|FAdder_1bit:u3                         ; FAdder_1bit  ; work         ;
;          |pu:u3|                      ; 22.0 (8.0)           ; 22.0 (8.0)                       ; 0.0 (0.0)                                         ; 0.0 (0.0)                        ; 0.0 (0.0)            ; 36 (15)             ; 0 (0)                     ; 0 (0)         ; 0                 ; 0     ; 0          ; 0    ; 0            ; |Calculator|Divider:div|pu4s:u4|pu:u3                                                                 ; pu           ; work         ;
;             |FAdder:u1|               ; 14.0 (0.0)           ; 14.0 (0.0)                       ; 0.0 (0.0)                                         ; 0.0 (0.0)                        ; 0.0 (0.0)            ; 21 (0)              ; 0 (0)                     ; 0 (0)         ; 0                 ; 0     ; 0          ; 0    ; 0            ; |Calculator|Divider:div|pu4s:u4|pu:u3|FAdder:u1                                                       ; FAdder       ; work         ;
;                |FAdder_4bit:u0|       ; 2.0 (0.0)            ; 2.0 (0.0)                        ; 0.0 (0.0)                                         ; 0.0 (0.0)                        ; 0.0 (0.0)            ; 3 (0)               ; 0 (0)                     ; 0 (0)         ; 0                 ; 0     ; 0          ; 0    ; 0            ; |Calculator|Divider:div|pu4s:u4|pu:u3|FAdder:u1|FAdder_4bit:u0                                        ; FAdder_4bit  ; work         ;
;                   |FAdder_1bit:u1|    ; 1.0 (1.0)            ; 1.0 (1.0)                        ; 0.0 (0.0)                                         ; 0.0 (0.0)                        ; 0.0 (0.0)            ; 1 (1)               ; 0 (0)                     ; 0 (0)         ; 0                 ; 0     ; 0          ; 0    ; 0            ; |Calculator|Divider:div|pu4s:u4|pu:u3|FAdder:u1|FAdder_4bit:u0|FAdder_1bit:u1                         ; FAdder_1bit  ; work         ;
;                   |FAdder_1bit:u3|    ; 1.0 (1.0)            ; 1.0 (1.0)                        ; 0.0 (0.0)                                         ; 0.0 (0.0)                        ; 0.0 (0.0)            ; 2 (2)               ; 0 (0)                     ; 0 (0)         ; 0                 ; 0     ; 0          ; 0    ; 0            ; |Calculator|Divider:div|pu4s:u4|pu:u3|FAdder:u1|FAdder_4bit:u0|FAdder_1bit:u3                         ; FAdder_1bit  ; work         ;
;                |FAdder_4bit:u1|       ; 4.5 (0.0)            ; 4.5 (0.0)                        ; 0.0 (0.0)                                         ; 0.0 (0.0)                        ; 0.0 (0.0)            ; 5 (0)               ; 0 (0)                     ; 0 (0)         ; 0                 ; 0     ; 0          ; 0    ; 0            ; |Calculator|Divider:div|pu4s:u4|pu:u3|FAdder:u1|FAdder_4bit:u1                                        ; FAdder_4bit  ; work         ;
;                   |FAdder_1bit:u0|    ; 3.0 (3.0)            ; 3.0 (3.0)                        ; 0.0 (0.0)                                         ; 0.0 (0.0)                        ; 0.0 (0.0)            ; 3 (3)               ; 0 (0)                     ; 0 (0)         ; 0                 ; 0     ; 0          ; 0    ; 0            ; |Calculator|Divider:div|pu4s:u4|pu:u3|FAdder:u1|FAdder_4bit:u1|FAdder_1bit:u0                         ; FAdder_1bit  ; work         ;
;                   |FAdder_1bit:u1|    ; 0.5 (0.5)            ; 0.5 (0.5)                        ; 0.0 (0.0)                                         ; 0.0 (0.0)                        ; 0.0 (0.0)            ; 1 (1)               ; 0 (0)                     ; 0 (0)         ; 0                 ; 0     ; 0          ; 0    ; 0            ; |Calculator|Divider:div|pu4s:u4|pu:u3|FAdder:u1|FAdder_4bit:u1|FAdder_1bit:u1                         ; FAdder_1bit  ; work         ;
;                   |FAdder_1bit:u2|    ; 1.0 (1.0)            ; 1.0 (1.0)                        ; 0.0 (0.0)                                         ; 0.0 (0.0)                        ; 0.0 (0.0)            ; 1 (1)               ; 0 (0)                     ; 0 (0)         ; 0                 ; 0     ; 0          ; 0    ; 0            ; |Calculator|Divider:div|pu4s:u4|pu:u3|FAdder:u1|FAdder_4bit:u1|FAdder_1bit:u2                         ; FAdder_1bit  ; work         ;
;                |FAdder_4bit:u2|       ; 4.5 (0.0)            ; 4.5 (0.0)                        ; 0.0 (0.0)                                         ; 0.0 (0.0)                        ; 0.0 (0.0)            ; 7 (0)               ; 0 (0)                     ; 0 (0)         ; 0                 ; 0     ; 0          ; 0    ; 0            ; |Calculator|Divider:div|pu4s:u4|pu:u3|FAdder:u1|FAdder_4bit:u2                                        ; FAdder_4bit  ; work         ;
;                   |FAdder_1bit:u0|    ; 1.0 (1.0)            ; 1.0 (1.0)                        ; 0.0 (0.0)                                         ; 0.0 (0.0)                        ; 0.0 (0.0)            ; 2 (2)               ; 0 (0)                     ; 0 (0)         ; 0                 ; 0     ; 0          ; 0    ; 0            ; |Calculator|Divider:div|pu4s:u4|pu:u3|FAdder:u1|FAdder_4bit:u2|FAdder_1bit:u0                         ; FAdder_1bit  ; work         ;
;                   |FAdder_1bit:u1|    ; 2.0 (2.0)            ; 2.0 (2.0)                        ; 0.0 (0.0)                                         ; 0.0 (0.0)                        ; 0.0 (0.0)            ; 3 (3)               ; 0 (0)                     ; 0 (0)         ; 0                 ; 0     ; 0          ; 0    ; 0            ; |Calculator|Divider:div|pu4s:u4|pu:u3|FAdder:u1|FAdder_4bit:u2|FAdder_1bit:u1                         ; FAdder_1bit  ; work         ;
;                   |FAdder_1bit:u2|    ; 0.5 (0.5)            ; 0.5 (0.5)                        ; 0.0 (0.0)                                         ; 0.0 (0.0)                        ; 0.0 (0.0)            ; 1 (1)               ; 0 (0)                     ; 0 (0)         ; 0                 ; 0     ; 0          ; 0    ; 0            ; |Calculator|Divider:div|pu4s:u4|pu:u3|FAdder:u1|FAdder_4bit:u2|FAdder_1bit:u2                         ; FAdder_1bit  ; work         ;
;                   |FAdder_1bit:u3|    ; 1.0 (1.0)            ; 1.0 (1.0)                        ; 0.0 (0.0)                                         ; 0.0 (0.0)                        ; 0.0 (0.0)            ; 1 (1)               ; 0 (0)                     ; 0 (0)         ; 0                 ; 0     ; 0          ; 0    ; 0            ; |Calculator|Divider:div|pu4s:u4|pu:u3|FAdder:u1|FAdder_4bit:u2|FAdder_1bit:u3                         ; FAdder_1bit  ; work         ;
;                |FAdder_4bit:u3|       ; 3.0 (0.0)            ; 3.0 (0.0)                        ; 0.0 (0.0)                                         ; 0.0 (0.0)                        ; 0.0 (0.0)            ; 6 (0)               ; 0 (0)                     ; 0 (0)         ; 0                 ; 0     ; 0          ; 0    ; 0            ; |Calculator|Divider:div|pu4s:u4|pu:u3|FAdder:u1|FAdder_4bit:u3                                        ; FAdder_4bit  ; work         ;
;                   |FAdder_1bit:u0|    ; 0.5 (0.5)            ; 0.5 (0.5)                        ; 0.0 (0.0)                                         ; 0.0 (0.0)                        ; 0.0 (0.0)            ; 1 (1)               ; 0 (0)                     ; 0 (0)         ; 0                 ; 0     ; 0          ; 0    ; 0            ; |Calculator|Divider:div|pu4s:u4|pu:u3|FAdder:u1|FAdder_4bit:u3|FAdder_1bit:u0                         ; FAdder_1bit  ; work         ;
;                   |FAdder_1bit:u1|    ; 0.5 (0.5)            ; 0.5 (0.5)                        ; 0.0 (0.0)                                         ; 0.0 (0.0)                        ; 0.0 (0.0)            ; 1 (1)               ; 0 (0)                     ; 0 (0)         ; 0                 ; 0     ; 0          ; 0    ; 0            ; |Calculator|Divider:div|pu4s:u4|pu:u3|FAdder:u1|FAdder_4bit:u3|FAdder_1bit:u1                         ; FAdder_1bit  ; work         ;
;                   |FAdder_1bit:u3|    ; 2.0 (2.0)            ; 2.0 (2.0)                        ; 0.0 (0.0)                                         ; 0.0 (0.0)                        ; 0.0 (0.0)            ; 4 (4)               ; 0 (0)                     ; 0 (0)         ; 0                 ; 0     ; 0          ; 0    ; 0            ; |Calculator|Divider:div|pu4s:u4|pu:u3|FAdder:u1|FAdder_4bit:u3|FAdder_1bit:u3                         ; FAdder_1bit  ; work         ;
;          |pu:u4|                      ; 30.0 (9.0)           ; 30.0 (9.0)                       ; 0.0 (0.0)                                         ; 0.0 (0.0)                        ; 0.0 (0.0)            ; 43 (16)             ; 0 (0)                     ; 0 (0)         ; 0                 ; 0     ; 0          ; 0    ; 0            ; |Calculator|Divider:div|pu4s:u4|pu:u4                                                                 ; pu           ; work         ;
;             |FAdder:u1|               ; 21.0 (0.0)           ; 21.0 (0.0)                       ; 0.0 (0.0)                                         ; 0.0 (0.0)                        ; 0.0 (0.0)            ; 27 (0)              ; 0 (0)                     ; 0 (0)         ; 0                 ; 0     ; 0          ; 0    ; 0            ; |Calculator|Divider:div|pu4s:u4|pu:u4|FAdder:u1                                                       ; FAdder       ; work         ;
;                |FAdder_4bit:u0|       ; 3.0 (0.0)            ; 3.0 (0.0)                        ; 0.0 (0.0)                                         ; 0.0 (0.0)                        ; 0.0 (0.0)            ; 4 (0)               ; 0 (0)                     ; 0 (0)         ; 0                 ; 0     ; 0          ; 0    ; 0            ; |Calculator|Divider:div|pu4s:u4|pu:u4|FAdder:u1|FAdder_4bit:u0                                        ; FAdder_4bit  ; work         ;
;                   |FAdder_1bit:u1|    ; 2.0 (2.0)            ; 2.0 (2.0)                        ; 0.0 (0.0)                                         ; 0.0 (0.0)                        ; 0.0 (0.0)            ; 2 (2)               ; 0 (0)                     ; 0 (0)         ; 0                 ; 0     ; 0          ; 0    ; 0            ; |Calculator|Divider:div|pu4s:u4|pu:u4|FAdder:u1|FAdder_4bit:u0|FAdder_1bit:u1                         ; FAdder_1bit  ; work         ;
;                   |FAdder_1bit:u2|    ; 0.5 (0.5)            ; 0.5 (0.5)                        ; 0.0 (0.0)                                         ; 0.0 (0.0)                        ; 0.0 (0.0)            ; 1 (1)               ; 0 (0)                     ; 0 (0)         ; 0                 ; 0     ; 0          ; 0    ; 0            ; |Calculator|Divider:div|pu4s:u4|pu:u4|FAdder:u1|FAdder_4bit:u0|FAdder_1bit:u2                         ; FAdder_1bit  ; work         ;
;                   |FAdder_1bit:u3|    ; 0.5 (0.5)            ; 0.5 (0.5)                        ; 0.0 (0.0)                                         ; 0.0 (0.0)                        ; 0.0 (0.0)            ; 1 (1)               ; 0 (0)                     ; 0 (0)         ; 0                 ; 0     ; 0          ; 0    ; 0            ; |Calculator|Divider:div|pu4s:u4|pu:u4|FAdder:u1|FAdder_4bit:u0|FAdder_1bit:u3                         ; FAdder_1bit  ; work         ;
;                |FAdder_4bit:u1|       ; 6.5 (0.0)            ; 6.5 (0.0)                        ; 0.0 (0.0)                                         ; 0.0 (0.0)                        ; 0.0 (0.0)            ; 8 (0)               ; 0 (0)                     ; 0 (0)         ; 0                 ; 0     ; 0          ; 0    ; 0            ; |Calculator|Divider:div|pu4s:u4|pu:u4|FAdder:u1|FAdder_4bit:u1                                        ; FAdder_4bit  ; work         ;
;                   |FAdder_1bit:u0|    ; 3.5 (3.5)            ; 3.5 (3.5)                        ; 0.0 (0.0)                                         ; 0.0 (0.0)                        ; 0.0 (0.0)            ; 4 (4)               ; 0 (0)                     ; 0 (0)         ; 0                 ; 0     ; 0          ; 0    ; 0            ; |Calculator|Divider:div|pu4s:u4|pu:u4|FAdder:u1|FAdder_4bit:u1|FAdder_1bit:u0                         ; FAdder_1bit  ; work         ;
;                   |FAdder_1bit:u1|    ; 0.5 (0.5)            ; 0.5 (0.5)                        ; 0.0 (0.0)                                         ; 0.0 (0.0)                        ; 0.0 (0.0)            ; 1 (1)               ; 0 (0)                     ; 0 (0)         ; 0                 ; 0     ; 0          ; 0    ; 0            ; |Calculator|Divider:div|pu4s:u4|pu:u4|FAdder:u1|FAdder_4bit:u1|FAdder_1bit:u1                         ; FAdder_1bit  ; work         ;
;                   |FAdder_1bit:u2|    ; 2.0 (2.0)            ; 2.0 (2.0)                        ; 0.0 (0.0)                                         ; 0.0 (0.0)                        ; 0.0 (0.0)            ; 2 (2)               ; 0 (0)                     ; 0 (0)         ; 0                 ; 0     ; 0          ; 0    ; 0            ; |Calculator|Divider:div|pu4s:u4|pu:u4|FAdder:u1|FAdder_4bit:u1|FAdder_1bit:u2                         ; FAdder_1bit  ; work         ;
;                   |FAdder_1bit:u3|    ; 0.5 (0.5)            ; 0.5 (0.5)                        ; 0.0 (0.0)                                         ; 0.0 (0.0)                        ; 0.0 (0.0)            ; 1 (1)               ; 0 (0)                     ; 0 (0)         ; 0                 ; 0     ; 0          ; 0    ; 0            ; |Calculator|Divider:div|pu4s:u4|pu:u4|FAdder:u1|FAdder_4bit:u1|FAdder_1bit:u3                         ; FAdder_1bit  ; work         ;
;                |FAdder_4bit:u2|       ; 6.5 (0.0)            ; 6.5 (0.0)                        ; 0.0 (0.0)                                         ; 0.0 (0.0)                        ; 0.0 (0.0)            ; 8 (0)               ; 0 (0)                     ; 0 (0)         ; 0                 ; 0     ; 0          ; 0    ; 0            ; |Calculator|Divider:div|pu4s:u4|pu:u4|FAdder:u1|FAdder_4bit:u2                                        ; FAdder_4bit  ; work         ;
;                   |FAdder_1bit:u0|    ; 0.5 (0.5)            ; 0.5 (0.5)                        ; 0.0 (0.0)                                         ; 0.0 (0.0)                        ; 0.0 (0.0)            ; 1 (1)               ; 0 (0)                     ; 0 (0)         ; 0                 ; 0     ; 0          ; 0    ; 0            ; |Calculator|Divider:div|pu4s:u4|pu:u4|FAdder:u1|FAdder_4bit:u2|FAdder_1bit:u0                         ; FAdder_1bit  ; work         ;
;                   |FAdder_1bit:u1|    ; 3.5 (3.5)            ; 3.5 (3.5)                        ; 0.0 (0.0)                                         ; 0.0 (0.0)                        ; 0.0 (0.0)            ; 4 (4)               ; 0 (0)                     ; 0 (0)         ; 0                 ; 0     ; 0          ; 0    ; 0            ; |Calculator|Divider:div|pu4s:u4|pu:u4|FAdder:u1|FAdder_4bit:u2|FAdder_1bit:u1                         ; FAdder_1bit  ; work         ;
;                   |FAdder_1bit:u2|    ; 0.5 (0.5)            ; 0.5 (0.5)                        ; 0.0 (0.0)                                         ; 0.0 (0.0)                        ; 0.0 (0.0)            ; 1 (1)               ; 0 (0)                     ; 0 (0)         ; 0                 ; 0     ; 0          ; 0    ; 0            ; |Calculator|Divider:div|pu4s:u4|pu:u4|FAdder:u1|FAdder_4bit:u2|FAdder_1bit:u2                         ; FAdder_1bit  ; work         ;
;                   |FAdder_1bit:u3|    ; 2.0 (2.0)            ; 2.0 (2.0)                        ; 0.0 (0.0)                                         ; 0.0 (0.0)                        ; 0.0 (0.0)            ; 2 (2)               ; 0 (0)                     ; 0 (0)         ; 0                 ; 0     ; 0          ; 0    ; 0            ; |Calculator|Divider:div|pu4s:u4|pu:u4|FAdder:u1|FAdder_4bit:u2|FAdder_1bit:u3                         ; FAdder_1bit  ; work         ;
;                |FAdder_4bit:u3|       ; 5.0 (0.0)            ; 5.0 (0.0)                        ; 0.0 (0.0)                                         ; 0.0 (0.0)                        ; 0.0 (0.0)            ; 7 (0)               ; 0 (0)                     ; 0 (0)         ; 0                 ; 0     ; 0          ; 0    ; 0            ; |Calculator|Divider:div|pu4s:u4|pu:u4|FAdder:u1|FAdder_4bit:u3                                        ; FAdder_4bit  ; work         ;
;                   |FAdder_1bit:u0|    ; 0.5 (0.5)            ; 0.5 (0.5)                        ; 0.0 (0.0)                                         ; 0.0 (0.0)                        ; 0.0 (0.0)            ; 1 (1)               ; 0 (0)                     ; 0 (0)         ; 0                 ; 0     ; 0          ; 0    ; 0            ; |Calculator|Divider:div|pu4s:u4|pu:u4|FAdder:u1|FAdder_4bit:u3|FAdder_1bit:u0                         ; FAdder_1bit  ; work         ;
;                   |FAdder_1bit:u1|    ; 1.0 (1.0)            ; 1.0 (1.0)                        ; 0.0 (0.0)                                         ; 0.0 (0.0)                        ; 0.0 (0.0)            ; 2 (2)               ; 0 (0)                     ; 0 (0)         ; 0                 ; 0     ; 0          ; 0    ; 0            ; |Calculator|Divider:div|pu4s:u4|pu:u4|FAdder:u1|FAdder_4bit:u3|FAdder_1bit:u1                         ; FAdder_1bit  ; work         ;
;                   |FAdder_1bit:u2|    ; 3.0 (3.0)            ; 3.0 (3.0)                        ; 0.0 (0.0)                                         ; 0.0 (0.0)                        ; 0.0 (0.0)            ; 3 (3)               ; 0 (0)                     ; 0 (0)         ; 0                 ; 0     ; 0          ; 0    ; 0            ; |Calculator|Divider:div|pu4s:u4|pu:u4|FAdder:u1|FAdder_4bit:u3|FAdder_1bit:u2                         ; FAdder_1bit  ; work         ;
;                   |FAdder_1bit:u3|    ; 0.5 (0.5)            ; 0.5 (0.5)                        ; 0.0 (0.0)                                         ; 0.0 (0.0)                        ; 0.0 (0.0)            ; 1 (1)               ; 0 (0)                     ; 0 (0)         ; 0                 ; 0     ; 0          ; 0    ; 0            ; |Calculator|Divider:div|pu4s:u4|pu:u4|FAdder:u1|FAdder_4bit:u3|FAdder_1bit:u3                         ; FAdder_1bit  ; work         ;
;    |FAdder:dif|                       ; 7.0 (0.0)            ; 7.0 (0.0)                        ; 0.0 (0.0)                                         ; 0.0 (0.0)                        ; 0.0 (0.0)            ; 14 (0)              ; 0 (0)                     ; 0 (0)         ; 0                 ; 0     ; 0          ; 0    ; 0            ; |Calculator|FAdder:dif                                                                                ; FAdder       ; work         ;
;       |FAdder_4bit:u0|                ; 1.5 (0.0)            ; 1.5 (0.0)                        ; 0.0 (0.0)                                         ; 0.0 (0.0)                        ; 0.0 (0.0)            ; 3 (0)               ; 0 (0)                     ; 0 (0)         ; 0                 ; 0     ; 0          ; 0    ; 0            ; |Calculator|FAdder:dif|FAdder_4bit:u0                                                                 ; FAdder_4bit  ; work         ;
;          |FAdder_1bit:u1|             ; 0.5 (0.5)            ; 0.5 (0.5)                        ; 0.0 (0.0)                                         ; 0.0 (0.0)                        ; 0.0 (0.0)            ; 1 (1)               ; 0 (0)                     ; 0 (0)         ; 0                 ; 0     ; 0          ; 0    ; 0            ; |Calculator|FAdder:dif|FAdder_4bit:u0|FAdder_1bit:u1                                                  ; FAdder_1bit  ; work         ;
;          |FAdder_1bit:u2|             ; 0.5 (0.5)            ; 0.5 (0.5)                        ; 0.0 (0.0)                                         ; 0.0 (0.0)                        ; 0.0 (0.0)            ; 1 (1)               ; 0 (0)                     ; 0 (0)         ; 0                 ; 0     ; 0          ; 0    ; 0            ; |Calculator|FAdder:dif|FAdder_4bit:u0|FAdder_1bit:u2                                                  ; FAdder_1bit  ; work         ;
;          |FAdder_1bit:u3|             ; 0.5 (0.5)            ; 0.5 (0.5)                        ; 0.0 (0.0)                                         ; 0.0 (0.0)                        ; 0.0 (0.0)            ; 1 (1)               ; 0 (0)                     ; 0 (0)         ; 0                 ; 0     ; 0          ; 0    ; 0            ; |Calculator|FAdder:dif|FAdder_4bit:u0|FAdder_1bit:u3                                                  ; FAdder_1bit  ; work         ;
;       |FAdder_4bit:u1|                ; 2.0 (0.0)            ; 2.0 (0.0)                        ; 0.0 (0.0)                                         ; 0.0 (0.0)                        ; 0.0 (0.0)            ; 4 (0)               ; 0 (0)                     ; 0 (0)         ; 0                 ; 0     ; 0          ; 0    ; 0            ; |Calculator|FAdder:dif|FAdder_4bit:u1                                                                 ; FAdder_4bit  ; work         ;
;          |FAdder_1bit:u0|             ; 0.5 (0.5)            ; 0.5 (0.5)                        ; 0.0 (0.0)                                         ; 0.0 (0.0)                        ; 0.0 (0.0)            ; 1 (1)               ; 0 (0)                     ; 0 (0)         ; 0                 ; 0     ; 0          ; 0    ; 0            ; |Calculator|FAdder:dif|FAdder_4bit:u1|FAdder_1bit:u0                                                  ; FAdder_1bit  ; work         ;
;          |FAdder_1bit:u1|             ; 0.5 (0.5)            ; 0.5 (0.5)                        ; 0.0 (0.0)                                         ; 0.0 (0.0)                        ; 0.0 (0.0)            ; 1 (1)               ; 0 (0)                     ; 0 (0)         ; 0                 ; 0     ; 0          ; 0    ; 0            ; |Calculator|FAdder:dif|FAdder_4bit:u1|FAdder_1bit:u1                                                  ; FAdder_1bit  ; work         ;
;          |FAdder_1bit:u2|             ; 0.5 (0.5)            ; 0.5 (0.5)                        ; 0.0 (0.0)                                         ; 0.0 (0.0)                        ; 0.0 (0.0)            ; 1 (1)               ; 0 (0)                     ; 0 (0)         ; 0                 ; 0     ; 0          ; 0    ; 0            ; |Calculator|FAdder:dif|FAdder_4bit:u1|FAdder_1bit:u2                                                  ; FAdder_1bit  ; work         ;
;          |FAdder_1bit:u3|             ; 0.5 (0.5)            ; 0.5 (0.5)                        ; 0.0 (0.0)                                         ; 0.0 (0.0)                        ; 0.0 (0.0)            ; 1 (1)               ; 0 (0)                     ; 0 (0)         ; 0                 ; 0     ; 0          ; 0    ; 0            ; |Calculator|FAdder:dif|FAdder_4bit:u1|FAdder_1bit:u3                                                  ; FAdder_1bit  ; work         ;
;       |FAdder_4bit:u2|                ; 2.0 (0.0)            ; 2.0 (0.0)                        ; 0.0 (0.0)                                         ; 0.0 (0.0)                        ; 0.0 (0.0)            ; 4 (0)               ; 0 (0)                     ; 0 (0)         ; 0                 ; 0     ; 0          ; 0    ; 0            ; |Calculator|FAdder:dif|FAdder_4bit:u2                                                                 ; FAdder_4bit  ; work         ;
;          |FAdder_1bit:u0|             ; 0.5 (0.5)            ; 0.5 (0.5)                        ; 0.0 (0.0)                                         ; 0.0 (0.0)                        ; 0.0 (0.0)            ; 1 (1)               ; 0 (0)                     ; 0 (0)         ; 0                 ; 0     ; 0          ; 0    ; 0            ; |Calculator|FAdder:dif|FAdder_4bit:u2|FAdder_1bit:u0                                                  ; FAdder_1bit  ; work         ;
;          |FAdder_1bit:u1|             ; 0.5 (0.5)            ; 0.5 (0.5)                        ; 0.0 (0.0)                                         ; 0.0 (0.0)                        ; 0.0 (0.0)            ; 1 (1)               ; 0 (0)                     ; 0 (0)         ; 0                 ; 0     ; 0          ; 0    ; 0            ; |Calculator|FAdder:dif|FAdder_4bit:u2|FAdder_1bit:u1                                                  ; FAdder_1bit  ; work         ;
;          |FAdder_1bit:u2|             ; 0.5 (0.5)            ; 0.5 (0.5)                        ; 0.0 (0.0)                                         ; 0.0 (0.0)                        ; 0.0 (0.0)            ; 1 (1)               ; 0 (0)                     ; 0 (0)         ; 0                 ; 0     ; 0          ; 0    ; 0            ; |Calculator|FAdder:dif|FAdder_4bit:u2|FAdder_1bit:u2                                                  ; FAdder_1bit  ; work         ;
;          |FAdder_1bit:u3|             ; 0.5 (0.5)            ; 0.5 (0.5)                        ; 0.0 (0.0)                                         ; 0.0 (0.0)                        ; 0.0 (0.0)            ; 1 (1)               ; 0 (0)                     ; 0 (0)         ; 0                 ; 0     ; 0          ; 0    ; 0            ; |Calculator|FAdder:dif|FAdder_4bit:u2|FAdder_1bit:u3                                                  ; FAdder_1bit  ; work         ;
;       |FAdder_4bit:u3|                ; 1.5 (0.0)            ; 1.5 (0.0)                        ; 0.0 (0.0)                                         ; 0.0 (0.0)                        ; 0.0 (0.0)            ; 3 (0)               ; 0 (0)                     ; 0 (0)         ; 0                 ; 0     ; 0          ; 0    ; 0            ; |Calculator|FAdder:dif|FAdder_4bit:u3                                                                 ; FAdder_4bit  ; work         ;
;          |FAdder_1bit:u0|             ; 0.5 (0.5)            ; 0.5 (0.5)                        ; 0.0 (0.0)                                         ; 0.0 (0.0)                        ; 0.0 (0.0)            ; 1 (1)               ; 0 (0)                     ; 0 (0)         ; 0                 ; 0     ; 0          ; 0    ; 0            ; |Calculator|FAdder:dif|FAdder_4bit:u3|FAdder_1bit:u0                                                  ; FAdder_1bit  ; work         ;
;          |FAdder_1bit:u1|             ; 0.5 (0.5)            ; 0.5 (0.5)                        ; 0.0 (0.0)                                         ; 0.0 (0.0)                        ; 0.0 (0.0)            ; 1 (1)               ; 0 (0)                     ; 0 (0)         ; 0                 ; 0     ; 0          ; 0    ; 0            ; |Calculator|FAdder:dif|FAdder_4bit:u3|FAdder_1bit:u1                                                  ; FAdder_1bit  ; work         ;
;          |FAdder_1bit:u3|             ; 0.5 (0.5)            ; 0.5 (0.5)                        ; 0.0 (0.0)                                         ; 0.0 (0.0)                        ; 0.0 (0.0)            ; 1 (1)               ; 0 (0)                     ; 0 (0)         ; 0                 ; 0     ; 0          ; 0    ; 0            ; |Calculator|FAdder:dif|FAdder_4bit:u3|FAdder_1bit:u3                                                  ; FAdder_1bit  ; work         ;
;    |FAdder:sum|                       ; 7.5 (0.0)            ; 7.5 (0.0)                        ; 0.0 (0.0)                                         ; 0.0 (0.0)                        ; 0.0 (0.0)            ; 15 (0)              ; 0 (0)                     ; 0 (0)         ; 0                 ; 0     ; 0          ; 0    ; 0            ; |Calculator|FAdder:sum                                                                                ; FAdder       ; work         ;
;       |FAdder_4bit:u0|                ; 2.0 (0.0)            ; 2.0 (0.0)                        ; 0.0 (0.0)                                         ; 0.0 (0.0)                        ; 0.0 (0.0)            ; 4 (0)               ; 0 (0)                     ; 0 (0)         ; 0                 ; 0     ; 0          ; 0    ; 0            ; |Calculator|FAdder:sum|FAdder_4bit:u0                                                                 ; FAdder_4bit  ; work         ;
;          |FAdder_1bit:u0|             ; 0.5 (0.5)            ; 0.5 (0.5)                        ; 0.0 (0.0)                                         ; 0.0 (0.0)                        ; 0.0 (0.0)            ; 1 (1)               ; 0 (0)                     ; 0 (0)         ; 0                 ; 0     ; 0          ; 0    ; 0            ; |Calculator|FAdder:sum|FAdder_4bit:u0|FAdder_1bit:u0                                                  ; FAdder_1bit  ; work         ;
;          |FAdder_1bit:u1|             ; 0.5 (0.5)            ; 0.5 (0.5)                        ; 0.0 (0.0)                                         ; 0.0 (0.0)                        ; 0.0 (0.0)            ; 1 (1)               ; 0 (0)                     ; 0 (0)         ; 0                 ; 0     ; 0          ; 0    ; 0            ; |Calculator|FAdder:sum|FAdder_4bit:u0|FAdder_1bit:u1                                                  ; FAdder_1bit  ; work         ;
;          |FAdder_1bit:u2|             ; 0.5 (0.5)            ; 0.5 (0.5)                        ; 0.0 (0.0)                                         ; 0.0 (0.0)                        ; 0.0 (0.0)            ; 1 (1)               ; 0 (0)                     ; 0 (0)         ; 0                 ; 0     ; 0          ; 0    ; 0            ; |Calculator|FAdder:sum|FAdder_4bit:u0|FAdder_1bit:u2                                                  ; FAdder_1bit  ; work         ;
;          |FAdder_1bit:u3|             ; 0.5 (0.5)            ; 0.5 (0.5)                        ; 0.0 (0.0)                                         ; 0.0 (0.0)                        ; 0.0 (0.0)            ; 1 (1)               ; 0 (0)                     ; 0 (0)         ; 0                 ; 0     ; 0          ; 0    ; 0            ; |Calculator|FAdder:sum|FAdder_4bit:u0|FAdder_1bit:u3                                                  ; FAdder_1bit  ; work         ;
;       |FAdder_4bit:u1|                ; 2.0 (0.0)            ; 2.0 (0.0)                        ; 0.0 (0.0)                                         ; 0.0 (0.0)                        ; 0.0 (0.0)            ; 4 (0)               ; 0 (0)                     ; 0 (0)         ; 0                 ; 0     ; 0          ; 0    ; 0            ; |Calculator|FAdder:sum|FAdder_4bit:u1                                                                 ; FAdder_4bit  ; work         ;
;          |FAdder_1bit:u0|             ; 0.5 (0.5)            ; 0.5 (0.5)                        ; 0.0 (0.0)                                         ; 0.0 (0.0)                        ; 0.0 (0.0)            ; 1 (1)               ; 0 (0)                     ; 0 (0)         ; 0                 ; 0     ; 0          ; 0    ; 0            ; |Calculator|FAdder:sum|FAdder_4bit:u1|FAdder_1bit:u0                                                  ; FAdder_1bit  ; work         ;
;          |FAdder_1bit:u1|             ; 0.5 (0.5)            ; 0.5 (0.5)                        ; 0.0 (0.0)                                         ; 0.0 (0.0)                        ; 0.0 (0.0)            ; 1 (1)               ; 0 (0)                     ; 0 (0)         ; 0                 ; 0     ; 0          ; 0    ; 0            ; |Calculator|FAdder:sum|FAdder_4bit:u1|FAdder_1bit:u1                                                  ; FAdder_1bit  ; work         ;
;          |FAdder_1bit:u2|             ; 0.5 (0.5)            ; 0.5 (0.5)                        ; 0.0 (0.0)                                         ; 0.0 (0.0)                        ; 0.0 (0.0)            ; 1 (1)               ; 0 (0)                     ; 0 (0)         ; 0                 ; 0     ; 0          ; 0    ; 0            ; |Calculator|FAdder:sum|FAdder_4bit:u1|FAdder_1bit:u2                                                  ; FAdder_1bit  ; work         ;
;          |FAdder_1bit:u3|             ; 0.5 (0.5)            ; 0.5 (0.5)                        ; 0.0 (0.0)                                         ; 0.0 (0.0)                        ; 0.0 (0.0)            ; 1 (1)               ; 0 (0)                     ; 0 (0)         ; 0                 ; 0     ; 0          ; 0    ; 0            ; |Calculator|FAdder:sum|FAdder_4bit:u1|FAdder_1bit:u3                                                  ; FAdder_1bit  ; work         ;
;       |FAdder_4bit:u2|                ; 2.0 (0.0)            ; 2.0 (0.0)                        ; 0.0 (0.0)                                         ; 0.0 (0.0)                        ; 0.0 (0.0)            ; 4 (0)               ; 0 (0)                     ; 0 (0)         ; 0                 ; 0     ; 0          ; 0    ; 0            ; |Calculator|FAdder:sum|FAdder_4bit:u2                                                                 ; FAdder_4bit  ; work         ;
;          |FAdder_1bit:u0|             ; 0.5 (0.5)            ; 0.5 (0.5)                        ; 0.0 (0.0)                                         ; 0.0 (0.0)                        ; 0.0 (0.0)            ; 1 (1)               ; 0 (0)                     ; 0 (0)         ; 0                 ; 0     ; 0          ; 0    ; 0            ; |Calculator|FAdder:sum|FAdder_4bit:u2|FAdder_1bit:u0                                                  ; FAdder_1bit  ; work         ;
;          |FAdder_1bit:u1|             ; 0.5 (0.5)            ; 0.5 (0.5)                        ; 0.0 (0.0)                                         ; 0.0 (0.0)                        ; 0.0 (0.0)            ; 1 (1)               ; 0 (0)                     ; 0 (0)         ; 0                 ; 0     ; 0          ; 0    ; 0            ; |Calculator|FAdder:sum|FAdder_4bit:u2|FAdder_1bit:u1                                                  ; FAdder_1bit  ; work         ;
;          |FAdder_1bit:u2|             ; 0.5 (0.5)            ; 0.5 (0.5)                        ; 0.0 (0.0)                                         ; 0.0 (0.0)                        ; 0.0 (0.0)            ; 1 (1)               ; 0 (0)                     ; 0 (0)         ; 0                 ; 0     ; 0          ; 0    ; 0            ; |Calculator|FAdder:sum|FAdder_4bit:u2|FAdder_1bit:u2                                                  ; FAdder_1bit  ; work         ;
;          |FAdder_1bit:u3|             ; 0.5 (0.5)            ; 0.5 (0.5)                        ; 0.0 (0.0)                                         ; 0.0 (0.0)                        ; 0.0 (0.0)            ; 1 (1)               ; 0 (0)                     ; 0 (0)         ; 0                 ; 0     ; 0          ; 0    ; 0            ; |Calculator|FAdder:sum|FAdder_4bit:u2|FAdder_1bit:u3                                                  ; FAdder_1bit  ; work         ;
;       |FAdder_4bit:u3|                ; 1.5 (0.0)            ; 1.5 (0.0)                        ; 0.0 (0.0)                                         ; 0.0 (0.0)                        ; 0.0 (0.0)            ; 3 (0)               ; 0 (0)                     ; 0 (0)         ; 0                 ; 0     ; 0          ; 0    ; 0            ; |Calculator|FAdder:sum|FAdder_4bit:u3                                                                 ; FAdder_4bit  ; work         ;
;          |FAdder_1bit:u0|             ; 0.5 (0.5)            ; 0.5 (0.5)                        ; 0.0 (0.0)                                         ; 0.0 (0.0)                        ; 0.0 (0.0)            ; 1 (1)               ; 0 (0)                     ; 0 (0)         ; 0                 ; 0     ; 0          ; 0    ; 0            ; |Calculator|FAdder:sum|FAdder_4bit:u3|FAdder_1bit:u0                                                  ; FAdder_1bit  ; work         ;
;          |FAdder_1bit:u1|             ; 0.5 (0.5)            ; 0.5 (0.5)                        ; 0.0 (0.0)                                         ; 0.0 (0.0)                        ; 0.0 (0.0)            ; 1 (1)               ; 0 (0)                     ; 0 (0)         ; 0                 ; 0     ; 0          ; 0    ; 0            ; |Calculator|FAdder:sum|FAdder_4bit:u3|FAdder_1bit:u1                                                  ; FAdder_1bit  ; work         ;
;          |FAdder_1bit:u3|             ; 0.5 (0.5)            ; 0.5 (0.5)                        ; 0.0 (0.0)                                         ; 0.0 (0.0)                        ; 0.0 (0.0)            ; 1 (1)               ; 0 (0)                     ; 0 (0)         ; 0                 ; 0     ; 0          ; 0    ; 0            ; |Calculator|FAdder:sum|FAdder_4bit:u3|FAdder_1bit:u3                                                  ; FAdder_1bit  ; work         ;
;    |Multiplier:pro|                   ; 267.5 (9.5)          ; 269.5 (9.5)                      ; 2.0 (0.0)                                         ; 0.0 (0.0)                        ; 0.0 (0.0)            ; 533 (18)            ; 0 (0)                     ; 0 (0)         ; 0                 ; 0     ; 0          ; 0    ; 0            ; |Calculator|Multiplier:pro                                                                            ; Multiplier   ; work         ;
;       |FAdder_32bit:u5|               ; 20.0 (0.0)           ; 20.0 (0.0)                       ; 0.0 (0.0)                                         ; 0.0 (0.0)                        ; 0.0 (0.0)            ; 40 (0)              ; 0 (0)                     ; 0 (0)         ; 0                 ; 0     ; 0          ; 0    ; 0            ; |Calculator|Multiplier:pro|FAdder_32bit:u5                                                            ; FAdder_32bit ; work         ;
;          |FAdder:u0|                  ; 12.0 (0.0)           ; 12.0 (0.0)                       ; 0.0 (0.0)                                         ; 0.0 (0.0)                        ; 0.0 (0.0)            ; 24 (0)              ; 0 (0)                     ; 0 (0)         ; 0                 ; 0     ; 0          ; 0    ; 0            ; |Calculator|Multiplier:pro|FAdder_32bit:u5|FAdder:u0                                                  ; FAdder       ; work         ;
;             |FAdder_4bit:u1|          ; 4.0 (0.0)            ; 4.0 (0.0)                        ; 0.0 (0.0)                                         ; 0.0 (0.0)                        ; 0.0 (0.0)            ; 8 (0)               ; 0 (0)                     ; 0 (0)         ; 0                 ; 0     ; 0          ; 0    ; 0            ; |Calculator|Multiplier:pro|FAdder_32bit:u5|FAdder:u0|FAdder_4bit:u1                                   ; FAdder_4bit  ; work         ;
;                |FAdder_1bit:u0|       ; 1.0 (1.0)            ; 1.0 (1.0)                        ; 0.0 (0.0)                                         ; 0.0 (0.0)                        ; 0.0 (0.0)            ; 2 (2)               ; 0 (0)                     ; 0 (0)         ; 0                 ; 0     ; 0          ; 0    ; 0            ; |Calculator|Multiplier:pro|FAdder_32bit:u5|FAdder:u0|FAdder_4bit:u1|FAdder_1bit:u0                    ; FAdder_1bit  ; work         ;
;                |FAdder_1bit:u1|       ; 1.0 (1.0)            ; 1.0 (1.0)                        ; 0.0 (0.0)                                         ; 0.0 (0.0)                        ; 0.0 (0.0)            ; 2 (2)               ; 0 (0)                     ; 0 (0)         ; 0                 ; 0     ; 0          ; 0    ; 0            ; |Calculator|Multiplier:pro|FAdder_32bit:u5|FAdder:u0|FAdder_4bit:u1|FAdder_1bit:u1                    ; FAdder_1bit  ; work         ;
;                |FAdder_1bit:u2|       ; 1.0 (1.0)            ; 1.0 (1.0)                        ; 0.0 (0.0)                                         ; 0.0 (0.0)                        ; 0.0 (0.0)            ; 2 (2)               ; 0 (0)                     ; 0 (0)         ; 0                 ; 0     ; 0          ; 0    ; 0            ; |Calculator|Multiplier:pro|FAdder_32bit:u5|FAdder:u0|FAdder_4bit:u1|FAdder_1bit:u2                    ; FAdder_1bit  ; work         ;
;                |FAdder_1bit:u3|       ; 1.0 (1.0)            ; 1.0 (1.0)                        ; 0.0 (0.0)                                         ; 0.0 (0.0)                        ; 0.0 (0.0)            ; 2 (2)               ; 0 (0)                     ; 0 (0)         ; 0                 ; 0     ; 0          ; 0    ; 0            ; |Calculator|Multiplier:pro|FAdder_32bit:u5|FAdder:u0|FAdder_4bit:u1|FAdder_1bit:u3                    ; FAdder_1bit  ; work         ;
;             |FAdder_4bit:u2|          ; 4.0 (0.0)            ; 4.0 (0.0)                        ; 0.0 (0.0)                                         ; 0.0 (0.0)                        ; 0.0 (0.0)            ; 8 (0)               ; 0 (0)                     ; 0 (0)         ; 0                 ; 0     ; 0          ; 0    ; 0            ; |Calculator|Multiplier:pro|FAdder_32bit:u5|FAdder:u0|FAdder_4bit:u2                                   ; FAdder_4bit  ; work         ;
;                |FAdder_1bit:u0|       ; 1.0 (1.0)            ; 1.0 (1.0)                        ; 0.0 (0.0)                                         ; 0.0 (0.0)                        ; 0.0 (0.0)            ; 2 (2)               ; 0 (0)                     ; 0 (0)         ; 0                 ; 0     ; 0          ; 0    ; 0            ; |Calculator|Multiplier:pro|FAdder_32bit:u5|FAdder:u0|FAdder_4bit:u2|FAdder_1bit:u0                    ; FAdder_1bit  ; work         ;
;                |FAdder_1bit:u1|       ; 1.0 (1.0)            ; 1.0 (1.0)                        ; 0.0 (0.0)                                         ; 0.0 (0.0)                        ; 0.0 (0.0)            ; 2 (2)               ; 0 (0)                     ; 0 (0)         ; 0                 ; 0     ; 0          ; 0    ; 0            ; |Calculator|Multiplier:pro|FAdder_32bit:u5|FAdder:u0|FAdder_4bit:u2|FAdder_1bit:u1                    ; FAdder_1bit  ; work         ;
;                |FAdder_1bit:u2|       ; 1.0 (1.0)            ; 1.0 (1.0)                        ; 0.0 (0.0)                                         ; 0.0 (0.0)                        ; 0.0 (0.0)            ; 2 (2)               ; 0 (0)                     ; 0 (0)         ; 0                 ; 0     ; 0          ; 0    ; 0            ; |Calculator|Multiplier:pro|FAdder_32bit:u5|FAdder:u0|FAdder_4bit:u2|FAdder_1bit:u2                    ; FAdder_1bit  ; work         ;
;                |FAdder_1bit:u3|       ; 1.0 (1.0)            ; 1.0 (1.0)                        ; 0.0 (0.0)                                         ; 0.0 (0.0)                        ; 0.0 (0.0)            ; 2 (2)               ; 0 (0)                     ; 0 (0)         ; 0                 ; 0     ; 0          ; 0    ; 0            ; |Calculator|Multiplier:pro|FAdder_32bit:u5|FAdder:u0|FAdder_4bit:u2|FAdder_1bit:u3                    ; FAdder_1bit  ; work         ;
;             |FAdder_4bit:u3|          ; 4.0 (0.0)            ; 4.0 (0.0)                        ; 0.0 (0.0)                                         ; 0.0 (0.0)                        ; 0.0 (0.0)            ; 8 (0)               ; 0 (0)                     ; 0 (0)         ; 0                 ; 0     ; 0          ; 0    ; 0            ; |Calculator|Multiplier:pro|FAdder_32bit:u5|FAdder:u0|FAdder_4bit:u3                                   ; FAdder_4bit  ; work         ;
;                |FAdder_1bit:u0|       ; 1.0 (1.0)            ; 1.0 (1.0)                        ; 0.0 (0.0)                                         ; 0.0 (0.0)                        ; 0.0 (0.0)            ; 2 (2)               ; 0 (0)                     ; 0 (0)         ; 0                 ; 0     ; 0          ; 0    ; 0            ; |Calculator|Multiplier:pro|FAdder_32bit:u5|FAdder:u0|FAdder_4bit:u3|FAdder_1bit:u0                    ; FAdder_1bit  ; work         ;
;                |FAdder_1bit:u1|       ; 1.0 (1.0)            ; 1.0 (1.0)                        ; 0.0 (0.0)                                         ; 0.0 (0.0)                        ; 0.0 (0.0)            ; 2 (2)               ; 0 (0)                     ; 0 (0)         ; 0                 ; 0     ; 0          ; 0    ; 0            ; |Calculator|Multiplier:pro|FAdder_32bit:u5|FAdder:u0|FAdder_4bit:u3|FAdder_1bit:u1                    ; FAdder_1bit  ; work         ;
;                |FAdder_1bit:u2|       ; 1.0 (1.0)            ; 1.0 (1.0)                        ; 0.0 (0.0)                                         ; 0.0 (0.0)                        ; 0.0 (0.0)            ; 2 (2)               ; 0 (0)                     ; 0 (0)         ; 0                 ; 0     ; 0          ; 0    ; 0            ; |Calculator|Multiplier:pro|FAdder_32bit:u5|FAdder:u0|FAdder_4bit:u3|FAdder_1bit:u2                    ; FAdder_1bit  ; work         ;
;                |FAdder_1bit:u3|       ; 1.0 (1.0)            ; 1.0 (1.0)                        ; 0.0 (0.0)                                         ; 0.0 (0.0)                        ; 0.0 (0.0)            ; 2 (2)               ; 0 (0)                     ; 0 (0)         ; 0                 ; 0     ; 0          ; 0    ; 0            ; |Calculator|Multiplier:pro|FAdder_32bit:u5|FAdder:u0|FAdder_4bit:u3|FAdder_1bit:u3                    ; FAdder_1bit  ; work         ;
;          |FAdder:u1|                  ; 8.0 (0.0)            ; 8.0 (0.0)                        ; 0.0 (0.0)                                         ; 0.0 (0.0)                        ; 0.0 (0.0)            ; 16 (0)              ; 0 (0)                     ; 0 (0)         ; 0                 ; 0     ; 0          ; 0    ; 0            ; |Calculator|Multiplier:pro|FAdder_32bit:u5|FAdder:u1                                                  ; FAdder       ; work         ;
;             |FAdder_4bit:u0|          ; 4.0 (0.0)            ; 4.0 (0.0)                        ; 0.0 (0.0)                                         ; 0.0 (0.0)                        ; 0.0 (0.0)            ; 8 (0)               ; 0 (0)                     ; 0 (0)         ; 0                 ; 0     ; 0          ; 0    ; 0            ; |Calculator|Multiplier:pro|FAdder_32bit:u5|FAdder:u1|FAdder_4bit:u0                                   ; FAdder_4bit  ; work         ;
;                |FAdder_1bit:u0|       ; 1.0 (1.0)            ; 1.0 (1.0)                        ; 0.0 (0.0)                                         ; 0.0 (0.0)                        ; 0.0 (0.0)            ; 2 (2)               ; 0 (0)                     ; 0 (0)         ; 0                 ; 0     ; 0          ; 0    ; 0            ; |Calculator|Multiplier:pro|FAdder_32bit:u5|FAdder:u1|FAdder_4bit:u0|FAdder_1bit:u0                    ; FAdder_1bit  ; work         ;
;                |FAdder_1bit:u1|       ; 1.0 (1.0)            ; 1.0 (1.0)                        ; 0.0 (0.0)                                         ; 0.0 (0.0)                        ; 0.0 (0.0)            ; 2 (2)               ; 0 (0)                     ; 0 (0)         ; 0                 ; 0     ; 0          ; 0    ; 0            ; |Calculator|Multiplier:pro|FAdder_32bit:u5|FAdder:u1|FAdder_4bit:u0|FAdder_1bit:u1                    ; FAdder_1bit  ; work         ;
;                |FAdder_1bit:u2|       ; 1.0 (1.0)            ; 1.0 (1.0)                        ; 0.0 (0.0)                                         ; 0.0 (0.0)                        ; 0.0 (0.0)            ; 2 (2)               ; 0 (0)                     ; 0 (0)         ; 0                 ; 0     ; 0          ; 0    ; 0            ; |Calculator|Multiplier:pro|FAdder_32bit:u5|FAdder:u1|FAdder_4bit:u0|FAdder_1bit:u2                    ; FAdder_1bit  ; work         ;
;                |FAdder_1bit:u3|       ; 1.0 (1.0)            ; 1.0 (1.0)                        ; 0.0 (0.0)                                         ; 0.0 (0.0)                        ; 0.0 (0.0)            ; 2 (2)               ; 0 (0)                     ; 0 (0)         ; 0                 ; 0     ; 0          ; 0    ; 0            ; |Calculator|Multiplier:pro|FAdder_32bit:u5|FAdder:u1|FAdder_4bit:u0|FAdder_1bit:u3                    ; FAdder_1bit  ; work         ;
;             |FAdder_4bit:u1|          ; 4.0 (0.0)            ; 4.0 (0.0)                        ; 0.0 (0.0)                                         ; 0.0 (0.0)                        ; 0.0 (0.0)            ; 8 (0)               ; 0 (0)                     ; 0 (0)         ; 0                 ; 0     ; 0          ; 0    ; 0            ; |Calculator|Multiplier:pro|FAdder_32bit:u5|FAdder:u1|FAdder_4bit:u1                                   ; FAdder_4bit  ; work         ;
;                |FAdder_1bit:u0|       ; 1.0 (1.0)            ; 1.0 (1.0)                        ; 0.0 (0.0)                                         ; 0.0 (0.0)                        ; 0.0 (0.0)            ; 2 (2)               ; 0 (0)                     ; 0 (0)         ; 0                 ; 0     ; 0          ; 0    ; 0            ; |Calculator|Multiplier:pro|FAdder_32bit:u5|FAdder:u1|FAdder_4bit:u1|FAdder_1bit:u0                    ; FAdder_1bit  ; work         ;
;                |FAdder_1bit:u1|       ; 1.0 (1.0)            ; 1.0 (1.0)                        ; 0.0 (0.0)                                         ; 0.0 (0.0)                        ; 0.0 (0.0)            ; 2 (2)               ; 0 (0)                     ; 0 (0)         ; 0                 ; 0     ; 0          ; 0    ; 0            ; |Calculator|Multiplier:pro|FAdder_32bit:u5|FAdder:u1|FAdder_4bit:u1|FAdder_1bit:u1                    ; FAdder_1bit  ; work         ;
;                |FAdder_1bit:u2|       ; 1.0 (1.0)            ; 1.0 (1.0)                        ; 0.0 (0.0)                                         ; 0.0 (0.0)                        ; 0.0 (0.0)            ; 2 (2)               ; 0 (0)                     ; 0 (0)         ; 0                 ; 0     ; 0          ; 0    ; 0            ; |Calculator|Multiplier:pro|FAdder_32bit:u5|FAdder:u1|FAdder_4bit:u1|FAdder_1bit:u2                    ; FAdder_1bit  ; work         ;
;                |FAdder_1bit:u3|       ; 1.0 (1.0)            ; 1.0 (1.0)                        ; 0.0 (0.0)                                         ; 0.0 (0.0)                        ; 0.0 (0.0)            ; 2 (2)               ; 0 (0)                     ; 0 (0)         ; 0                 ; 0     ; 0          ; 0    ; 0            ; |Calculator|Multiplier:pro|FAdder_32bit:u5|FAdder:u1|FAdder_4bit:u1|FAdder_1bit:u3                    ; FAdder_1bit  ; work         ;
;       |FAdder_32bit:u6|               ; 18.0 (0.0)           ; 18.0 (0.0)                       ; 0.0 (0.0)                                         ; 0.0 (0.0)                        ; 0.0 (0.0)            ; 36 (0)              ; 0 (0)                     ; 0 (0)         ; 0                 ; 0     ; 0          ; 0    ; 0            ; |Calculator|Multiplier:pro|FAdder_32bit:u6                                                            ; FAdder_32bit ; work         ;
;          |FAdder:u0|                  ; 4.0 (0.0)            ; 4.0 (0.0)                        ; 0.0 (0.0)                                         ; 0.0 (0.0)                        ; 0.0 (0.0)            ; 8 (0)               ; 0 (0)                     ; 0 (0)         ; 0                 ; 0     ; 0          ; 0    ; 0            ; |Calculator|Multiplier:pro|FAdder_32bit:u6|FAdder:u0                                                  ; FAdder       ; work         ;
;             |FAdder_4bit:u3|          ; 4.0 (0.0)            ; 4.0 (0.0)                        ; 0.0 (0.0)                                         ; 0.0 (0.0)                        ; 0.0 (0.0)            ; 8 (0)               ; 0 (0)                     ; 0 (0)         ; 0                 ; 0     ; 0          ; 0    ; 0            ; |Calculator|Multiplier:pro|FAdder_32bit:u6|FAdder:u0|FAdder_4bit:u3                                   ; FAdder_4bit  ; work         ;
;                |FAdder_1bit:u0|       ; 1.0 (1.0)            ; 1.0 (1.0)                        ; 0.0 (0.0)                                         ; 0.0 (0.0)                        ; 0.0 (0.0)            ; 2 (2)               ; 0 (0)                     ; 0 (0)         ; 0                 ; 0     ; 0          ; 0    ; 0            ; |Calculator|Multiplier:pro|FAdder_32bit:u6|FAdder:u0|FAdder_4bit:u3|FAdder_1bit:u0                    ; FAdder_1bit  ; work         ;
;                |FAdder_1bit:u1|       ; 1.0 (1.0)            ; 1.0 (1.0)                        ; 0.0 (0.0)                                         ; 0.0 (0.0)                        ; 0.0 (0.0)            ; 2 (2)               ; 0 (0)                     ; 0 (0)         ; 0                 ; 0     ; 0          ; 0    ; 0            ; |Calculator|Multiplier:pro|FAdder_32bit:u6|FAdder:u0|FAdder_4bit:u3|FAdder_1bit:u1                    ; FAdder_1bit  ; work         ;
;                |FAdder_1bit:u2|       ; 1.0 (1.0)            ; 1.0 (1.0)                        ; 0.0 (0.0)                                         ; 0.0 (0.0)                        ; 0.0 (0.0)            ; 2 (2)               ; 0 (0)                     ; 0 (0)         ; 0                 ; 0     ; 0          ; 0    ; 0            ; |Calculator|Multiplier:pro|FAdder_32bit:u6|FAdder:u0|FAdder_4bit:u3|FAdder_1bit:u2                    ; FAdder_1bit  ; work         ;
;                |FAdder_1bit:u3|       ; 1.0 (1.0)            ; 1.0 (1.0)                        ; 0.0 (0.0)                                         ; 0.0 (0.0)                        ; 0.0 (0.0)            ; 2 (2)               ; 0 (0)                     ; 0 (0)         ; 0                 ; 0     ; 0          ; 0    ; 0            ; |Calculator|Multiplier:pro|FAdder_32bit:u6|FAdder:u0|FAdder_4bit:u3|FAdder_1bit:u3                    ; FAdder_1bit  ; work         ;
;          |FAdder:u1|                  ; 14.0 (0.0)           ; 14.0 (0.0)                       ; 0.0 (0.0)                                         ; 0.0 (0.0)                        ; 0.0 (0.0)            ; 28 (0)              ; 0 (0)                     ; 0 (0)         ; 0                 ; 0     ; 0          ; 0    ; 0            ; |Calculator|Multiplier:pro|FAdder_32bit:u6|FAdder:u1                                                  ; FAdder       ; work         ;
;             |FAdder_4bit:u0|          ; 4.0 (0.0)            ; 4.0 (0.0)                        ; 0.0 (0.0)                                         ; 0.0 (0.0)                        ; 0.0 (0.0)            ; 8 (0)               ; 0 (0)                     ; 0 (0)         ; 0                 ; 0     ; 0          ; 0    ; 0            ; |Calculator|Multiplier:pro|FAdder_32bit:u6|FAdder:u1|FAdder_4bit:u0                                   ; FAdder_4bit  ; work         ;
;                |FAdder_1bit:u0|       ; 1.0 (1.0)            ; 1.0 (1.0)                        ; 0.0 (0.0)                                         ; 0.0 (0.0)                        ; 0.0 (0.0)            ; 2 (2)               ; 0 (0)                     ; 0 (0)         ; 0                 ; 0     ; 0          ; 0    ; 0            ; |Calculator|Multiplier:pro|FAdder_32bit:u6|FAdder:u1|FAdder_4bit:u0|FAdder_1bit:u0                    ; FAdder_1bit  ; work         ;
;                |FAdder_1bit:u1|       ; 1.0 (1.0)            ; 1.0 (1.0)                        ; 0.0 (0.0)                                         ; 0.0 (0.0)                        ; 0.0 (0.0)            ; 2 (2)               ; 0 (0)                     ; 0 (0)         ; 0                 ; 0     ; 0          ; 0    ; 0            ; |Calculator|Multiplier:pro|FAdder_32bit:u6|FAdder:u1|FAdder_4bit:u0|FAdder_1bit:u1                    ; FAdder_1bit  ; work         ;
;                |FAdder_1bit:u2|       ; 1.0 (1.0)            ; 1.0 (1.0)                        ; 0.0 (0.0)                                         ; 0.0 (0.0)                        ; 0.0 (0.0)            ; 2 (2)               ; 0 (0)                     ; 0 (0)         ; 0                 ; 0     ; 0          ; 0    ; 0            ; |Calculator|Multiplier:pro|FAdder_32bit:u6|FAdder:u1|FAdder_4bit:u0|FAdder_1bit:u2                    ; FAdder_1bit  ; work         ;
;                |FAdder_1bit:u3|       ; 1.0 (1.0)            ; 1.0 (1.0)                        ; 0.0 (0.0)                                         ; 0.0 (0.0)                        ; 0.0 (0.0)            ; 2 (2)               ; 0 (0)                     ; 0 (0)         ; 0                 ; 0     ; 0          ; 0    ; 0            ; |Calculator|Multiplier:pro|FAdder_32bit:u6|FAdder:u1|FAdder_4bit:u0|FAdder_1bit:u3                    ; FAdder_1bit  ; work         ;
;             |FAdder_4bit:u1|          ; 4.0 (0.0)            ; 4.0 (0.0)                        ; 0.0 (0.0)                                         ; 0.0 (0.0)                        ; 0.0 (0.0)            ; 8 (0)               ; 0 (0)                     ; 0 (0)         ; 0                 ; 0     ; 0          ; 0    ; 0            ; |Calculator|Multiplier:pro|FAdder_32bit:u6|FAdder:u1|FAdder_4bit:u1                                   ; FAdder_4bit  ; work         ;
;                |FAdder_1bit:u0|       ; 1.0 (1.0)            ; 1.0 (1.0)                        ; 0.0 (0.0)                                         ; 0.0 (0.0)                        ; 0.0 (0.0)            ; 2 (2)               ; 0 (0)                     ; 0 (0)         ; 0                 ; 0     ; 0          ; 0    ; 0            ; |Calculator|Multiplier:pro|FAdder_32bit:u6|FAdder:u1|FAdder_4bit:u1|FAdder_1bit:u0                    ; FAdder_1bit  ; work         ;
;                |FAdder_1bit:u1|       ; 1.0 (1.0)            ; 1.0 (1.0)                        ; 0.0 (0.0)                                         ; 0.0 (0.0)                        ; 0.0 (0.0)            ; 2 (2)               ; 0 (0)                     ; 0 (0)         ; 0                 ; 0     ; 0          ; 0    ; 0            ; |Calculator|Multiplier:pro|FAdder_32bit:u6|FAdder:u1|FAdder_4bit:u1|FAdder_1bit:u1                    ; FAdder_1bit  ; work         ;
;                |FAdder_1bit:u2|       ; 1.0 (1.0)            ; 1.0 (1.0)                        ; 0.0 (0.0)                                         ; 0.0 (0.0)                        ; 0.0 (0.0)            ; 2 (2)               ; 0 (0)                     ; 0 (0)         ; 0                 ; 0     ; 0          ; 0    ; 0            ; |Calculator|Multiplier:pro|FAdder_32bit:u6|FAdder:u1|FAdder_4bit:u1|FAdder_1bit:u2                    ; FAdder_1bit  ; work         ;
;                |FAdder_1bit:u3|       ; 1.0 (1.0)            ; 1.0 (1.0)                        ; 0.0 (0.0)                                         ; 0.0 (0.0)                        ; 0.0 (0.0)            ; 2 (2)               ; 0 (0)                     ; 0 (0)         ; 0                 ; 0     ; 0          ; 0    ; 0            ; |Calculator|Multiplier:pro|FAdder_32bit:u6|FAdder:u1|FAdder_4bit:u1|FAdder_1bit:u3                    ; FAdder_1bit  ; work         ;
;             |FAdder_4bit:u2|          ; 4.0 (0.0)            ; 4.0 (0.0)                        ; 0.0 (0.0)                                         ; 0.0 (0.0)                        ; 0.0 (0.0)            ; 8 (0)               ; 0 (0)                     ; 0 (0)         ; 0                 ; 0     ; 0          ; 0    ; 0            ; |Calculator|Multiplier:pro|FAdder_32bit:u6|FAdder:u1|FAdder_4bit:u2                                   ; FAdder_4bit  ; work         ;
;                |FAdder_1bit:u0|       ; 1.0 (1.0)            ; 1.0 (1.0)                        ; 0.0 (0.0)                                         ; 0.0 (0.0)                        ; 0.0 (0.0)            ; 2 (2)               ; 0 (0)                     ; 0 (0)         ; 0                 ; 0     ; 0          ; 0    ; 0            ; |Calculator|Multiplier:pro|FAdder_32bit:u6|FAdder:u1|FAdder_4bit:u2|FAdder_1bit:u0                    ; FAdder_1bit  ; work         ;
;                |FAdder_1bit:u1|       ; 1.0 (1.0)            ; 1.0 (1.0)                        ; 0.0 (0.0)                                         ; 0.0 (0.0)                        ; 0.0 (0.0)            ; 2 (2)               ; 0 (0)                     ; 0 (0)         ; 0                 ; 0     ; 0          ; 0    ; 0            ; |Calculator|Multiplier:pro|FAdder_32bit:u6|FAdder:u1|FAdder_4bit:u2|FAdder_1bit:u1                    ; FAdder_1bit  ; work         ;
;                |FAdder_1bit:u2|       ; 1.0 (1.0)            ; 1.0 (1.0)                        ; 0.0 (0.0)                                         ; 0.0 (0.0)                        ; 0.0 (0.0)            ; 2 (2)               ; 0 (0)                     ; 0 (0)         ; 0                 ; 0     ; 0          ; 0    ; 0            ; |Calculator|Multiplier:pro|FAdder_32bit:u6|FAdder:u1|FAdder_4bit:u2|FAdder_1bit:u2                    ; FAdder_1bit  ; work         ;
;                |FAdder_1bit:u3|       ; 1.0 (1.0)            ; 1.0 (1.0)                        ; 0.0 (0.0)                                         ; 0.0 (0.0)                        ; 0.0 (0.0)            ; 2 (2)               ; 0 (0)                     ; 0 (0)         ; 0                 ; 0     ; 0          ; 0    ; 0            ; |Calculator|Multiplier:pro|FAdder_32bit:u6|FAdder:u1|FAdder_4bit:u2|FAdder_1bit:u3                    ; FAdder_1bit  ; work         ;
;             |FAdder_4bit:u3|          ; 2.0 (0.0)            ; 2.0 (0.0)                        ; 0.0 (0.0)                                         ; 0.0 (0.0)                        ; 0.0 (0.0)            ; 4 (0)               ; 0 (0)                     ; 0 (0)         ; 0                 ; 0     ; 0          ; 0    ; 0            ; |Calculator|Multiplier:pro|FAdder_32bit:u6|FAdder:u1|FAdder_4bit:u3                                   ; FAdder_4bit  ; work         ;
;                |FAdder_1bit:u0|       ; 1.0 (1.0)            ; 1.0 (1.0)                        ; 0.0 (0.0)                                         ; 0.0 (0.0)                        ; 0.0 (0.0)            ; 2 (2)               ; 0 (0)                     ; 0 (0)         ; 0                 ; 0     ; 0          ; 0    ; 0            ; |Calculator|Multiplier:pro|FAdder_32bit:u6|FAdder:u1|FAdder_4bit:u3|FAdder_1bit:u0                    ; FAdder_1bit  ; work         ;
;                |FAdder_1bit:u1|       ; 1.0 (1.0)            ; 1.0 (1.0)                        ; 0.0 (0.0)                                         ; 0.0 (0.0)                        ; 0.0 (0.0)            ; 2 (2)               ; 0 (0)                     ; 0 (0)         ; 0                 ; 0     ; 0          ; 0    ; 0            ; |Calculator|Multiplier:pro|FAdder_32bit:u6|FAdder:u1|FAdder_4bit:u3|FAdder_1bit:u1                    ; FAdder_1bit  ; work         ;
;       |FAdder_32bit:u7|               ; 21.5 (0.0)           ; 21.5 (0.0)                       ; 0.0 (0.0)                                         ; 0.0 (0.0)                        ; 0.0 (0.0)            ; 44 (0)              ; 0 (0)                     ; 0 (0)         ; 0                 ; 0     ; 0          ; 0    ; 0            ; |Calculator|Multiplier:pro|FAdder_32bit:u7                                                            ; FAdder_32bit ; work         ;
;          |FAdder:u0|                  ; 7.5 (0.0)            ; 7.5 (0.0)                        ; 0.0 (0.0)                                         ; 0.0 (0.0)                        ; 0.0 (0.0)            ; 16 (0)              ; 0 (0)                     ; 0 (0)         ; 0                 ; 0     ; 0          ; 0    ; 0            ; |Calculator|Multiplier:pro|FAdder_32bit:u7|FAdder:u0                                                  ; FAdder       ; work         ;
;             |FAdder_4bit:u2|          ; 4.0 (0.0)            ; 4.0 (0.0)                        ; 0.0 (0.0)                                         ; 0.0 (0.0)                        ; 0.0 (0.0)            ; 8 (0)               ; 0 (0)                     ; 0 (0)         ; 0                 ; 0     ; 0          ; 0    ; 0            ; |Calculator|Multiplier:pro|FAdder_32bit:u7|FAdder:u0|FAdder_4bit:u2                                   ; FAdder_4bit  ; work         ;
;                |FAdder_1bit:u0|       ; 1.0 (1.0)            ; 1.0 (1.0)                        ; 0.0 (0.0)                                         ; 0.0 (0.0)                        ; 0.0 (0.0)            ; 2 (2)               ; 0 (0)                     ; 0 (0)         ; 0                 ; 0     ; 0          ; 0    ; 0            ; |Calculator|Multiplier:pro|FAdder_32bit:u7|FAdder:u0|FAdder_4bit:u2|FAdder_1bit:u0                    ; FAdder_1bit  ; work         ;
;                |FAdder_1bit:u1|       ; 1.0 (1.0)            ; 1.0 (1.0)                        ; 0.0 (0.0)                                         ; 0.0 (0.0)                        ; 0.0 (0.0)            ; 2 (2)               ; 0 (0)                     ; 0 (0)         ; 0                 ; 0     ; 0          ; 0    ; 0            ; |Calculator|Multiplier:pro|FAdder_32bit:u7|FAdder:u0|FAdder_4bit:u2|FAdder_1bit:u1                    ; FAdder_1bit  ; work         ;
;                |FAdder_1bit:u2|       ; 1.0 (1.0)            ; 1.0 (1.0)                        ; 0.0 (0.0)                                         ; 0.0 (0.0)                        ; 0.0 (0.0)            ; 2 (2)               ; 0 (0)                     ; 0 (0)         ; 0                 ; 0     ; 0          ; 0    ; 0            ; |Calculator|Multiplier:pro|FAdder_32bit:u7|FAdder:u0|FAdder_4bit:u2|FAdder_1bit:u2                    ; FAdder_1bit  ; work         ;
;                |FAdder_1bit:u3|       ; 1.0 (1.0)            ; 1.0 (1.0)                        ; 0.0 (0.0)                                         ; 0.0 (0.0)                        ; 0.0 (0.0)            ; 2 (2)               ; 0 (0)                     ; 0 (0)         ; 0                 ; 0     ; 0          ; 0    ; 0            ; |Calculator|Multiplier:pro|FAdder_32bit:u7|FAdder:u0|FAdder_4bit:u2|FAdder_1bit:u3                    ; FAdder_1bit  ; work         ;
;             |FAdder_4bit:u3|          ; 3.5 (0.0)            ; 3.5 (0.0)                        ; 0.0 (0.0)                                         ; 0.0 (0.0)                        ; 0.0 (0.0)            ; 8 (0)               ; 0 (0)                     ; 0 (0)         ; 0                 ; 0     ; 0          ; 0    ; 0            ; |Calculator|Multiplier:pro|FAdder_32bit:u7|FAdder:u0|FAdder_4bit:u3                                   ; FAdder_4bit  ; work         ;
;                |FAdder_1bit:u0|       ; 1.0 (1.0)            ; 1.0 (1.0)                        ; 0.0 (0.0)                                         ; 0.0 (0.0)                        ; 0.0 (0.0)            ; 2 (2)               ; 0 (0)                     ; 0 (0)         ; 0                 ; 0     ; 0          ; 0    ; 0            ; |Calculator|Multiplier:pro|FAdder_32bit:u7|FAdder:u0|FAdder_4bit:u3|FAdder_1bit:u0                    ; FAdder_1bit  ; work         ;
;                |FAdder_1bit:u1|       ; 1.0 (1.0)            ; 1.0 (1.0)                        ; 0.0 (0.0)                                         ; 0.0 (0.0)                        ; 0.0 (0.0)            ; 2 (2)               ; 0 (0)                     ; 0 (0)         ; 0                 ; 0     ; 0          ; 0    ; 0            ; |Calculator|Multiplier:pro|FAdder_32bit:u7|FAdder:u0|FAdder_4bit:u3|FAdder_1bit:u1                    ; FAdder_1bit  ; work         ;
;                |FAdder_1bit:u2|       ; 1.0 (1.0)            ; 1.0 (1.0)                        ; 0.0 (0.0)                                         ; 0.0 (0.0)                        ; 0.0 (0.0)            ; 2 (2)               ; 0 (0)                     ; 0 (0)         ; 0                 ; 0     ; 0          ; 0    ; 0            ; |Calculator|Multiplier:pro|FAdder_32bit:u7|FAdder:u0|FAdder_4bit:u3|FAdder_1bit:u2                    ; FAdder_1bit  ; work         ;
;                |FAdder_1bit:u3|       ; 0.5 (0.5)            ; 0.5 (0.5)                        ; 0.0 (0.0)                                         ; 0.0 (0.0)                        ; 0.0 (0.0)            ; 2 (2)               ; 0 (0)                     ; 0 (0)         ; 0                 ; 0     ; 0          ; 0    ; 0            ; |Calculator|Multiplier:pro|FAdder_32bit:u7|FAdder:u0|FAdder_4bit:u3|FAdder_1bit:u3                    ; FAdder_1bit  ; work         ;
;          |FAdder:u1|                  ; 14.0 (0.0)           ; 14.0 (0.0)                       ; 0.0 (0.0)                                         ; 0.0 (0.0)                        ; 0.0 (0.0)            ; 28 (0)              ; 0 (0)                     ; 0 (0)         ; 0                 ; 0     ; 0          ; 0    ; 0            ; |Calculator|Multiplier:pro|FAdder_32bit:u7|FAdder:u1                                                  ; FAdder       ; work         ;
;             |FAdder_4bit:u0|          ; 4.0 (0.0)            ; 4.0 (0.0)                        ; 0.0 (0.0)                                         ; 0.0 (0.0)                        ; 0.0 (0.0)            ; 8 (0)               ; 0 (0)                     ; 0 (0)         ; 0                 ; 0     ; 0          ; 0    ; 0            ; |Calculator|Multiplier:pro|FAdder_32bit:u7|FAdder:u1|FAdder_4bit:u0                                   ; FAdder_4bit  ; work         ;
;                |FAdder_1bit:u0|       ; 1.0 (1.0)            ; 1.0 (1.0)                        ; 0.0 (0.0)                                         ; 0.0 (0.0)                        ; 0.0 (0.0)            ; 2 (2)               ; 0 (0)                     ; 0 (0)         ; 0                 ; 0     ; 0          ; 0    ; 0            ; |Calculator|Multiplier:pro|FAdder_32bit:u7|FAdder:u1|FAdder_4bit:u0|FAdder_1bit:u0                    ; FAdder_1bit  ; work         ;
;                |FAdder_1bit:u1|       ; 1.0 (1.0)            ; 1.0 (1.0)                        ; 0.0 (0.0)                                         ; 0.0 (0.0)                        ; 0.0 (0.0)            ; 2 (2)               ; 0 (0)                     ; 0 (0)         ; 0                 ; 0     ; 0          ; 0    ; 0            ; |Calculator|Multiplier:pro|FAdder_32bit:u7|FAdder:u1|FAdder_4bit:u0|FAdder_1bit:u1                    ; FAdder_1bit  ; work         ;
;                |FAdder_1bit:u2|       ; 1.0 (1.0)            ; 1.0 (1.0)                        ; 0.0 (0.0)                                         ; 0.0 (0.0)                        ; 0.0 (0.0)            ; 2 (2)               ; 0 (0)                     ; 0 (0)         ; 0                 ; 0     ; 0          ; 0    ; 0            ; |Calculator|Multiplier:pro|FAdder_32bit:u7|FAdder:u1|FAdder_4bit:u0|FAdder_1bit:u2                    ; FAdder_1bit  ; work         ;
;                |FAdder_1bit:u3|       ; 1.0 (1.0)            ; 1.0 (1.0)                        ; 0.0 (0.0)                                         ; 0.0 (0.0)                        ; 0.0 (0.0)            ; 2 (2)               ; 0 (0)                     ; 0 (0)         ; 0                 ; 0     ; 0          ; 0    ; 0            ; |Calculator|Multiplier:pro|FAdder_32bit:u7|FAdder:u1|FAdder_4bit:u0|FAdder_1bit:u3                    ; FAdder_1bit  ; work         ;
;             |FAdder_4bit:u1|          ; 4.0 (0.0)            ; 4.0 (0.0)                        ; 0.0 (0.0)                                         ; 0.0 (0.0)                        ; 0.0 (0.0)            ; 8 (0)               ; 0 (0)                     ; 0 (0)         ; 0                 ; 0     ; 0          ; 0    ; 0            ; |Calculator|Multiplier:pro|FAdder_32bit:u7|FAdder:u1|FAdder_4bit:u1                                   ; FAdder_4bit  ; work         ;
;                |FAdder_1bit:u0|       ; 1.0 (1.0)            ; 1.0 (1.0)                        ; 0.0 (0.0)                                         ; 0.0 (0.0)                        ; 0.0 (0.0)            ; 2 (2)               ; 0 (0)                     ; 0 (0)         ; 0                 ; 0     ; 0          ; 0    ; 0            ; |Calculator|Multiplier:pro|FAdder_32bit:u7|FAdder:u1|FAdder_4bit:u1|FAdder_1bit:u0                    ; FAdder_1bit  ; work         ;
;                |FAdder_1bit:u1|       ; 1.0 (1.0)            ; 1.0 (1.0)                        ; 0.0 (0.0)                                         ; 0.0 (0.0)                        ; 0.0 (0.0)            ; 2 (2)               ; 0 (0)                     ; 0 (0)         ; 0                 ; 0     ; 0          ; 0    ; 0            ; |Calculator|Multiplier:pro|FAdder_32bit:u7|FAdder:u1|FAdder_4bit:u1|FAdder_1bit:u1                    ; FAdder_1bit  ; work         ;
;                |FAdder_1bit:u2|       ; 1.0 (1.0)            ; 1.0 (1.0)                        ; 0.0 (0.0)                                         ; 0.0 (0.0)                        ; 0.0 (0.0)            ; 2 (2)               ; 0 (0)                     ; 0 (0)         ; 0                 ; 0     ; 0          ; 0    ; 0            ; |Calculator|Multiplier:pro|FAdder_32bit:u7|FAdder:u1|FAdder_4bit:u1|FAdder_1bit:u2                    ; FAdder_1bit  ; work         ;
;                |FAdder_1bit:u3|       ; 1.0 (1.0)            ; 1.0 (1.0)                        ; 0.0 (0.0)                                         ; 0.0 (0.0)                        ; 0.0 (0.0)            ; 2 (2)               ; 0 (0)                     ; 0 (0)         ; 0                 ; 0     ; 0          ; 0    ; 0            ; |Calculator|Multiplier:pro|FAdder_32bit:u7|FAdder:u1|FAdder_4bit:u1|FAdder_1bit:u3                    ; FAdder_1bit  ; work         ;
;             |FAdder_4bit:u2|          ; 4.0 (0.0)            ; 4.0 (0.0)                        ; 0.0 (0.0)                                         ; 0.0 (0.0)                        ; 0.0 (0.0)            ; 8 (0)               ; 0 (0)                     ; 0 (0)         ; 0                 ; 0     ; 0          ; 0    ; 0            ; |Calculator|Multiplier:pro|FAdder_32bit:u7|FAdder:u1|FAdder_4bit:u2                                   ; FAdder_4bit  ; work         ;
;                |FAdder_1bit:u0|       ; 1.0 (1.0)            ; 1.0 (1.0)                        ; 0.0 (0.0)                                         ; 0.0 (0.0)                        ; 0.0 (0.0)            ; 2 (2)               ; 0 (0)                     ; 0 (0)         ; 0                 ; 0     ; 0          ; 0    ; 0            ; |Calculator|Multiplier:pro|FAdder_32bit:u7|FAdder:u1|FAdder_4bit:u2|FAdder_1bit:u0                    ; FAdder_1bit  ; work         ;
;                |FAdder_1bit:u1|       ; 1.0 (1.0)            ; 1.0 (1.0)                        ; 0.0 (0.0)                                         ; 0.0 (0.0)                        ; 0.0 (0.0)            ; 2 (2)               ; 0 (0)                     ; 0 (0)         ; 0                 ; 0     ; 0          ; 0    ; 0            ; |Calculator|Multiplier:pro|FAdder_32bit:u7|FAdder:u1|FAdder_4bit:u2|FAdder_1bit:u1                    ; FAdder_1bit  ; work         ;
;                |FAdder_1bit:u2|       ; 1.0 (1.0)            ; 1.0 (1.0)                        ; 0.0 (0.0)                                         ; 0.0 (0.0)                        ; 0.0 (0.0)            ; 2 (2)               ; 0 (0)                     ; 0 (0)         ; 0                 ; 0     ; 0          ; 0    ; 0            ; |Calculator|Multiplier:pro|FAdder_32bit:u7|FAdder:u1|FAdder_4bit:u2|FAdder_1bit:u2                    ; FAdder_1bit  ; work         ;
;                |FAdder_1bit:u3|       ; 1.0 (1.0)            ; 1.0 (1.0)                        ; 0.0 (0.0)                                         ; 0.0 (0.0)                        ; 0.0 (0.0)            ; 2 (2)               ; 0 (0)                     ; 0 (0)         ; 0                 ; 0     ; 0          ; 0    ; 0            ; |Calculator|Multiplier:pro|FAdder_32bit:u7|FAdder:u1|FAdder_4bit:u2|FAdder_1bit:u3                    ; FAdder_1bit  ; work         ;
;             |FAdder_4bit:u3|          ; 2.0 (0.0)            ; 2.0 (0.0)                        ; 0.0 (0.0)                                         ; 0.0 (0.0)                        ; 0.0 (0.0)            ; 4 (0)               ; 0 (0)                     ; 0 (0)         ; 0                 ; 0     ; 0          ; 0    ; 0            ; |Calculator|Multiplier:pro|FAdder_32bit:u7|FAdder:u1|FAdder_4bit:u3                                   ; FAdder_4bit  ; work         ;
;                |FAdder_1bit:u0|       ; 1.0 (1.0)            ; 1.0 (1.0)                        ; 0.0 (0.0)                                         ; 0.0 (0.0)                        ; 0.0 (0.0)            ; 2 (2)               ; 0 (0)                     ; 0 (0)         ; 0                 ; 0     ; 0          ; 0    ; 0            ; |Calculator|Multiplier:pro|FAdder_32bit:u7|FAdder:u1|FAdder_4bit:u3|FAdder_1bit:u0                    ; FAdder_1bit  ; work         ;
;                |FAdder_1bit:u1|       ; 1.0 (1.0)            ; 1.0 (1.0)                        ; 0.0 (0.0)                                         ; 0.0 (0.0)                        ; 0.0 (0.0)            ; 2 (2)               ; 0 (0)                     ; 0 (0)         ; 0                 ; 0     ; 0          ; 0    ; 0            ; |Calculator|Multiplier:pro|FAdder_32bit:u7|FAdder:u1|FAdder_4bit:u3|FAdder_1bit:u1                    ; FAdder_1bit  ; work         ;
;       |FAdder_32bit:v3|               ; 14.0 (0.0)           ; 14.0 (0.0)                       ; 0.0 (0.0)                                         ; 0.0 (0.0)                        ; 0.0 (0.0)            ; 28 (0)              ; 0 (0)                     ; 0 (0)         ; 0                 ; 0     ; 0          ; 0    ; 0            ; |Calculator|Multiplier:pro|FAdder_32bit:v3                                                            ; FAdder_32bit ; work         ;
;          |FAdder:u0|                  ; 7.0 (0.0)            ; 7.0 (0.0)                        ; 0.0 (0.0)                                         ; 0.0 (0.0)                        ; 0.0 (0.0)            ; 14 (0)              ; 0 (0)                     ; 0 (0)         ; 0                 ; 0     ; 0          ; 0    ; 0            ; |Calculator|Multiplier:pro|FAdder_32bit:v3|FAdder:u0                                                  ; FAdder       ; work         ;
;             |FAdder_4bit:u0|          ; 1.5 (0.0)            ; 1.5 (0.0)                        ; 0.0 (0.0)                                         ; 0.0 (0.0)                        ; 0.0 (0.0)            ; 3 (0)               ; 0 (0)                     ; 0 (0)         ; 0                 ; 0     ; 0          ; 0    ; 0            ; |Calculator|Multiplier:pro|FAdder_32bit:v3|FAdder:u0|FAdder_4bit:u0                                   ; FAdder_4bit  ; work         ;
;                |FAdder_1bit:u1|       ; 0.5 (0.5)            ; 0.5 (0.5)                        ; 0.0 (0.0)                                         ; 0.0 (0.0)                        ; 0.0 (0.0)            ; 1 (1)               ; 0 (0)                     ; 0 (0)         ; 0                 ; 0     ; 0          ; 0    ; 0            ; |Calculator|Multiplier:pro|FAdder_32bit:v3|FAdder:u0|FAdder_4bit:u0|FAdder_1bit:u1                    ; FAdder_1bit  ; work         ;
;                |FAdder_1bit:u2|       ; 0.5 (0.5)            ; 0.5 (0.5)                        ; 0.0 (0.0)                                         ; 0.0 (0.0)                        ; 0.0 (0.0)            ; 1 (1)               ; 0 (0)                     ; 0 (0)         ; 0                 ; 0     ; 0          ; 0    ; 0            ; |Calculator|Multiplier:pro|FAdder_32bit:v3|FAdder:u0|FAdder_4bit:u0|FAdder_1bit:u2                    ; FAdder_1bit  ; work         ;
;                |FAdder_1bit:u3|       ; 0.5 (0.5)            ; 0.5 (0.5)                        ; 0.0 (0.0)                                         ; 0.0 (0.0)                        ; 0.0 (0.0)            ; 1 (1)               ; 0 (0)                     ; 0 (0)         ; 0                 ; 0     ; 0          ; 0    ; 0            ; |Calculator|Multiplier:pro|FAdder_32bit:v3|FAdder:u0|FAdder_4bit:u0|FAdder_1bit:u3                    ; FAdder_1bit  ; work         ;
;             |FAdder_4bit:u1|          ; 2.0 (0.0)            ; 2.0 (0.0)                        ; 0.0 (0.0)                                         ; 0.0 (0.0)                        ; 0.0 (0.0)            ; 4 (0)               ; 0 (0)                     ; 0 (0)         ; 0                 ; 0     ; 0          ; 0    ; 0            ; |Calculator|Multiplier:pro|FAdder_32bit:v3|FAdder:u0|FAdder_4bit:u1                                   ; FAdder_4bit  ; work         ;
;                |FAdder_1bit:u0|       ; 0.5 (0.5)            ; 0.5 (0.5)                        ; 0.0 (0.0)                                         ; 0.0 (0.0)                        ; 0.0 (0.0)            ; 1 (1)               ; 0 (0)                     ; 0 (0)         ; 0                 ; 0     ; 0          ; 0    ; 0            ; |Calculator|Multiplier:pro|FAdder_32bit:v3|FAdder:u0|FAdder_4bit:u1|FAdder_1bit:u0                    ; FAdder_1bit  ; work         ;
;                |FAdder_1bit:u1|       ; 0.5 (0.5)            ; 0.5 (0.5)                        ; 0.0 (0.0)                                         ; 0.0 (0.0)                        ; 0.0 (0.0)            ; 1 (1)               ; 0 (0)                     ; 0 (0)         ; 0                 ; 0     ; 0          ; 0    ; 0            ; |Calculator|Multiplier:pro|FAdder_32bit:v3|FAdder:u0|FAdder_4bit:u1|FAdder_1bit:u1                    ; FAdder_1bit  ; work         ;
;                |FAdder_1bit:u2|       ; 0.5 (0.5)            ; 0.5 (0.5)                        ; 0.0 (0.0)                                         ; 0.0 (0.0)                        ; 0.0 (0.0)            ; 1 (1)               ; 0 (0)                     ; 0 (0)         ; 0                 ; 0     ; 0          ; 0    ; 0            ; |Calculator|Multiplier:pro|FAdder_32bit:v3|FAdder:u0|FAdder_4bit:u1|FAdder_1bit:u2                    ; FAdder_1bit  ; work         ;
;                |FAdder_1bit:u3|       ; 0.5 (0.5)            ; 0.5 (0.5)                        ; 0.0 (0.0)                                         ; 0.0 (0.0)                        ; 0.0 (0.0)            ; 1 (1)               ; 0 (0)                     ; 0 (0)         ; 0                 ; 0     ; 0          ; 0    ; 0            ; |Calculator|Multiplier:pro|FAdder_32bit:v3|FAdder:u0|FAdder_4bit:u1|FAdder_1bit:u3                    ; FAdder_1bit  ; work         ;
;             |FAdder_4bit:u2|          ; 2.0 (0.0)            ; 2.0 (0.0)                        ; 0.0 (0.0)                                         ; 0.0 (0.0)                        ; 0.0 (0.0)            ; 4 (0)               ; 0 (0)                     ; 0 (0)         ; 0                 ; 0     ; 0          ; 0    ; 0            ; |Calculator|Multiplier:pro|FAdder_32bit:v3|FAdder:u0|FAdder_4bit:u2                                   ; FAdder_4bit  ; work         ;
;                |FAdder_1bit:u0|       ; 0.5 (0.5)            ; 0.5 (0.5)                        ; 0.0 (0.0)                                         ; 0.0 (0.0)                        ; 0.0 (0.0)            ; 1 (1)               ; 0 (0)                     ; 0 (0)         ; 0                 ; 0     ; 0          ; 0    ; 0            ; |Calculator|Multiplier:pro|FAdder_32bit:v3|FAdder:u0|FAdder_4bit:u2|FAdder_1bit:u0                    ; FAdder_1bit  ; work         ;
;                |FAdder_1bit:u1|       ; 0.5 (0.5)            ; 0.5 (0.5)                        ; 0.0 (0.0)                                         ; 0.0 (0.0)                        ; 0.0 (0.0)            ; 1 (1)               ; 0 (0)                     ; 0 (0)         ; 0                 ; 0     ; 0          ; 0    ; 0            ; |Calculator|Multiplier:pro|FAdder_32bit:v3|FAdder:u0|FAdder_4bit:u2|FAdder_1bit:u1                    ; FAdder_1bit  ; work         ;
;                |FAdder_1bit:u2|       ; 0.5 (0.5)            ; 0.5 (0.5)                        ; 0.0 (0.0)                                         ; 0.0 (0.0)                        ; 0.0 (0.0)            ; 1 (1)               ; 0 (0)                     ; 0 (0)         ; 0                 ; 0     ; 0          ; 0    ; 0            ; |Calculator|Multiplier:pro|FAdder_32bit:v3|FAdder:u0|FAdder_4bit:u2|FAdder_1bit:u2                    ; FAdder_1bit  ; work         ;
;                |FAdder_1bit:u3|       ; 0.5 (0.5)            ; 0.5 (0.5)                        ; 0.0 (0.0)                                         ; 0.0 (0.0)                        ; 0.0 (0.0)            ; 1 (1)               ; 0 (0)                     ; 0 (0)         ; 0                 ; 0     ; 0          ; 0    ; 0            ; |Calculator|Multiplier:pro|FAdder_32bit:v3|FAdder:u0|FAdder_4bit:u2|FAdder_1bit:u3                    ; FAdder_1bit  ; work         ;
;             |FAdder_4bit:u3|          ; 1.5 (0.0)            ; 1.5 (0.0)                        ; 0.0 (0.0)                                         ; 0.0 (0.0)                        ; 0.0 (0.0)            ; 3 (0)               ; 0 (0)                     ; 0 (0)         ; 0                 ; 0     ; 0          ; 0    ; 0            ; |Calculator|Multiplier:pro|FAdder_32bit:v3|FAdder:u0|FAdder_4bit:u3                                   ; FAdder_4bit  ; work         ;
;                |FAdder_1bit:u0|       ; 0.5 (0.5)            ; 0.5 (0.5)                        ; 0.0 (0.0)                                         ; 0.0 (0.0)                        ; 0.0 (0.0)            ; 1 (1)               ; 0 (0)                     ; 0 (0)         ; 0                 ; 0     ; 0          ; 0    ; 0            ; |Calculator|Multiplier:pro|FAdder_32bit:v3|FAdder:u0|FAdder_4bit:u3|FAdder_1bit:u0                    ; FAdder_1bit  ; work         ;
;                |FAdder_1bit:u1|       ; 0.5 (0.5)            ; 0.5 (0.5)                        ; 0.0 (0.0)                                         ; 0.0 (0.0)                        ; 0.0 (0.0)            ; 1 (1)               ; 0 (0)                     ; 0 (0)         ; 0                 ; 0     ; 0          ; 0    ; 0            ; |Calculator|Multiplier:pro|FAdder_32bit:v3|FAdder:u0|FAdder_4bit:u3|FAdder_1bit:u1                    ; FAdder_1bit  ; work         ;
;                |FAdder_1bit:u3|       ; 0.5 (0.5)            ; 0.5 (0.5)                        ; 0.0 (0.0)                                         ; 0.0 (0.0)                        ; 0.0 (0.0)            ; 1 (1)               ; 0 (0)                     ; 0 (0)         ; 0                 ; 0     ; 0          ; 0    ; 0            ; |Calculator|Multiplier:pro|FAdder_32bit:v3|FAdder:u0|FAdder_4bit:u3|FAdder_1bit:u3                    ; FAdder_1bit  ; work         ;
;          |FAdder:u1|                  ; 7.0 (0.0)            ; 7.0 (0.0)                        ; 0.0 (0.0)                                         ; 0.0 (0.0)                        ; 0.0 (0.0)            ; 14 (0)              ; 0 (0)                     ; 0 (0)         ; 0                 ; 0     ; 0          ; 0    ; 0            ; |Calculator|Multiplier:pro|FAdder_32bit:v3|FAdder:u1                                                  ; FAdder       ; work         ;
;             |FAdder_4bit:u0|          ; 2.0 (0.0)            ; 2.0 (0.0)                        ; 0.0 (0.0)                                         ; 0.0 (0.0)                        ; 0.0 (0.0)            ; 4 (0)               ; 0 (0)                     ; 0 (0)         ; 0                 ; 0     ; 0          ; 0    ; 0            ; |Calculator|Multiplier:pro|FAdder_32bit:v3|FAdder:u1|FAdder_4bit:u0                                   ; FAdder_4bit  ; work         ;
;                |FAdder_1bit:u0|       ; 0.5 (0.5)            ; 0.5 (0.5)                        ; 0.0 (0.0)                                         ; 0.0 (0.0)                        ; 0.0 (0.0)            ; 1 (1)               ; 0 (0)                     ; 0 (0)         ; 0                 ; 0     ; 0          ; 0    ; 0            ; |Calculator|Multiplier:pro|FAdder_32bit:v3|FAdder:u1|FAdder_4bit:u0|FAdder_1bit:u0                    ; FAdder_1bit  ; work         ;
;                |FAdder_1bit:u1|       ; 0.5 (0.5)            ; 0.5 (0.5)                        ; 0.0 (0.0)                                         ; 0.0 (0.0)                        ; 0.0 (0.0)            ; 1 (1)               ; 0 (0)                     ; 0 (0)         ; 0                 ; 0     ; 0          ; 0    ; 0            ; |Calculator|Multiplier:pro|FAdder_32bit:v3|FAdder:u1|FAdder_4bit:u0|FAdder_1bit:u1                    ; FAdder_1bit  ; work         ;
;                |FAdder_1bit:u2|       ; 0.5 (0.5)            ; 0.5 (0.5)                        ; 0.0 (0.0)                                         ; 0.0 (0.0)                        ; 0.0 (0.0)            ; 1 (1)               ; 0 (0)                     ; 0 (0)         ; 0                 ; 0     ; 0          ; 0    ; 0            ; |Calculator|Multiplier:pro|FAdder_32bit:v3|FAdder:u1|FAdder_4bit:u0|FAdder_1bit:u2                    ; FAdder_1bit  ; work         ;
;                |FAdder_1bit:u3|       ; 0.5 (0.5)            ; 0.5 (0.5)                        ; 0.0 (0.0)                                         ; 0.0 (0.0)                        ; 0.0 (0.0)            ; 1 (1)               ; 0 (0)                     ; 0 (0)         ; 0                 ; 0     ; 0          ; 0    ; 0            ; |Calculator|Multiplier:pro|FAdder_32bit:v3|FAdder:u1|FAdder_4bit:u0|FAdder_1bit:u3                    ; FAdder_1bit  ; work         ;
;             |FAdder_4bit:u1|          ; 2.0 (0.0)            ; 2.0 (0.0)                        ; 0.0 (0.0)                                         ; 0.0 (0.0)                        ; 0.0 (0.0)            ; 4 (0)               ; 0 (0)                     ; 0 (0)         ; 0                 ; 0     ; 0          ; 0    ; 0            ; |Calculator|Multiplier:pro|FAdder_32bit:v3|FAdder:u1|FAdder_4bit:u1                                   ; FAdder_4bit  ; work         ;
;                |FAdder_1bit:u0|       ; 0.5 (0.5)            ; 0.5 (0.5)                        ; 0.0 (0.0)                                         ; 0.0 (0.0)                        ; 0.0 (0.0)            ; 1 (1)               ; 0 (0)                     ; 0 (0)         ; 0                 ; 0     ; 0          ; 0    ; 0            ; |Calculator|Multiplier:pro|FAdder_32bit:v3|FAdder:u1|FAdder_4bit:u1|FAdder_1bit:u0                    ; FAdder_1bit  ; work         ;
;                |FAdder_1bit:u1|       ; 0.5 (0.5)            ; 0.5 (0.5)                        ; 0.0 (0.0)                                         ; 0.0 (0.0)                        ; 0.0 (0.0)            ; 1 (1)               ; 0 (0)                     ; 0 (0)         ; 0                 ; 0     ; 0          ; 0    ; 0            ; |Calculator|Multiplier:pro|FAdder_32bit:v3|FAdder:u1|FAdder_4bit:u1|FAdder_1bit:u1                    ; FAdder_1bit  ; work         ;
;                |FAdder_1bit:u2|       ; 0.5 (0.5)            ; 0.5 (0.5)                        ; 0.0 (0.0)                                         ; 0.0 (0.0)                        ; 0.0 (0.0)            ; 1 (1)               ; 0 (0)                     ; 0 (0)         ; 0                 ; 0     ; 0          ; 0    ; 0            ; |Calculator|Multiplier:pro|FAdder_32bit:v3|FAdder:u1|FAdder_4bit:u1|FAdder_1bit:u2                    ; FAdder_1bit  ; work         ;
;                |FAdder_1bit:u3|       ; 0.5 (0.5)            ; 0.5 (0.5)                        ; 0.0 (0.0)                                         ; 0.0 (0.0)                        ; 0.0 (0.0)            ; 1 (1)               ; 0 (0)                     ; 0 (0)         ; 0                 ; 0     ; 0          ; 0    ; 0            ; |Calculator|Multiplier:pro|FAdder_32bit:v3|FAdder:u1|FAdder_4bit:u1|FAdder_1bit:u3                    ; FAdder_1bit  ; work         ;
;             |FAdder_4bit:u2|          ; 2.0 (0.0)            ; 2.0 (0.0)                        ; 0.0 (0.0)                                         ; 0.0 (0.0)                        ; 0.0 (0.0)            ; 4 (0)               ; 0 (0)                     ; 0 (0)         ; 0                 ; 0     ; 0          ; 0    ; 0            ; |Calculator|Multiplier:pro|FAdder_32bit:v3|FAdder:u1|FAdder_4bit:u2                                   ; FAdder_4bit  ; work         ;
;                |FAdder_1bit:u0|       ; 0.5 (0.5)            ; 0.5 (0.5)                        ; 0.0 (0.0)                                         ; 0.0 (0.0)                        ; 0.0 (0.0)            ; 1 (1)               ; 0 (0)                     ; 0 (0)         ; 0                 ; 0     ; 0          ; 0    ; 0            ; |Calculator|Multiplier:pro|FAdder_32bit:v3|FAdder:u1|FAdder_4bit:u2|FAdder_1bit:u0                    ; FAdder_1bit  ; work         ;
;                |FAdder_1bit:u1|       ; 0.5 (0.5)            ; 0.5 (0.5)                        ; 0.0 (0.0)                                         ; 0.0 (0.0)                        ; 0.0 (0.0)            ; 1 (1)               ; 0 (0)                     ; 0 (0)         ; 0                 ; 0     ; 0          ; 0    ; 0            ; |Calculator|Multiplier:pro|FAdder_32bit:v3|FAdder:u1|FAdder_4bit:u2|FAdder_1bit:u1                    ; FAdder_1bit  ; work         ;
;                |FAdder_1bit:u2|       ; 0.5 (0.5)            ; 0.5 (0.5)                        ; 0.0 (0.0)                                         ; 0.0 (0.0)                        ; 0.0 (0.0)            ; 1 (1)               ; 0 (0)                     ; 0 (0)         ; 0                 ; 0     ; 0          ; 0    ; 0            ; |Calculator|Multiplier:pro|FAdder_32bit:v3|FAdder:u1|FAdder_4bit:u2|FAdder_1bit:u2                    ; FAdder_1bit  ; work         ;
;                |FAdder_1bit:u3|       ; 0.5 (0.5)            ; 0.5 (0.5)                        ; 0.0 (0.0)                                         ; 0.0 (0.0)                        ; 0.0 (0.0)            ; 1 (1)               ; 0 (0)                     ; 0 (0)         ; 0                 ; 0     ; 0          ; 0    ; 0            ; |Calculator|Multiplier:pro|FAdder_32bit:v3|FAdder:u1|FAdder_4bit:u2|FAdder_1bit:u3                    ; FAdder_1bit  ; work         ;
;             |FAdder_4bit:u3|          ; 1.0 (0.0)            ; 1.0 (0.0)                        ; 0.0 (0.0)                                         ; 0.0 (0.0)                        ; 0.0 (0.0)            ; 2 (0)               ; 0 (0)                     ; 0 (0)         ; 0                 ; 0     ; 0          ; 0    ; 0            ; |Calculator|Multiplier:pro|FAdder_32bit:v3|FAdder:u1|FAdder_4bit:u3                                   ; FAdder_4bit  ; work         ;
;                |FAdder_1bit:u0|       ; 0.5 (0.5)            ; 0.5 (0.5)                        ; 0.0 (0.0)                                         ; 0.0 (0.0)                        ; 0.0 (0.0)            ; 1 (1)               ; 0 (0)                     ; 0 (0)         ; 0                 ; 0     ; 0          ; 0    ; 0            ; |Calculator|Multiplier:pro|FAdder_32bit:v3|FAdder:u1|FAdder_4bit:u3|FAdder_1bit:u0                    ; FAdder_1bit  ; work         ;
;                |FAdder_1bit:u1|       ; 0.5 (0.5)            ; 0.5 (0.5)                        ; 0.0 (0.0)                                         ; 0.0 (0.0)                        ; 0.0 (0.0)            ; 1 (1)               ; 0 (0)                     ; 0 (0)         ; 0                 ; 0     ; 0          ; 0    ; 0            ; |Calculator|Multiplier:pro|FAdder_32bit:v3|FAdder:u1|FAdder_4bit:u3|FAdder_1bit:u1                    ; FAdder_1bit  ; work         ;
;       |Mul_4bit:u1|                   ; 47.0 (0.0)           ; 48.0 (0.0)                       ; 1.0 (0.0)                                         ; 0.0 (0.0)                        ; 0.0 (0.0)            ; 94 (0)              ; 0 (0)                     ; 0 (0)         ; 0                 ; 0     ; 0          ; 0    ; 0            ; |Calculator|Multiplier:pro|Mul_4bit:u1                                                                ; Mul_4bit     ; work         ;
;          |altAdder:u3|                ; 16.0 (0.0)           ; 17.0 (0.0)                       ; 1.0 (0.0)                                         ; 0.0 (0.0)                        ; 0.0 (0.0)            ; 31 (0)              ; 0 (0)                     ; 0 (0)         ; 0                 ; 0     ; 0          ; 0    ; 0            ; |Calculator|Multiplier:pro|Mul_4bit:u1|altAdder:u3                                                    ; altAdder     ; work         ;
;             |FAdder:u1|               ; 16.0 (0.0)           ; 17.0 (0.0)                       ; 1.0 (0.0)                                         ; 0.0 (0.0)                        ; 0.0 (0.0)            ; 31 (0)              ; 0 (0)                     ; 0 (0)         ; 0                 ; 0     ; 0          ; 0    ; 0            ; |Calculator|Multiplier:pro|Mul_4bit:u1|altAdder:u3|FAdder:u1                                          ; FAdder       ; work         ;
;                |FAdder_4bit:u0|       ; 3.5 (0.0)            ; 3.5 (0.0)                        ; 0.0 (0.0)                                         ; 0.0 (0.0)                        ; 0.0 (0.0)            ; 7 (0)               ; 0 (0)                     ; 0 (0)         ; 0                 ; 0     ; 0          ; 0    ; 0            ; |Calculator|Multiplier:pro|Mul_4bit:u1|altAdder:u3|FAdder:u1|FAdder_4bit:u0                           ; FAdder_4bit  ; work         ;
;                   |FAdder_1bit:u0|    ; 0.5 (0.5)            ; 0.5 (0.5)                        ; 0.0 (0.0)                                         ; 0.0 (0.0)                        ; 0.0 (0.0)            ; 1 (1)               ; 0 (0)                     ; 0 (0)         ; 0                 ; 0     ; 0          ; 0    ; 0            ; |Calculator|Multiplier:pro|Mul_4bit:u1|altAdder:u3|FAdder:u1|FAdder_4bit:u0|FAdder_1bit:u0            ; FAdder_1bit  ; work         ;
;                   |FAdder_1bit:u1|    ; 1.0 (1.0)            ; 1.0 (1.0)                        ; 0.0 (0.0)                                         ; 0.0 (0.0)                        ; 0.0 (0.0)            ; 2 (2)               ; 0 (0)                     ; 0 (0)         ; 0                 ; 0     ; 0          ; 0    ; 0            ; |Calculator|Multiplier:pro|Mul_4bit:u1|altAdder:u3|FAdder:u1|FAdder_4bit:u0|FAdder_1bit:u1            ; FAdder_1bit  ; work         ;
;                   |FAdder_1bit:u2|    ; 1.0 (1.0)            ; 1.0 (1.0)                        ; 0.0 (0.0)                                         ; 0.0 (0.0)                        ; 0.0 (0.0)            ; 2 (2)               ; 0 (0)                     ; 0 (0)         ; 0                 ; 0     ; 0          ; 0    ; 0            ; |Calculator|Multiplier:pro|Mul_4bit:u1|altAdder:u3|FAdder:u1|FAdder_4bit:u0|FAdder_1bit:u2            ; FAdder_1bit  ; work         ;
;                   |FAdder_1bit:u3|    ; 1.0 (1.0)            ; 1.0 (1.0)                        ; 0.0 (0.0)                                         ; 0.0 (0.0)                        ; 0.0 (0.0)            ; 2 (2)               ; 0 (0)                     ; 0 (0)         ; 0                 ; 0     ; 0          ; 0    ; 0            ; |Calculator|Multiplier:pro|Mul_4bit:u1|altAdder:u3|FAdder:u1|FAdder_4bit:u0|FAdder_1bit:u3            ; FAdder_1bit  ; work         ;
;                |FAdder_4bit:u1|       ; 4.5 (0.0)            ; 5.5 (0.0)                        ; 1.0 (0.0)                                         ; 0.0 (0.0)                        ; 0.0 (0.0)            ; 8 (0)               ; 0 (0)                     ; 0 (0)         ; 0                 ; 0     ; 0          ; 0    ; 0            ; |Calculator|Multiplier:pro|Mul_4bit:u1|altAdder:u3|FAdder:u1|FAdder_4bit:u1                           ; FAdder_4bit  ; work         ;
;                   |FAdder_1bit:u0|    ; 1.5 (1.5)            ; 1.5 (1.5)                        ; 0.0 (0.0)                                         ; 0.0 (0.0)                        ; 0.0 (0.0)            ; 2 (2)               ; 0 (0)                     ; 0 (0)         ; 0                 ; 0     ; 0          ; 0    ; 0            ; |Calculator|Multiplier:pro|Mul_4bit:u1|altAdder:u3|FAdder:u1|FAdder_4bit:u1|FAdder_1bit:u0            ; FAdder_1bit  ; work         ;
;                   |FAdder_1bit:u1|    ; 1.0 (1.0)            ; 2.0 (2.0)                        ; 1.0 (1.0)                                         ; 0.0 (0.0)                        ; 0.0 (0.0)            ; 2 (2)               ; 0 (0)                     ; 0 (0)         ; 0                 ; 0     ; 0          ; 0    ; 0            ; |Calculator|Multiplier:pro|Mul_4bit:u1|altAdder:u3|FAdder:u1|FAdder_4bit:u1|FAdder_1bit:u1            ; FAdder_1bit  ; work         ;
;                   |FAdder_1bit:u2|    ; 1.0 (1.0)            ; 1.0 (1.0)                        ; 0.0 (0.0)                                         ; 0.0 (0.0)                        ; 0.0 (0.0)            ; 2 (2)               ; 0 (0)                     ; 0 (0)         ; 0                 ; 0     ; 0          ; 0    ; 0            ; |Calculator|Multiplier:pro|Mul_4bit:u1|altAdder:u3|FAdder:u1|FAdder_4bit:u1|FAdder_1bit:u2            ; FAdder_1bit  ; work         ;
;                   |FAdder_1bit:u3|    ; 1.0 (1.0)            ; 1.0 (1.0)                        ; 0.0 (0.0)                                         ; 0.0 (0.0)                        ; 0.0 (0.0)            ; 2 (2)               ; 0 (0)                     ; 0 (0)         ; 0                 ; 0     ; 0          ; 0    ; 0            ; |Calculator|Multiplier:pro|Mul_4bit:u1|altAdder:u3|FAdder:u1|FAdder_4bit:u1|FAdder_1bit:u3            ; FAdder_1bit  ; work         ;
;                |FAdder_4bit:u2|       ; 4.0 (0.0)            ; 4.0 (0.0)                        ; 0.0 (0.0)                                         ; 0.0 (0.0)                        ; 0.0 (0.0)            ; 8 (0)               ; 0 (0)                     ; 0 (0)         ; 0                 ; 0     ; 0          ; 0    ; 0            ; |Calculator|Multiplier:pro|Mul_4bit:u1|altAdder:u3|FAdder:u1|FAdder_4bit:u2                           ; FAdder_4bit  ; work         ;
;                   |FAdder_1bit:u0|    ; 1.0 (1.0)            ; 1.0 (1.0)                        ; 0.0 (0.0)                                         ; 0.0 (0.0)                        ; 0.0 (0.0)            ; 2 (2)               ; 0 (0)                     ; 0 (0)         ; 0                 ; 0     ; 0          ; 0    ; 0            ; |Calculator|Multiplier:pro|Mul_4bit:u1|altAdder:u3|FAdder:u1|FAdder_4bit:u2|FAdder_1bit:u0            ; FAdder_1bit  ; work         ;
;                   |FAdder_1bit:u1|    ; 1.0 (1.0)            ; 1.0 (1.0)                        ; 0.0 (0.0)                                         ; 0.0 (0.0)                        ; 0.0 (0.0)            ; 2 (2)               ; 0 (0)                     ; 0 (0)         ; 0                 ; 0     ; 0          ; 0    ; 0            ; |Calculator|Multiplier:pro|Mul_4bit:u1|altAdder:u3|FAdder:u1|FAdder_4bit:u2|FAdder_1bit:u1            ; FAdder_1bit  ; work         ;
;                   |FAdder_1bit:u2|    ; 1.0 (1.0)            ; 1.0 (1.0)                        ; 0.0 (0.0)                                         ; 0.0 (0.0)                        ; 0.0 (0.0)            ; 2 (2)               ; 0 (0)                     ; 0 (0)         ; 0                 ; 0     ; 0          ; 0    ; 0            ; |Calculator|Multiplier:pro|Mul_4bit:u1|altAdder:u3|FAdder:u1|FAdder_4bit:u2|FAdder_1bit:u2            ; FAdder_1bit  ; work         ;
;                   |FAdder_1bit:u3|    ; 1.0 (1.0)            ; 1.0 (1.0)                        ; 0.0 (0.0)                                         ; 0.0 (0.0)                        ; 0.0 (0.0)            ; 2 (2)               ; 0 (0)                     ; 0 (0)         ; 0                 ; 0     ; 0          ; 0    ; 0            ; |Calculator|Multiplier:pro|Mul_4bit:u1|altAdder:u3|FAdder:u1|FAdder_4bit:u2|FAdder_1bit:u3            ; FAdder_1bit  ; work         ;
;                |FAdder_4bit:u3|       ; 4.0 (0.0)            ; 4.0 (0.0)                        ; 0.0 (0.0)                                         ; 0.0 (0.0)                        ; 0.0 (0.0)            ; 8 (0)               ; 0 (0)                     ; 0 (0)         ; 0                 ; 0     ; 0          ; 0    ; 0            ; |Calculator|Multiplier:pro|Mul_4bit:u1|altAdder:u3|FAdder:u1|FAdder_4bit:u3                           ; FAdder_4bit  ; work         ;
;                   |FAdder_1bit:u0|    ; 1.0 (1.0)            ; 1.0 (1.0)                        ; 0.0 (0.0)                                         ; 0.0 (0.0)                        ; 0.0 (0.0)            ; 2 (2)               ; 0 (0)                     ; 0 (0)         ; 0                 ; 0     ; 0          ; 0    ; 0            ; |Calculator|Multiplier:pro|Mul_4bit:u1|altAdder:u3|FAdder:u1|FAdder_4bit:u3|FAdder_1bit:u0            ; FAdder_1bit  ; work         ;
;                   |FAdder_1bit:u1|    ; 1.0 (1.0)            ; 1.0 (1.0)                        ; 0.0 (0.0)                                         ; 0.0 (0.0)                        ; 0.0 (0.0)            ; 2 (2)               ; 0 (0)                     ; 0 (0)         ; 0                 ; 0     ; 0          ; 0    ; 0            ; |Calculator|Multiplier:pro|Mul_4bit:u1|altAdder:u3|FAdder:u1|FAdder_4bit:u3|FAdder_1bit:u1            ; FAdder_1bit  ; work         ;
;                   |FAdder_1bit:u2|    ; 0.5 (0.5)            ; 0.5 (0.5)                        ; 0.0 (0.0)                                         ; 0.0 (0.0)                        ; 0.0 (0.0)            ; 1 (1)               ; 0 (0)                     ; 0 (0)         ; 0                 ; 0     ; 0          ; 0    ; 0            ; |Calculator|Multiplier:pro|Mul_4bit:u1|altAdder:u3|FAdder:u1|FAdder_4bit:u3|FAdder_1bit:u2            ; FAdder_1bit  ; work         ;
;                   |FAdder_1bit:u3|    ; 1.5 (1.5)            ; 1.5 (1.5)                        ; 0.0 (0.0)                                         ; 0.0 (0.0)                        ; 0.0 (0.0)            ; 3 (3)               ; 0 (0)                     ; 0 (0)         ; 0                 ; 0     ; 0          ; 0    ; 0            ; |Calculator|Multiplier:pro|Mul_4bit:u1|altAdder:u3|FAdder:u1|FAdder_4bit:u3|FAdder_1bit:u3            ; FAdder_1bit  ; work         ;
;          |altAdder:u5|                ; 15.5 (0.0)           ; 15.5 (0.0)                       ; 0.0 (0.0)                                         ; 0.0 (0.0)                        ; 0.0 (0.0)            ; 31 (0)              ; 0 (0)                     ; 0 (0)         ; 0                 ; 0     ; 0          ; 0    ; 0            ; |Calculator|Multiplier:pro|Mul_4bit:u1|altAdder:u5                                                    ; altAdder     ; work         ;
;             |FAdder:u1|               ; 15.5 (0.0)           ; 15.5 (0.0)                       ; 0.0 (0.0)                                         ; 0.0 (0.0)                        ; 0.0 (0.0)            ; 31 (0)              ; 0 (0)                     ; 0 (0)         ; 0                 ; 0     ; 0          ; 0    ; 0            ; |Calculator|Multiplier:pro|Mul_4bit:u1|altAdder:u5|FAdder:u1                                          ; FAdder       ; work         ;
;                |FAdder_4bit:u0|       ; 3.5 (0.0)            ; 3.5 (0.0)                        ; 0.0 (0.0)                                         ; 0.0 (0.0)                        ; 0.0 (0.0)            ; 7 (0)               ; 0 (0)                     ; 0 (0)         ; 0                 ; 0     ; 0          ; 0    ; 0            ; |Calculator|Multiplier:pro|Mul_4bit:u1|altAdder:u5|FAdder:u1|FAdder_4bit:u0                           ; FAdder_4bit  ; work         ;
;                   |FAdder_1bit:u0|    ; 0.0 (0.0)            ; 0.0 (0.0)                        ; 0.0 (0.0)                                         ; 0.0 (0.0)                        ; 0.0 (0.0)            ; 1 (1)               ; 0 (0)                     ; 0 (0)         ; 0                 ; 0     ; 0          ; 0    ; 0            ; |Calculator|Multiplier:pro|Mul_4bit:u1|altAdder:u5|FAdder:u1|FAdder_4bit:u0|FAdder_1bit:u0            ; FAdder_1bit  ; work         ;
;                   |FAdder_1bit:u1|    ; 1.5 (1.5)            ; 1.5 (1.5)                        ; 0.0 (0.0)                                         ; 0.0 (0.0)                        ; 0.0 (0.0)            ; 2 (2)               ; 0 (0)                     ; 0 (0)         ; 0                 ; 0     ; 0          ; 0    ; 0            ; |Calculator|Multiplier:pro|Mul_4bit:u1|altAdder:u5|FAdder:u1|FAdder_4bit:u0|FAdder_1bit:u1            ; FAdder_1bit  ; work         ;
;                   |FAdder_1bit:u2|    ; 1.0 (1.0)            ; 1.0 (1.0)                        ; 0.0 (0.0)                                         ; 0.0 (0.0)                        ; 0.0 (0.0)            ; 2 (2)               ; 0 (0)                     ; 0 (0)         ; 0                 ; 0     ; 0          ; 0    ; 0            ; |Calculator|Multiplier:pro|Mul_4bit:u1|altAdder:u5|FAdder:u1|FAdder_4bit:u0|FAdder_1bit:u2            ; FAdder_1bit  ; work         ;
;                   |FAdder_1bit:u3|    ; 1.0 (1.0)            ; 1.0 (1.0)                        ; 0.0 (0.0)                                         ; 0.0 (0.0)                        ; 0.0 (0.0)            ; 2 (2)               ; 0 (0)                     ; 0 (0)         ; 0                 ; 0     ; 0          ; 0    ; 0            ; |Calculator|Multiplier:pro|Mul_4bit:u1|altAdder:u5|FAdder:u1|FAdder_4bit:u0|FAdder_1bit:u3            ; FAdder_1bit  ; work         ;
;                |FAdder_4bit:u1|       ; 4.0 (0.0)            ; 4.0 (0.0)                        ; 0.0 (0.0)                                         ; 0.0 (0.0)                        ; 0.0 (0.0)            ; 8 (0)               ; 0 (0)                     ; 0 (0)         ; 0                 ; 0     ; 0          ; 0    ; 0            ; |Calculator|Multiplier:pro|Mul_4bit:u1|altAdder:u5|FAdder:u1|FAdder_4bit:u1                           ; FAdder_4bit  ; work         ;
;                   |FAdder_1bit:u0|    ; 1.0 (1.0)            ; 1.0 (1.0)                        ; 0.0 (0.0)                                         ; 0.0 (0.0)                        ; 0.0 (0.0)            ; 2 (2)               ; 0 (0)                     ; 0 (0)         ; 0                 ; 0     ; 0          ; 0    ; 0            ; |Calculator|Multiplier:pro|Mul_4bit:u1|altAdder:u5|FAdder:u1|FAdder_4bit:u1|FAdder_1bit:u0            ; FAdder_1bit  ; work         ;
;                   |FAdder_1bit:u1|    ; 1.0 (1.0)            ; 1.0 (1.0)                        ; 0.0 (0.0)                                         ; 0.0 (0.0)                        ; 0.0 (0.0)            ; 2 (2)               ; 0 (0)                     ; 0 (0)         ; 0                 ; 0     ; 0          ; 0    ; 0            ; |Calculator|Multiplier:pro|Mul_4bit:u1|altAdder:u5|FAdder:u1|FAdder_4bit:u1|FAdder_1bit:u1            ; FAdder_1bit  ; work         ;
;                   |FAdder_1bit:u2|    ; 1.0 (1.0)            ; 1.0 (1.0)                        ; 0.0 (0.0)                                         ; 0.0 (0.0)                        ; 0.0 (0.0)            ; 2 (2)               ; 0 (0)                     ; 0 (0)         ; 0                 ; 0     ; 0          ; 0    ; 0            ; |Calculator|Multiplier:pro|Mul_4bit:u1|altAdder:u5|FAdder:u1|FAdder_4bit:u1|FAdder_1bit:u2            ; FAdder_1bit  ; work         ;
;                   |FAdder_1bit:u3|    ; 1.0 (1.0)            ; 1.0 (1.0)                        ; 0.0 (0.0)                                         ; 0.0 (0.0)                        ; 0.0 (0.0)            ; 2 (2)               ; 0 (0)                     ; 0 (0)         ; 0                 ; 0     ; 0          ; 0    ; 0            ; |Calculator|Multiplier:pro|Mul_4bit:u1|altAdder:u5|FAdder:u1|FAdder_4bit:u1|FAdder_1bit:u3            ; FAdder_1bit  ; work         ;
;                |FAdder_4bit:u2|       ; 4.0 (0.0)            ; 4.0 (0.0)                        ; 0.0 (0.0)                                         ; 0.0 (0.0)                        ; 0.0 (0.0)            ; 8 (0)               ; 0 (0)                     ; 0 (0)         ; 0                 ; 0     ; 0          ; 0    ; 0            ; |Calculator|Multiplier:pro|Mul_4bit:u1|altAdder:u5|FAdder:u1|FAdder_4bit:u2                           ; FAdder_4bit  ; work         ;
;                   |FAdder_1bit:u0|    ; 1.0 (1.0)            ; 1.0 (1.0)                        ; 0.0 (0.0)                                         ; 0.0 (0.0)                        ; 0.0 (0.0)            ; 2 (2)               ; 0 (0)                     ; 0 (0)         ; 0                 ; 0     ; 0          ; 0    ; 0            ; |Calculator|Multiplier:pro|Mul_4bit:u1|altAdder:u5|FAdder:u1|FAdder_4bit:u2|FAdder_1bit:u0            ; FAdder_1bit  ; work         ;
;                   |FAdder_1bit:u1|    ; 1.0 (1.0)            ; 1.0 (1.0)                        ; 0.0 (0.0)                                         ; 0.0 (0.0)                        ; 0.0 (0.0)            ; 2 (2)               ; 0 (0)                     ; 0 (0)         ; 0                 ; 0     ; 0          ; 0    ; 0            ; |Calculator|Multiplier:pro|Mul_4bit:u1|altAdder:u5|FAdder:u1|FAdder_4bit:u2|FAdder_1bit:u1            ; FAdder_1bit  ; work         ;
;                   |FAdder_1bit:u2|    ; 1.0 (1.0)            ; 1.0 (1.0)                        ; 0.0 (0.0)                                         ; 0.0 (0.0)                        ; 0.0 (0.0)            ; 2 (2)               ; 0 (0)                     ; 0 (0)         ; 0                 ; 0     ; 0          ; 0    ; 0            ; |Calculator|Multiplier:pro|Mul_4bit:u1|altAdder:u5|FAdder:u1|FAdder_4bit:u2|FAdder_1bit:u2            ; FAdder_1bit  ; work         ;
;                   |FAdder_1bit:u3|    ; 1.0 (1.0)            ; 1.0 (1.0)                        ; 0.0 (0.0)                                         ; 0.0 (0.0)                        ; 0.0 (0.0)            ; 2 (2)               ; 0 (0)                     ; 0 (0)         ; 0                 ; 0     ; 0          ; 0    ; 0            ; |Calculator|Multiplier:pro|Mul_4bit:u1|altAdder:u5|FAdder:u1|FAdder_4bit:u2|FAdder_1bit:u3            ; FAdder_1bit  ; work         ;
;                |FAdder_4bit:u3|       ; 4.0 (0.0)            ; 4.0 (0.0)                        ; 0.0 (0.0)                                         ; 0.0 (0.0)                        ; 0.0 (0.0)            ; 8 (0)               ; 0 (0)                     ; 0 (0)         ; 0                 ; 0     ; 0          ; 0    ; 0            ; |Calculator|Multiplier:pro|Mul_4bit:u1|altAdder:u5|FAdder:u1|FAdder_4bit:u3                           ; FAdder_4bit  ; work         ;
;                   |FAdder_1bit:u0|    ; 1.0 (1.0)            ; 1.0 (1.0)                        ; 0.0 (0.0)                                         ; 0.0 (0.0)                        ; 0.0 (0.0)            ; 2 (2)               ; 0 (0)                     ; 0 (0)         ; 0                 ; 0     ; 0          ; 0    ; 0            ; |Calculator|Multiplier:pro|Mul_4bit:u1|altAdder:u5|FAdder:u1|FAdder_4bit:u3|FAdder_1bit:u0            ; FAdder_1bit  ; work         ;
;                   |FAdder_1bit:u1|    ; 1.0 (1.0)            ; 1.0 (1.0)                        ; 0.0 (0.0)                                         ; 0.0 (0.0)                        ; 0.0 (0.0)            ; 2 (2)               ; 0 (0)                     ; 0 (0)         ; 0                 ; 0     ; 0          ; 0    ; 0            ; |Calculator|Multiplier:pro|Mul_4bit:u1|altAdder:u5|FAdder:u1|FAdder_4bit:u3|FAdder_1bit:u1            ; FAdder_1bit  ; work         ;
;                   |FAdder_1bit:u2|    ; 1.0 (1.0)            ; 1.0 (1.0)                        ; 0.0 (0.0)                                         ; 0.0 (0.0)                        ; 0.0 (0.0)            ; 2 (2)               ; 0 (0)                     ; 0 (0)         ; 0                 ; 0     ; 0          ; 0    ; 0            ; |Calculator|Multiplier:pro|Mul_4bit:u1|altAdder:u5|FAdder:u1|FAdder_4bit:u3|FAdder_1bit:u2            ; FAdder_1bit  ; work         ;
;                   |FAdder_1bit:u3|    ; 1.0 (1.0)            ; 1.0 (1.0)                        ; 0.0 (0.0)                                         ; 0.0 (0.0)                        ; 0.0 (0.0)            ; 2 (2)               ; 0 (0)                     ; 0 (0)         ; 0                 ; 0     ; 0          ; 0    ; 0            ; |Calculator|Multiplier:pro|Mul_4bit:u1|altAdder:u5|FAdder:u1|FAdder_4bit:u3|FAdder_1bit:u3            ; FAdder_1bit  ; work         ;
;          |altAdder:u7|                ; 15.5 (0.0)           ; 15.5 (0.0)                       ; 0.0 (0.0)                                         ; 0.0 (0.0)                        ; 0.0 (0.0)            ; 32 (0)              ; 0 (0)                     ; 0 (0)         ; 0                 ; 0     ; 0          ; 0    ; 0            ; |Calculator|Multiplier:pro|Mul_4bit:u1|altAdder:u7                                                    ; altAdder     ; work         ;
;             |FAdder:u1|               ; 15.5 (0.0)           ; 15.5 (0.0)                       ; 0.0 (0.0)                                         ; 0.0 (0.0)                        ; 0.0 (0.0)            ; 32 (0)              ; 0 (0)                     ; 0 (0)         ; 0                 ; 0     ; 0          ; 0    ; 0            ; |Calculator|Multiplier:pro|Mul_4bit:u1|altAdder:u7|FAdder:u1                                          ; FAdder       ; work         ;
;                |FAdder_4bit:u0|       ; 3.5 (0.0)            ; 3.5 (0.0)                        ; 0.0 (0.0)                                         ; 0.0 (0.0)                        ; 0.0 (0.0)            ; 8 (0)               ; 0 (0)                     ; 0 (0)         ; 0                 ; 0     ; 0          ; 0    ; 0            ; |Calculator|Multiplier:pro|Mul_4bit:u1|altAdder:u7|FAdder:u1|FAdder_4bit:u0                           ; FAdder_4bit  ; work         ;
;                   |FAdder_1bit:u0|    ; 0.5 (0.5)            ; 0.5 (0.5)                        ; 0.0 (0.0)                                         ; 0.0 (0.0)                        ; 0.0 (0.0)            ; 2 (2)               ; 0 (0)                     ; 0 (0)         ; 0                 ; 0     ; 0          ; 0    ; 0            ; |Calculator|Multiplier:pro|Mul_4bit:u1|altAdder:u7|FAdder:u1|FAdder_4bit:u0|FAdder_1bit:u0            ; FAdder_1bit  ; work         ;
;                   |FAdder_1bit:u1|    ; 1.0 (1.0)            ; 1.0 (1.0)                        ; 0.0 (0.0)                                         ; 0.0 (0.0)                        ; 0.0 (0.0)            ; 2 (2)               ; 0 (0)                     ; 0 (0)         ; 0                 ; 0     ; 0          ; 0    ; 0            ; |Calculator|Multiplier:pro|Mul_4bit:u1|altAdder:u7|FAdder:u1|FAdder_4bit:u0|FAdder_1bit:u1            ; FAdder_1bit  ; work         ;
;                   |FAdder_1bit:u2|    ; 1.0 (1.0)            ; 1.0 (1.0)                        ; 0.0 (0.0)                                         ; 0.0 (0.0)                        ; 0.0 (0.0)            ; 2 (2)               ; 0 (0)                     ; 0 (0)         ; 0                 ; 0     ; 0          ; 0    ; 0            ; |Calculator|Multiplier:pro|Mul_4bit:u1|altAdder:u7|FAdder:u1|FAdder_4bit:u0|FAdder_1bit:u2            ; FAdder_1bit  ; work         ;
;                   |FAdder_1bit:u3|    ; 1.0 (1.0)            ; 1.0 (1.0)                        ; 0.0 (0.0)                                         ; 0.0 (0.0)                        ; 0.0 (0.0)            ; 2 (2)               ; 0 (0)                     ; 0 (0)         ; 0                 ; 0     ; 0          ; 0    ; 0            ; |Calculator|Multiplier:pro|Mul_4bit:u1|altAdder:u7|FAdder:u1|FAdder_4bit:u0|FAdder_1bit:u3            ; FAdder_1bit  ; work         ;
;                |FAdder_4bit:u1|       ; 4.0 (0.0)            ; 4.0 (0.0)                        ; 0.0 (0.0)                                         ; 0.0 (0.0)                        ; 0.0 (0.0)            ; 8 (0)               ; 0 (0)                     ; 0 (0)         ; 0                 ; 0     ; 0          ; 0    ; 0            ; |Calculator|Multiplier:pro|Mul_4bit:u1|altAdder:u7|FAdder:u1|FAdder_4bit:u1                           ; FAdder_4bit  ; work         ;
;                   |FAdder_1bit:u0|    ; 1.0 (1.0)            ; 1.0 (1.0)                        ; 0.0 (0.0)                                         ; 0.0 (0.0)                        ; 0.0 (0.0)            ; 2 (2)               ; 0 (0)                     ; 0 (0)         ; 0                 ; 0     ; 0          ; 0    ; 0            ; |Calculator|Multiplier:pro|Mul_4bit:u1|altAdder:u7|FAdder:u1|FAdder_4bit:u1|FAdder_1bit:u0            ; FAdder_1bit  ; work         ;
;                   |FAdder_1bit:u1|    ; 1.0 (1.0)            ; 1.0 (1.0)                        ; 0.0 (0.0)                                         ; 0.0 (0.0)                        ; 0.0 (0.0)            ; 2 (2)               ; 0 (0)                     ; 0 (0)         ; 0                 ; 0     ; 0          ; 0    ; 0            ; |Calculator|Multiplier:pro|Mul_4bit:u1|altAdder:u7|FAdder:u1|FAdder_4bit:u1|FAdder_1bit:u1            ; FAdder_1bit  ; work         ;
;                   |FAdder_1bit:u2|    ; 1.0 (1.0)            ; 1.0 (1.0)                        ; 0.0 (0.0)                                         ; 0.0 (0.0)                        ; 0.0 (0.0)            ; 2 (2)               ; 0 (0)                     ; 0 (0)         ; 0                 ; 0     ; 0          ; 0    ; 0            ; |Calculator|Multiplier:pro|Mul_4bit:u1|altAdder:u7|FAdder:u1|FAdder_4bit:u1|FAdder_1bit:u2            ; FAdder_1bit  ; work         ;
;                   |FAdder_1bit:u3|    ; 1.0 (1.0)            ; 1.0 (1.0)                        ; 0.0 (0.0)                                         ; 0.0 (0.0)                        ; 0.0 (0.0)            ; 2 (2)               ; 0 (0)                     ; 0 (0)         ; 0                 ; 0     ; 0          ; 0    ; 0            ; |Calculator|Multiplier:pro|Mul_4bit:u1|altAdder:u7|FAdder:u1|FAdder_4bit:u1|FAdder_1bit:u3            ; FAdder_1bit  ; work         ;
;                |FAdder_4bit:u2|       ; 4.0 (0.0)            ; 4.0 (0.0)                        ; 0.0 (0.0)                                         ; 0.0 (0.0)                        ; 0.0 (0.0)            ; 8 (0)               ; 0 (0)                     ; 0 (0)         ; 0                 ; 0     ; 0          ; 0    ; 0            ; |Calculator|Multiplier:pro|Mul_4bit:u1|altAdder:u7|FAdder:u1|FAdder_4bit:u2                           ; FAdder_4bit  ; work         ;
;                   |FAdder_1bit:u0|    ; 1.0 (1.0)            ; 1.0 (1.0)                        ; 0.0 (0.0)                                         ; 0.0 (0.0)                        ; 0.0 (0.0)            ; 2 (2)               ; 0 (0)                     ; 0 (0)         ; 0                 ; 0     ; 0          ; 0    ; 0            ; |Calculator|Multiplier:pro|Mul_4bit:u1|altAdder:u7|FAdder:u1|FAdder_4bit:u2|FAdder_1bit:u0            ; FAdder_1bit  ; work         ;
;                   |FAdder_1bit:u1|    ; 1.0 (1.0)            ; 1.0 (1.0)                        ; 0.0 (0.0)                                         ; 0.0 (0.0)                        ; 0.0 (0.0)            ; 2 (2)               ; 0 (0)                     ; 0 (0)         ; 0                 ; 0     ; 0          ; 0    ; 0            ; |Calculator|Multiplier:pro|Mul_4bit:u1|altAdder:u7|FAdder:u1|FAdder_4bit:u2|FAdder_1bit:u1            ; FAdder_1bit  ; work         ;
;                   |FAdder_1bit:u2|    ; 1.0 (1.0)            ; 1.0 (1.0)                        ; 0.0 (0.0)                                         ; 0.0 (0.0)                        ; 0.0 (0.0)            ; 2 (2)               ; 0 (0)                     ; 0 (0)         ; 0                 ; 0     ; 0          ; 0    ; 0            ; |Calculator|Multiplier:pro|Mul_4bit:u1|altAdder:u7|FAdder:u1|FAdder_4bit:u2|FAdder_1bit:u2            ; FAdder_1bit  ; work         ;
;                   |FAdder_1bit:u3|    ; 1.0 (1.0)            ; 1.0 (1.0)                        ; 0.0 (0.0)                                         ; 0.0 (0.0)                        ; 0.0 (0.0)            ; 2 (2)               ; 0 (0)                     ; 0 (0)         ; 0                 ; 0     ; 0          ; 0    ; 0            ; |Calculator|Multiplier:pro|Mul_4bit:u1|altAdder:u7|FAdder:u1|FAdder_4bit:u2|FAdder_1bit:u3            ; FAdder_1bit  ; work         ;
;                |FAdder_4bit:u3|       ; 4.0 (0.0)            ; 4.0 (0.0)                        ; 0.0 (0.0)                                         ; 0.0 (0.0)                        ; 0.0 (0.0)            ; 8 (0)               ; 0 (0)                     ; 0 (0)         ; 0                 ; 0     ; 0          ; 0    ; 0            ; |Calculator|Multiplier:pro|Mul_4bit:u1|altAdder:u7|FAdder:u1|FAdder_4bit:u3                           ; FAdder_4bit  ; work         ;
;                   |FAdder_1bit:u0|    ; 1.0 (1.0)            ; 1.0 (1.0)                        ; 0.0 (0.0)                                         ; 0.0 (0.0)                        ; 0.0 (0.0)            ; 2 (2)               ; 0 (0)                     ; 0 (0)         ; 0                 ; 0     ; 0          ; 0    ; 0            ; |Calculator|Multiplier:pro|Mul_4bit:u1|altAdder:u7|FAdder:u1|FAdder_4bit:u3|FAdder_1bit:u0            ; FAdder_1bit  ; work         ;
;                   |FAdder_1bit:u1|    ; 1.0 (1.0)            ; 1.0 (1.0)                        ; 0.0 (0.0)                                         ; 0.0 (0.0)                        ; 0.0 (0.0)            ; 2 (2)               ; 0 (0)                     ; 0 (0)         ; 0                 ; 0     ; 0          ; 0    ; 0            ; |Calculator|Multiplier:pro|Mul_4bit:u1|altAdder:u7|FAdder:u1|FAdder_4bit:u3|FAdder_1bit:u1            ; FAdder_1bit  ; work         ;
;                   |FAdder_1bit:u2|    ; 1.0 (1.0)            ; 1.0 (1.0)                        ; 0.0 (0.0)                                         ; 0.0 (0.0)                        ; 0.0 (0.0)            ; 2 (2)               ; 0 (0)                     ; 0 (0)         ; 0                 ; 0     ; 0          ; 0    ; 0            ; |Calculator|Multiplier:pro|Mul_4bit:u1|altAdder:u7|FAdder:u1|FAdder_4bit:u3|FAdder_1bit:u2            ; FAdder_1bit  ; work         ;
;                   |FAdder_1bit:u3|    ; 1.0 (1.0)            ; 1.0 (1.0)                        ; 0.0 (0.0)                                         ; 0.0 (0.0)                        ; 0.0 (0.0)            ; 2 (2)               ; 0 (0)                     ; 0 (0)         ; 0                 ; 0     ; 0          ; 0    ; 0            ; |Calculator|Multiplier:pro|Mul_4bit:u1|altAdder:u7|FAdder:u1|FAdder_4bit:u3|FAdder_1bit:u3            ; FAdder_1bit  ; work         ;
;       |Mul_4bit:u2|                   ; 46.5 (0.0)           ; 47.5 (0.0)                       ; 1.0 (0.0)                                         ; 0.0 (0.0)                        ; 0.0 (0.0)            ; 91 (0)              ; 0 (0)                     ; 0 (0)         ; 0                 ; 0     ; 0          ; 0    ; 0            ; |Calculator|Multiplier:pro|Mul_4bit:u2                                                                ; Mul_4bit     ; work         ;
;          |altAdder:u3|                ; 16.0 (0.0)           ; 17.0 (0.0)                       ; 1.0 (0.0)                                         ; 0.0 (0.0)                        ; 0.0 (0.0)            ; 29 (0)              ; 0 (0)                     ; 0 (0)         ; 0                 ; 0     ; 0          ; 0    ; 0            ; |Calculator|Multiplier:pro|Mul_4bit:u2|altAdder:u3                                                    ; altAdder     ; work         ;
;             |FAdder:u1|               ; 16.0 (0.0)           ; 17.0 (0.0)                       ; 1.0 (0.0)                                         ; 0.0 (0.0)                        ; 0.0 (0.0)            ; 29 (0)              ; 0 (0)                     ; 0 (0)         ; 0                 ; 0     ; 0          ; 0    ; 0            ; |Calculator|Multiplier:pro|Mul_4bit:u2|altAdder:u3|FAdder:u1                                          ; FAdder       ; work         ;
;                |FAdder_4bit:u0|       ; 4.0 (0.0)            ; 4.0 (0.0)                        ; 0.0 (0.0)                                         ; 0.0 (0.0)                        ; 0.0 (0.0)            ; 5 (0)               ; 0 (0)                     ; 0 (0)         ; 0                 ; 0     ; 0          ; 0    ; 0            ; |Calculator|Multiplier:pro|Mul_4bit:u2|altAdder:u3|FAdder:u1|FAdder_4bit:u0                           ; FAdder_4bit  ; work         ;
;                   |FAdder_1bit:u0|    ; 0.5 (0.5)            ; 0.5 (0.5)                        ; 0.0 (0.0)                                         ; 0.0 (0.0)                        ; 0.0 (0.0)            ; 1 (1)               ; 0 (0)                     ; 0 (0)         ; 0                 ; 0     ; 0          ; 0    ; 0            ; |Calculator|Multiplier:pro|Mul_4bit:u2|altAdder:u3|FAdder:u1|FAdder_4bit:u0|FAdder_1bit:u0            ; FAdder_1bit  ; work         ;
;                   |FAdder_1bit:u1|    ; 0.5 (0.5)            ; 0.5 (0.5)                        ; 0.0 (0.0)                                         ; 0.0 (0.0)                        ; 0.0 (0.0)            ; 1 (1)               ; 0 (0)                     ; 0 (0)         ; 0                 ; 0     ; 0          ; 0    ; 0            ; |Calculator|Multiplier:pro|Mul_4bit:u2|altAdder:u3|FAdder:u1|FAdder_4bit:u0|FAdder_1bit:u1            ; FAdder_1bit  ; work         ;
;                   |FAdder_1bit:u2|    ; 1.0 (1.0)            ; 1.0 (1.0)                        ; 0.0 (0.0)                                         ; 0.0 (0.0)                        ; 0.0 (0.0)            ; 1 (1)               ; 0 (0)                     ; 0 (0)         ; 0                 ; 0     ; 0          ; 0    ; 0            ; |Calculator|Multiplier:pro|Mul_4bit:u2|altAdder:u3|FAdder:u1|FAdder_4bit:u0|FAdder_1bit:u2            ; FAdder_1bit  ; work         ;
;                   |FAdder_1bit:u3|    ; 2.0 (2.0)            ; 2.0 (2.0)                        ; 0.0 (0.0)                                         ; 0.0 (0.0)                        ; 0.0 (0.0)            ; 2 (2)               ; 0 (0)                     ; 0 (0)         ; 0                 ; 0     ; 0          ; 0    ; 0            ; |Calculator|Multiplier:pro|Mul_4bit:u2|altAdder:u3|FAdder:u1|FAdder_4bit:u0|FAdder_1bit:u3            ; FAdder_1bit  ; work         ;
;                |FAdder_4bit:u1|       ; 4.0 (0.0)            ; 5.0 (0.0)                        ; 1.0 (0.0)                                         ; 0.0 (0.0)                        ; 0.0 (0.0)            ; 8 (0)               ; 0 (0)                     ; 0 (0)         ; 0                 ; 0     ; 0          ; 0    ; 0            ; |Calculator|Multiplier:pro|Mul_4bit:u2|altAdder:u3|FAdder:u1|FAdder_4bit:u1                           ; FAdder_4bit  ; work         ;
;                   |FAdder_1bit:u0|    ; 1.0 (1.0)            ; 1.0 (1.0)                        ; 0.0 (0.0)                                         ; 0.0 (0.0)                        ; 0.0 (0.0)            ; 2 (2)               ; 0 (0)                     ; 0 (0)         ; 0                 ; 0     ; 0          ; 0    ; 0            ; |Calculator|Multiplier:pro|Mul_4bit:u2|altAdder:u3|FAdder:u1|FAdder_4bit:u1|FAdder_1bit:u0            ; FAdder_1bit  ; work         ;
;                   |FAdder_1bit:u1|    ; 1.0 (1.0)            ; 1.0 (1.0)                        ; 0.0 (0.0)                                         ; 0.0 (0.0)                        ; 0.0 (0.0)            ; 2 (2)               ; 0 (0)                     ; 0 (0)         ; 0                 ; 0     ; 0          ; 0    ; 0            ; |Calculator|Multiplier:pro|Mul_4bit:u2|altAdder:u3|FAdder:u1|FAdder_4bit:u1|FAdder_1bit:u1            ; FAdder_1bit  ; work         ;
;                   |FAdder_1bit:u2|    ; 1.0 (1.0)            ; 1.0 (1.0)                        ; 0.0 (0.0)                                         ; 0.0 (0.0)                        ; 0.0 (0.0)            ; 2 (2)               ; 0 (0)                     ; 0 (0)         ; 0                 ; 0     ; 0          ; 0    ; 0            ; |Calculator|Multiplier:pro|Mul_4bit:u2|altAdder:u3|FAdder:u1|FAdder_4bit:u1|FAdder_1bit:u2            ; FAdder_1bit  ; work         ;
;                   |FAdder_1bit:u3|    ; 1.0 (1.0)            ; 2.0 (2.0)                        ; 1.0 (1.0)                                         ; 0.0 (0.0)                        ; 0.0 (0.0)            ; 2 (2)               ; 0 (0)                     ; 0 (0)         ; 0                 ; 0     ; 0          ; 0    ; 0            ; |Calculator|Multiplier:pro|Mul_4bit:u2|altAdder:u3|FAdder:u1|FAdder_4bit:u1|FAdder_1bit:u3            ; FAdder_1bit  ; work         ;
;                |FAdder_4bit:u2|       ; 4.0 (0.0)            ; 4.0 (0.0)                        ; 0.0 (0.0)                                         ; 0.0 (0.0)                        ; 0.0 (0.0)            ; 8 (0)               ; 0 (0)                     ; 0 (0)         ; 0                 ; 0     ; 0          ; 0    ; 0            ; |Calculator|Multiplier:pro|Mul_4bit:u2|altAdder:u3|FAdder:u1|FAdder_4bit:u2                           ; FAdder_4bit  ; work         ;
;                   |FAdder_1bit:u0|    ; 1.0 (1.0)            ; 1.0 (1.0)                        ; 0.0 (0.0)                                         ; 0.0 (0.0)                        ; 0.0 (0.0)            ; 2 (2)               ; 0 (0)                     ; 0 (0)         ; 0                 ; 0     ; 0          ; 0    ; 0            ; |Calculator|Multiplier:pro|Mul_4bit:u2|altAdder:u3|FAdder:u1|FAdder_4bit:u2|FAdder_1bit:u0            ; FAdder_1bit  ; work         ;
;                   |FAdder_1bit:u1|    ; 1.0 (1.0)            ; 1.0 (1.0)                        ; 0.0 (0.0)                                         ; 0.0 (0.0)                        ; 0.0 (0.0)            ; 2 (2)               ; 0 (0)                     ; 0 (0)         ; 0                 ; 0     ; 0          ; 0    ; 0            ; |Calculator|Multiplier:pro|Mul_4bit:u2|altAdder:u3|FAdder:u1|FAdder_4bit:u2|FAdder_1bit:u1            ; FAdder_1bit  ; work         ;
;                   |FAdder_1bit:u2|    ; 1.0 (1.0)            ; 1.0 (1.0)                        ; 0.0 (0.0)                                         ; 0.0 (0.0)                        ; 0.0 (0.0)            ; 2 (2)               ; 0 (0)                     ; 0 (0)         ; 0                 ; 0     ; 0          ; 0    ; 0            ; |Calculator|Multiplier:pro|Mul_4bit:u2|altAdder:u3|FAdder:u1|FAdder_4bit:u2|FAdder_1bit:u2            ; FAdder_1bit  ; work         ;
;                   |FAdder_1bit:u3|    ; 1.0 (1.0)            ; 1.0 (1.0)                        ; 0.0 (0.0)                                         ; 0.0 (0.0)                        ; 0.0 (0.0)            ; 2 (2)               ; 0 (0)                     ; 0 (0)         ; 0                 ; 0     ; 0          ; 0    ; 0            ; |Calculator|Multiplier:pro|Mul_4bit:u2|altAdder:u3|FAdder:u1|FAdder_4bit:u2|FAdder_1bit:u3            ; FAdder_1bit  ; work         ;
;                |FAdder_4bit:u3|       ; 4.0 (0.0)            ; 4.0 (0.0)                        ; 0.0 (0.0)                                         ; 0.0 (0.0)                        ; 0.0 (0.0)            ; 8 (0)               ; 0 (0)                     ; 0 (0)         ; 0                 ; 0     ; 0          ; 0    ; 0            ; |Calculator|Multiplier:pro|Mul_4bit:u2|altAdder:u3|FAdder:u1|FAdder_4bit:u3                           ; FAdder_4bit  ; work         ;
;                   |FAdder_1bit:u0|    ; 1.0 (1.0)            ; 1.0 (1.0)                        ; 0.0 (0.0)                                         ; 0.0 (0.0)                        ; 0.0 (0.0)            ; 2 (2)               ; 0 (0)                     ; 0 (0)         ; 0                 ; 0     ; 0          ; 0    ; 0            ; |Calculator|Multiplier:pro|Mul_4bit:u2|altAdder:u3|FAdder:u1|FAdder_4bit:u3|FAdder_1bit:u0            ; FAdder_1bit  ; work         ;
;                   |FAdder_1bit:u1|    ; 1.0 (1.0)            ; 1.0 (1.0)                        ; 0.0 (0.0)                                         ; 0.0 (0.0)                        ; 0.0 (0.0)            ; 2 (2)               ; 0 (0)                     ; 0 (0)         ; 0                 ; 0     ; 0          ; 0    ; 0            ; |Calculator|Multiplier:pro|Mul_4bit:u2|altAdder:u3|FAdder:u1|FAdder_4bit:u3|FAdder_1bit:u1            ; FAdder_1bit  ; work         ;
;                   |FAdder_1bit:u2|    ; 1.0 (1.0)            ; 1.0 (1.0)                        ; 0.0 (0.0)                                         ; 0.0 (0.0)                        ; 0.0 (0.0)            ; 2 (2)               ; 0 (0)                     ; 0 (0)         ; 0                 ; 0     ; 0          ; 0    ; 0            ; |Calculator|Multiplier:pro|Mul_4bit:u2|altAdder:u3|FAdder:u1|FAdder_4bit:u3|FAdder_1bit:u2            ; FAdder_1bit  ; work         ;
;                   |FAdder_1bit:u3|    ; 1.0 (1.0)            ; 1.0 (1.0)                        ; 0.0 (0.0)                                         ; 0.0 (0.0)                        ; 0.0 (0.0)            ; 2 (2)               ; 0 (0)                     ; 0 (0)         ; 0                 ; 0     ; 0          ; 0    ; 0            ; |Calculator|Multiplier:pro|Mul_4bit:u2|altAdder:u3|FAdder:u1|FAdder_4bit:u3|FAdder_1bit:u3            ; FAdder_1bit  ; work         ;
;          |altAdder:u5|                ; 14.5 (0.0)           ; 14.5 (0.0)                       ; 0.0 (0.0)                                         ; 0.0 (0.0)                        ; 0.0 (0.0)            ; 30 (0)              ; 0 (0)                     ; 0 (0)         ; 0                 ; 0     ; 0          ; 0    ; 0            ; |Calculator|Multiplier:pro|Mul_4bit:u2|altAdder:u5                                                    ; altAdder     ; work         ;
;             |FAdder:u1|               ; 14.5 (0.0)           ; 14.5 (0.0)                       ; 0.0 (0.0)                                         ; 0.0 (0.0)                        ; 0.0 (0.0)            ; 30 (0)              ; 0 (0)                     ; 0 (0)         ; 0                 ; 0     ; 0          ; 0    ; 0            ; |Calculator|Multiplier:pro|Mul_4bit:u2|altAdder:u5|FAdder:u1                                          ; FAdder       ; work         ;
;                |FAdder_4bit:u0|       ; 2.5 (0.0)            ; 2.5 (0.0)                        ; 0.0 (0.0)                                         ; 0.0 (0.0)                        ; 0.0 (0.0)            ; 6 (0)               ; 0 (0)                     ; 0 (0)         ; 0                 ; 0     ; 0          ; 0    ; 0            ; |Calculator|Multiplier:pro|Mul_4bit:u2|altAdder:u5|FAdder:u1|FAdder_4bit:u0                           ; FAdder_4bit  ; work         ;
;                   |FAdder_1bit:u1|    ; 1.5 (1.5)            ; 1.5 (1.5)                        ; 0.0 (0.0)                                         ; 0.0 (0.0)                        ; 0.0 (0.0)            ; 2 (2)               ; 0 (0)                     ; 0 (0)         ; 0                 ; 0     ; 0          ; 0    ; 0            ; |Calculator|Multiplier:pro|Mul_4bit:u2|altAdder:u5|FAdder:u1|FAdder_4bit:u0|FAdder_1bit:u1            ; FAdder_1bit  ; work         ;
;                   |FAdder_1bit:u2|    ; 0.5 (0.5)            ; 0.5 (0.5)                        ; 0.0 (0.0)                                         ; 0.0 (0.0)                        ; 0.0 (0.0)            ; 2 (2)               ; 0 (0)                     ; 0 (0)         ; 0                 ; 0     ; 0          ; 0    ; 0            ; |Calculator|Multiplier:pro|Mul_4bit:u2|altAdder:u5|FAdder:u1|FAdder_4bit:u0|FAdder_1bit:u2            ; FAdder_1bit  ; work         ;
;                   |FAdder_1bit:u3|    ; 0.5 (0.5)            ; 0.5 (0.5)                        ; 0.0 (0.0)                                         ; 0.0 (0.0)                        ; 0.0 (0.0)            ; 2 (2)               ; 0 (0)                     ; 0 (0)         ; 0                 ; 0     ; 0          ; 0    ; 0            ; |Calculator|Multiplier:pro|Mul_4bit:u2|altAdder:u5|FAdder:u1|FAdder_4bit:u0|FAdder_1bit:u3            ; FAdder_1bit  ; work         ;
;                |FAdder_4bit:u1|       ; 4.0 (0.0)            ; 4.0 (0.0)                        ; 0.0 (0.0)                                         ; 0.0 (0.0)                        ; 0.0 (0.0)            ; 8 (0)               ; 0 (0)                     ; 0 (0)         ; 0                 ; 0     ; 0          ; 0    ; 0            ; |Calculator|Multiplier:pro|Mul_4bit:u2|altAdder:u5|FAdder:u1|FAdder_4bit:u1                           ; FAdder_4bit  ; work         ;
;                   |FAdder_1bit:u0|    ; 1.0 (1.0)            ; 1.0 (1.0)                        ; 0.0 (0.0)                                         ; 0.0 (0.0)                        ; 0.0 (0.0)            ; 2 (2)               ; 0 (0)                     ; 0 (0)         ; 0                 ; 0     ; 0          ; 0    ; 0            ; |Calculator|Multiplier:pro|Mul_4bit:u2|altAdder:u5|FAdder:u1|FAdder_4bit:u1|FAdder_1bit:u0            ; FAdder_1bit  ; work         ;
;                   |FAdder_1bit:u1|    ; 1.0 (1.0)            ; 1.0 (1.0)                        ; 0.0 (0.0)                                         ; 0.0 (0.0)                        ; 0.0 (0.0)            ; 2 (2)               ; 0 (0)                     ; 0 (0)         ; 0                 ; 0     ; 0          ; 0    ; 0            ; |Calculator|Multiplier:pro|Mul_4bit:u2|altAdder:u5|FAdder:u1|FAdder_4bit:u1|FAdder_1bit:u1            ; FAdder_1bit  ; work         ;
;                   |FAdder_1bit:u2|    ; 1.0 (1.0)            ; 1.0 (1.0)                        ; 0.0 (0.0)                                         ; 0.0 (0.0)                        ; 0.0 (0.0)            ; 2 (2)               ; 0 (0)                     ; 0 (0)         ; 0                 ; 0     ; 0          ; 0    ; 0            ; |Calculator|Multiplier:pro|Mul_4bit:u2|altAdder:u5|FAdder:u1|FAdder_4bit:u1|FAdder_1bit:u2            ; FAdder_1bit  ; work         ;
;                   |FAdder_1bit:u3|    ; 1.0 (1.0)            ; 1.0 (1.0)                        ; 0.0 (0.0)                                         ; 0.0 (0.0)                        ; 0.0 (0.0)            ; 2 (2)               ; 0 (0)                     ; 0 (0)         ; 0                 ; 0     ; 0          ; 0    ; 0            ; |Calculator|Multiplier:pro|Mul_4bit:u2|altAdder:u5|FAdder:u1|FAdder_4bit:u1|FAdder_1bit:u3            ; FAdder_1bit  ; work         ;
;                |FAdder_4bit:u2|       ; 4.0 (0.0)            ; 4.0 (0.0)                        ; 0.0 (0.0)                                         ; 0.0 (0.0)                        ; 0.0 (0.0)            ; 8 (0)               ; 0 (0)                     ; 0 (0)         ; 0                 ; 0     ; 0          ; 0    ; 0            ; |Calculator|Multiplier:pro|Mul_4bit:u2|altAdder:u5|FAdder:u1|FAdder_4bit:u2                           ; FAdder_4bit  ; work         ;
;                   |FAdder_1bit:u0|    ; 1.0 (1.0)            ; 1.0 (1.0)                        ; 0.0 (0.0)                                         ; 0.0 (0.0)                        ; 0.0 (0.0)            ; 2 (2)               ; 0 (0)                     ; 0 (0)         ; 0                 ; 0     ; 0          ; 0    ; 0            ; |Calculator|Multiplier:pro|Mul_4bit:u2|altAdder:u5|FAdder:u1|FAdder_4bit:u2|FAdder_1bit:u0            ; FAdder_1bit  ; work         ;
;                   |FAdder_1bit:u1|    ; 1.0 (1.0)            ; 1.0 (1.0)                        ; 0.0 (0.0)                                         ; 0.0 (0.0)                        ; 0.0 (0.0)            ; 2 (2)               ; 0 (0)                     ; 0 (0)         ; 0                 ; 0     ; 0          ; 0    ; 0            ; |Calculator|Multiplier:pro|Mul_4bit:u2|altAdder:u5|FAdder:u1|FAdder_4bit:u2|FAdder_1bit:u1            ; FAdder_1bit  ; work         ;
;                   |FAdder_1bit:u2|    ; 1.0 (1.0)            ; 1.0 (1.0)                        ; 0.0 (0.0)                                         ; 0.0 (0.0)                        ; 0.0 (0.0)            ; 2 (2)               ; 0 (0)                     ; 0 (0)         ; 0                 ; 0     ; 0          ; 0    ; 0            ; |Calculator|Multiplier:pro|Mul_4bit:u2|altAdder:u5|FAdder:u1|FAdder_4bit:u2|FAdder_1bit:u2            ; FAdder_1bit  ; work         ;
;                   |FAdder_1bit:u3|    ; 1.0 (1.0)            ; 1.0 (1.0)                        ; 0.0 (0.0)                                         ; 0.0 (0.0)                        ; 0.0 (0.0)            ; 2 (2)               ; 0 (0)                     ; 0 (0)         ; 0                 ; 0     ; 0          ; 0    ; 0            ; |Calculator|Multiplier:pro|Mul_4bit:u2|altAdder:u5|FAdder:u1|FAdder_4bit:u2|FAdder_1bit:u3            ; FAdder_1bit  ; work         ;
;                |FAdder_4bit:u3|       ; 4.0 (0.0)            ; 4.0 (0.0)                        ; 0.0 (0.0)                                         ; 0.0 (0.0)                        ; 0.0 (0.0)            ; 8 (0)               ; 0 (0)                     ; 0 (0)         ; 0                 ; 0     ; 0          ; 0    ; 0            ; |Calculator|Multiplier:pro|Mul_4bit:u2|altAdder:u5|FAdder:u1|FAdder_4bit:u3                           ; FAdder_4bit  ; work         ;
;                   |FAdder_1bit:u0|    ; 1.0 (1.0)            ; 1.0 (1.0)                        ; 0.0 (0.0)                                         ; 0.0 (0.0)                        ; 0.0 (0.0)            ; 2 (2)               ; 0 (0)                     ; 0 (0)         ; 0                 ; 0     ; 0          ; 0    ; 0            ; |Calculator|Multiplier:pro|Mul_4bit:u2|altAdder:u5|FAdder:u1|FAdder_4bit:u3|FAdder_1bit:u0            ; FAdder_1bit  ; work         ;
;                   |FAdder_1bit:u1|    ; 1.0 (1.0)            ; 1.0 (1.0)                        ; 0.0 (0.0)                                         ; 0.0 (0.0)                        ; 0.0 (0.0)            ; 2 (2)               ; 0 (0)                     ; 0 (0)         ; 0                 ; 0     ; 0          ; 0    ; 0            ; |Calculator|Multiplier:pro|Mul_4bit:u2|altAdder:u5|FAdder:u1|FAdder_4bit:u3|FAdder_1bit:u1            ; FAdder_1bit  ; work         ;
;                   |FAdder_1bit:u2|    ; 1.0 (1.0)            ; 1.0 (1.0)                        ; 0.0 (0.0)                                         ; 0.0 (0.0)                        ; 0.0 (0.0)            ; 2 (2)               ; 0 (0)                     ; 0 (0)         ; 0                 ; 0     ; 0          ; 0    ; 0            ; |Calculator|Multiplier:pro|Mul_4bit:u2|altAdder:u5|FAdder:u1|FAdder_4bit:u3|FAdder_1bit:u2            ; FAdder_1bit  ; work         ;
;                   |FAdder_1bit:u3|    ; 1.0 (1.0)            ; 1.0 (1.0)                        ; 0.0 (0.0)                                         ; 0.0 (0.0)                        ; 0.0 (0.0)            ; 2 (2)               ; 0 (0)                     ; 0 (0)         ; 0                 ; 0     ; 0          ; 0    ; 0            ; |Calculator|Multiplier:pro|Mul_4bit:u2|altAdder:u5|FAdder:u1|FAdder_4bit:u3|FAdder_1bit:u3            ; FAdder_1bit  ; work         ;
;          |altAdder:u7|                ; 16.0 (0.0)           ; 16.0 (0.0)                       ; 0.0 (0.0)                                         ; 0.0 (0.0)                        ; 0.0 (0.0)            ; 32 (0)              ; 0 (0)                     ; 0 (0)         ; 0                 ; 0     ; 0          ; 0    ; 0            ; |Calculator|Multiplier:pro|Mul_4bit:u2|altAdder:u7                                                    ; altAdder     ; work         ;
;             |FAdder:u1|               ; 16.0 (0.0)           ; 16.0 (0.0)                       ; 0.0 (0.0)                                         ; 0.0 (0.0)                        ; 0.0 (0.0)            ; 32 (0)              ; 0 (0)                     ; 0 (0)         ; 0                 ; 0     ; 0          ; 0    ; 0            ; |Calculator|Multiplier:pro|Mul_4bit:u2|altAdder:u7|FAdder:u1                                          ; FAdder       ; work         ;
;                |FAdder_4bit:u0|       ; 4.0 (0.0)            ; 4.0 (0.0)                        ; 0.0 (0.0)                                         ; 0.0 (0.0)                        ; 0.0 (0.0)            ; 8 (0)               ; 0 (0)                     ; 0 (0)         ; 0                 ; 0     ; 0          ; 0    ; 0            ; |Calculator|Multiplier:pro|Mul_4bit:u2|altAdder:u7|FAdder:u1|FAdder_4bit:u0                           ; FAdder_4bit  ; work         ;
;                   |FAdder_1bit:u0|    ; 1.0 (1.0)            ; 1.0 (1.0)                        ; 0.0 (0.0)                                         ; 0.0 (0.0)                        ; 0.0 (0.0)            ; 2 (2)               ; 0 (0)                     ; 0 (0)         ; 0                 ; 0     ; 0          ; 0    ; 0            ; |Calculator|Multiplier:pro|Mul_4bit:u2|altAdder:u7|FAdder:u1|FAdder_4bit:u0|FAdder_1bit:u0            ; FAdder_1bit  ; work         ;
;                   |FAdder_1bit:u1|    ; 1.0 (1.0)            ; 1.0 (1.0)                        ; 0.0 (0.0)                                         ; 0.0 (0.0)                        ; 0.0 (0.0)            ; 2 (2)               ; 0 (0)                     ; 0 (0)         ; 0                 ; 0     ; 0          ; 0    ; 0            ; |Calculator|Multiplier:pro|Mul_4bit:u2|altAdder:u7|FAdder:u1|FAdder_4bit:u0|FAdder_1bit:u1            ; FAdder_1bit  ; work         ;
;                   |FAdder_1bit:u2|    ; 1.0 (1.0)            ; 1.0 (1.0)                        ; 0.0 (0.0)                                         ; 0.0 (0.0)                        ; 0.0 (0.0)            ; 2 (2)               ; 0 (0)                     ; 0 (0)         ; 0                 ; 0     ; 0          ; 0    ; 0            ; |Calculator|Multiplier:pro|Mul_4bit:u2|altAdder:u7|FAdder:u1|FAdder_4bit:u0|FAdder_1bit:u2            ; FAdder_1bit  ; work         ;
;                   |FAdder_1bit:u3|    ; 1.0 (1.0)            ; 1.0 (1.0)                        ; 0.0 (0.0)                                         ; 0.0 (0.0)                        ; 0.0 (0.0)            ; 2 (2)               ; 0 (0)                     ; 0 (0)         ; 0                 ; 0     ; 0          ; 0    ; 0            ; |Calculator|Multiplier:pro|Mul_4bit:u2|altAdder:u7|FAdder:u1|FAdder_4bit:u0|FAdder_1bit:u3            ; FAdder_1bit  ; work         ;
;                |FAdder_4bit:u1|       ; 4.0 (0.0)            ; 4.0 (0.0)                        ; 0.0 (0.0)                                         ; 0.0 (0.0)                        ; 0.0 (0.0)            ; 8 (0)               ; 0 (0)                     ; 0 (0)         ; 0                 ; 0     ; 0          ; 0    ; 0            ; |Calculator|Multiplier:pro|Mul_4bit:u2|altAdder:u7|FAdder:u1|FAdder_4bit:u1                           ; FAdder_4bit  ; work         ;
;                   |FAdder_1bit:u0|    ; 1.0 (1.0)            ; 1.0 (1.0)                        ; 0.0 (0.0)                                         ; 0.0 (0.0)                        ; 0.0 (0.0)            ; 2 (2)               ; 0 (0)                     ; 0 (0)         ; 0                 ; 0     ; 0          ; 0    ; 0            ; |Calculator|Multiplier:pro|Mul_4bit:u2|altAdder:u7|FAdder:u1|FAdder_4bit:u1|FAdder_1bit:u0            ; FAdder_1bit  ; work         ;
;                   |FAdder_1bit:u1|    ; 1.0 (1.0)            ; 1.0 (1.0)                        ; 0.0 (0.0)                                         ; 0.0 (0.0)                        ; 0.0 (0.0)            ; 2 (2)               ; 0 (0)                     ; 0 (0)         ; 0                 ; 0     ; 0          ; 0    ; 0            ; |Calculator|Multiplier:pro|Mul_4bit:u2|altAdder:u7|FAdder:u1|FAdder_4bit:u1|FAdder_1bit:u1            ; FAdder_1bit  ; work         ;
;                   |FAdder_1bit:u2|    ; 1.0 (1.0)            ; 1.0 (1.0)                        ; 0.0 (0.0)                                         ; 0.0 (0.0)                        ; 0.0 (0.0)            ; 2 (2)               ; 0 (0)                     ; 0 (0)         ; 0                 ; 0     ; 0          ; 0    ; 0            ; |Calculator|Multiplier:pro|Mul_4bit:u2|altAdder:u7|FAdder:u1|FAdder_4bit:u1|FAdder_1bit:u2            ; FAdder_1bit  ; work         ;
;                   |FAdder_1bit:u3|    ; 1.0 (1.0)            ; 1.0 (1.0)                        ; 0.0 (0.0)                                         ; 0.0 (0.0)                        ; 0.0 (0.0)            ; 2 (2)               ; 0 (0)                     ; 0 (0)         ; 0                 ; 0     ; 0          ; 0    ; 0            ; |Calculator|Multiplier:pro|Mul_4bit:u2|altAdder:u7|FAdder:u1|FAdder_4bit:u1|FAdder_1bit:u3            ; FAdder_1bit  ; work         ;
;                |FAdder_4bit:u2|       ; 4.0 (0.0)            ; 4.0 (0.0)                        ; 0.0 (0.0)                                         ; 0.0 (0.0)                        ; 0.0 (0.0)            ; 8 (0)               ; 0 (0)                     ; 0 (0)         ; 0                 ; 0     ; 0          ; 0    ; 0            ; |Calculator|Multiplier:pro|Mul_4bit:u2|altAdder:u7|FAdder:u1|FAdder_4bit:u2                           ; FAdder_4bit  ; work         ;
;                   |FAdder_1bit:u0|    ; 1.0 (1.0)            ; 1.0 (1.0)                        ; 0.0 (0.0)                                         ; 0.0 (0.0)                        ; 0.0 (0.0)            ; 2 (2)               ; 0 (0)                     ; 0 (0)         ; 0                 ; 0     ; 0          ; 0    ; 0            ; |Calculator|Multiplier:pro|Mul_4bit:u2|altAdder:u7|FAdder:u1|FAdder_4bit:u2|FAdder_1bit:u0            ; FAdder_1bit  ; work         ;
;                   |FAdder_1bit:u1|    ; 1.0 (1.0)            ; 1.0 (1.0)                        ; 0.0 (0.0)                                         ; 0.0 (0.0)                        ; 0.0 (0.0)            ; 2 (2)               ; 0 (0)                     ; 0 (0)         ; 0                 ; 0     ; 0          ; 0    ; 0            ; |Calculator|Multiplier:pro|Mul_4bit:u2|altAdder:u7|FAdder:u1|FAdder_4bit:u2|FAdder_1bit:u1            ; FAdder_1bit  ; work         ;
;                   |FAdder_1bit:u2|    ; 1.0 (1.0)            ; 1.0 (1.0)                        ; 0.0 (0.0)                                         ; 0.0 (0.0)                        ; 0.0 (0.0)            ; 2 (2)               ; 0 (0)                     ; 0 (0)         ; 0                 ; 0     ; 0          ; 0    ; 0            ; |Calculator|Multiplier:pro|Mul_4bit:u2|altAdder:u7|FAdder:u1|FAdder_4bit:u2|FAdder_1bit:u2            ; FAdder_1bit  ; work         ;
;                   |FAdder_1bit:u3|    ; 1.0 (1.0)            ; 1.0 (1.0)                        ; 0.0 (0.0)                                         ; 0.0 (0.0)                        ; 0.0 (0.0)            ; 2 (2)               ; 0 (0)                     ; 0 (0)         ; 0                 ; 0     ; 0          ; 0    ; 0            ; |Calculator|Multiplier:pro|Mul_4bit:u2|altAdder:u7|FAdder:u1|FAdder_4bit:u2|FAdder_1bit:u3            ; FAdder_1bit  ; work         ;
;                |FAdder_4bit:u3|       ; 4.0 (0.0)            ; 4.0 (0.0)                        ; 0.0 (0.0)                                         ; 0.0 (0.0)                        ; 0.0 (0.0)            ; 8 (0)               ; 0 (0)                     ; 0 (0)         ; 0                 ; 0     ; 0          ; 0    ; 0            ; |Calculator|Multiplier:pro|Mul_4bit:u2|altAdder:u7|FAdder:u1|FAdder_4bit:u3                           ; FAdder_4bit  ; work         ;
;                   |FAdder_1bit:u0|    ; 1.0 (1.0)            ; 1.0 (1.0)                        ; 0.0 (0.0)                                         ; 0.0 (0.0)                        ; 0.0 (0.0)            ; 2 (2)               ; 0 (0)                     ; 0 (0)         ; 0                 ; 0     ; 0          ; 0    ; 0            ; |Calculator|Multiplier:pro|Mul_4bit:u2|altAdder:u7|FAdder:u1|FAdder_4bit:u3|FAdder_1bit:u0            ; FAdder_1bit  ; work         ;
;                   |FAdder_1bit:u1|    ; 1.0 (1.0)            ; 1.0 (1.0)                        ; 0.0 (0.0)                                         ; 0.0 (0.0)                        ; 0.0 (0.0)            ; 2 (2)               ; 0 (0)                     ; 0 (0)         ; 0                 ; 0     ; 0          ; 0    ; 0            ; |Calculator|Multiplier:pro|Mul_4bit:u2|altAdder:u7|FAdder:u1|FAdder_4bit:u3|FAdder_1bit:u1            ; FAdder_1bit  ; work         ;
;                   |FAdder_1bit:u2|    ; 1.0 (1.0)            ; 1.0 (1.0)                        ; 0.0 (0.0)                                         ; 0.0 (0.0)                        ; 0.0 (0.0)            ; 2 (2)               ; 0 (0)                     ; 0 (0)         ; 0                 ; 0     ; 0          ; 0    ; 0            ; |Calculator|Multiplier:pro|Mul_4bit:u2|altAdder:u7|FAdder:u1|FAdder_4bit:u3|FAdder_1bit:u2            ; FAdder_1bit  ; work         ;
;                   |FAdder_1bit:u3|    ; 1.0 (1.0)            ; 1.0 (1.0)                        ; 0.0 (0.0)                                         ; 0.0 (0.0)                        ; 0.0 (0.0)            ; 2 (2)               ; 0 (0)                     ; 0 (0)         ; 0                 ; 0     ; 0          ; 0    ; 0            ; |Calculator|Multiplier:pro|Mul_4bit:u2|altAdder:u7|FAdder:u1|FAdder_4bit:u3|FAdder_1bit:u3            ; FAdder_1bit  ; work         ;
;       |Mul_4bit:u3|                   ; 45.5 (0.0)           ; 45.5 (0.0)                       ; 0.0 (0.0)                                         ; 0.0 (0.0)                        ; 0.0 (0.0)            ; 91 (0)              ; 0 (0)                     ; 0 (0)         ; 0                 ; 0     ; 0          ; 0    ; 0            ; |Calculator|Multiplier:pro|Mul_4bit:u3                                                                ; Mul_4bit     ; work         ;
;          |altAdder:u3|                ; 14.5 (0.0)           ; 15.5 (0.0)                       ; 1.0 (0.0)                                         ; 0.0 (0.0)                        ; 0.0 (0.0)            ; 29 (0)              ; 0 (0)                     ; 0 (0)         ; 0                 ; 0     ; 0          ; 0    ; 0            ; |Calculator|Multiplier:pro|Mul_4bit:u3|altAdder:u3                                                    ; altAdder     ; work         ;
;             |FAdder:u1|               ; 14.5 (0.0)           ; 15.5 (0.0)                       ; 1.0 (0.0)                                         ; 0.0 (0.0)                        ; 0.0 (0.0)            ; 29 (0)              ; 0 (0)                     ; 0 (0)         ; 0                 ; 0     ; 0          ; 0    ; 0            ; |Calculator|Multiplier:pro|Mul_4bit:u3|altAdder:u3|FAdder:u1                                          ; FAdder       ; work         ;
;                |FAdder_4bit:u0|       ; 2.5 (0.0)            ; 2.5 (0.0)                        ; 0.0 (0.0)                                         ; 0.0 (0.0)                        ; 0.0 (0.0)            ; 5 (0)               ; 0 (0)                     ; 0 (0)         ; 0                 ; 0     ; 0          ; 0    ; 0            ; |Calculator|Multiplier:pro|Mul_4bit:u3|altAdder:u3|FAdder:u1|FAdder_4bit:u0                           ; FAdder_4bit  ; work         ;
;                   |FAdder_1bit:u0|    ; 0.5 (0.5)            ; 0.5 (0.5)                        ; 0.0 (0.0)                                         ; 0.0 (0.0)                        ; 0.0 (0.0)            ; 1 (1)               ; 0 (0)                     ; 0 (0)         ; 0                 ; 0     ; 0          ; 0    ; 0            ; |Calculator|Multiplier:pro|Mul_4bit:u3|altAdder:u3|FAdder:u1|FAdder_4bit:u0|FAdder_1bit:u0            ; FAdder_1bit  ; work         ;
;                   |FAdder_1bit:u1|    ; 0.5 (0.5)            ; 0.5 (0.5)                        ; 0.0 (0.0)                                         ; 0.0 (0.0)                        ; 0.0 (0.0)            ; 1 (1)               ; 0 (0)                     ; 0 (0)         ; 0                 ; 0     ; 0          ; 0    ; 0            ; |Calculator|Multiplier:pro|Mul_4bit:u3|altAdder:u3|FAdder:u1|FAdder_4bit:u0|FAdder_1bit:u1            ; FAdder_1bit  ; work         ;
;                   |FAdder_1bit:u2|    ; 0.5 (0.5)            ; 0.5 (0.5)                        ; 0.0 (0.0)                                         ; 0.0 (0.0)                        ; 0.0 (0.0)            ; 1 (1)               ; 0 (0)                     ; 0 (0)         ; 0                 ; 0     ; 0          ; 0    ; 0            ; |Calculator|Multiplier:pro|Mul_4bit:u3|altAdder:u3|FAdder:u1|FAdder_4bit:u0|FAdder_1bit:u2            ; FAdder_1bit  ; work         ;
;                   |FAdder_1bit:u3|    ; 1.0 (1.0)            ; 1.0 (1.0)                        ; 0.0 (0.0)                                         ; 0.0 (0.0)                        ; 0.0 (0.0)            ; 2 (2)               ; 0 (0)                     ; 0 (0)         ; 0                 ; 0     ; 0          ; 0    ; 0            ; |Calculator|Multiplier:pro|Mul_4bit:u3|altAdder:u3|FAdder:u1|FAdder_4bit:u0|FAdder_1bit:u3            ; FAdder_1bit  ; work         ;
;                |FAdder_4bit:u1|       ; 4.0 (0.0)            ; 5.0 (0.0)                        ; 1.0 (0.0)                                         ; 0.0 (0.0)                        ; 0.0 (0.0)            ; 8 (0)               ; 0 (0)                     ; 0 (0)         ; 0                 ; 0     ; 0          ; 0    ; 0            ; |Calculator|Multiplier:pro|Mul_4bit:u3|altAdder:u3|FAdder:u1|FAdder_4bit:u1                           ; FAdder_4bit  ; work         ;
;                   |FAdder_1bit:u0|    ; 1.0 (1.0)            ; 1.0 (1.0)                        ; 0.0 (0.0)                                         ; 0.0 (0.0)                        ; 0.0 (0.0)            ; 2 (2)               ; 0 (0)                     ; 0 (0)         ; 0                 ; 0     ; 0          ; 0    ; 0            ; |Calculator|Multiplier:pro|Mul_4bit:u3|altAdder:u3|FAdder:u1|FAdder_4bit:u1|FAdder_1bit:u0            ; FAdder_1bit  ; work         ;
;                   |FAdder_1bit:u1|    ; 1.0 (1.0)            ; 2.0 (2.0)                        ; 1.0 (1.0)                                         ; 0.0 (0.0)                        ; 0.0 (0.0)            ; 2 (2)               ; 0 (0)                     ; 0 (0)         ; 0                 ; 0     ; 0          ; 0    ; 0            ; |Calculator|Multiplier:pro|Mul_4bit:u3|altAdder:u3|FAdder:u1|FAdder_4bit:u1|FAdder_1bit:u1            ; FAdder_1bit  ; work         ;
;                   |FAdder_1bit:u2|    ; 1.0 (1.0)            ; 1.0 (1.0)                        ; 0.0 (0.0)                                         ; 0.0 (0.0)                        ; 0.0 (0.0)            ; 2 (2)               ; 0 (0)                     ; 0 (0)         ; 0                 ; 0     ; 0          ; 0    ; 0            ; |Calculator|Multiplier:pro|Mul_4bit:u3|altAdder:u3|FAdder:u1|FAdder_4bit:u1|FAdder_1bit:u2            ; FAdder_1bit  ; work         ;
;                   |FAdder_1bit:u3|    ; 1.0 (1.0)            ; 1.0 (1.0)                        ; 0.0 (0.0)                                         ; 0.0 (0.0)                        ; 0.0 (0.0)            ; 2 (2)               ; 0 (0)                     ; 0 (0)         ; 0                 ; 0     ; 0          ; 0    ; 0            ; |Calculator|Multiplier:pro|Mul_4bit:u3|altAdder:u3|FAdder:u1|FAdder_4bit:u1|FAdder_1bit:u3            ; FAdder_1bit  ; work         ;
;                |FAdder_4bit:u2|       ; 4.0 (0.0)            ; 4.0 (0.0)                        ; 0.0 (0.0)                                         ; 0.0 (0.0)                        ; 0.0 (0.0)            ; 8 (0)               ; 0 (0)                     ; 0 (0)         ; 0                 ; 0     ; 0          ; 0    ; 0            ; |Calculator|Multiplier:pro|Mul_4bit:u3|altAdder:u3|FAdder:u1|FAdder_4bit:u2                           ; FAdder_4bit  ; work         ;
;                   |FAdder_1bit:u0|    ; 1.0 (1.0)            ; 1.0 (1.0)                        ; 0.0 (0.0)                                         ; 0.0 (0.0)                        ; 0.0 (0.0)            ; 2 (2)               ; 0 (0)                     ; 0 (0)         ; 0                 ; 0     ; 0          ; 0    ; 0            ; |Calculator|Multiplier:pro|Mul_4bit:u3|altAdder:u3|FAdder:u1|FAdder_4bit:u2|FAdder_1bit:u0            ; FAdder_1bit  ; work         ;
;                   |FAdder_1bit:u1|    ; 1.0 (1.0)            ; 1.0 (1.0)                        ; 0.0 (0.0)                                         ; 0.0 (0.0)                        ; 0.0 (0.0)            ; 2 (2)               ; 0 (0)                     ; 0 (0)         ; 0                 ; 0     ; 0          ; 0    ; 0            ; |Calculator|Multiplier:pro|Mul_4bit:u3|altAdder:u3|FAdder:u1|FAdder_4bit:u2|FAdder_1bit:u1            ; FAdder_1bit  ; work         ;
;                   |FAdder_1bit:u2|    ; 1.0 (1.0)            ; 1.0 (1.0)                        ; 0.0 (0.0)                                         ; 0.0 (0.0)                        ; 0.0 (0.0)            ; 2 (2)               ; 0 (0)                     ; 0 (0)         ; 0                 ; 0     ; 0          ; 0    ; 0            ; |Calculator|Multiplier:pro|Mul_4bit:u3|altAdder:u3|FAdder:u1|FAdder_4bit:u2|FAdder_1bit:u2            ; FAdder_1bit  ; work         ;
;                   |FAdder_1bit:u3|    ; 1.0 (1.0)            ; 1.0 (1.0)                        ; 0.0 (0.0)                                         ; 0.0 (0.0)                        ; 0.0 (0.0)            ; 2 (2)               ; 0 (0)                     ; 0 (0)         ; 0                 ; 0     ; 0          ; 0    ; 0            ; |Calculator|Multiplier:pro|Mul_4bit:u3|altAdder:u3|FAdder:u1|FAdder_4bit:u2|FAdder_1bit:u3            ; FAdder_1bit  ; work         ;
;                |FAdder_4bit:u3|       ; 4.0 (0.0)            ; 4.0 (0.0)                        ; 0.0 (0.0)                                         ; 0.0 (0.0)                        ; 0.0 (0.0)            ; 8 (0)               ; 0 (0)                     ; 0 (0)         ; 0                 ; 0     ; 0          ; 0    ; 0            ; |Calculator|Multiplier:pro|Mul_4bit:u3|altAdder:u3|FAdder:u1|FAdder_4bit:u3                           ; FAdder_4bit  ; work         ;
;                   |FAdder_1bit:u0|    ; 1.0 (1.0)            ; 1.0 (1.0)                        ; 0.0 (0.0)                                         ; 0.0 (0.0)                        ; 0.0 (0.0)            ; 2 (2)               ; 0 (0)                     ; 0 (0)         ; 0                 ; 0     ; 0          ; 0    ; 0            ; |Calculator|Multiplier:pro|Mul_4bit:u3|altAdder:u3|FAdder:u1|FAdder_4bit:u3|FAdder_1bit:u0            ; FAdder_1bit  ; work         ;
;                   |FAdder_1bit:u1|    ; 1.0 (1.0)            ; 1.0 (1.0)                        ; 0.0 (0.0)                                         ; 0.0 (0.0)                        ; 0.0 (0.0)            ; 2 (2)               ; 0 (0)                     ; 0 (0)         ; 0                 ; 0     ; 0          ; 0    ; 0            ; |Calculator|Multiplier:pro|Mul_4bit:u3|altAdder:u3|FAdder:u1|FAdder_4bit:u3|FAdder_1bit:u1            ; FAdder_1bit  ; work         ;
;                   |FAdder_1bit:u2|    ; 1.0 (1.0)            ; 1.0 (1.0)                        ; 0.0 (0.0)                                         ; 0.0 (0.0)                        ; 0.0 (0.0)            ; 2 (2)               ; 0 (0)                     ; 0 (0)         ; 0                 ; 0     ; 0          ; 0    ; 0            ; |Calculator|Multiplier:pro|Mul_4bit:u3|altAdder:u3|FAdder:u1|FAdder_4bit:u3|FAdder_1bit:u2            ; FAdder_1bit  ; work         ;
;                   |FAdder_1bit:u3|    ; 1.0 (1.0)            ; 1.0 (1.0)                        ; 0.0 (0.0)                                         ; 0.0 (0.0)                        ; 0.0 (0.0)            ; 2 (2)               ; 0 (0)                     ; 0 (0)         ; 0                 ; 0     ; 0          ; 0    ; 0            ; |Calculator|Multiplier:pro|Mul_4bit:u3|altAdder:u3|FAdder:u1|FAdder_4bit:u3|FAdder_1bit:u3            ; FAdder_1bit  ; work         ;
;          |altAdder:u5|                ; 14.0 (0.0)           ; 14.0 (0.0)                       ; 0.0 (0.0)                                         ; 0.0 (0.0)                        ; 0.0 (0.0)            ; 30 (0)              ; 0 (0)                     ; 0 (0)         ; 0                 ; 0     ; 0          ; 0    ; 0            ; |Calculator|Multiplier:pro|Mul_4bit:u3|altAdder:u5                                                    ; altAdder     ; work         ;
;             |FAdder:u1|               ; 14.0 (0.0)           ; 14.0 (0.0)                       ; 0.0 (0.0)                                         ; 0.0 (0.0)                        ; 0.0 (0.0)            ; 30 (0)              ; 0 (0)                     ; 0 (0)         ; 0                 ; 0     ; 0          ; 0    ; 0            ; |Calculator|Multiplier:pro|Mul_4bit:u3|altAdder:u5|FAdder:u1                                          ; FAdder       ; work         ;
;                |FAdder_4bit:u0|       ; 3.0 (0.0)            ; 3.0 (0.0)                        ; 0.0 (0.0)                                         ; 0.0 (0.0)                        ; 0.0 (0.0)            ; 6 (0)               ; 0 (0)                     ; 0 (0)         ; 0                 ; 0     ; 0          ; 0    ; 0            ; |Calculator|Multiplier:pro|Mul_4bit:u3|altAdder:u5|FAdder:u1|FAdder_4bit:u0                           ; FAdder_4bit  ; work         ;
;                   |FAdder_1bit:u1|    ; 1.5 (1.5)            ; 1.5 (1.5)                        ; 0.0 (0.0)                                         ; 0.0 (0.0)                        ; 0.0 (0.0)            ; 2 (2)               ; 0 (0)                     ; 0 (0)         ; 0                 ; 0     ; 0          ; 0    ; 0            ; |Calculator|Multiplier:pro|Mul_4bit:u3|altAdder:u5|FAdder:u1|FAdder_4bit:u0|FAdder_1bit:u1            ; FAdder_1bit  ; work         ;
;                   |FAdder_1bit:u2|    ; 0.5 (0.5)            ; 0.5 (0.5)                        ; 0.0 (0.0)                                         ; 0.0 (0.0)                        ; 0.0 (0.0)            ; 2 (2)               ; 0 (0)                     ; 0 (0)         ; 0                 ; 0     ; 0          ; 0    ; 0            ; |Calculator|Multiplier:pro|Mul_4bit:u3|altAdder:u5|FAdder:u1|FAdder_4bit:u0|FAdder_1bit:u2            ; FAdder_1bit  ; work         ;
;                   |FAdder_1bit:u3|    ; 1.0 (1.0)            ; 1.0 (1.0)                        ; 0.0 (0.0)                                         ; 0.0 (0.0)                        ; 0.0 (0.0)            ; 2 (2)               ; 0 (0)                     ; 0 (0)         ; 0                 ; 0     ; 0          ; 0    ; 0            ; |Calculator|Multiplier:pro|Mul_4bit:u3|altAdder:u5|FAdder:u1|FAdder_4bit:u0|FAdder_1bit:u3            ; FAdder_1bit  ; work         ;
;                |FAdder_4bit:u1|       ; 3.0 (0.0)            ; 3.0 (0.0)                        ; 0.0 (0.0)                                         ; 0.0 (0.0)                        ; 0.0 (0.0)            ; 8 (0)               ; 0 (0)                     ; 0 (0)         ; 0                 ; 0     ; 0          ; 0    ; 0            ; |Calculator|Multiplier:pro|Mul_4bit:u3|altAdder:u5|FAdder:u1|FAdder_4bit:u1                           ; FAdder_4bit  ; work         ;
;                   |FAdder_1bit:u0|    ; 1.0 (1.0)            ; 1.0 (1.0)                        ; 0.0 (0.0)                                         ; 0.0 (0.0)                        ; 0.0 (0.0)            ; 2 (2)               ; 0 (0)                     ; 0 (0)         ; 0                 ; 0     ; 0          ; 0    ; 0            ; |Calculator|Multiplier:pro|Mul_4bit:u3|altAdder:u5|FAdder:u1|FAdder_4bit:u1|FAdder_1bit:u0            ; FAdder_1bit  ; work         ;
;                   |FAdder_1bit:u1|    ; 1.0 (1.0)            ; 1.0 (1.0)                        ; 0.0 (0.0)                                         ; 0.0 (0.0)                        ; 0.0 (0.0)            ; 2 (2)               ; 0 (0)                     ; 0 (0)         ; 0                 ; 0     ; 0          ; 0    ; 0            ; |Calculator|Multiplier:pro|Mul_4bit:u3|altAdder:u5|FAdder:u1|FAdder_4bit:u1|FAdder_1bit:u1            ; FAdder_1bit  ; work         ;
;                   |FAdder_1bit:u2|    ; 0.0 (0.0)            ; 0.0 (0.0)                        ; 0.0 (0.0)                                         ; 0.0 (0.0)                        ; 0.0 (0.0)            ; 2 (2)               ; 0 (0)                     ; 0 (0)         ; 0                 ; 0     ; 0          ; 0    ; 0            ; |Calculator|Multiplier:pro|Mul_4bit:u3|altAdder:u5|FAdder:u1|FAdder_4bit:u1|FAdder_1bit:u2            ; FAdder_1bit  ; work         ;
;                   |FAdder_1bit:u3|    ; 1.0 (1.0)            ; 1.0 (1.0)                        ; 0.0 (0.0)                                         ; 0.0 (0.0)                        ; 0.0 (0.0)            ; 2 (2)               ; 0 (0)                     ; 0 (0)         ; 0                 ; 0     ; 0          ; 0    ; 0            ; |Calculator|Multiplier:pro|Mul_4bit:u3|altAdder:u5|FAdder:u1|FAdder_4bit:u1|FAdder_1bit:u3            ; FAdder_1bit  ; work         ;
;                |FAdder_4bit:u2|       ; 4.0 (0.0)            ; 4.0 (0.0)                        ; 0.0 (0.0)                                         ; 0.0 (0.0)                        ; 0.0 (0.0)            ; 8 (0)               ; 0 (0)                     ; 0 (0)         ; 0                 ; 0     ; 0          ; 0    ; 0            ; |Calculator|Multiplier:pro|Mul_4bit:u3|altAdder:u5|FAdder:u1|FAdder_4bit:u2                           ; FAdder_4bit  ; work         ;
;                   |FAdder_1bit:u0|    ; 1.0 (1.0)            ; 1.0 (1.0)                        ; 0.0 (0.0)                                         ; 0.0 (0.0)                        ; 0.0 (0.0)            ; 2 (2)               ; 0 (0)                     ; 0 (0)         ; 0                 ; 0     ; 0          ; 0    ; 0            ; |Calculator|Multiplier:pro|Mul_4bit:u3|altAdder:u5|FAdder:u1|FAdder_4bit:u2|FAdder_1bit:u0            ; FAdder_1bit  ; work         ;
;                   |FAdder_1bit:u1|    ; 1.0 (1.0)            ; 1.0 (1.0)                        ; 0.0 (0.0)                                         ; 0.0 (0.0)                        ; 0.0 (0.0)            ; 2 (2)               ; 0 (0)                     ; 0 (0)         ; 0                 ; 0     ; 0          ; 0    ; 0            ; |Calculator|Multiplier:pro|Mul_4bit:u3|altAdder:u5|FAdder:u1|FAdder_4bit:u2|FAdder_1bit:u1            ; FAdder_1bit  ; work         ;
;                   |FAdder_1bit:u2|    ; 1.0 (1.0)            ; 1.0 (1.0)                        ; 0.0 (0.0)                                         ; 0.0 (0.0)                        ; 0.0 (0.0)            ; 2 (2)               ; 0 (0)                     ; 0 (0)         ; 0                 ; 0     ; 0          ; 0    ; 0            ; |Calculator|Multiplier:pro|Mul_4bit:u3|altAdder:u5|FAdder:u1|FAdder_4bit:u2|FAdder_1bit:u2            ; FAdder_1bit  ; work         ;
;                   |FAdder_1bit:u3|    ; 1.0 (1.0)            ; 1.0 (1.0)                        ; 0.0 (0.0)                                         ; 0.0 (0.0)                        ; 0.0 (0.0)            ; 2 (2)               ; 0 (0)                     ; 0 (0)         ; 0                 ; 0     ; 0          ; 0    ; 0            ; |Calculator|Multiplier:pro|Mul_4bit:u3|altAdder:u5|FAdder:u1|FAdder_4bit:u2|FAdder_1bit:u3            ; FAdder_1bit  ; work         ;
;                |FAdder_4bit:u3|       ; 4.0 (0.0)            ; 4.0 (0.0)                        ; 0.0 (0.0)                                         ; 0.0 (0.0)                        ; 0.0 (0.0)            ; 8 (0)               ; 0 (0)                     ; 0 (0)         ; 0                 ; 0     ; 0          ; 0    ; 0            ; |Calculator|Multiplier:pro|Mul_4bit:u3|altAdder:u5|FAdder:u1|FAdder_4bit:u3                           ; FAdder_4bit  ; work         ;
;                   |FAdder_1bit:u0|    ; 1.0 (1.0)            ; 1.0 (1.0)                        ; 0.0 (0.0)                                         ; 0.0 (0.0)                        ; 0.0 (0.0)            ; 2 (2)               ; 0 (0)                     ; 0 (0)         ; 0                 ; 0     ; 0          ; 0    ; 0            ; |Calculator|Multiplier:pro|Mul_4bit:u3|altAdder:u5|FAdder:u1|FAdder_4bit:u3|FAdder_1bit:u0            ; FAdder_1bit  ; work         ;
;                   |FAdder_1bit:u1|    ; 1.0 (1.0)            ; 1.0 (1.0)                        ; 0.0 (0.0)                                         ; 0.0 (0.0)                        ; 0.0 (0.0)            ; 2 (2)               ; 0 (0)                     ; 0 (0)         ; 0                 ; 0     ; 0          ; 0    ; 0            ; |Calculator|Multiplier:pro|Mul_4bit:u3|altAdder:u5|FAdder:u1|FAdder_4bit:u3|FAdder_1bit:u1            ; FAdder_1bit  ; work         ;
;                   |FAdder_1bit:u2|    ; 1.0 (1.0)            ; 1.0 (1.0)                        ; 0.0 (0.0)                                         ; 0.0 (0.0)                        ; 0.0 (0.0)            ; 2 (2)               ; 0 (0)                     ; 0 (0)         ; 0                 ; 0     ; 0          ; 0    ; 0            ; |Calculator|Multiplier:pro|Mul_4bit:u3|altAdder:u5|FAdder:u1|FAdder_4bit:u3|FAdder_1bit:u2            ; FAdder_1bit  ; work         ;
;                   |FAdder_1bit:u3|    ; 1.0 (1.0)            ; 1.0 (1.0)                        ; 0.0 (0.0)                                         ; 0.0 (0.0)                        ; 0.0 (0.0)            ; 2 (2)               ; 0 (0)                     ; 0 (0)         ; 0                 ; 0     ; 0          ; 0    ; 0            ; |Calculator|Multiplier:pro|Mul_4bit:u3|altAdder:u5|FAdder:u1|FAdder_4bit:u3|FAdder_1bit:u3            ; FAdder_1bit  ; work         ;
;          |altAdder:u7|                ; 16.0 (0.0)           ; 16.0 (0.0)                       ; 0.0 (0.0)                                         ; 0.0 (0.0)                        ; 0.0 (0.0)            ; 32 (0)              ; 0 (0)                     ; 0 (0)         ; 0                 ; 0     ; 0          ; 0    ; 0            ; |Calculator|Multiplier:pro|Mul_4bit:u3|altAdder:u7                                                    ; altAdder     ; work         ;
;             |FAdder:u1|               ; 16.0 (0.0)           ; 16.0 (0.0)                       ; 0.0 (0.0)                                         ; 0.0 (0.0)                        ; 0.0 (0.0)            ; 32 (0)              ; 0 (0)                     ; 0 (0)         ; 0                 ; 0     ; 0          ; 0    ; 0            ; |Calculator|Multiplier:pro|Mul_4bit:u3|altAdder:u7|FAdder:u1                                          ; FAdder       ; work         ;
;                |FAdder_4bit:u0|       ; 4.0 (0.0)            ; 4.0 (0.0)                        ; 0.0 (0.0)                                         ; 0.0 (0.0)                        ; 0.0 (0.0)            ; 8 (0)               ; 0 (0)                     ; 0 (0)         ; 0                 ; 0     ; 0          ; 0    ; 0            ; |Calculator|Multiplier:pro|Mul_4bit:u3|altAdder:u7|FAdder:u1|FAdder_4bit:u0                           ; FAdder_4bit  ; work         ;
;                   |FAdder_1bit:u0|    ; 1.0 (1.0)            ; 1.0 (1.0)                        ; 0.0 (0.0)                                         ; 0.0 (0.0)                        ; 0.0 (0.0)            ; 2 (2)               ; 0 (0)                     ; 0 (0)         ; 0                 ; 0     ; 0          ; 0    ; 0            ; |Calculator|Multiplier:pro|Mul_4bit:u3|altAdder:u7|FAdder:u1|FAdder_4bit:u0|FAdder_1bit:u0            ; FAdder_1bit  ; work         ;
;                   |FAdder_1bit:u1|    ; 1.0 (1.0)            ; 1.0 (1.0)                        ; 0.0 (0.0)                                         ; 0.0 (0.0)                        ; 0.0 (0.0)            ; 2 (2)               ; 0 (0)                     ; 0 (0)         ; 0                 ; 0     ; 0          ; 0    ; 0            ; |Calculator|Multiplier:pro|Mul_4bit:u3|altAdder:u7|FAdder:u1|FAdder_4bit:u0|FAdder_1bit:u1            ; FAdder_1bit  ; work         ;
;                   |FAdder_1bit:u2|    ; 1.0 (1.0)            ; 1.0 (1.0)                        ; 0.0 (0.0)                                         ; 0.0 (0.0)                        ; 0.0 (0.0)            ; 2 (2)               ; 0 (0)                     ; 0 (0)         ; 0                 ; 0     ; 0          ; 0    ; 0            ; |Calculator|Multiplier:pro|Mul_4bit:u3|altAdder:u7|FAdder:u1|FAdder_4bit:u0|FAdder_1bit:u2            ; FAdder_1bit  ; work         ;
;                   |FAdder_1bit:u3|    ; 1.0 (1.0)            ; 1.0 (1.0)                        ; 0.0 (0.0)                                         ; 0.0 (0.0)                        ; 0.0 (0.0)            ; 2 (2)               ; 0 (0)                     ; 0 (0)         ; 0                 ; 0     ; 0          ; 0    ; 0            ; |Calculator|Multiplier:pro|Mul_4bit:u3|altAdder:u7|FAdder:u1|FAdder_4bit:u0|FAdder_1bit:u3            ; FAdder_1bit  ; work         ;
;                |FAdder_4bit:u1|       ; 4.0 (0.0)            ; 4.0 (0.0)                        ; 0.0 (0.0)                                         ; 0.0 (0.0)                        ; 0.0 (0.0)            ; 8 (0)               ; 0 (0)                     ; 0 (0)         ; 0                 ; 0     ; 0          ; 0    ; 0            ; |Calculator|Multiplier:pro|Mul_4bit:u3|altAdder:u7|FAdder:u1|FAdder_4bit:u1                           ; FAdder_4bit  ; work         ;
;                   |FAdder_1bit:u0|    ; 1.0 (1.0)            ; 1.0 (1.0)                        ; 0.0 (0.0)                                         ; 0.0 (0.0)                        ; 0.0 (0.0)            ; 2 (2)               ; 0 (0)                     ; 0 (0)         ; 0                 ; 0     ; 0          ; 0    ; 0            ; |Calculator|Multiplier:pro|Mul_4bit:u3|altAdder:u7|FAdder:u1|FAdder_4bit:u1|FAdder_1bit:u0            ; FAdder_1bit  ; work         ;
;                   |FAdder_1bit:u1|    ; 1.0 (1.0)            ; 1.0 (1.0)                        ; 0.0 (0.0)                                         ; 0.0 (0.0)                        ; 0.0 (0.0)            ; 2 (2)               ; 0 (0)                     ; 0 (0)         ; 0                 ; 0     ; 0          ; 0    ; 0            ; |Calculator|Multiplier:pro|Mul_4bit:u3|altAdder:u7|FAdder:u1|FAdder_4bit:u1|FAdder_1bit:u1            ; FAdder_1bit  ; work         ;
;                   |FAdder_1bit:u2|    ; 1.0 (1.0)            ; 1.0 (1.0)                        ; 0.0 (0.0)                                         ; 0.0 (0.0)                        ; 0.0 (0.0)            ; 2 (2)               ; 0 (0)                     ; 0 (0)         ; 0                 ; 0     ; 0          ; 0    ; 0            ; |Calculator|Multiplier:pro|Mul_4bit:u3|altAdder:u7|FAdder:u1|FAdder_4bit:u1|FAdder_1bit:u2            ; FAdder_1bit  ; work         ;
;                   |FAdder_1bit:u3|    ; 1.0 (1.0)            ; 1.0 (1.0)                        ; 0.0 (0.0)                                         ; 0.0 (0.0)                        ; 0.0 (0.0)            ; 2 (2)               ; 0 (0)                     ; 0 (0)         ; 0                 ; 0     ; 0          ; 0    ; 0            ; |Calculator|Multiplier:pro|Mul_4bit:u3|altAdder:u7|FAdder:u1|FAdder_4bit:u1|FAdder_1bit:u3            ; FAdder_1bit  ; work         ;
;                |FAdder_4bit:u2|       ; 4.0 (0.0)            ; 4.0 (0.0)                        ; 0.0 (0.0)                                         ; 0.0 (0.0)                        ; 0.0 (0.0)            ; 8 (0)               ; 0 (0)                     ; 0 (0)         ; 0                 ; 0     ; 0          ; 0    ; 0            ; |Calculator|Multiplier:pro|Mul_4bit:u3|altAdder:u7|FAdder:u1|FAdder_4bit:u2                           ; FAdder_4bit  ; work         ;
;                   |FAdder_1bit:u0|    ; 1.0 (1.0)            ; 1.0 (1.0)                        ; 0.0 (0.0)                                         ; 0.0 (0.0)                        ; 0.0 (0.0)            ; 2 (2)               ; 0 (0)                     ; 0 (0)         ; 0                 ; 0     ; 0          ; 0    ; 0            ; |Calculator|Multiplier:pro|Mul_4bit:u3|altAdder:u7|FAdder:u1|FAdder_4bit:u2|FAdder_1bit:u0            ; FAdder_1bit  ; work         ;
;                   |FAdder_1bit:u1|    ; 1.0 (1.0)            ; 1.0 (1.0)                        ; 0.0 (0.0)                                         ; 0.0 (0.0)                        ; 0.0 (0.0)            ; 2 (2)               ; 0 (0)                     ; 0 (0)         ; 0                 ; 0     ; 0          ; 0    ; 0            ; |Calculator|Multiplier:pro|Mul_4bit:u3|altAdder:u7|FAdder:u1|FAdder_4bit:u2|FAdder_1bit:u1            ; FAdder_1bit  ; work         ;
;                   |FAdder_1bit:u2|    ; 1.0 (1.0)            ; 1.0 (1.0)                        ; 0.0 (0.0)                                         ; 0.0 (0.0)                        ; 0.0 (0.0)            ; 2 (2)               ; 0 (0)                     ; 0 (0)         ; 0                 ; 0     ; 0          ; 0    ; 0            ; |Calculator|Multiplier:pro|Mul_4bit:u3|altAdder:u7|FAdder:u1|FAdder_4bit:u2|FAdder_1bit:u2            ; FAdder_1bit  ; work         ;
;                   |FAdder_1bit:u3|    ; 1.0 (1.0)            ; 1.0 (1.0)                        ; 0.0 (0.0)                                         ; 0.0 (0.0)                        ; 0.0 (0.0)            ; 2 (2)               ; 0 (0)                     ; 0 (0)         ; 0                 ; 0     ; 0          ; 0    ; 0            ; |Calculator|Multiplier:pro|Mul_4bit:u3|altAdder:u7|FAdder:u1|FAdder_4bit:u2|FAdder_1bit:u3            ; FAdder_1bit  ; work         ;
;                |FAdder_4bit:u3|       ; 4.0 (0.0)            ; 4.0 (0.0)                        ; 0.0 (0.0)                                         ; 0.0 (0.0)                        ; 0.0 (0.0)            ; 8 (0)               ; 0 (0)                     ; 0 (0)         ; 0                 ; 0     ; 0          ; 0    ; 0            ; |Calculator|Multiplier:pro|Mul_4bit:u3|altAdder:u7|FAdder:u1|FAdder_4bit:u3                           ; FAdder_4bit  ; work         ;
;                   |FAdder_1bit:u0|    ; 1.0 (1.0)            ; 1.0 (1.0)                        ; 0.0 (0.0)                                         ; 0.0 (0.0)                        ; 0.0 (0.0)            ; 2 (2)               ; 0 (0)                     ; 0 (0)         ; 0                 ; 0     ; 0          ; 0    ; 0            ; |Calculator|Multiplier:pro|Mul_4bit:u3|altAdder:u7|FAdder:u1|FAdder_4bit:u3|FAdder_1bit:u0            ; FAdder_1bit  ; work         ;
;                   |FAdder_1bit:u1|    ; 1.0 (1.0)            ; 1.0 (1.0)                        ; 0.0 (0.0)                                         ; 0.0 (0.0)                        ; 0.0 (0.0)            ; 2 (2)               ; 0 (0)                     ; 0 (0)         ; 0                 ; 0     ; 0          ; 0    ; 0            ; |Calculator|Multiplier:pro|Mul_4bit:u3|altAdder:u7|FAdder:u1|FAdder_4bit:u3|FAdder_1bit:u1            ; FAdder_1bit  ; work         ;
;                   |FAdder_1bit:u2|    ; 1.0 (1.0)            ; 1.0 (1.0)                        ; 0.0 (0.0)                                         ; 0.0 (0.0)                        ; 0.0 (0.0)            ; 2 (2)               ; 0 (0)                     ; 0 (0)         ; 0                 ; 0     ; 0          ; 0    ; 0            ; |Calculator|Multiplier:pro|Mul_4bit:u3|altAdder:u7|FAdder:u1|FAdder_4bit:u3|FAdder_1bit:u2            ; FAdder_1bit  ; work         ;
;                   |FAdder_1bit:u3|    ; 1.0 (1.0)            ; 1.0 (1.0)                        ; 0.0 (0.0)                                         ; 0.0 (0.0)                        ; 0.0 (0.0)            ; 2 (2)               ; 0 (0)                     ; 0 (0)         ; 0                 ; 0     ; 0          ; 0    ; 0            ; |Calculator|Multiplier:pro|Mul_4bit:u3|altAdder:u7|FAdder:u1|FAdder_4bit:u3|FAdder_1bit:u3            ; FAdder_1bit  ; work         ;
;       |Mul_4bit:u4|                   ; 45.5 (0.0)           ; 45.5 (0.0)                       ; 0.0 (0.0)                                         ; 0.0 (0.0)                        ; 0.0 (0.0)            ; 91 (0)              ; 0 (0)                     ; 0 (0)         ; 0                 ; 0     ; 0          ; 0    ; 0            ; |Calculator|Multiplier:pro|Mul_4bit:u4                                                                ; Mul_4bit     ; work         ;
;          |altAdder:u3|                ; 15.0 (0.0)           ; 15.0 (0.0)                       ; 0.0 (0.0)                                         ; 0.0 (0.0)                        ; 0.0 (0.0)            ; 29 (0)              ; 0 (0)                     ; 0 (0)         ; 0                 ; 0     ; 0          ; 0    ; 0            ; |Calculator|Multiplier:pro|Mul_4bit:u4|altAdder:u3                                                    ; altAdder     ; work         ;
;             |FAdder:u1|               ; 15.0 (0.0)           ; 15.0 (0.0)                       ; 0.0 (0.0)                                         ; 0.0 (0.0)                        ; 0.0 (0.0)            ; 29 (0)              ; 0 (0)                     ; 0 (0)         ; 0                 ; 0     ; 0          ; 0    ; 0            ; |Calculator|Multiplier:pro|Mul_4bit:u4|altAdder:u3|FAdder:u1                                          ; FAdder       ; work         ;
;                |FAdder_4bit:u0|       ; 2.5 (0.0)            ; 2.5 (0.0)                        ; 0.0 (0.0)                                         ; 0.0 (0.0)                        ; 0.0 (0.0)            ; 5 (0)               ; 0 (0)                     ; 0 (0)         ; 0                 ; 0     ; 0          ; 0    ; 0            ; |Calculator|Multiplier:pro|Mul_4bit:u4|altAdder:u3|FAdder:u1|FAdder_4bit:u0                           ; FAdder_4bit  ; work         ;
;                   |FAdder_1bit:u0|    ; 0.5 (0.5)            ; 0.5 (0.5)                        ; 0.0 (0.0)                                         ; 0.0 (0.0)                        ; 0.0 (0.0)            ; 1 (1)               ; 0 (0)                     ; 0 (0)         ; 0                 ; 0     ; 0          ; 0    ; 0            ; |Calculator|Multiplier:pro|Mul_4bit:u4|altAdder:u3|FAdder:u1|FAdder_4bit:u0|FAdder_1bit:u0            ; FAdder_1bit  ; work         ;
;                   |FAdder_1bit:u1|    ; 0.5 (0.5)            ; 0.5 (0.5)                        ; 0.0 (0.0)                                         ; 0.0 (0.0)                        ; 0.0 (0.0)            ; 1 (1)               ; 0 (0)                     ; 0 (0)         ; 0                 ; 0     ; 0          ; 0    ; 0            ; |Calculator|Multiplier:pro|Mul_4bit:u4|altAdder:u3|FAdder:u1|FAdder_4bit:u0|FAdder_1bit:u1            ; FAdder_1bit  ; work         ;
;                   |FAdder_1bit:u2|    ; 0.5 (0.5)            ; 0.5 (0.5)                        ; 0.0 (0.0)                                         ; 0.0 (0.0)                        ; 0.0 (0.0)            ; 1 (1)               ; 0 (0)                     ; 0 (0)         ; 0                 ; 0     ; 0          ; 0    ; 0            ; |Calculator|Multiplier:pro|Mul_4bit:u4|altAdder:u3|FAdder:u1|FAdder_4bit:u0|FAdder_1bit:u2            ; FAdder_1bit  ; work         ;
;                   |FAdder_1bit:u3|    ; 1.0 (1.0)            ; 1.0 (1.0)                        ; 0.0 (0.0)                                         ; 0.0 (0.0)                        ; 0.0 (0.0)            ; 2 (2)               ; 0 (0)                     ; 0 (0)         ; 0                 ; 0     ; 0          ; 0    ; 0            ; |Calculator|Multiplier:pro|Mul_4bit:u4|altAdder:u3|FAdder:u1|FAdder_4bit:u0|FAdder_1bit:u3            ; FAdder_1bit  ; work         ;
;                |FAdder_4bit:u1|       ; 4.0 (0.0)            ; 4.0 (0.0)                        ; 0.0 (0.0)                                         ; 0.0 (0.0)                        ; 0.0 (0.0)            ; 8 (0)               ; 0 (0)                     ; 0 (0)         ; 0                 ; 0     ; 0          ; 0    ; 0            ; |Calculator|Multiplier:pro|Mul_4bit:u4|altAdder:u3|FAdder:u1|FAdder_4bit:u1                           ; FAdder_4bit  ; work         ;
;                   |FAdder_1bit:u0|    ; 1.0 (1.0)            ; 1.0 (1.0)                        ; 0.0 (0.0)                                         ; 0.0 (0.0)                        ; 0.0 (0.0)            ; 2 (2)               ; 0 (0)                     ; 0 (0)         ; 0                 ; 0     ; 0          ; 0    ; 0            ; |Calculator|Multiplier:pro|Mul_4bit:u4|altAdder:u3|FAdder:u1|FAdder_4bit:u1|FAdder_1bit:u0            ; FAdder_1bit  ; work         ;
;                   |FAdder_1bit:u1|    ; 1.0 (1.0)            ; 1.0 (1.0)                        ; 0.0 (0.0)                                         ; 0.0 (0.0)                        ; 0.0 (0.0)            ; 2 (2)               ; 0 (0)                     ; 0 (0)         ; 0                 ; 0     ; 0          ; 0    ; 0            ; |Calculator|Multiplier:pro|Mul_4bit:u4|altAdder:u3|FAdder:u1|FAdder_4bit:u1|FAdder_1bit:u1            ; FAdder_1bit  ; work         ;
;                   |FAdder_1bit:u2|    ; 1.0 (1.0)            ; 1.0 (1.0)                        ; 0.0 (0.0)                                         ; 0.0 (0.0)                        ; 0.0 (0.0)            ; 2 (2)               ; 0 (0)                     ; 0 (0)         ; 0                 ; 0     ; 0          ; 0    ; 0            ; |Calculator|Multiplier:pro|Mul_4bit:u4|altAdder:u3|FAdder:u1|FAdder_4bit:u1|FAdder_1bit:u2            ; FAdder_1bit  ; work         ;
;                   |FAdder_1bit:u3|    ; 1.0 (1.0)            ; 1.0 (1.0)                        ; 0.0 (0.0)                                         ; 0.0 (0.0)                        ; 0.0 (0.0)            ; 2 (2)               ; 0 (0)                     ; 0 (0)         ; 0                 ; 0     ; 0          ; 0    ; 0            ; |Calculator|Multiplier:pro|Mul_4bit:u4|altAdder:u3|FAdder:u1|FAdder_4bit:u1|FAdder_1bit:u3            ; FAdder_1bit  ; work         ;
;                |FAdder_4bit:u2|       ; 4.5 (0.0)            ; 4.5 (0.0)                        ; 0.0 (0.0)                                         ; 0.0 (0.0)                        ; 0.0 (0.0)            ; 8 (0)               ; 0 (0)                     ; 0 (0)         ; 0                 ; 0     ; 0          ; 0    ; 0            ; |Calculator|Multiplier:pro|Mul_4bit:u4|altAdder:u3|FAdder:u1|FAdder_4bit:u2                           ; FAdder_4bit  ; work         ;
;                   |FAdder_1bit:u0|    ; 1.0 (1.0)            ; 1.0 (1.0)                        ; 0.0 (0.0)                                         ; 0.0 (0.0)                        ; 0.0 (0.0)            ; 2 (2)               ; 0 (0)                     ; 0 (0)         ; 0                 ; 0     ; 0          ; 0    ; 0            ; |Calculator|Multiplier:pro|Mul_4bit:u4|altAdder:u3|FAdder:u1|FAdder_4bit:u2|FAdder_1bit:u0            ; FAdder_1bit  ; work         ;
;                   |FAdder_1bit:u1|    ; 1.0 (1.0)            ; 1.0 (1.0)                        ; 0.0 (0.0)                                         ; 0.0 (0.0)                        ; 0.0 (0.0)            ; 2 (2)               ; 0 (0)                     ; 0 (0)         ; 0                 ; 0     ; 0          ; 0    ; 0            ; |Calculator|Multiplier:pro|Mul_4bit:u4|altAdder:u3|FAdder:u1|FAdder_4bit:u2|FAdder_1bit:u1            ; FAdder_1bit  ; work         ;
;                   |FAdder_1bit:u2|    ; 1.0 (1.0)            ; 1.0 (1.0)                        ; 0.0 (0.0)                                         ; 0.0 (0.0)                        ; 0.0 (0.0)            ; 2 (2)               ; 0 (0)                     ; 0 (0)         ; 0                 ; 0     ; 0          ; 0    ; 0            ; |Calculator|Multiplier:pro|Mul_4bit:u4|altAdder:u3|FAdder:u1|FAdder_4bit:u2|FAdder_1bit:u2            ; FAdder_1bit  ; work         ;
;                   |FAdder_1bit:u3|    ; 1.5 (1.5)            ; 1.5 (1.5)                        ; 0.0 (0.0)                                         ; 0.0 (0.0)                        ; 0.0 (0.0)            ; 2 (2)               ; 0 (0)                     ; 0 (0)         ; 0                 ; 0     ; 0          ; 0    ; 0            ; |Calculator|Multiplier:pro|Mul_4bit:u4|altAdder:u3|FAdder:u1|FAdder_4bit:u2|FAdder_1bit:u3            ; FAdder_1bit  ; work         ;
;                |FAdder_4bit:u3|       ; 4.0 (0.0)            ; 4.0 (0.0)                        ; 0.0 (0.0)                                         ; 0.0 (0.0)                        ; 0.0 (0.0)            ; 8 (0)               ; 0 (0)                     ; 0 (0)         ; 0                 ; 0     ; 0          ; 0    ; 0            ; |Calculator|Multiplier:pro|Mul_4bit:u4|altAdder:u3|FAdder:u1|FAdder_4bit:u3                           ; FAdder_4bit  ; work         ;
;                   |FAdder_1bit:u0|    ; 1.0 (1.0)            ; 1.0 (1.0)                        ; 0.0 (0.0)                                         ; 0.0 (0.0)                        ; 0.0 (0.0)            ; 2 (2)               ; 0 (0)                     ; 0 (0)         ; 0                 ; 0     ; 0          ; 0    ; 0            ; |Calculator|Multiplier:pro|Mul_4bit:u4|altAdder:u3|FAdder:u1|FAdder_4bit:u3|FAdder_1bit:u0            ; FAdder_1bit  ; work         ;
;                   |FAdder_1bit:u1|    ; 1.0 (1.0)            ; 1.0 (1.0)                        ; 0.0 (0.0)                                         ; 0.0 (0.0)                        ; 0.0 (0.0)            ; 2 (2)               ; 0 (0)                     ; 0 (0)         ; 0                 ; 0     ; 0          ; 0    ; 0            ; |Calculator|Multiplier:pro|Mul_4bit:u4|altAdder:u3|FAdder:u1|FAdder_4bit:u3|FAdder_1bit:u1            ; FAdder_1bit  ; work         ;
;                   |FAdder_1bit:u2|    ; 1.0 (1.0)            ; 1.0 (1.0)                        ; 0.0 (0.0)                                         ; 0.0 (0.0)                        ; 0.0 (0.0)            ; 2 (2)               ; 0 (0)                     ; 0 (0)         ; 0                 ; 0     ; 0          ; 0    ; 0            ; |Calculator|Multiplier:pro|Mul_4bit:u4|altAdder:u3|FAdder:u1|FAdder_4bit:u3|FAdder_1bit:u2            ; FAdder_1bit  ; work         ;
;                   |FAdder_1bit:u3|    ; 1.0 (1.0)            ; 1.0 (1.0)                        ; 0.0 (0.0)                                         ; 0.0 (0.0)                        ; 0.0 (0.0)            ; 2 (2)               ; 0 (0)                     ; 0 (0)         ; 0                 ; 0     ; 0          ; 0    ; 0            ; |Calculator|Multiplier:pro|Mul_4bit:u4|altAdder:u3|FAdder:u1|FAdder_4bit:u3|FAdder_1bit:u3            ; FAdder_1bit  ; work         ;
;          |altAdder:u5|                ; 14.5 (0.0)           ; 14.5 (0.0)                       ; 0.0 (0.0)                                         ; 0.0 (0.0)                        ; 0.0 (0.0)            ; 30 (0)              ; 0 (0)                     ; 0 (0)         ; 0                 ; 0     ; 0          ; 0    ; 0            ; |Calculator|Multiplier:pro|Mul_4bit:u4|altAdder:u5                                                    ; altAdder     ; work         ;
;             |FAdder:u1|               ; 14.5 (0.0)           ; 14.5 (0.0)                       ; 0.0 (0.0)                                         ; 0.0 (0.0)                        ; 0.0 (0.0)            ; 30 (0)              ; 0 (0)                     ; 0 (0)         ; 0                 ; 0     ; 0          ; 0    ; 0            ; |Calculator|Multiplier:pro|Mul_4bit:u4|altAdder:u5|FAdder:u1                                          ; FAdder       ; work         ;
;                |FAdder_4bit:u0|       ; 3.0 (0.0)            ; 3.0 (0.0)                        ; 0.0 (0.0)                                         ; 0.0 (0.0)                        ; 0.0 (0.0)            ; 6 (0)               ; 0 (0)                     ; 0 (0)         ; 0                 ; 0     ; 0          ; 0    ; 0            ; |Calculator|Multiplier:pro|Mul_4bit:u4|altAdder:u5|FAdder:u1|FAdder_4bit:u0                           ; FAdder_4bit  ; work         ;
;                   |FAdder_1bit:u1|    ; 1.0 (1.0)            ; 1.0 (1.0)                        ; 0.0 (0.0)                                         ; 0.0 (0.0)                        ; 0.0 (0.0)            ; 2 (2)               ; 0 (0)                     ; 0 (0)         ; 0                 ; 0     ; 0          ; 0    ; 0            ; |Calculator|Multiplier:pro|Mul_4bit:u4|altAdder:u5|FAdder:u1|FAdder_4bit:u0|FAdder_1bit:u1            ; FAdder_1bit  ; work         ;
;                   |FAdder_1bit:u2|    ; 1.0 (1.0)            ; 1.0 (1.0)                        ; 0.0 (0.0)                                         ; 0.0 (0.0)                        ; 0.0 (0.0)            ; 2 (2)               ; 0 (0)                     ; 0 (0)         ; 0                 ; 0     ; 0          ; 0    ; 0            ; |Calculator|Multiplier:pro|Mul_4bit:u4|altAdder:u5|FAdder:u1|FAdder_4bit:u0|FAdder_1bit:u2            ; FAdder_1bit  ; work         ;
;                   |FAdder_1bit:u3|    ; 1.0 (1.0)            ; 1.0 (1.0)                        ; 0.0 (0.0)                                         ; 0.0 (0.0)                        ; 0.0 (0.0)            ; 2 (2)               ; 0 (0)                     ; 0 (0)         ; 0                 ; 0     ; 0          ; 0    ; 0            ; |Calculator|Multiplier:pro|Mul_4bit:u4|altAdder:u5|FAdder:u1|FAdder_4bit:u0|FAdder_1bit:u3            ; FAdder_1bit  ; work         ;
;                |FAdder_4bit:u1|       ; 4.0 (0.0)            ; 4.0 (0.0)                        ; 0.0 (0.0)                                         ; 0.0 (0.0)                        ; 0.0 (0.0)            ; 8 (0)               ; 0 (0)                     ; 0 (0)         ; 0                 ; 0     ; 0          ; 0    ; 0            ; |Calculator|Multiplier:pro|Mul_4bit:u4|altAdder:u5|FAdder:u1|FAdder_4bit:u1                           ; FAdder_4bit  ; work         ;
;                   |FAdder_1bit:u0|    ; 1.0 (1.0)            ; 1.0 (1.0)                        ; 0.0 (0.0)                                         ; 0.0 (0.0)                        ; 0.0 (0.0)            ; 2 (2)               ; 0 (0)                     ; 0 (0)         ; 0                 ; 0     ; 0          ; 0    ; 0            ; |Calculator|Multiplier:pro|Mul_4bit:u4|altAdder:u5|FAdder:u1|FAdder_4bit:u1|FAdder_1bit:u0            ; FAdder_1bit  ; work         ;
;                   |FAdder_1bit:u1|    ; 1.0 (1.0)            ; 1.0 (1.0)                        ; 0.0 (0.0)                                         ; 0.0 (0.0)                        ; 0.0 (0.0)            ; 2 (2)               ; 0 (0)                     ; 0 (0)         ; 0                 ; 0     ; 0          ; 0    ; 0            ; |Calculator|Multiplier:pro|Mul_4bit:u4|altAdder:u5|FAdder:u1|FAdder_4bit:u1|FAdder_1bit:u1            ; FAdder_1bit  ; work         ;
;                   |FAdder_1bit:u2|    ; 1.0 (1.0)            ; 1.0 (1.0)                        ; 0.0 (0.0)                                         ; 0.0 (0.0)                        ; 0.0 (0.0)            ; 2 (2)               ; 0 (0)                     ; 0 (0)         ; 0                 ; 0     ; 0          ; 0    ; 0            ; |Calculator|Multiplier:pro|Mul_4bit:u4|altAdder:u5|FAdder:u1|FAdder_4bit:u1|FAdder_1bit:u2            ; FAdder_1bit  ; work         ;
;                   |FAdder_1bit:u3|    ; 1.0 (1.0)            ; 1.0 (1.0)                        ; 0.0 (0.0)                                         ; 0.0 (0.0)                        ; 0.0 (0.0)            ; 2 (2)               ; 0 (0)                     ; 0 (0)         ; 0                 ; 0     ; 0          ; 0    ; 0            ; |Calculator|Multiplier:pro|Mul_4bit:u4|altAdder:u5|FAdder:u1|FAdder_4bit:u1|FAdder_1bit:u3            ; FAdder_1bit  ; work         ;
;                |FAdder_4bit:u2|       ; 3.5 (0.0)            ; 3.5 (0.0)                        ; 0.0 (0.0)                                         ; 0.0 (0.0)                        ; 0.0 (0.0)            ; 8 (0)               ; 0 (0)                     ; 0 (0)         ; 0                 ; 0     ; 0          ; 0    ; 0            ; |Calculator|Multiplier:pro|Mul_4bit:u4|altAdder:u5|FAdder:u1|FAdder_4bit:u2                           ; FAdder_4bit  ; work         ;
;                   |FAdder_1bit:u0|    ; 1.0 (1.0)            ; 1.0 (1.0)                        ; 0.0 (0.0)                                         ; 0.0 (0.0)                        ; 0.0 (0.0)            ; 2 (2)               ; 0 (0)                     ; 0 (0)         ; 0                 ; 0     ; 0          ; 0    ; 0            ; |Calculator|Multiplier:pro|Mul_4bit:u4|altAdder:u5|FAdder:u1|FAdder_4bit:u2|FAdder_1bit:u0            ; FAdder_1bit  ; work         ;
;                   |FAdder_1bit:u1|    ; 1.0 (1.0)            ; 1.0 (1.0)                        ; 0.0 (0.0)                                         ; 0.0 (0.0)                        ; 0.0 (0.0)            ; 2 (2)               ; 0 (0)                     ; 0 (0)         ; 0                 ; 0     ; 0          ; 0    ; 0            ; |Calculator|Multiplier:pro|Mul_4bit:u4|altAdder:u5|FAdder:u1|FAdder_4bit:u2|FAdder_1bit:u1            ; FAdder_1bit  ; work         ;
;                   |FAdder_1bit:u2|    ; 1.0 (1.0)            ; 1.0 (1.0)                        ; 0.0 (0.0)                                         ; 0.0 (0.0)                        ; 0.0 (0.0)            ; 2 (2)               ; 0 (0)                     ; 0 (0)         ; 0                 ; 0     ; 0          ; 0    ; 0            ; |Calculator|Multiplier:pro|Mul_4bit:u4|altAdder:u5|FAdder:u1|FAdder_4bit:u2|FAdder_1bit:u2            ; FAdder_1bit  ; work         ;
;                   |FAdder_1bit:u3|    ; 0.5 (0.5)            ; 0.5 (0.5)                        ; 0.0 (0.0)                                         ; 0.0 (0.0)                        ; 0.0 (0.0)            ; 2 (2)               ; 0 (0)                     ; 0 (0)         ; 0                 ; 0     ; 0          ; 0    ; 0            ; |Calculator|Multiplier:pro|Mul_4bit:u4|altAdder:u5|FAdder:u1|FAdder_4bit:u2|FAdder_1bit:u3            ; FAdder_1bit  ; work         ;
;                |FAdder_4bit:u3|       ; 4.0 (0.0)            ; 4.0 (0.0)                        ; 0.0 (0.0)                                         ; 0.0 (0.0)                        ; 0.0 (0.0)            ; 8 (0)               ; 0 (0)                     ; 0 (0)         ; 0                 ; 0     ; 0          ; 0    ; 0            ; |Calculator|Multiplier:pro|Mul_4bit:u4|altAdder:u5|FAdder:u1|FAdder_4bit:u3                           ; FAdder_4bit  ; work         ;
;                   |FAdder_1bit:u0|    ; 1.0 (1.0)            ; 1.0 (1.0)                        ; 0.0 (0.0)                                         ; 0.0 (0.0)                        ; 0.0 (0.0)            ; 2 (2)               ; 0 (0)                     ; 0 (0)         ; 0                 ; 0     ; 0          ; 0    ; 0            ; |Calculator|Multiplier:pro|Mul_4bit:u4|altAdder:u5|FAdder:u1|FAdder_4bit:u3|FAdder_1bit:u0            ; FAdder_1bit  ; work         ;
;                   |FAdder_1bit:u1|    ; 1.0 (1.0)            ; 1.0 (1.0)                        ; 0.0 (0.0)                                         ; 0.0 (0.0)                        ; 0.0 (0.0)            ; 2 (2)               ; 0 (0)                     ; 0 (0)         ; 0                 ; 0     ; 0          ; 0    ; 0            ; |Calculator|Multiplier:pro|Mul_4bit:u4|altAdder:u5|FAdder:u1|FAdder_4bit:u3|FAdder_1bit:u1            ; FAdder_1bit  ; work         ;
;                   |FAdder_1bit:u2|    ; 1.0 (1.0)            ; 1.0 (1.0)                        ; 0.0 (0.0)                                         ; 0.0 (0.0)                        ; 0.0 (0.0)            ; 2 (2)               ; 0 (0)                     ; 0 (0)         ; 0                 ; 0     ; 0          ; 0    ; 0            ; |Calculator|Multiplier:pro|Mul_4bit:u4|altAdder:u5|FAdder:u1|FAdder_4bit:u3|FAdder_1bit:u2            ; FAdder_1bit  ; work         ;
;                   |FAdder_1bit:u3|    ; 1.0 (1.0)            ; 1.0 (1.0)                        ; 0.0 (0.0)                                         ; 0.0 (0.0)                        ; 0.0 (0.0)            ; 2 (2)               ; 0 (0)                     ; 0 (0)         ; 0                 ; 0     ; 0          ; 0    ; 0            ; |Calculator|Multiplier:pro|Mul_4bit:u4|altAdder:u5|FAdder:u1|FAdder_4bit:u3|FAdder_1bit:u3            ; FAdder_1bit  ; work         ;
;          |altAdder:u7|                ; 16.0 (0.0)           ; 16.0 (0.0)                       ; 0.0 (0.0)                                         ; 0.0 (0.0)                        ; 0.0 (0.0)            ; 32 (0)              ; 0 (0)                     ; 0 (0)         ; 0                 ; 0     ; 0          ; 0    ; 0            ; |Calculator|Multiplier:pro|Mul_4bit:u4|altAdder:u7                                                    ; altAdder     ; work         ;
;             |FAdder:u1|               ; 16.0 (0.0)           ; 16.0 (0.0)                       ; 0.0 (0.0)                                         ; 0.0 (0.0)                        ; 0.0 (0.0)            ; 32 (0)              ; 0 (0)                     ; 0 (0)         ; 0                 ; 0     ; 0          ; 0    ; 0            ; |Calculator|Multiplier:pro|Mul_4bit:u4|altAdder:u7|FAdder:u1                                          ; FAdder       ; work         ;
;                |FAdder_4bit:u0|       ; 4.0 (0.0)            ; 4.0 (0.0)                        ; 0.0 (0.0)                                         ; 0.0 (0.0)                        ; 0.0 (0.0)            ; 8 (0)               ; 0 (0)                     ; 0 (0)         ; 0                 ; 0     ; 0          ; 0    ; 0            ; |Calculator|Multiplier:pro|Mul_4bit:u4|altAdder:u7|FAdder:u1|FAdder_4bit:u0                           ; FAdder_4bit  ; work         ;
;                   |FAdder_1bit:u0|    ; 1.0 (1.0)            ; 1.0 (1.0)                        ; 0.0 (0.0)                                         ; 0.0 (0.0)                        ; 0.0 (0.0)            ; 2 (2)               ; 0 (0)                     ; 0 (0)         ; 0                 ; 0     ; 0          ; 0    ; 0            ; |Calculator|Multiplier:pro|Mul_4bit:u4|altAdder:u7|FAdder:u1|FAdder_4bit:u0|FAdder_1bit:u0            ; FAdder_1bit  ; work         ;
;                   |FAdder_1bit:u1|    ; 1.0 (1.0)            ; 1.0 (1.0)                        ; 0.0 (0.0)                                         ; 0.0 (0.0)                        ; 0.0 (0.0)            ; 2 (2)               ; 0 (0)                     ; 0 (0)         ; 0                 ; 0     ; 0          ; 0    ; 0            ; |Calculator|Multiplier:pro|Mul_4bit:u4|altAdder:u7|FAdder:u1|FAdder_4bit:u0|FAdder_1bit:u1            ; FAdder_1bit  ; work         ;
;                   |FAdder_1bit:u2|    ; 1.0 (1.0)            ; 1.0 (1.0)                        ; 0.0 (0.0)                                         ; 0.0 (0.0)                        ; 0.0 (0.0)            ; 2 (2)               ; 0 (0)                     ; 0 (0)         ; 0                 ; 0     ; 0          ; 0    ; 0            ; |Calculator|Multiplier:pro|Mul_4bit:u4|altAdder:u7|FAdder:u1|FAdder_4bit:u0|FAdder_1bit:u2            ; FAdder_1bit  ; work         ;
;                   |FAdder_1bit:u3|    ; 1.0 (1.0)            ; 1.0 (1.0)                        ; 0.0 (0.0)                                         ; 0.0 (0.0)                        ; 0.0 (0.0)            ; 2 (2)               ; 0 (0)                     ; 0 (0)         ; 0                 ; 0     ; 0          ; 0    ; 0            ; |Calculator|Multiplier:pro|Mul_4bit:u4|altAdder:u7|FAdder:u1|FAdder_4bit:u0|FAdder_1bit:u3            ; FAdder_1bit  ; work         ;
;                |FAdder_4bit:u1|       ; 4.0 (0.0)            ; 4.0 (0.0)                        ; 0.0 (0.0)                                         ; 0.0 (0.0)                        ; 0.0 (0.0)            ; 8 (0)               ; 0 (0)                     ; 0 (0)         ; 0                 ; 0     ; 0          ; 0    ; 0            ; |Calculator|Multiplier:pro|Mul_4bit:u4|altAdder:u7|FAdder:u1|FAdder_4bit:u1                           ; FAdder_4bit  ; work         ;
;                   |FAdder_1bit:u0|    ; 1.0 (1.0)            ; 1.0 (1.0)                        ; 0.0 (0.0)                                         ; 0.0 (0.0)                        ; 0.0 (0.0)            ; 2 (2)               ; 0 (0)                     ; 0 (0)         ; 0                 ; 0     ; 0          ; 0    ; 0            ; |Calculator|Multiplier:pro|Mul_4bit:u4|altAdder:u7|FAdder:u1|FAdder_4bit:u1|FAdder_1bit:u0            ; FAdder_1bit  ; work         ;
;                   |FAdder_1bit:u1|    ; 1.0 (1.0)            ; 1.0 (1.0)                        ; 0.0 (0.0)                                         ; 0.0 (0.0)                        ; 0.0 (0.0)            ; 2 (2)               ; 0 (0)                     ; 0 (0)         ; 0                 ; 0     ; 0          ; 0    ; 0            ; |Calculator|Multiplier:pro|Mul_4bit:u4|altAdder:u7|FAdder:u1|FAdder_4bit:u1|FAdder_1bit:u1            ; FAdder_1bit  ; work         ;
;                   |FAdder_1bit:u2|    ; 1.0 (1.0)            ; 1.0 (1.0)                        ; 0.0 (0.0)                                         ; 0.0 (0.0)                        ; 0.0 (0.0)            ; 2 (2)               ; 0 (0)                     ; 0 (0)         ; 0                 ; 0     ; 0          ; 0    ; 0            ; |Calculator|Multiplier:pro|Mul_4bit:u4|altAdder:u7|FAdder:u1|FAdder_4bit:u1|FAdder_1bit:u2            ; FAdder_1bit  ; work         ;
;                   |FAdder_1bit:u3|    ; 1.0 (1.0)            ; 1.0 (1.0)                        ; 0.0 (0.0)                                         ; 0.0 (0.0)                        ; 0.0 (0.0)            ; 2 (2)               ; 0 (0)                     ; 0 (0)         ; 0                 ; 0     ; 0          ; 0    ; 0            ; |Calculator|Multiplier:pro|Mul_4bit:u4|altAdder:u7|FAdder:u1|FAdder_4bit:u1|FAdder_1bit:u3            ; FAdder_1bit  ; work         ;
;                |FAdder_4bit:u2|       ; 4.0 (0.0)            ; 4.0 (0.0)                        ; 0.0 (0.0)                                         ; 0.0 (0.0)                        ; 0.0 (0.0)            ; 8 (0)               ; 0 (0)                     ; 0 (0)         ; 0                 ; 0     ; 0          ; 0    ; 0            ; |Calculator|Multiplier:pro|Mul_4bit:u4|altAdder:u7|FAdder:u1|FAdder_4bit:u2                           ; FAdder_4bit  ; work         ;
;                   |FAdder_1bit:u0|    ; 1.0 (1.0)            ; 1.0 (1.0)                        ; 0.0 (0.0)                                         ; 0.0 (0.0)                        ; 0.0 (0.0)            ; 2 (2)               ; 0 (0)                     ; 0 (0)         ; 0                 ; 0     ; 0          ; 0    ; 0            ; |Calculator|Multiplier:pro|Mul_4bit:u4|altAdder:u7|FAdder:u1|FAdder_4bit:u2|FAdder_1bit:u0            ; FAdder_1bit  ; work         ;
;                   |FAdder_1bit:u1|    ; 1.0 (1.0)            ; 1.0 (1.0)                        ; 0.0 (0.0)                                         ; 0.0 (0.0)                        ; 0.0 (0.0)            ; 2 (2)               ; 0 (0)                     ; 0 (0)         ; 0                 ; 0     ; 0          ; 0    ; 0            ; |Calculator|Multiplier:pro|Mul_4bit:u4|altAdder:u7|FAdder:u1|FAdder_4bit:u2|FAdder_1bit:u1            ; FAdder_1bit  ; work         ;
;                   |FAdder_1bit:u2|    ; 1.0 (1.0)            ; 1.0 (1.0)                        ; 0.0 (0.0)                                         ; 0.0 (0.0)                        ; 0.0 (0.0)            ; 2 (2)               ; 0 (0)                     ; 0 (0)         ; 0                 ; 0     ; 0          ; 0    ; 0            ; |Calculator|Multiplier:pro|Mul_4bit:u4|altAdder:u7|FAdder:u1|FAdder_4bit:u2|FAdder_1bit:u2            ; FAdder_1bit  ; work         ;
;                   |FAdder_1bit:u3|    ; 1.0 (1.0)            ; 1.0 (1.0)                        ; 0.0 (0.0)                                         ; 0.0 (0.0)                        ; 0.0 (0.0)            ; 2 (2)               ; 0 (0)                     ; 0 (0)         ; 0                 ; 0     ; 0          ; 0    ; 0            ; |Calculator|Multiplier:pro|Mul_4bit:u4|altAdder:u7|FAdder:u1|FAdder_4bit:u2|FAdder_1bit:u3            ; FAdder_1bit  ; work         ;
;                |FAdder_4bit:u3|       ; 4.0 (0.0)            ; 4.0 (0.0)                        ; 0.0 (0.0)                                         ; 0.0 (0.0)                        ; 0.0 (0.0)            ; 8 (0)               ; 0 (0)                     ; 0 (0)         ; 0                 ; 0     ; 0          ; 0    ; 0            ; |Calculator|Multiplier:pro|Mul_4bit:u4|altAdder:u7|FAdder:u1|FAdder_4bit:u3                           ; FAdder_4bit  ; work         ;
;                   |FAdder_1bit:u0|    ; 1.0 (1.0)            ; 1.0 (1.0)                        ; 0.0 (0.0)                                         ; 0.0 (0.0)                        ; 0.0 (0.0)            ; 2 (2)               ; 0 (0)                     ; 0 (0)         ; 0                 ; 0     ; 0          ; 0    ; 0            ; |Calculator|Multiplier:pro|Mul_4bit:u4|altAdder:u7|FAdder:u1|FAdder_4bit:u3|FAdder_1bit:u0            ; FAdder_1bit  ; work         ;
;                   |FAdder_1bit:u1|    ; 1.0 (1.0)            ; 1.0 (1.0)                        ; 0.0 (0.0)                                         ; 0.0 (0.0)                        ; 0.0 (0.0)            ; 2 (2)               ; 0 (0)                     ; 0 (0)         ; 0                 ; 0     ; 0          ; 0    ; 0            ; |Calculator|Multiplier:pro|Mul_4bit:u4|altAdder:u7|FAdder:u1|FAdder_4bit:u3|FAdder_1bit:u1            ; FAdder_1bit  ; work         ;
;                   |FAdder_1bit:u2|    ; 1.0 (1.0)            ; 1.0 (1.0)                        ; 0.0 (0.0)                                         ; 0.0 (0.0)                        ; 0.0 (0.0)            ; 2 (2)               ; 0 (0)                     ; 0 (0)         ; 0                 ; 0     ; 0          ; 0    ; 0            ; |Calculator|Multiplier:pro|Mul_4bit:u4|altAdder:u7|FAdder:u1|FAdder_4bit:u3|FAdder_1bit:u2            ; FAdder_1bit  ; work         ;
;                   |FAdder_1bit:u3|    ; 1.0 (1.0)            ; 1.0 (1.0)                        ; 0.0 (0.0)                                         ; 0.0 (0.0)                        ; 0.0 (0.0)            ; 2 (2)               ; 0 (0)                     ; 0 (0)         ; 0                 ; 0     ; 0          ; 0    ; 0            ; |Calculator|Multiplier:pro|Mul_4bit:u4|altAdder:u7|FAdder:u1|FAdder_4bit:u3|FAdder_1bit:u3            ; FAdder_1bit  ; work         ;
;    |bcdconv:bcd|                      ; 150.5 (6.5)          ; 150.5 (6.5)                      ; 0.0 (0.0)                                         ; 0.0 (0.0)                        ; 0.0 (0.0)            ; 238 (11)            ; 0 (0)                     ; 0 (0)         ; 0                 ; 0     ; 0          ; 0    ; 0            ; |Calculator|bcdconv:bcd                                                                               ; bcdconv      ; work         ;
;       |Divider:u1|                    ; 67.0 (13.0)          ; 67.0 (13.0)                      ; 0.0 (0.0)                                         ; 0.0 (0.0)                        ; 0.0 (0.0)            ; 101 (18)            ; 0 (0)                     ; 0 (0)         ; 0                 ; 0     ; 0          ; 0    ; 0            ; |Calculator|bcdconv:bcd|Divider:u1                                                                    ; Divider      ; work         ;
;          |FAdder:v1|                  ; 3.5 (0.0)            ; 3.5 (0.0)                        ; 0.0 (0.0)                                         ; 0.0 (0.0)                        ; 0.0 (0.0)            ; 5 (0)               ; 0 (0)                     ; 0 (0)         ; 0                 ; 0     ; 0          ; 0    ; 0            ; |Calculator|bcdconv:bcd|Divider:u1|FAdder:v1                                                          ; FAdder       ; work         ;
;             |FAdder_4bit:u0|          ; 1.0 (0.0)            ; 1.0 (0.0)                        ; 0.0 (0.0)                                         ; 0.0 (0.0)                        ; 0.0 (0.0)            ; 2 (0)               ; 0 (0)                     ; 0 (0)         ; 0                 ; 0     ; 0          ; 0    ; 0            ; |Calculator|bcdconv:bcd|Divider:u1|FAdder:v1|FAdder_4bit:u0                                           ; FAdder_4bit  ; work         ;
;                |FAdder_1bit:u2|       ; 0.5 (0.5)            ; 0.5 (0.5)                        ; 0.0 (0.0)                                         ; 0.0 (0.0)                        ; 0.0 (0.0)            ; 1 (1)               ; 0 (0)                     ; 0 (0)         ; 0                 ; 0     ; 0          ; 0    ; 0            ; |Calculator|bcdconv:bcd|Divider:u1|FAdder:v1|FAdder_4bit:u0|FAdder_1bit:u2                            ; FAdder_1bit  ; work         ;
;                |FAdder_1bit:u3|       ; 0.5 (0.5)            ; 0.5 (0.5)                        ; 0.0 (0.0)                                         ; 0.0 (0.0)                        ; 0.0 (0.0)            ; 1 (1)               ; 0 (0)                     ; 0 (0)         ; 0                 ; 0     ; 0          ; 0    ; 0            ; |Calculator|bcdconv:bcd|Divider:u1|FAdder:v1|FAdder_4bit:u0|FAdder_1bit:u3                            ; FAdder_1bit  ; work         ;
;             |FAdder_4bit:u1|          ; 0.5 (0.0)            ; 0.5 (0.0)                        ; 0.0 (0.0)                                         ; 0.0 (0.0)                        ; 0.0 (0.0)            ; 1 (0)               ; 0 (0)                     ; 0 (0)         ; 0                 ; 0     ; 0          ; 0    ; 0            ; |Calculator|bcdconv:bcd|Divider:u1|FAdder:v1|FAdder_4bit:u1                                           ; FAdder_4bit  ; work         ;
;                |FAdder_1bit:u1|       ; 0.5 (0.5)            ; 0.5 (0.5)                        ; 0.0 (0.0)                                         ; 0.0 (0.0)                        ; 0.0 (0.0)            ; 1 (1)               ; 0 (0)                     ; 0 (0)         ; 0                 ; 0     ; 0          ; 0    ; 0            ; |Calculator|bcdconv:bcd|Divider:u1|FAdder:v1|FAdder_4bit:u1|FAdder_1bit:u1                            ; FAdder_1bit  ; work         ;
;             |FAdder_4bit:u2|          ; 2.0 (0.0)            ; 2.0 (0.0)                        ; 0.0 (0.0)                                         ; 0.0 (0.0)                        ; 0.0 (0.0)            ; 2 (0)               ; 0 (0)                     ; 0 (0)         ; 0                 ; 0     ; 0          ; 0    ; 0            ; |Calculator|bcdconv:bcd|Divider:u1|FAdder:v1|FAdder_4bit:u2                                           ; FAdder_4bit  ; work         ;
;                |FAdder_1bit:u0|       ; 1.0 (1.0)            ; 1.0 (1.0)                        ; 0.0 (0.0)                                         ; 0.0 (0.0)                        ; 0.0 (0.0)            ; 1 (1)               ; 0 (0)                     ; 0 (0)         ; 0                 ; 0     ; 0          ; 0    ; 0            ; |Calculator|bcdconv:bcd|Divider:u1|FAdder:v1|FAdder_4bit:u2|FAdder_1bit:u0                            ; FAdder_1bit  ; work         ;
;                |FAdder_1bit:u2|       ; 1.0 (1.0)            ; 1.0 (1.0)                        ; 0.0 (0.0)                                         ; 0.0 (0.0)                        ; 0.0 (0.0)            ; 1 (1)               ; 0 (0)                     ; 0 (0)         ; 0                 ; 0     ; 0          ; 0    ; 0            ; |Calculator|bcdconv:bcd|Divider:u1|FAdder:v1|FAdder_4bit:u2|FAdder_1bit:u2                            ; FAdder_1bit  ; work         ;
;          |FAdder:v3|                  ; 3.0 (0.0)            ; 3.0 (0.0)                        ; 0.0 (0.0)                                         ; 0.0 (0.0)                        ; 0.0 (0.0)            ; 5 (0)               ; 0 (0)                     ; 0 (0)         ; 0                 ; 0     ; 0          ; 0    ; 0            ; |Calculator|bcdconv:bcd|Divider:u1|FAdder:v3                                                          ; FAdder       ; work         ;
;             |FAdder_4bit:u0|          ; 2.0 (0.0)            ; 2.0 (0.0)                        ; 0.0 (0.0)                                         ; 0.0 (0.0)                        ; 0.0 (0.0)            ; 3 (0)               ; 0 (0)                     ; 0 (0)         ; 0                 ; 0     ; 0          ; 0    ; 0            ; |Calculator|bcdconv:bcd|Divider:u1|FAdder:v3|FAdder_4bit:u0                                           ; FAdder_4bit  ; work         ;
;                |FAdder_1bit:u1|       ; 0.5 (0.5)            ; 0.5 (0.5)                        ; 0.0 (0.0)                                         ; 0.0 (0.0)                        ; 0.0 (0.0)            ; 1 (1)               ; 0 (0)                     ; 0 (0)         ; 0                 ; 0     ; 0          ; 0    ; 0            ; |Calculator|bcdconv:bcd|Divider:u1|FAdder:v3|FAdder_4bit:u0|FAdder_1bit:u1                            ; FAdder_1bit  ; work         ;
;                |FAdder_1bit:u2|       ; 1.0 (1.0)            ; 1.0 (1.0)                        ; 0.0 (0.0)                                         ; 0.0 (0.0)                        ; 0.0 (0.0)            ; 1 (1)               ; 0 (0)                     ; 0 (0)         ; 0                 ; 0     ; 0          ; 0    ; 0            ; |Calculator|bcdconv:bcd|Divider:u1|FAdder:v3|FAdder_4bit:u0|FAdder_1bit:u2                            ; FAdder_1bit  ; work         ;
;                |FAdder_1bit:u3|       ; 0.5 (0.5)            ; 0.5 (0.5)                        ; 0.0 (0.0)                                         ; 0.0 (0.0)                        ; 0.0 (0.0)            ; 1 (1)               ; 0 (0)                     ; 0 (0)         ; 0                 ; 0     ; 0          ; 0    ; 0            ; |Calculator|bcdconv:bcd|Divider:u1|FAdder:v3|FAdder_4bit:u0|FAdder_1bit:u3                            ; FAdder_1bit  ; work         ;
;             |FAdder_4bit:u1|          ; 1.0 (0.0)            ; 1.0 (0.0)                        ; 0.0 (0.0)                                         ; 0.0 (0.0)                        ; 0.0 (0.0)            ; 2 (0)               ; 0 (0)                     ; 0 (0)         ; 0                 ; 0     ; 0          ; 0    ; 0            ; |Calculator|bcdconv:bcd|Divider:u1|FAdder:v3|FAdder_4bit:u1                                           ; FAdder_4bit  ; work         ;
;                |FAdder_1bit:u1|       ; 0.0 (0.0)            ; 0.0 (0.0)                        ; 0.0 (0.0)                                         ; 0.0 (0.0)                        ; 0.0 (0.0)            ; 1 (1)               ; 0 (0)                     ; 0 (0)         ; 0                 ; 0     ; 0          ; 0    ; 0            ; |Calculator|bcdconv:bcd|Divider:u1|FAdder:v3|FAdder_4bit:u1|FAdder_1bit:u1                            ; FAdder_1bit  ; work         ;
;                |FAdder_1bit:u3|       ; 1.0 (1.0)            ; 1.0 (1.0)                        ; 0.0 (0.0)                                         ; 0.0 (0.0)                        ; 0.0 (0.0)            ; 1 (1)               ; 0 (0)                     ; 0 (0)         ; 0                 ; 0     ; 0          ; 0    ; 0            ; |Calculator|bcdconv:bcd|Divider:u1|FAdder:v3|FAdder_4bit:u1|FAdder_1bit:u3                            ; FAdder_1bit  ; work         ;
;          |FAdder:v4|                  ; 0.5 (0.0)            ; 0.5 (0.0)                        ; 0.0 (0.0)                                         ; 0.0 (0.0)                        ; 0.0 (0.0)            ; 1 (0)               ; 0 (0)                     ; 0 (0)         ; 0                 ; 0     ; 0          ; 0    ; 0            ; |Calculator|bcdconv:bcd|Divider:u1|FAdder:v4                                                          ; FAdder       ; work         ;
;             |FAdder_4bit:u0|          ; 0.5 (0.0)            ; 0.5 (0.0)                        ; 0.0 (0.0)                                         ; 0.0 (0.0)                        ; 0.0 (0.0)            ; 1 (0)               ; 0 (0)                     ; 0 (0)         ; 0                 ; 0     ; 0          ; 0    ; 0            ; |Calculator|bcdconv:bcd|Divider:u1|FAdder:v4|FAdder_4bit:u0                                           ; FAdder_4bit  ; work         ;
;                |FAdder_1bit:u1|       ; 0.5 (0.5)            ; 0.5 (0.5)                        ; 0.0 (0.0)                                         ; 0.0 (0.0)                        ; 0.0 (0.0)            ; 1 (1)               ; 0 (0)                     ; 0 (0)         ; 0                 ; 0     ; 0          ; 0    ; 0            ; |Calculator|bcdconv:bcd|Divider:u1|FAdder:v4|FAdder_4bit:u0|FAdder_1bit:u1                            ; FAdder_1bit  ; work         ;
;          |pu4s:u2|                    ; 5.5 (0.0)            ; 5.5 (0.0)                        ; 0.0 (0.0)                                         ; 0.0 (0.0)                        ; 0.0 (0.0)            ; 7 (0)               ; 0 (0)                     ; 0 (0)         ; 0                 ; 0     ; 0          ; 0    ; 0            ; |Calculator|bcdconv:bcd|Divider:u1|pu4s:u2                                                            ; pu4s         ; work         ;
;             |pu:u1|                   ; 0.5 (0.0)            ; 0.5 (0.0)                        ; 0.0 (0.0)                                         ; 0.0 (0.0)                        ; 0.0 (0.0)            ; 1 (0)               ; 0 (0)                     ; 0 (0)         ; 0                 ; 0     ; 0          ; 0    ; 0            ; |Calculator|bcdconv:bcd|Divider:u1|pu4s:u2|pu:u1                                                      ; pu           ; work         ;
;                |FAdder:u1|            ; 0.5 (0.0)            ; 0.5 (0.0)                        ; 0.0 (0.0)                                         ; 0.0 (0.0)                        ; 0.0 (0.0)            ; 1 (0)               ; 0 (0)                     ; 0 (0)         ; 0                 ; 0     ; 0          ; 0    ; 0            ; |Calculator|bcdconv:bcd|Divider:u1|pu4s:u2|pu:u1|FAdder:u1                                            ; FAdder       ; work         ;
;                   |FAdder_4bit:u1|    ; 0.5 (0.0)            ; 0.5 (0.0)                        ; 0.0 (0.0)                                         ; 0.0 (0.0)                        ; 0.0 (0.0)            ; 1 (0)               ; 0 (0)                     ; 0 (0)         ; 0                 ; 0     ; 0          ; 0    ; 0            ; |Calculator|bcdconv:bcd|Divider:u1|pu4s:u2|pu:u1|FAdder:u1|FAdder_4bit:u1                             ; FAdder_4bit  ; work         ;
;                      |FAdder_1bit:u0| ; 0.5 (0.5)            ; 0.5 (0.5)                        ; 0.0 (0.0)                                         ; 0.0 (0.0)                        ; 0.0 (0.0)            ; 1 (1)               ; 0 (0)                     ; 0 (0)         ; 0                 ; 0     ; 0          ; 0    ; 0            ; |Calculator|bcdconv:bcd|Divider:u1|pu4s:u2|pu:u1|FAdder:u1|FAdder_4bit:u1|FAdder_1bit:u0              ; FAdder_1bit  ; work         ;
;             |pu:u2|                   ; 4.0 (3.0)            ; 4.0 (3.0)                        ; 0.0 (0.0)                                         ; 0.0 (0.0)                        ; 0.0 (0.0)            ; 4 (3)               ; 0 (0)                     ; 0 (0)         ; 0                 ; 0     ; 0          ; 0    ; 0            ; |Calculator|bcdconv:bcd|Divider:u1|pu4s:u2|pu:u2                                                      ; pu           ; work         ;
;                |FAdder:u1|            ; 1.0 (0.0)            ; 1.0 (0.0)                        ; 0.0 (0.0)                                         ; 0.0 (0.0)                        ; 0.0 (0.0)            ; 1 (0)               ; 0 (0)                     ; 0 (0)         ; 0                 ; 0     ; 0          ; 0    ; 0            ; |Calculator|bcdconv:bcd|Divider:u1|pu4s:u2|pu:u2|FAdder:u1                                            ; FAdder       ; work         ;
;                   |FAdder_4bit:u1|    ; 1.0 (0.0)            ; 1.0 (0.0)                        ; 0.0 (0.0)                                         ; 0.0 (0.0)                        ; 0.0 (0.0)            ; 1 (0)               ; 0 (0)                     ; 0 (0)         ; 0                 ; 0     ; 0          ; 0    ; 0            ; |Calculator|bcdconv:bcd|Divider:u1|pu4s:u2|pu:u2|FAdder:u1|FAdder_4bit:u1                             ; FAdder_4bit  ; work         ;
;                      |FAdder_1bit:u0| ; 1.0 (1.0)            ; 1.0 (1.0)                        ; 0.0 (0.0)                                         ; 0.0 (0.0)                        ; 0.0 (0.0)            ; 1 (1)               ; 0 (0)                     ; 0 (0)         ; 0                 ; 0     ; 0          ; 0    ; 0            ; |Calculator|bcdconv:bcd|Divider:u1|pu4s:u2|pu:u2|FAdder:u1|FAdder_4bit:u1|FAdder_1bit:u0              ; FAdder_1bit  ; work         ;
;             |pu:u3|                   ; 0.5 (0.0)            ; 0.5 (0.0)                        ; 0.0 (0.0)                                         ; 0.0 (0.0)                        ; 0.0 (0.0)            ; 1 (0)               ; 0 (0)                     ; 0 (0)         ; 0                 ; 0     ; 0          ; 0    ; 0            ; |Calculator|bcdconv:bcd|Divider:u1|pu4s:u2|pu:u3                                                      ; pu           ; work         ;
;                |FAdder:u1|            ; 0.5 (0.0)            ; 0.5 (0.0)                        ; 0.0 (0.0)                                         ; 0.0 (0.0)                        ; 0.0 (0.0)            ; 1 (0)               ; 0 (0)                     ; 0 (0)         ; 0                 ; 0     ; 0          ; 0    ; 0            ; |Calculator|bcdconv:bcd|Divider:u1|pu4s:u2|pu:u3|FAdder:u1                                            ; FAdder       ; work         ;
;                   |FAdder_4bit:u1|    ; 0.5 (0.0)            ; 0.5 (0.0)                        ; 0.0 (0.0)                                         ; 0.0 (0.0)                        ; 0.0 (0.0)            ; 1 (0)               ; 0 (0)                     ; 0 (0)         ; 0                 ; 0     ; 0          ; 0    ; 0            ; |Calculator|bcdconv:bcd|Divider:u1|pu4s:u2|pu:u3|FAdder:u1|FAdder_4bit:u1                             ; FAdder_4bit  ; work         ;
;                      |FAdder_1bit:u0| ; 0.5 (0.5)            ; 0.5 (0.5)                        ; 0.0 (0.0)                                         ; 0.0 (0.0)                        ; 0.0 (0.0)            ; 1 (1)               ; 0 (0)                     ; 0 (0)         ; 0                 ; 0     ; 0          ; 0    ; 0            ; |Calculator|bcdconv:bcd|Divider:u1|pu4s:u2|pu:u3|FAdder:u1|FAdder_4bit:u1|FAdder_1bit:u0              ; FAdder_1bit  ; work         ;
;             |pu:u4|                   ; 0.5 (0.0)            ; 0.5 (0.0)                        ; 0.0 (0.0)                                         ; 0.0 (0.0)                        ; 0.0 (0.0)            ; 1 (0)               ; 0 (0)                     ; 0 (0)         ; 0                 ; 0     ; 0          ; 0    ; 0            ; |Calculator|bcdconv:bcd|Divider:u1|pu4s:u2|pu:u4                                                      ; pu           ; work         ;
;                |FAdder:u1|            ; 0.5 (0.0)            ; 0.5 (0.0)                        ; 0.0 (0.0)                                         ; 0.0 (0.0)                        ; 0.0 (0.0)            ; 1 (0)               ; 0 (0)                     ; 0 (0)         ; 0                 ; 0     ; 0          ; 0    ; 0            ; |Calculator|bcdconv:bcd|Divider:u1|pu4s:u2|pu:u4|FAdder:u1                                            ; FAdder       ; work         ;
;                   |FAdder_4bit:u1|    ; 0.5 (0.0)            ; 0.5 (0.0)                        ; 0.0 (0.0)                                         ; 0.0 (0.0)                        ; 0.0 (0.0)            ; 1 (0)               ; 0 (0)                     ; 0 (0)         ; 0                 ; 0     ; 0          ; 0    ; 0            ; |Calculator|bcdconv:bcd|Divider:u1|pu4s:u2|pu:u4|FAdder:u1|FAdder_4bit:u1                             ; FAdder_4bit  ; work         ;
;                      |FAdder_1bit:u1| ; 0.5 (0.5)            ; 0.5 (0.5)                        ; 0.0 (0.0)                                         ; 0.0 (0.0)                        ; 0.0 (0.0)            ; 1 (1)               ; 0 (0)                     ; 0 (0)         ; 0                 ; 0     ; 0          ; 0    ; 0            ; |Calculator|bcdconv:bcd|Divider:u1|pu4s:u2|pu:u4|FAdder:u1|FAdder_4bit:u1|FAdder_1bit:u1              ; FAdder_1bit  ; work         ;
;          |pu4s:u3|                    ; 20.5 (0.0)           ; 20.5 (0.0)                       ; 0.0 (0.0)                                         ; 0.0 (0.0)                        ; 0.0 (0.0)            ; 32 (0)              ; 0 (0)                     ; 0 (0)         ; 0                 ; 0     ; 0          ; 0    ; 0            ; |Calculator|bcdconv:bcd|Divider:u1|pu4s:u3                                                            ; pu4s         ; work         ;
;             |pu:u1|                   ; 6.0 (5.0)            ; 6.0 (5.0)                        ; 0.0 (0.0)                                         ; 0.0 (0.0)                        ; 0.0 (0.0)            ; 6 (5)               ; 0 (0)                     ; 0 (0)         ; 0                 ; 0     ; 0          ; 0    ; 0            ; |Calculator|bcdconv:bcd|Divider:u1|pu4s:u3|pu:u1                                                      ; pu           ; work         ;
;                |FAdder:u1|            ; 1.0 (0.0)            ; 1.0 (0.0)                        ; 0.0 (0.0)                                         ; 0.0 (0.0)                        ; 0.0 (0.0)            ; 1 (0)               ; 0 (0)                     ; 0 (0)         ; 0                 ; 0     ; 0          ; 0    ; 0            ; |Calculator|bcdconv:bcd|Divider:u1|pu4s:u3|pu:u1|FAdder:u1                                            ; FAdder       ; work         ;
;                   |FAdder_4bit:u1|    ; 1.0 (0.0)            ; 1.0 (0.0)                        ; 0.0 (0.0)                                         ; 0.0 (0.0)                        ; 0.0 (0.0)            ; 1 (0)               ; 0 (0)                     ; 0 (0)         ; 0                 ; 0     ; 0          ; 0    ; 0            ; |Calculator|bcdconv:bcd|Divider:u1|pu4s:u3|pu:u1|FAdder:u1|FAdder_4bit:u1                             ; FAdder_4bit  ; work         ;
;                      |FAdder_1bit:u2| ; 1.0 (1.0)            ; 1.0 (1.0)                        ; 0.0 (0.0)                                         ; 0.0 (0.0)                        ; 0.0 (0.0)            ; 1 (1)               ; 0 (0)                     ; 0 (0)         ; 0                 ; 0     ; 0          ; 0    ; 0            ; |Calculator|bcdconv:bcd|Divider:u1|pu4s:u3|pu:u1|FAdder:u1|FAdder_4bit:u1|FAdder_1bit:u2              ; FAdder_1bit  ; work         ;
;             |pu:u2|                   ; 4.0 (2.5)            ; 4.0 (2.5)                        ; 0.0 (0.0)                                         ; 0.0 (0.0)                        ; 0.0 (0.0)            ; 8 (6)               ; 0 (0)                     ; 0 (0)         ; 0                 ; 0     ; 0          ; 0    ; 0            ; |Calculator|bcdconv:bcd|Divider:u1|pu4s:u3|pu:u2                                                      ; pu           ; work         ;
;                |FAdder:u1|            ; 1.5 (0.0)            ; 1.5 (0.0)                        ; 0.0 (0.0)                                         ; 0.0 (0.0)                        ; 0.0 (0.0)            ; 2 (0)               ; 0 (0)                     ; 0 (0)         ; 0                 ; 0     ; 0          ; 0    ; 0            ; |Calculator|bcdconv:bcd|Divider:u1|pu4s:u3|pu:u2|FAdder:u1                                            ; FAdder       ; work         ;
;                   |FAdder_4bit:u0|    ; 0.5 (0.0)            ; 0.5 (0.0)                        ; 0.0 (0.0)                                         ; 0.0 (0.0)                        ; 0.0 (0.0)            ; 1 (0)               ; 0 (0)                     ; 0 (0)         ; 0                 ; 0     ; 0          ; 0    ; 0            ; |Calculator|bcdconv:bcd|Divider:u1|pu4s:u3|pu:u2|FAdder:u1|FAdder_4bit:u0                             ; FAdder_4bit  ; work         ;
;                      |FAdder_1bit:u3| ; 0.5 (0.5)            ; 0.5 (0.5)                        ; 0.0 (0.0)                                         ; 0.0 (0.0)                        ; 0.0 (0.0)            ; 1 (1)               ; 0 (0)                     ; 0 (0)         ; 0                 ; 0     ; 0          ; 0    ; 0            ; |Calculator|bcdconv:bcd|Divider:u1|pu4s:u3|pu:u2|FAdder:u1|FAdder_4bit:u0|FAdder_1bit:u3              ; FAdder_1bit  ; work         ;
;                   |FAdder_4bit:u1|    ; 1.0 (0.0)            ; 1.0 (0.0)                        ; 0.0 (0.0)                                         ; 0.0 (0.0)                        ; 0.0 (0.0)            ; 1 (0)               ; 0 (0)                     ; 0 (0)         ; 0                 ; 0     ; 0          ; 0    ; 0            ; |Calculator|bcdconv:bcd|Divider:u1|pu4s:u3|pu:u2|FAdder:u1|FAdder_4bit:u1                             ; FAdder_4bit  ; work         ;
;                      |FAdder_1bit:u2| ; 1.0 (1.0)            ; 1.0 (1.0)                        ; 0.0 (0.0)                                         ; 0.0 (0.0)                        ; 0.0 (0.0)            ; 1 (1)               ; 0 (0)                     ; 0 (0)         ; 0                 ; 0     ; 0          ; 0    ; 0            ; |Calculator|bcdconv:bcd|Divider:u1|pu4s:u3|pu:u2|FAdder:u1|FAdder_4bit:u1|FAdder_1bit:u2              ; FAdder_1bit  ; work         ;
;             |pu:u3|                   ; 4.5 (3.5)            ; 4.5 (3.5)                        ; 0.0 (0.0)                                         ; 0.0 (0.0)                        ; 0.0 (0.0)            ; 8 (6)               ; 0 (0)                     ; 0 (0)         ; 0                 ; 0     ; 0          ; 0    ; 0            ; |Calculator|bcdconv:bcd|Divider:u1|pu4s:u3|pu:u3                                                      ; pu           ; work         ;
;                |FAdder:u1|            ; 1.0 (0.0)            ; 1.0 (0.0)                        ; 0.0 (0.0)                                         ; 0.0 (0.0)                        ; 0.0 (0.0)            ; 2 (0)               ; 0 (0)                     ; 0 (0)         ; 0                 ; 0     ; 0          ; 0    ; 0            ; |Calculator|bcdconv:bcd|Divider:u1|pu4s:u3|pu:u3|FAdder:u1                                            ; FAdder       ; work         ;
;                   |FAdder_4bit:u1|    ; 1.0 (0.0)            ; 1.0 (0.0)                        ; 0.0 (0.0)                                         ; 0.0 (0.0)                        ; 0.0 (0.0)            ; 1 (0)               ; 0 (0)                     ; 0 (0)         ; 0                 ; 0     ; 0          ; 0    ; 0            ; |Calculator|bcdconv:bcd|Divider:u1|pu4s:u3|pu:u3|FAdder:u1|FAdder_4bit:u1                             ; FAdder_4bit  ; work         ;
;                      |FAdder_1bit:u0| ; 1.0 (1.0)            ; 1.0 (1.0)                        ; 0.0 (0.0)                                         ; 0.0 (0.0)                        ; 0.0 (0.0)            ; 1 (1)               ; 0 (0)                     ; 0 (0)         ; 0                 ; 0     ; 0          ; 0    ; 0            ; |Calculator|bcdconv:bcd|Divider:u1|pu4s:u3|pu:u3|FAdder:u1|FAdder_4bit:u1|FAdder_1bit:u0              ; FAdder_1bit  ; work         ;
;                   |FAdder_4bit:u2|    ; 0.0 (0.0)            ; 0.0 (0.0)                        ; 0.0 (0.0)                                         ; 0.0 (0.0)                        ; 0.0 (0.0)            ; 1 (0)               ; 0 (0)                     ; 0 (0)         ; 0                 ; 0     ; 0          ; 0    ; 0            ; |Calculator|bcdconv:bcd|Divider:u1|pu4s:u3|pu:u3|FAdder:u1|FAdder_4bit:u2                             ; FAdder_4bit  ; work         ;
;                      |FAdder_1bit:u0| ; 0.0 (0.0)            ; 0.0 (0.0)                        ; 0.0 (0.0)                                         ; 0.0 (0.0)                        ; 0.0 (0.0)            ; 1 (1)               ; 0 (0)                     ; 0 (0)         ; 0                 ; 0     ; 0          ; 0    ; 0            ; |Calculator|bcdconv:bcd|Divider:u1|pu4s:u3|pu:u3|FAdder:u1|FAdder_4bit:u2|FAdder_1bit:u0              ; FAdder_1bit  ; work         ;
;             |pu:u4|                   ; 6.0 (3.5)            ; 6.0 (3.5)                        ; 0.0 (0.0)                                         ; 0.0 (0.0)                        ; 0.0 (0.0)            ; 10 (7)              ; 0 (0)                     ; 0 (0)         ; 0                 ; 0     ; 0          ; 0    ; 0            ; |Calculator|bcdconv:bcd|Divider:u1|pu4s:u3|pu:u4                                                      ; pu           ; work         ;
;                |FAdder:u1|            ; 2.5 (0.0)            ; 2.5 (0.0)                        ; 0.0 (0.0)                                         ; 0.0 (0.0)                        ; 0.0 (0.0)            ; 3 (0)               ; 0 (0)                     ; 0 (0)         ; 0                 ; 0     ; 0          ; 0    ; 0            ; |Calculator|bcdconv:bcd|Divider:u1|pu4s:u3|pu:u4|FAdder:u1                                            ; FAdder       ; work         ;
;                   |FAdder_4bit:u1|    ; 2.0 (0.0)            ; 2.0 (0.0)                        ; 0.0 (0.0)                                         ; 0.0 (0.0)                        ; 0.0 (0.0)            ; 2 (0)               ; 0 (0)                     ; 0 (0)         ; 0                 ; 0     ; 0          ; 0    ; 0            ; |Calculator|bcdconv:bcd|Divider:u1|pu4s:u3|pu:u4|FAdder:u1|FAdder_4bit:u1                             ; FAdder_4bit  ; work         ;
;                      |FAdder_1bit:u1| ; 2.0 (2.0)            ; 2.0 (2.0)                        ; 0.0 (0.0)                                         ; 0.0 (0.0)                        ; 0.0 (0.0)            ; 2 (2)               ; 0 (0)                     ; 0 (0)         ; 0                 ; 0     ; 0          ; 0    ; 0            ; |Calculator|bcdconv:bcd|Divider:u1|pu4s:u3|pu:u4|FAdder:u1|FAdder_4bit:u1|FAdder_1bit:u1              ; FAdder_1bit  ; work         ;
;                   |FAdder_4bit:u2|    ; 0.5 (0.0)            ; 0.5 (0.0)                        ; 0.0 (0.0)                                         ; 0.0 (0.0)                        ; 0.0 (0.0)            ; 1 (0)               ; 0 (0)                     ; 0 (0)         ; 0                 ; 0     ; 0          ; 0    ; 0            ; |Calculator|bcdconv:bcd|Divider:u1|pu4s:u3|pu:u4|FAdder:u1|FAdder_4bit:u2                             ; FAdder_4bit  ; work         ;
;                      |FAdder_1bit:u1| ; 0.5 (0.5)            ; 0.5 (0.5)                        ; 0.0 (0.0)                                         ; 0.0 (0.0)                        ; 0.0 (0.0)            ; 1 (1)               ; 0 (0)                     ; 0 (0)         ; 0                 ; 0     ; 0          ; 0    ; 0            ; |Calculator|bcdconv:bcd|Divider:u1|pu4s:u3|pu:u4|FAdder:u1|FAdder_4bit:u2|FAdder_1bit:u1              ; FAdder_1bit  ; work         ;
;          |pu4s:u4|                    ; 21.0 (0.0)           ; 21.0 (0.0)                       ; 0.0 (0.0)                                         ; 0.0 (0.0)                        ; 0.0 (0.0)            ; 33 (0)              ; 0 (0)                     ; 0 (0)         ; 0                 ; 0     ; 0          ; 0    ; 0            ; |Calculator|bcdconv:bcd|Divider:u1|pu4s:u4                                                            ; pu4s         ; work         ;
;             |pu:u1|                   ; 6.0 (3.0)            ; 6.0 (3.0)                        ; 0.0 (0.0)                                         ; 0.0 (0.0)                        ; 0.0 (0.0)            ; 10 (7)              ; 0 (0)                     ; 0 (0)         ; 0                 ; 0     ; 0          ; 0    ; 0            ; |Calculator|bcdconv:bcd|Divider:u1|pu4s:u4|pu:u1                                                      ; pu           ; work         ;
;                |FAdder:u1|            ; 3.0 (0.0)            ; 3.0 (0.0)                        ; 0.0 (0.0)                                         ; 0.0 (0.0)                        ; 0.0 (0.0)            ; 3 (0)               ; 0 (0)                     ; 0 (0)         ; 0                 ; 0     ; 0          ; 0    ; 0            ; |Calculator|bcdconv:bcd|Divider:u1|pu4s:u4|pu:u1|FAdder:u1                                            ; FAdder       ; work         ;
;                   |FAdder_4bit:u1|    ; 2.0 (0.0)            ; 2.0 (0.0)                        ; 0.0 (0.0)                                         ; 0.0 (0.0)                        ; 0.0 (0.0)            ; 2 (0)               ; 0 (0)                     ; 0 (0)         ; 0                 ; 0     ; 0          ; 0    ; 0            ; |Calculator|bcdconv:bcd|Divider:u1|pu4s:u4|pu:u1|FAdder:u1|FAdder_4bit:u1                             ; FAdder_4bit  ; work         ;
;                      |FAdder_1bit:u1| ; 2.0 (2.0)            ; 2.0 (2.0)                        ; 0.0 (0.0)                                         ; 0.0 (0.0)                        ; 0.0 (0.0)            ; 2 (2)               ; 0 (0)                     ; 0 (0)         ; 0                 ; 0     ; 0          ; 0    ; 0            ; |Calculator|bcdconv:bcd|Divider:u1|pu4s:u4|pu:u1|FAdder:u1|FAdder_4bit:u1|FAdder_1bit:u1              ; FAdder_1bit  ; work         ;
;                   |FAdder_4bit:u2|    ; 1.0 (0.0)            ; 1.0 (0.0)                        ; 0.0 (0.0)                                         ; 0.0 (0.0)                        ; 0.0 (0.0)            ; 1 (0)               ; 0 (0)                     ; 0 (0)         ; 0                 ; 0     ; 0          ; 0    ; 0            ; |Calculator|bcdconv:bcd|Divider:u1|pu4s:u4|pu:u1|FAdder:u1|FAdder_4bit:u2                             ; FAdder_4bit  ; work         ;
;                      |FAdder_1bit:u2| ; 1.0 (1.0)            ; 1.0 (1.0)                        ; 0.0 (0.0)                                         ; 0.0 (0.0)                        ; 0.0 (0.0)            ; 1 (1)               ; 0 (0)                     ; 0 (0)         ; 0                 ; 0     ; 0          ; 0    ; 0            ; |Calculator|bcdconv:bcd|Divider:u1|pu4s:u4|pu:u1|FAdder:u1|FAdder_4bit:u2|FAdder_1bit:u2              ; FAdder_1bit  ; work         ;
;             |pu:u2|                   ; 8.0 (5.0)            ; 8.0 (5.0)                        ; 0.0 (0.0)                                         ; 0.0 (0.0)                        ; 0.0 (0.0)            ; 12 (8)              ; 0 (0)                     ; 0 (0)         ; 0                 ; 0     ; 0          ; 0    ; 0            ; |Calculator|bcdconv:bcd|Divider:u1|pu4s:u4|pu:u2                                                      ; pu           ; work         ;
;                |FAdder:u1|            ; 3.0 (0.0)            ; 3.0 (0.0)                        ; 0.0 (0.0)                                         ; 0.0 (0.0)                        ; 0.0 (0.0)            ; 4 (0)               ; 0 (0)                     ; 0 (0)         ; 0                 ; 0     ; 0          ; 0    ; 0            ; |Calculator|bcdconv:bcd|Divider:u1|pu4s:u4|pu:u2|FAdder:u1                                            ; FAdder       ; work         ;
;                   |FAdder_4bit:u1|    ; 2.0 (0.0)            ; 2.0 (0.0)                        ; 0.0 (0.0)                                         ; 0.0 (0.0)                        ; 0.0 (0.0)            ; 2 (0)               ; 0 (0)                     ; 0 (0)         ; 0                 ; 0     ; 0          ; 0    ; 0            ; |Calculator|bcdconv:bcd|Divider:u1|pu4s:u4|pu:u2|FAdder:u1|FAdder_4bit:u1                             ; FAdder_4bit  ; work         ;
;                      |FAdder_1bit:u1| ; 2.0 (2.0)            ; 2.0 (2.0)                        ; 0.0 (0.0)                                         ; 0.0 (0.0)                        ; 0.0 (0.0)            ; 2 (2)               ; 0 (0)                     ; 0 (0)         ; 0                 ; 0     ; 0          ; 0    ; 0            ; |Calculator|bcdconv:bcd|Divider:u1|pu4s:u4|pu:u2|FAdder:u1|FAdder_4bit:u1|FAdder_1bit:u1              ; FAdder_1bit  ; work         ;
;                   |FAdder_4bit:u2|    ; 1.0 (0.0)            ; 1.0 (0.0)                        ; 0.0 (0.0)                                         ; 0.0 (0.0)                        ; 0.0 (0.0)            ; 2 (0)               ; 0 (0)                     ; 0 (0)         ; 0                 ; 0     ; 0          ; 0    ; 0            ; |Calculator|bcdconv:bcd|Divider:u1|pu4s:u4|pu:u2|FAdder:u1|FAdder_4bit:u2                             ; FAdder_4bit  ; work         ;
;                      |FAdder_1bit:u0| ; 0.0 (0.0)            ; 0.0 (0.0)                        ; 0.0 (0.0)                                         ; 0.0 (0.0)                        ; 0.0 (0.0)            ; 1 (1)               ; 0 (0)                     ; 0 (0)         ; 0                 ; 0     ; 0          ; 0    ; 0            ; |Calculator|bcdconv:bcd|Divider:u1|pu4s:u4|pu:u2|FAdder:u1|FAdder_4bit:u2|FAdder_1bit:u0              ; FAdder_1bit  ; work         ;
;                      |FAdder_1bit:u2| ; 1.0 (1.0)            ; 1.0 (1.0)                        ; 0.0 (0.0)                                         ; 0.0 (0.0)                        ; 0.0 (0.0)            ; 1 (1)               ; 0 (0)                     ; 0 (0)         ; 0                 ; 0     ; 0          ; 0    ; 0            ; |Calculator|bcdconv:bcd|Divider:u1|pu4s:u4|pu:u2|FAdder:u1|FAdder_4bit:u2|FAdder_1bit:u2              ; FAdder_1bit  ; work         ;
;             |pu:u3|                   ; 3.5 (1.0)            ; 3.5 (1.0)                        ; 0.0 (0.0)                                         ; 0.0 (0.0)                        ; 0.0 (0.0)            ; 5 (1)               ; 0 (0)                     ; 0 (0)         ; 0                 ; 0     ; 0          ; 0    ; 0            ; |Calculator|bcdconv:bcd|Divider:u1|pu4s:u4|pu:u3                                                      ; pu           ; work         ;
;                |FAdder:u1|            ; 2.5 (0.0)            ; 2.5 (0.0)                        ; 0.0 (0.0)                                         ; 0.0 (0.0)                        ; 0.0 (0.0)            ; 4 (0)               ; 0 (0)                     ; 0 (0)         ; 0                 ; 0     ; 0          ; 0    ; 0            ; |Calculator|bcdconv:bcd|Divider:u1|pu4s:u4|pu:u3|FAdder:u1                                            ; FAdder       ; work         ;
;                   |FAdder_4bit:u1|    ; 0.5 (0.0)            ; 0.5 (0.0)                        ; 0.0 (0.0)                                         ; 0.0 (0.0)                        ; 0.0 (0.0)            ; 1 (0)               ; 0 (0)                     ; 0 (0)         ; 0                 ; 0     ; 0          ; 0    ; 0            ; |Calculator|bcdconv:bcd|Divider:u1|pu4s:u4|pu:u3|FAdder:u1|FAdder_4bit:u1                             ; FAdder_4bit  ; work         ;
;                      |FAdder_1bit:u0| ; 0.5 (0.5)            ; 0.5 (0.5)                        ; 0.0 (0.0)                                         ; 0.0 (0.0)                        ; 0.0 (0.0)            ; 1 (1)               ; 0 (0)                     ; 0 (0)         ; 0                 ; 0     ; 0          ; 0    ; 0            ; |Calculator|bcdconv:bcd|Divider:u1|pu4s:u4|pu:u3|FAdder:u1|FAdder_4bit:u1|FAdder_1bit:u0              ; FAdder_1bit  ; work         ;
;                   |FAdder_4bit:u2|    ; 1.5 (0.0)            ; 1.5 (0.0)                        ; 0.0 (0.0)                                         ; 0.0 (0.0)                        ; 0.0 (0.0)            ; 2 (0)               ; 0 (0)                     ; 0 (0)         ; 0                 ; 0     ; 0          ; 0    ; 0            ; |Calculator|bcdconv:bcd|Divider:u1|pu4s:u4|pu:u3|FAdder:u1|FAdder_4bit:u2                             ; FAdder_4bit  ; work         ;
;                      |FAdder_1bit:u0| ; 0.5 (0.5)            ; 0.5 (0.5)                        ; 0.0 (0.0)                                         ; 0.0 (0.0)                        ; 0.0 (0.0)            ; 1 (1)               ; 0 (0)                     ; 0 (0)         ; 0                 ; 0     ; 0          ; 0    ; 0            ; |Calculator|bcdconv:bcd|Divider:u1|pu4s:u4|pu:u3|FAdder:u1|FAdder_4bit:u2|FAdder_1bit:u0              ; FAdder_1bit  ; work         ;
;                      |FAdder_1bit:u1| ; 1.0 (1.0)            ; 1.0 (1.0)                        ; 0.0 (0.0)                                         ; 0.0 (0.0)                        ; 0.0 (0.0)            ; 1 (1)               ; 0 (0)                     ; 0 (0)         ; 0                 ; 0     ; 0          ; 0    ; 0            ; |Calculator|bcdconv:bcd|Divider:u1|pu4s:u4|pu:u3|FAdder:u1|FAdder_4bit:u2|FAdder_1bit:u1              ; FAdder_1bit  ; work         ;
;                   |FAdder_4bit:u3|    ; 0.5 (0.0)            ; 0.5 (0.0)                        ; 0.0 (0.0)                                         ; 0.0 (0.0)                        ; 0.0 (0.0)            ; 1 (0)               ; 0 (0)                     ; 0 (0)         ; 0                 ; 0     ; 0          ; 0    ; 0            ; |Calculator|bcdconv:bcd|Divider:u1|pu4s:u4|pu:u3|FAdder:u1|FAdder_4bit:u3                             ; FAdder_4bit  ; work         ;
;                      |FAdder_1bit:u0| ; 0.5 (0.5)            ; 0.5 (0.5)                        ; 0.0 (0.0)                                         ; 0.0 (0.0)                        ; 0.0 (0.0)            ; 1 (1)               ; 0 (0)                     ; 0 (0)         ; 0                 ; 0     ; 0          ; 0    ; 0            ; |Calculator|bcdconv:bcd|Divider:u1|pu4s:u4|pu:u3|FAdder:u1|FAdder_4bit:u3|FAdder_1bit:u0              ; FAdder_1bit  ; work         ;
;             |pu:u4|                   ; 3.5 (0.5)            ; 3.5 (0.5)                        ; 0.0 (0.0)                                         ; 0.0 (0.0)                        ; 0.0 (0.0)            ; 6 (1)               ; 0 (0)                     ; 0 (0)         ; 0                 ; 0     ; 0          ; 0    ; 0            ; |Calculator|bcdconv:bcd|Divider:u1|pu4s:u4|pu:u4                                                      ; pu           ; work         ;
;                |FAdder:u1|            ; 3.0 (0.0)            ; 3.0 (0.0)                        ; 0.0 (0.0)                                         ; 0.0 (0.0)                        ; 0.0 (0.0)            ; 5 (0)               ; 0 (0)                     ; 0 (0)         ; 0                 ; 0     ; 0          ; 0    ; 0            ; |Calculator|bcdconv:bcd|Divider:u1|pu4s:u4|pu:u4|FAdder:u1                                            ; FAdder       ; work         ;
;                   |FAdder_4bit:u0|    ; 0.5 (0.0)            ; 0.5 (0.0)                        ; 0.0 (0.0)                                         ; 0.0 (0.0)                        ; 0.0 (0.0)            ; 1 (0)               ; 0 (0)                     ; 0 (0)         ; 0                 ; 0     ; 0          ; 0    ; 0            ; |Calculator|bcdconv:bcd|Divider:u1|pu4s:u4|pu:u4|FAdder:u1|FAdder_4bit:u0                             ; FAdder_4bit  ; work         ;
;                      |FAdder_1bit:u2| ; 0.5 (0.5)            ; 0.5 (0.5)                        ; 0.0 (0.0)                                         ; 0.0 (0.0)                        ; 0.0 (0.0)            ; 1 (1)               ; 0 (0)                     ; 0 (0)         ; 0                 ; 0     ; 0          ; 0    ; 0            ; |Calculator|bcdconv:bcd|Divider:u1|pu4s:u4|pu:u4|FAdder:u1|FAdder_4bit:u0|FAdder_1bit:u2              ; FAdder_1bit  ; work         ;
;                   |FAdder_4bit:u3|    ; 2.5 (0.0)            ; 2.5 (0.0)                        ; 0.0 (0.0)                                         ; 0.0 (0.0)                        ; 0.0 (0.0)            ; 4 (0)               ; 0 (0)                     ; 0 (0)         ; 0                 ; 0     ; 0          ; 0    ; 0            ; |Calculator|bcdconv:bcd|Divider:u1|pu4s:u4|pu:u4|FAdder:u1|FAdder_4bit:u3                             ; FAdder_4bit  ; work         ;
;                      |FAdder_1bit:u3| ; 2.5 (2.5)            ; 2.5 (2.5)                        ; 0.0 (0.0)                                         ; 0.0 (0.0)                        ; 0.0 (0.0)            ; 4 (4)               ; 0 (0)                     ; 0 (0)         ; 0                 ; 0     ; 0          ; 0    ; 0            ; |Calculator|bcdconv:bcd|Divider:u1|pu4s:u4|pu:u4|FAdder:u1|FAdder_4bit:u3|FAdder_1bit:u3              ; FAdder_1bit  ; work         ;
;       |Divider:u2|                    ; 43.0 (9.0)           ; 43.0 (9.0)                       ; 0.0 (0.0)                                         ; 0.0 (0.0)                        ; 0.0 (0.0)            ; 69 (17)             ; 0 (0)                     ; 0 (0)         ; 0                 ; 0     ; 0          ; 0    ; 0            ; |Calculator|bcdconv:bcd|Divider:u2                                                                    ; Divider      ; work         ;
;          |FAdder:v1|                  ; 3.0 (0.0)            ; 3.0 (0.0)                        ; 0.0 (0.0)                                         ; 0.0 (0.0)                        ; 0.0 (0.0)            ; 4 (0)               ; 0 (0)                     ; 0 (0)         ; 0                 ; 0     ; 0          ; 0    ; 0            ; |Calculator|bcdconv:bcd|Divider:u2|FAdder:v1                                                          ; FAdder       ; work         ;
;             |FAdder_4bit:u0|          ; 0.5 (0.0)            ; 0.5 (0.0)                        ; 0.0 (0.0)                                         ; 0.0 (0.0)                        ; 0.0 (0.0)            ; 1 (0)               ; 0 (0)                     ; 0 (0)         ; 0                 ; 0     ; 0          ; 0    ; 0            ; |Calculator|bcdconv:bcd|Divider:u2|FAdder:v1|FAdder_4bit:u0                                           ; FAdder_4bit  ; work         ;
;                |FAdder_1bit:u3|       ; 0.5 (0.5)            ; 0.5 (0.5)                        ; 0.0 (0.0)                                         ; 0.0 (0.0)                        ; 0.0 (0.0)            ; 1 (1)               ; 0 (0)                     ; 0 (0)         ; 0                 ; 0     ; 0          ; 0    ; 0            ; |Calculator|bcdconv:bcd|Divider:u2|FAdder:v1|FAdder_4bit:u0|FAdder_1bit:u3                            ; FAdder_1bit  ; work         ;
;             |FAdder_4bit:u1|          ; 1.5 (0.0)            ; 1.5 (0.0)                        ; 0.0 (0.0)                                         ; 0.0 (0.0)                        ; 0.0 (0.0)            ; 2 (0)               ; 0 (0)                     ; 0 (0)         ; 0                 ; 0     ; 0          ; 0    ; 0            ; |Calculator|bcdconv:bcd|Divider:u2|FAdder:v1|FAdder_4bit:u1                                           ; FAdder_4bit  ; work         ;
;                |FAdder_1bit:u1|       ; 1.0 (1.0)            ; 1.0 (1.0)                        ; 0.0 (0.0)                                         ; 0.0 (0.0)                        ; 0.0 (0.0)            ; 1 (1)               ; 0 (0)                     ; 0 (0)         ; 0                 ; 0     ; 0          ; 0    ; 0            ; |Calculator|bcdconv:bcd|Divider:u2|FAdder:v1|FAdder_4bit:u1|FAdder_1bit:u1                            ; FAdder_1bit  ; work         ;
;                |FAdder_1bit:u3|       ; 0.5 (0.5)            ; 0.5 (0.5)                        ; 0.0 (0.0)                                         ; 0.0 (0.0)                        ; 0.0 (0.0)            ; 1 (1)               ; 0 (0)                     ; 0 (0)         ; 0                 ; 0     ; 0          ; 0    ; 0            ; |Calculator|bcdconv:bcd|Divider:u2|FAdder:v1|FAdder_4bit:u1|FAdder_1bit:u3                            ; FAdder_1bit  ; work         ;
;             |FAdder_4bit:u2|          ; 1.0 (0.0)            ; 1.0 (0.0)                        ; 0.0 (0.0)                                         ; 0.0 (0.0)                        ; 0.0 (0.0)            ; 1 (0)               ; 0 (0)                     ; 0 (0)         ; 0                 ; 0     ; 0          ; 0    ; 0            ; |Calculator|bcdconv:bcd|Divider:u2|FAdder:v1|FAdder_4bit:u2                                           ; FAdder_4bit  ; work         ;
;                |FAdder_1bit:u0|       ; 1.0 (1.0)            ; 1.0 (1.0)                        ; 0.0 (0.0)                                         ; 0.0 (0.0)                        ; 0.0 (0.0)            ; 1 (1)               ; 0 (0)                     ; 0 (0)         ; 0                 ; 0     ; 0          ; 0    ; 0            ; |Calculator|bcdconv:bcd|Divider:u2|FAdder:v1|FAdder_4bit:u2|FAdder_1bit:u0                            ; FAdder_1bit  ; work         ;
;          |FAdder:v3|                  ; 2.5 (0.0)            ; 2.5 (0.0)                        ; 0.0 (0.0)                                         ; 0.0 (0.0)                        ; 0.0 (0.0)            ; 4 (0)               ; 0 (0)                     ; 0 (0)         ; 0                 ; 0     ; 0          ; 0    ; 0            ; |Calculator|bcdconv:bcd|Divider:u2|FAdder:v3                                                          ; FAdder       ; work         ;
;             |FAdder_4bit:u0|          ; 1.0 (0.0)            ; 1.0 (0.0)                        ; 0.0 (0.0)                                         ; 0.0 (0.0)                        ; 0.0 (0.0)            ; 2 (0)               ; 0 (0)                     ; 0 (0)         ; 0                 ; 0     ; 0          ; 0    ; 0            ; |Calculator|bcdconv:bcd|Divider:u2|FAdder:v3|FAdder_4bit:u0                                           ; FAdder_4bit  ; work         ;
;                |FAdder_1bit:u1|       ; 0.5 (0.5)            ; 0.5 (0.5)                        ; 0.0 (0.0)                                         ; 0.0 (0.0)                        ; 0.0 (0.0)            ; 1 (1)               ; 0 (0)                     ; 0 (0)         ; 0                 ; 0     ; 0          ; 0    ; 0            ; |Calculator|bcdconv:bcd|Divider:u2|FAdder:v3|FAdder_4bit:u0|FAdder_1bit:u1                            ; FAdder_1bit  ; work         ;
;                |FAdder_1bit:u3|       ; 0.5 (0.5)            ; 0.5 (0.5)                        ; 0.0 (0.0)                                         ; 0.0 (0.0)                        ; 0.0 (0.0)            ; 1 (1)               ; 0 (0)                     ; 0 (0)         ; 0                 ; 0     ; 0          ; 0    ; 0            ; |Calculator|bcdconv:bcd|Divider:u2|FAdder:v3|FAdder_4bit:u0|FAdder_1bit:u3                            ; FAdder_1bit  ; work         ;
;             |FAdder_4bit:u1|          ; 0.5 (0.0)            ; 0.5 (0.0)                        ; 0.0 (0.0)                                         ; 0.0 (0.0)                        ; 0.0 (0.0)            ; 1 (0)               ; 0 (0)                     ; 0 (0)         ; 0                 ; 0     ; 0          ; 0    ; 0            ; |Calculator|bcdconv:bcd|Divider:u2|FAdder:v3|FAdder_4bit:u1                                           ; FAdder_4bit  ; work         ;
;                |FAdder_1bit:u2|       ; 0.5 (0.5)            ; 0.5 (0.5)                        ; 0.0 (0.0)                                         ; 0.0 (0.0)                        ; 0.0 (0.0)            ; 1 (1)               ; 0 (0)                     ; 0 (0)         ; 0                 ; 0     ; 0          ; 0    ; 0            ; |Calculator|bcdconv:bcd|Divider:u2|FAdder:v3|FAdder_4bit:u1|FAdder_1bit:u2                            ; FAdder_1bit  ; work         ;
;             |FAdder_4bit:u2|          ; 1.0 (0.0)            ; 1.0 (0.0)                        ; 0.0 (0.0)                                         ; 0.0 (0.0)                        ; 0.0 (0.0)            ; 1 (0)               ; 0 (0)                     ; 0 (0)         ; 0                 ; 0     ; 0          ; 0    ; 0            ; |Calculator|bcdconv:bcd|Divider:u2|FAdder:v3|FAdder_4bit:u2                                           ; FAdder_4bit  ; work         ;
;                |FAdder_1bit:u0|       ; 1.0 (1.0)            ; 1.0 (1.0)                        ; 0.0 (0.0)                                         ; 0.0 (0.0)                        ; 0.0 (0.0)            ; 1 (1)               ; 0 (0)                     ; 0 (0)         ; 0                 ; 0     ; 0          ; 0    ; 0            ; |Calculator|bcdconv:bcd|Divider:u2|FAdder:v3|FAdder_4bit:u2|FAdder_1bit:u0                            ; FAdder_1bit  ; work         ;
;          |pu4s:u2|                    ; 1.0 (0.0)            ; 1.0 (0.0)                        ; 0.0 (0.0)                                         ; 0.0 (0.0)                        ; 0.0 (0.0)            ; 2 (0)               ; 0 (0)                     ; 0 (0)         ; 0                 ; 0     ; 0          ; 0    ; 0            ; |Calculator|bcdconv:bcd|Divider:u2|pu4s:u2                                                            ; pu4s         ; work         ;
;             |pu:u3|                   ; 0.5 (0.0)            ; 0.5 (0.0)                        ; 0.0 (0.0)                                         ; 0.0 (0.0)                        ; 0.0 (0.0)            ; 1 (0)               ; 0 (0)                     ; 0 (0)         ; 0                 ; 0     ; 0          ; 0    ; 0            ; |Calculator|bcdconv:bcd|Divider:u2|pu4s:u2|pu:u3                                                      ; pu           ; work         ;
;                |FAdder:u1|            ; 0.5 (0.0)            ; 0.5 (0.0)                        ; 0.0 (0.0)                                         ; 0.0 (0.0)                        ; 0.0 (0.0)            ; 1 (0)               ; 0 (0)                     ; 0 (0)         ; 0                 ; 0     ; 0          ; 0    ; 0            ; |Calculator|bcdconv:bcd|Divider:u2|pu4s:u2|pu:u3|FAdder:u1                                            ; FAdder       ; work         ;
;                   |FAdder_4bit:u0|    ; 0.5 (0.0)            ; 0.5 (0.0)                        ; 0.0 (0.0)                                         ; 0.0 (0.0)                        ; 0.0 (0.0)            ; 1 (0)               ; 0 (0)                     ; 0 (0)         ; 0                 ; 0     ; 0          ; 0    ; 0            ; |Calculator|bcdconv:bcd|Divider:u2|pu4s:u2|pu:u3|FAdder:u1|FAdder_4bit:u0                             ; FAdder_4bit  ; work         ;
;                      |FAdder_1bit:u3| ; 0.5 (0.5)            ; 0.5 (0.5)                        ; 0.0 (0.0)                                         ; 0.0 (0.0)                        ; 0.0 (0.0)            ; 1 (1)               ; 0 (0)                     ; 0 (0)         ; 0                 ; 0     ; 0          ; 0    ; 0            ; |Calculator|bcdconv:bcd|Divider:u2|pu4s:u2|pu:u3|FAdder:u1|FAdder_4bit:u0|FAdder_1bit:u3              ; FAdder_1bit  ; work         ;
;             |pu:u4|                   ; 0.5 (0.0)            ; 0.5 (0.0)                        ; 0.0 (0.0)                                         ; 0.0 (0.0)                        ; 0.0 (0.0)            ; 1 (0)               ; 0 (0)                     ; 0 (0)         ; 0                 ; 0     ; 0          ; 0    ; 0            ; |Calculator|bcdconv:bcd|Divider:u2|pu4s:u2|pu:u4                                                      ; pu           ; work         ;
;                |FAdder:u1|            ; 0.5 (0.0)            ; 0.5 (0.0)                        ; 0.0 (0.0)                                         ; 0.0 (0.0)                        ; 0.0 (0.0)            ; 1 (0)               ; 0 (0)                     ; 0 (0)         ; 0                 ; 0     ; 0          ; 0    ; 0            ; |Calculator|bcdconv:bcd|Divider:u2|pu4s:u2|pu:u4|FAdder:u1                                            ; FAdder       ; work         ;
;                   |FAdder_4bit:u1|    ; 0.5 (0.0)            ; 0.5 (0.0)                        ; 0.0 (0.0)                                         ; 0.0 (0.0)                        ; 0.0 (0.0)            ; 1 (0)               ; 0 (0)                     ; 0 (0)         ; 0                 ; 0     ; 0          ; 0    ; 0            ; |Calculator|bcdconv:bcd|Divider:u2|pu4s:u2|pu:u4|FAdder:u1|FAdder_4bit:u1                             ; FAdder_4bit  ; work         ;
;                      |FAdder_1bit:u0| ; 0.5 (0.5)            ; 0.5 (0.5)                        ; 0.0 (0.0)                                         ; 0.0 (0.0)                        ; 0.0 (0.0)            ; 1 (1)               ; 0 (0)                     ; 0 (0)         ; 0                 ; 0     ; 0          ; 0    ; 0            ; |Calculator|bcdconv:bcd|Divider:u2|pu4s:u2|pu:u4|FAdder:u1|FAdder_4bit:u1|FAdder_1bit:u0              ; FAdder_1bit  ; work         ;
;          |pu4s:u3|                    ; 11.5 (0.0)           ; 11.5 (0.0)                       ; 0.0 (0.0)                                         ; 0.0 (0.0)                        ; 0.0 (0.0)            ; 18 (0)              ; 0 (0)                     ; 0 (0)         ; 0                 ; 0     ; 0          ; 0    ; 0            ; |Calculator|bcdconv:bcd|Divider:u2|pu4s:u3                                                            ; pu4s         ; work         ;
;             |pu:u1|                   ; 1.0 (0.0)            ; 1.0 (0.0)                        ; 0.0 (0.0)                                         ; 0.0 (0.0)                        ; 0.0 (0.0)            ; 1 (0)               ; 0 (0)                     ; 0 (0)         ; 0                 ; 0     ; 0          ; 0    ; 0            ; |Calculator|bcdconv:bcd|Divider:u2|pu4s:u3|pu:u1                                                      ; pu           ; work         ;
;                |FAdder:u1|            ; 1.0 (0.0)            ; 1.0 (0.0)                        ; 0.0 (0.0)                                         ; 0.0 (0.0)                        ; 0.0 (0.0)            ; 1 (0)               ; 0 (0)                     ; 0 (0)         ; 0                 ; 0     ; 0          ; 0    ; 0            ; |Calculator|bcdconv:bcd|Divider:u2|pu4s:u3|pu:u1|FAdder:u1                                            ; FAdder       ; work         ;
;                   |FAdder_4bit:u1|    ; 1.0 (0.0)            ; 1.0 (0.0)                        ; 0.0 (0.0)                                         ; 0.0 (0.0)                        ; 0.0 (0.0)            ; 1 (0)               ; 0 (0)                     ; 0 (0)         ; 0                 ; 0     ; 0          ; 0    ; 0            ; |Calculator|bcdconv:bcd|Divider:u2|pu4s:u3|pu:u1|FAdder:u1|FAdder_4bit:u1                             ; FAdder_4bit  ; work         ;
;                      |FAdder_1bit:u1| ; 1.0 (1.0)            ; 1.0 (1.0)                        ; 0.0 (0.0)                                         ; 0.0 (0.0)                        ; 0.0 (0.0)            ; 1 (1)               ; 0 (0)                     ; 0 (0)         ; 0                 ; 0     ; 0          ; 0    ; 0            ; |Calculator|bcdconv:bcd|Divider:u2|pu4s:u3|pu:u1|FAdder:u1|FAdder_4bit:u1|FAdder_1bit:u1              ; FAdder_1bit  ; work         ;
;             |pu:u2|                   ; 4.0 (3.0)            ; 4.0 (3.0)                        ; 0.0 (0.0)                                         ; 0.0 (0.0)                        ; 0.0 (0.0)            ; 4 (3)               ; 0 (0)                     ; 0 (0)         ; 0                 ; 0     ; 0          ; 0    ; 0            ; |Calculator|bcdconv:bcd|Divider:u2|pu4s:u3|pu:u2                                                      ; pu           ; work         ;
;                |FAdder:u1|            ; 1.0 (0.0)            ; 1.0 (0.0)                        ; 0.0 (0.0)                                         ; 0.0 (0.0)                        ; 0.0 (0.0)            ; 1 (0)               ; 0 (0)                     ; 0 (0)         ; 0                 ; 0     ; 0          ; 0    ; 0            ; |Calculator|bcdconv:bcd|Divider:u2|pu4s:u3|pu:u2|FAdder:u1                                            ; FAdder       ; work         ;
;                   |FAdder_4bit:u1|    ; 1.0 (0.0)            ; 1.0 (0.0)                        ; 0.0 (0.0)                                         ; 0.0 (0.0)                        ; 0.0 (0.0)            ; 1 (0)               ; 0 (0)                     ; 0 (0)         ; 0                 ; 0     ; 0          ; 0    ; 0            ; |Calculator|bcdconv:bcd|Divider:u2|pu4s:u3|pu:u2|FAdder:u1|FAdder_4bit:u1                             ; FAdder_4bit  ; work         ;
;                      |FAdder_1bit:u2| ; 1.0 (1.0)            ; 1.0 (1.0)                        ; 0.0 (0.0)                                         ; 0.0 (0.0)                        ; 0.0 (0.0)            ; 1 (1)               ; 0 (0)                     ; 0 (0)         ; 0                 ; 0     ; 0          ; 0    ; 0            ; |Calculator|bcdconv:bcd|Divider:u2|pu4s:u3|pu:u2|FAdder:u1|FAdder_4bit:u1|FAdder_1bit:u2              ; FAdder_1bit  ; work         ;
;             |pu:u3|                   ; 3.0 (2.0)            ; 3.0 (2.0)                        ; 0.0 (0.0)                                         ; 0.0 (0.0)                        ; 0.0 (0.0)            ; 6 (4)               ; 0 (0)                     ; 0 (0)         ; 0                 ; 0     ; 0          ; 0    ; 0            ; |Calculator|bcdconv:bcd|Divider:u2|pu4s:u3|pu:u3                                                      ; pu           ; work         ;
;                |FAdder:u1|            ; 1.0 (0.0)            ; 1.0 (0.0)                        ; 0.0 (0.0)                                         ; 0.0 (0.0)                        ; 0.0 (0.0)            ; 2 (0)               ; 0 (0)                     ; 0 (0)         ; 0                 ; 0     ; 0          ; 0    ; 0            ; |Calculator|bcdconv:bcd|Divider:u2|pu4s:u3|pu:u3|FAdder:u1                                            ; FAdder       ; work         ;
;                   |FAdder_4bit:u0|    ; 0.5 (0.0)            ; 0.5 (0.0)                        ; 0.0 (0.0)                                         ; 0.0 (0.0)                        ; 0.0 (0.0)            ; 1 (0)               ; 0 (0)                     ; 0 (0)         ; 0                 ; 0     ; 0          ; 0    ; 0            ; |Calculator|bcdconv:bcd|Divider:u2|pu4s:u3|pu:u3|FAdder:u1|FAdder_4bit:u0                             ; FAdder_4bit  ; work         ;
;                      |FAdder_1bit:u3| ; 0.5 (0.5)            ; 0.5 (0.5)                        ; 0.0 (0.0)                                         ; 0.0 (0.0)                        ; 0.0 (0.0)            ; 1 (1)               ; 0 (0)                     ; 0 (0)         ; 0                 ; 0     ; 0          ; 0    ; 0            ; |Calculator|bcdconv:bcd|Divider:u2|pu4s:u3|pu:u3|FAdder:u1|FAdder_4bit:u0|FAdder_1bit:u3              ; FAdder_1bit  ; work         ;
;                   |FAdder_4bit:u1|    ; 0.5 (0.0)            ; 0.5 (0.0)                        ; 0.0 (0.0)                                         ; 0.0 (0.0)                        ; 0.0 (0.0)            ; 1 (0)               ; 0 (0)                     ; 0 (0)         ; 0                 ; 0     ; 0          ; 0    ; 0            ; |Calculator|bcdconv:bcd|Divider:u2|pu4s:u3|pu:u3|FAdder:u1|FAdder_4bit:u1                             ; FAdder_4bit  ; work         ;
;                      |FAdder_1bit:u2| ; 0.5 (0.5)            ; 0.5 (0.5)                        ; 0.0 (0.0)                                         ; 0.0 (0.0)                        ; 0.0 (0.0)            ; 1 (1)               ; 0 (0)                     ; 0 (0)         ; 0                 ; 0     ; 0          ; 0    ; 0            ; |Calculator|bcdconv:bcd|Divider:u2|pu4s:u3|pu:u3|FAdder:u1|FAdder_4bit:u1|FAdder_1bit:u2              ; FAdder_1bit  ; work         ;
;             |pu:u4|                   ; 3.5 (2.5)            ; 3.5 (2.5)                        ; 0.0 (0.0)                                         ; 0.0 (0.0)                        ; 0.0 (0.0)            ; 7 (5)               ; 0 (0)                     ; 0 (0)         ; 0                 ; 0     ; 0          ; 0    ; 0            ; |Calculator|bcdconv:bcd|Divider:u2|pu4s:u3|pu:u4                                                      ; pu           ; work         ;
;                |FAdder:u1|            ; 1.0 (0.0)            ; 1.0 (0.0)                        ; 0.0 (0.0)                                         ; 0.0 (0.0)                        ; 0.0 (0.0)            ; 2 (0)               ; 0 (0)                     ; 0 (0)         ; 0                 ; 0     ; 0          ; 0    ; 0            ; |Calculator|bcdconv:bcd|Divider:u2|pu4s:u3|pu:u4|FAdder:u1                                            ; FAdder       ; work         ;
;                   |FAdder_4bit:u1|    ; 0.5 (0.0)            ; 0.5 (0.0)                        ; 0.0 (0.0)                                         ; 0.0 (0.0)                        ; 0.0 (0.0)            ; 1 (0)               ; 0 (0)                     ; 0 (0)         ; 0                 ; 0     ; 0          ; 0    ; 0            ; |Calculator|bcdconv:bcd|Divider:u2|pu4s:u3|pu:u4|FAdder:u1|FAdder_4bit:u1                             ; FAdder_4bit  ; work         ;
;                      |FAdder_1bit:u0| ; 0.5 (0.5)            ; 0.5 (0.5)                        ; 0.0 (0.0)                                         ; 0.0 (0.0)                        ; 0.0 (0.0)            ; 1 (1)               ; 0 (0)                     ; 0 (0)         ; 0                 ; 0     ; 0          ; 0    ; 0            ; |Calculator|bcdconv:bcd|Divider:u2|pu4s:u3|pu:u4|FAdder:u1|FAdder_4bit:u1|FAdder_1bit:u0              ; FAdder_1bit  ; work         ;
;                   |FAdder_4bit:u2|    ; 0.5 (0.0)            ; 0.5 (0.0)                        ; 0.0 (0.0)                                         ; 0.0 (0.0)                        ; 0.0 (0.0)            ; 1 (0)               ; 0 (0)                     ; 0 (0)         ; 0                 ; 0     ; 0          ; 0    ; 0            ; |Calculator|bcdconv:bcd|Divider:u2|pu4s:u3|pu:u4|FAdder:u1|FAdder_4bit:u2                             ; FAdder_4bit  ; work         ;
;                      |FAdder_1bit:u0| ; 0.5 (0.5)            ; 0.5 (0.5)                        ; 0.0 (0.0)                                         ; 0.0 (0.0)                        ; 0.0 (0.0)            ; 1 (1)               ; 0 (0)                     ; 0 (0)         ; 0                 ; 0     ; 0          ; 0    ; 0            ; |Calculator|bcdconv:bcd|Divider:u2|pu4s:u3|pu:u4|FAdder:u1|FAdder_4bit:u2|FAdder_1bit:u0              ; FAdder_1bit  ; work         ;
;          |pu4s:u4|                    ; 16.0 (0.0)           ; 16.0 (0.0)                       ; 0.0 (0.0)                                         ; 0.0 (0.0)                        ; 0.0 (0.0)            ; 24 (0)              ; 0 (0)                     ; 0 (0)         ; 0                 ; 0     ; 0          ; 0    ; 0            ; |Calculator|bcdconv:bcd|Divider:u2|pu4s:u4                                                            ; pu4s         ; work         ;
;             |pu:u1|                   ; 5.0 (3.5)            ; 5.0 (3.5)                        ; 0.0 (0.0)                                         ; 0.0 (0.0)                        ; 0.0 (0.0)            ; 8 (6)               ; 0 (0)                     ; 0 (0)         ; 0                 ; 0     ; 0          ; 0    ; 0            ; |Calculator|bcdconv:bcd|Divider:u2|pu4s:u4|pu:u1                                                      ; pu           ; work         ;
;                |FAdder:u1|            ; 1.5 (0.0)            ; 1.5 (0.0)                        ; 0.0 (0.0)                                         ; 0.0 (0.0)                        ; 0.0 (0.0)            ; 2 (0)               ; 0 (0)                     ; 0 (0)         ; 0                 ; 0     ; 0          ; 0    ; 0            ; |Calculator|bcdconv:bcd|Divider:u2|pu4s:u4|pu:u1|FAdder:u1                                            ; FAdder       ; work         ;
;                   |FAdder_4bit:u1|    ; 1.0 (0.0)            ; 1.0 (0.0)                        ; 0.0 (0.0)                                         ; 0.0 (0.0)                        ; 0.0 (0.0)            ; 1 (0)               ; 0 (0)                     ; 0 (0)         ; 0                 ; 0     ; 0          ; 0    ; 0            ; |Calculator|bcdconv:bcd|Divider:u2|pu4s:u4|pu:u1|FAdder:u1|FAdder_4bit:u1                             ; FAdder_4bit  ; work         ;
;                      |FAdder_1bit:u1| ; 1.0 (1.0)            ; 1.0 (1.0)                        ; 0.0 (0.0)                                         ; 0.0 (0.0)                        ; 0.0 (0.0)            ; 1 (1)               ; 0 (0)                     ; 0 (0)         ; 0                 ; 0     ; 0          ; 0    ; 0            ; |Calculator|bcdconv:bcd|Divider:u2|pu4s:u4|pu:u1|FAdder:u1|FAdder_4bit:u1|FAdder_1bit:u1              ; FAdder_1bit  ; work         ;
;                   |FAdder_4bit:u2|    ; 0.5 (0.0)            ; 0.5 (0.0)                        ; 0.0 (0.0)                                         ; 0.0 (0.0)                        ; 0.0 (0.0)            ; 1 (0)               ; 0 (0)                     ; 0 (0)         ; 0                 ; 0     ; 0          ; 0    ; 0            ; |Calculator|bcdconv:bcd|Divider:u2|pu4s:u4|pu:u1|FAdder:u1|FAdder_4bit:u2                             ; FAdder_4bit  ; work         ;
;                      |FAdder_1bit:u1| ; 0.5 (0.5)            ; 0.5 (0.5)                        ; 0.0 (0.0)                                         ; 0.0 (0.0)                        ; 0.0 (0.0)            ; 1 (1)               ; 0 (0)                     ; 0 (0)         ; 0                 ; 0     ; 0          ; 0    ; 0            ; |Calculator|bcdconv:bcd|Divider:u2|pu4s:u4|pu:u1|FAdder:u1|FAdder_4bit:u2|FAdder_1bit:u1              ; FAdder_1bit  ; work         ;
;             |pu:u2|                   ; 5.0 (2.5)            ; 5.0 (2.5)                        ; 0.0 (0.0)                                         ; 0.0 (0.0)                        ; 0.0 (0.0)            ; 8 (5)               ; 0 (0)                     ; 0 (0)         ; 0                 ; 0     ; 0          ; 0    ; 0            ; |Calculator|bcdconv:bcd|Divider:u2|pu4s:u4|pu:u2                                                      ; pu           ; work         ;
;                |FAdder:u1|            ; 2.5 (0.0)            ; 2.5 (0.0)                        ; 0.0 (0.0)                                         ; 0.0 (0.0)                        ; 0.0 (0.0)            ; 3 (0)               ; 0 (0)                     ; 0 (0)         ; 0                 ; 0     ; 0          ; 0    ; 0            ; |Calculator|bcdconv:bcd|Divider:u2|pu4s:u4|pu:u2|FAdder:u1                                            ; FAdder       ; work         ;
;                   |FAdder_4bit:u1|    ; 2.0 (0.0)            ; 2.0 (0.0)                        ; 0.0 (0.0)                                         ; 0.0 (0.0)                        ; 0.0 (0.0)            ; 2 (0)               ; 0 (0)                     ; 0 (0)         ; 0                 ; 0     ; 0          ; 0    ; 0            ; |Calculator|bcdconv:bcd|Divider:u2|pu4s:u4|pu:u2|FAdder:u1|FAdder_4bit:u1                             ; FAdder_4bit  ; work         ;
;                      |FAdder_1bit:u1| ; 2.0 (2.0)            ; 2.0 (2.0)                        ; 0.0 (0.0)                                         ; 0.0 (0.0)                        ; 0.0 (0.0)            ; 2 (2)               ; 0 (0)                     ; 0 (0)         ; 0                 ; 0     ; 0          ; 0    ; 0            ; |Calculator|bcdconv:bcd|Divider:u2|pu4s:u4|pu:u2|FAdder:u1|FAdder_4bit:u1|FAdder_1bit:u1              ; FAdder_1bit  ; work         ;
;                   |FAdder_4bit:u2|    ; 0.5 (0.0)            ; 0.5 (0.0)                        ; 0.0 (0.0)                                         ; 0.0 (0.0)                        ; 0.0 (0.0)            ; 1 (0)               ; 0 (0)                     ; 0 (0)         ; 0                 ; 0     ; 0          ; 0    ; 0            ; |Calculator|bcdconv:bcd|Divider:u2|pu4s:u4|pu:u2|FAdder:u1|FAdder_4bit:u2                             ; FAdder_4bit  ; work         ;
;                      |FAdder_1bit:u2| ; 0.5 (0.5)            ; 0.5 (0.5)                        ; 0.0 (0.0)                                         ; 0.0 (0.0)                        ; 0.0 (0.0)            ; 1 (1)               ; 0 (0)                     ; 0 (0)         ; 0                 ; 0     ; 0          ; 0    ; 0            ; |Calculator|bcdconv:bcd|Divider:u2|pu4s:u4|pu:u2|FAdder:u1|FAdder_4bit:u2|FAdder_1bit:u2              ; FAdder_1bit  ; work         ;
;             |pu:u3|                   ; 2.5 (1.0)            ; 2.5 (1.0)                        ; 0.0 (0.0)                                         ; 0.0 (0.0)                        ; 0.0 (0.0)            ; 4 (2)               ; 0 (0)                     ; 0 (0)         ; 0                 ; 0     ; 0          ; 0    ; 0            ; |Calculator|bcdconv:bcd|Divider:u2|pu4s:u4|pu:u3                                                      ; pu           ; work         ;
;                |FAdder:u1|            ; 1.5 (0.0)            ; 1.5 (0.0)                        ; 0.0 (0.0)                                         ; 0.0 (0.0)                        ; 0.0 (0.0)            ; 2 (0)               ; 0 (0)                     ; 0 (0)         ; 0                 ; 0     ; 0          ; 0    ; 0            ; |Calculator|bcdconv:bcd|Divider:u2|pu4s:u4|pu:u3|FAdder:u1                                            ; FAdder       ; work         ;
;                   |FAdder_4bit:u1|    ; 1.0 (0.0)            ; 1.0 (0.0)                        ; 0.0 (0.0)                                         ; 0.0 (0.0)                        ; 0.0 (0.0)            ; 1 (0)               ; 0 (0)                     ; 0 (0)         ; 0                 ; 0     ; 0          ; 0    ; 0            ; |Calculator|bcdconv:bcd|Divider:u2|pu4s:u4|pu:u3|FAdder:u1|FAdder_4bit:u1                             ; FAdder_4bit  ; work         ;
;                      |FAdder_1bit:u1| ; 1.0 (1.0)            ; 1.0 (1.0)                        ; 0.0 (0.0)                                         ; 0.0 (0.0)                        ; 0.0 (0.0)            ; 1 (1)               ; 0 (0)                     ; 0 (0)         ; 0                 ; 0     ; 0          ; 0    ; 0            ; |Calculator|bcdconv:bcd|Divider:u2|pu4s:u4|pu:u3|FAdder:u1|FAdder_4bit:u1|FAdder_1bit:u1              ; FAdder_1bit  ; work         ;
;                   |FAdder_4bit:u2|    ; 0.5 (0.0)            ; 0.5 (0.0)                        ; 0.0 (0.0)                                         ; 0.0 (0.0)                        ; 0.0 (0.0)            ; 1 (0)               ; 0 (0)                     ; 0 (0)         ; 0                 ; 0     ; 0          ; 0    ; 0            ; |Calculator|bcdconv:bcd|Divider:u2|pu4s:u4|pu:u3|FAdder:u1|FAdder_4bit:u2                             ; FAdder_4bit  ; work         ;
;                      |FAdder_1bit:u2| ; 0.5 (0.5)            ; 0.5 (0.5)                        ; 0.0 (0.0)                                         ; 0.0 (0.0)                        ; 0.0 (0.0)            ; 1 (1)               ; 0 (0)                     ; 0 (0)         ; 0                 ; 0     ; 0          ; 0    ; 0            ; |Calculator|bcdconv:bcd|Divider:u2|pu4s:u4|pu:u3|FAdder:u1|FAdder_4bit:u2|FAdder_1bit:u2              ; FAdder_1bit  ; work         ;
;             |pu:u4|                   ; 3.5 (0.0)            ; 3.5 (0.0)                        ; 0.0 (0.0)                                         ; 0.0 (0.0)                        ; 0.0 (0.0)            ; 4 (0)               ; 0 (0)                     ; 0 (0)         ; 0                 ; 0     ; 0          ; 0    ; 0            ; |Calculator|bcdconv:bcd|Divider:u2|pu4s:u4|pu:u4                                                      ; pu           ; work         ;
;                |FAdder:u1|            ; 3.5 (0.0)            ; 3.5 (0.0)                        ; 0.0 (0.0)                                         ; 0.0 (0.0)                        ; 0.0 (0.0)            ; 4 (0)               ; 0 (0)                     ; 0 (0)         ; 0                 ; 0     ; 0          ; 0    ; 0            ; |Calculator|bcdconv:bcd|Divider:u2|pu4s:u4|pu:u4|FAdder:u1                                            ; FAdder       ; work         ;
;                   |FAdder_4bit:u3|    ; 3.5 (0.0)            ; 3.5 (0.0)                        ; 0.0 (0.0)                                         ; 0.0 (0.0)                        ; 0.0 (0.0)            ; 4 (0)               ; 0 (0)                     ; 0 (0)         ; 0                 ; 0     ; 0          ; 0    ; 0            ; |Calculator|bcdconv:bcd|Divider:u2|pu4s:u4|pu:u4|FAdder:u1|FAdder_4bit:u3                             ; FAdder_4bit  ; work         ;
;                      |FAdder_1bit:u3| ; 3.5 (3.5)            ; 3.5 (3.5)                        ; 0.0 (0.0)                                         ; 0.0 (0.0)                        ; 0.0 (0.0)            ; 4 (4)               ; 0 (0)                     ; 0 (0)         ; 0                 ; 0     ; 0          ; 0    ; 0            ; |Calculator|bcdconv:bcd|Divider:u2|pu4s:u4|pu:u4|FAdder:u1|FAdder_4bit:u3|FAdder_1bit:u3              ; FAdder_1bit  ; work         ;
;       |Divider:u3|                    ; 21.0 (7.5)           ; 21.5 (8.0)                       ; 0.5 (0.5)                                         ; 0.0 (0.0)                        ; 0.0 (0.0)            ; 34 (14)             ; 0 (0)                     ; 0 (0)         ; 0                 ; 0     ; 0          ; 0    ; 0            ; |Calculator|bcdconv:bcd|Divider:u3                                                                    ; Divider      ; work         ;
;          |FAdder:v1|                  ; 2.5 (0.0)            ; 2.5 (0.0)                        ; 0.0 (0.0)                                         ; 0.0 (0.0)                        ; 0.0 (0.0)            ; 3 (0)               ; 0 (0)                     ; 0 (0)         ; 0                 ; 0     ; 0          ; 0    ; 0            ; |Calculator|bcdconv:bcd|Divider:u3|FAdder:v1                                                          ; FAdder       ; work         ;
;             |FAdder_4bit:u0|          ; 0.5 (0.0)            ; 0.5 (0.0)                        ; 0.0 (0.0)                                         ; 0.0 (0.0)                        ; 0.0 (0.0)            ; 1 (0)               ; 0 (0)                     ; 0 (0)         ; 0                 ; 0     ; 0          ; 0    ; 0            ; |Calculator|bcdconv:bcd|Divider:u3|FAdder:v1|FAdder_4bit:u0                                           ; FAdder_4bit  ; work         ;
;                |FAdder_1bit:u3|       ; 0.5 (0.5)            ; 0.5 (0.5)                        ; 0.0 (0.0)                                         ; 0.0 (0.0)                        ; 0.0 (0.0)            ; 1 (1)               ; 0 (0)                     ; 0 (0)         ; 0                 ; 0     ; 0          ; 0    ; 0            ; |Calculator|bcdconv:bcd|Divider:u3|FAdder:v1|FAdder_4bit:u0|FAdder_1bit:u3                            ; FAdder_1bit  ; work         ;
;             |FAdder_4bit:u1|          ; 2.0 (0.0)            ; 2.0 (0.0)                        ; 0.0 (0.0)                                         ; 0.0 (0.0)                        ; 0.0 (0.0)            ; 2 (0)               ; 0 (0)                     ; 0 (0)         ; 0                 ; 0     ; 0          ; 0    ; 0            ; |Calculator|bcdconv:bcd|Divider:u3|FAdder:v1|FAdder_4bit:u1                                           ; FAdder_4bit  ; work         ;
;                |FAdder_1bit:u1|       ; 1.0 (1.0)            ; 1.0 (1.0)                        ; 0.0 (0.0)                                         ; 0.0 (0.0)                        ; 0.0 (0.0)            ; 1 (1)               ; 0 (0)                     ; 0 (0)         ; 0                 ; 0     ; 0          ; 0    ; 0            ; |Calculator|bcdconv:bcd|Divider:u3|FAdder:v1|FAdder_4bit:u1|FAdder_1bit:u1                            ; FAdder_1bit  ; work         ;
;                |FAdder_1bit:u2|       ; 1.0 (1.0)            ; 1.0 (1.0)                        ; 0.0 (0.0)                                         ; 0.0 (0.0)                        ; 0.0 (0.0)            ; 1 (1)               ; 0 (0)                     ; 0 (0)         ; 0                 ; 0     ; 0          ; 0    ; 0            ; |Calculator|bcdconv:bcd|Divider:u3|FAdder:v1|FAdder_4bit:u1|FAdder_1bit:u2                            ; FAdder_1bit  ; work         ;
;          |FAdder:v3|                  ; 2.5 (0.0)            ; 2.5 (0.0)                        ; 0.0 (0.0)                                         ; 0.0 (0.0)                        ; 0.0 (0.0)            ; 3 (0)               ; 0 (0)                     ; 0 (0)         ; 0                 ; 0     ; 0          ; 0    ; 0            ; |Calculator|bcdconv:bcd|Divider:u3|FAdder:v3                                                          ; FAdder       ; work         ;
;             |FAdder_4bit:u0|          ; 1.0 (0.0)            ; 1.0 (0.0)                        ; 0.0 (0.0)                                         ; 0.0 (0.0)                        ; 0.0 (0.0)            ; 1 (0)               ; 0 (0)                     ; 0 (0)         ; 0                 ; 0     ; 0          ; 0    ; 0            ; |Calculator|bcdconv:bcd|Divider:u3|FAdder:v3|FAdder_4bit:u0                                           ; FAdder_4bit  ; work         ;
;                |FAdder_1bit:u1|       ; 1.0 (1.0)            ; 1.0 (1.0)                        ; 0.0 (0.0)                                         ; 0.0 (0.0)                        ; 0.0 (0.0)            ; 1 (1)               ; 0 (0)                     ; 0 (0)         ; 0                 ; 0     ; 0          ; 0    ; 0            ; |Calculator|bcdconv:bcd|Divider:u3|FAdder:v3|FAdder_4bit:u0|FAdder_1bit:u1                            ; FAdder_1bit  ; work         ;
;             |FAdder_4bit:u1|          ; 1.5 (0.0)            ; 1.5 (0.0)                        ; 0.0 (0.0)                                         ; 0.0 (0.0)                        ; 0.0 (0.0)            ; 2 (0)               ; 0 (0)                     ; 0 (0)         ; 0                 ; 0     ; 0          ; 0    ; 0            ; |Calculator|bcdconv:bcd|Divider:u3|FAdder:v3|FAdder_4bit:u1                                           ; FAdder_4bit  ; work         ;
;                |FAdder_1bit:u0|       ; 0.5 (0.5)            ; 0.5 (0.5)                        ; 0.0 (0.0)                                         ; 0.0 (0.0)                        ; 0.0 (0.0)            ; 1 (1)               ; 0 (0)                     ; 0 (0)         ; 0                 ; 0     ; 0          ; 0    ; 0            ; |Calculator|bcdconv:bcd|Divider:u3|FAdder:v3|FAdder_4bit:u1|FAdder_1bit:u0                            ; FAdder_1bit  ; work         ;
;                |FAdder_1bit:u2|       ; 1.0 (1.0)            ; 1.0 (1.0)                        ; 0.0 (0.0)                                         ; 0.0 (0.0)                        ; 0.0 (0.0)            ; 1 (1)               ; 0 (0)                     ; 0 (0)         ; 0                 ; 0     ; 0          ; 0    ; 0            ; |Calculator|bcdconv:bcd|Divider:u3|FAdder:v3|FAdder_4bit:u1|FAdder_1bit:u2                            ; FAdder_1bit  ; work         ;
;          |pu4s:u3|                    ; 2.5 (0.0)            ; 2.5 (0.0)                        ; 0.0 (0.0)                                         ; 0.0 (0.0)                        ; 0.0 (0.0)            ; 5 (0)               ; 0 (0)                     ; 0 (0)         ; 0                 ; 0     ; 0          ; 0    ; 0            ; |Calculator|bcdconv:bcd|Divider:u3|pu4s:u3                                                            ; pu4s         ; work         ;
;             |pu:u3|                   ; 0.5 (0.0)            ; 0.5 (0.0)                        ; 0.0 (0.0)                                         ; 0.0 (0.0)                        ; 0.0 (0.0)            ; 1 (0)               ; 0 (0)                     ; 0 (0)         ; 0                 ; 0     ; 0          ; 0    ; 0            ; |Calculator|bcdconv:bcd|Divider:u3|pu4s:u3|pu:u3                                                      ; pu           ; work         ;
;                |FAdder:u1|            ; 0.5 (0.0)            ; 0.5 (0.0)                        ; 0.0 (0.0)                                         ; 0.0 (0.0)                        ; 0.0 (0.0)            ; 1 (0)               ; 0 (0)                     ; 0 (0)         ; 0                 ; 0     ; 0          ; 0    ; 0            ; |Calculator|bcdconv:bcd|Divider:u3|pu4s:u3|pu:u3|FAdder:u1                                            ; FAdder       ; work         ;
;                   |FAdder_4bit:u1|    ; 0.5 (0.0)            ; 0.5 (0.0)                        ; 0.0 (0.0)                                         ; 0.0 (0.0)                        ; 0.0 (0.0)            ; 1 (0)               ; 0 (0)                     ; 0 (0)         ; 0                 ; 0     ; 0          ; 0    ; 0            ; |Calculator|bcdconv:bcd|Divider:u3|pu4s:u3|pu:u3|FAdder:u1|FAdder_4bit:u1                             ; FAdder_4bit  ; work         ;
;                      |FAdder_1bit:u1| ; 0.5 (0.5)            ; 0.5 (0.5)                        ; 0.0 (0.0)                                         ; 0.0 (0.0)                        ; 0.0 (0.0)            ; 1 (1)               ; 0 (0)                     ; 0 (0)         ; 0                 ; 0     ; 0          ; 0    ; 0            ; |Calculator|bcdconv:bcd|Divider:u3|pu4s:u3|pu:u3|FAdder:u1|FAdder_4bit:u1|FAdder_1bit:u1              ; FAdder_1bit  ; work         ;
;             |pu:u4|                   ; 2.0 (1.5)            ; 2.0 (1.5)                        ; 0.0 (0.0)                                         ; 0.0 (0.0)                        ; 0.0 (0.0)            ; 4 (3)               ; 0 (0)                     ; 0 (0)         ; 0                 ; 0     ; 0          ; 0    ; 0            ; |Calculator|bcdconv:bcd|Divider:u3|pu4s:u3|pu:u4                                                      ; pu           ; work         ;
;                |FAdder:u1|            ; 0.5 (0.0)            ; 0.5 (0.0)                        ; 0.0 (0.0)                                         ; 0.0 (0.0)                        ; 0.0 (0.0)            ; 1 (0)               ; 0 (0)                     ; 0 (0)         ; 0                 ; 0     ; 0          ; 0    ; 0            ; |Calculator|bcdconv:bcd|Divider:u3|pu4s:u3|pu:u4|FAdder:u1                                            ; FAdder       ; work         ;
;                   |FAdder_4bit:u1|    ; 0.5 (0.0)            ; 0.5 (0.0)                        ; 0.0 (0.0)                                         ; 0.0 (0.0)                        ; 0.0 (0.0)            ; 1 (0)               ; 0 (0)                     ; 0 (0)         ; 0                 ; 0     ; 0          ; 0    ; 0            ; |Calculator|bcdconv:bcd|Divider:u3|pu4s:u3|pu:u4|FAdder:u1|FAdder_4bit:u1                             ; FAdder_4bit  ; work         ;
;                      |FAdder_1bit:u2| ; 0.5 (0.5)            ; 0.5 (0.5)                        ; 0.0 (0.0)                                         ; 0.0 (0.0)                        ; 0.0 (0.0)            ; 1 (1)               ; 0 (0)                     ; 0 (0)         ; 0                 ; 0     ; 0          ; 0    ; 0            ; |Calculator|bcdconv:bcd|Divider:u3|pu4s:u3|pu:u4|FAdder:u1|FAdder_4bit:u1|FAdder_1bit:u2              ; FAdder_1bit  ; work         ;
;          |pu4s:u4|                    ; 6.0 (0.0)            ; 6.0 (0.0)                        ; 0.0 (0.0)                                         ; 0.0 (0.0)                        ; 0.0 (0.0)            ; 9 (0)               ; 0 (0)                     ; 0 (0)         ; 0                 ; 0     ; 0          ; 0    ; 0            ; |Calculator|bcdconv:bcd|Divider:u3|pu4s:u4                                                            ; pu4s         ; work         ;
;             |pu:u1|                   ; 0.5 (0.0)            ; 0.5 (0.0)                        ; 0.0 (0.0)                                         ; 0.0 (0.0)                        ; 0.0 (0.0)            ; 1 (0)               ; 0 (0)                     ; 0 (0)         ; 0                 ; 0     ; 0          ; 0    ; 0            ; |Calculator|bcdconv:bcd|Divider:u3|pu4s:u4|pu:u1                                                      ; pu           ; work         ;
;                |FAdder:u1|            ; 0.5 (0.0)            ; 0.5 (0.0)                        ; 0.0 (0.0)                                         ; 0.0 (0.0)                        ; 0.0 (0.0)            ; 1 (0)               ; 0 (0)                     ; 0 (0)         ; 0                 ; 0     ; 0          ; 0    ; 0            ; |Calculator|bcdconv:bcd|Divider:u3|pu4s:u4|pu:u1|FAdder:u1                                            ; FAdder       ; work         ;
;                   |FAdder_4bit:u1|    ; 0.5 (0.0)            ; 0.5 (0.0)                        ; 0.0 (0.0)                                         ; 0.0 (0.0)                        ; 0.0 (0.0)            ; 1 (0)               ; 0 (0)                     ; 0 (0)         ; 0                 ; 0     ; 0          ; 0    ; 0            ; |Calculator|bcdconv:bcd|Divider:u3|pu4s:u4|pu:u1|FAdder:u1|FAdder_4bit:u1                             ; FAdder_4bit  ; work         ;
;                      |FAdder_1bit:u2| ; 0.5 (0.5)            ; 0.5 (0.5)                        ; 0.0 (0.0)                                         ; 0.0 (0.0)                        ; 0.0 (0.0)            ; 1 (1)               ; 0 (0)                     ; 0 (0)         ; 0                 ; 0     ; 0          ; 0    ; 0            ; |Calculator|bcdconv:bcd|Divider:u3|pu4s:u4|pu:u1|FAdder:u1|FAdder_4bit:u1|FAdder_1bit:u2              ; FAdder_1bit  ; work         ;
;             |pu:u2|                   ; 1.5 (0.5)            ; 1.5 (0.5)                        ; 0.0 (0.0)                                         ; 0.0 (0.0)                        ; 0.0 (0.0)            ; 3 (2)               ; 0 (0)                     ; 0 (0)         ; 0                 ; 0     ; 0          ; 0    ; 0            ; |Calculator|bcdconv:bcd|Divider:u3|pu4s:u4|pu:u2                                                      ; pu           ; work         ;
;                |FAdder:u1|            ; 1.0 (0.0)            ; 1.0 (0.0)                        ; 0.0 (0.0)                                         ; 0.0 (0.0)                        ; 0.0 (0.0)            ; 1 (0)               ; 0 (0)                     ; 0 (0)         ; 0                 ; 0     ; 0          ; 0    ; 0            ; |Calculator|bcdconv:bcd|Divider:u3|pu4s:u4|pu:u2|FAdder:u1                                            ; FAdder       ; work         ;
;                   |FAdder_4bit:u1|    ; 1.0 (0.0)            ; 1.0 (0.0)                        ; 0.0 (0.0)                                         ; 0.0 (0.0)                        ; 0.0 (0.0)            ; 1 (0)               ; 0 (0)                     ; 0 (0)         ; 0                 ; 0     ; 0          ; 0    ; 0            ; |Calculator|bcdconv:bcd|Divider:u3|pu4s:u4|pu:u2|FAdder:u1|FAdder_4bit:u1                             ; FAdder_4bit  ; work         ;
;                      |FAdder_1bit:u0| ; 1.0 (1.0)            ; 1.0 (1.0)                        ; 0.0 (0.0)                                         ; 0.0 (0.0)                        ; 0.0 (0.0)            ; 1 (1)               ; 0 (0)                     ; 0 (0)         ; 0                 ; 0     ; 0          ; 0    ; 0            ; |Calculator|bcdconv:bcd|Divider:u3|pu4s:u4|pu:u2|FAdder:u1|FAdder_4bit:u1|FAdder_1bit:u0              ; FAdder_1bit  ; work         ;
;             |pu:u3|                   ; 2.0 (1.0)            ; 2.0 (1.0)                        ; 0.0 (0.0)                                         ; 0.0 (0.0)                        ; 0.0 (0.0)            ; 3 (2)               ; 0 (0)                     ; 0 (0)         ; 0                 ; 0     ; 0          ; 0    ; 0            ; |Calculator|bcdconv:bcd|Divider:u3|pu4s:u4|pu:u3                                                      ; pu           ; work         ;
;                |FAdder:u1|            ; 1.0 (0.0)            ; 1.0 (0.0)                        ; 0.0 (0.0)                                         ; 0.0 (0.0)                        ; 0.0 (0.0)            ; 1 (0)               ; 0 (0)                     ; 0 (0)         ; 0                 ; 0     ; 0          ; 0    ; 0            ; |Calculator|bcdconv:bcd|Divider:u3|pu4s:u4|pu:u3|FAdder:u1                                            ; FAdder       ; work         ;
;                   |FAdder_4bit:u1|    ; 1.0 (0.0)            ; 1.0 (0.0)                        ; 0.0 (0.0)                                         ; 0.0 (0.0)                        ; 0.0 (0.0)            ; 1 (0)               ; 0 (0)                     ; 0 (0)         ; 0                 ; 0     ; 0          ; 0    ; 0            ; |Calculator|bcdconv:bcd|Divider:u3|pu4s:u4|pu:u3|FAdder:u1|FAdder_4bit:u1                             ; FAdder_4bit  ; work         ;
;                      |FAdder_1bit:u1| ; 1.0 (1.0)            ; 1.0 (1.0)                        ; 0.0 (0.0)                                         ; 0.0 (0.0)                        ; 0.0 (0.0)            ; 1 (1)               ; 0 (0)                     ; 0 (0)         ; 0                 ; 0     ; 0          ; 0    ; 0            ; |Calculator|bcdconv:bcd|Divider:u3|pu4s:u4|pu:u3|FAdder:u1|FAdder_4bit:u1|FAdder_1bit:u1              ; FAdder_1bit  ; work         ;
;             |pu:u4|                   ; 2.0 (0.0)            ; 2.0 (0.0)                        ; 0.0 (0.0)                                         ; 0.0 (0.0)                        ; 0.0 (0.0)            ; 2 (0)               ; 0 (0)                     ; 0 (0)         ; 0                 ; 0     ; 0          ; 0    ; 0            ; |Calculator|bcdconv:bcd|Divider:u3|pu4s:u4|pu:u4                                                      ; pu           ; work         ;
;                |FAdder:u1|            ; 2.0 (0.0)            ; 2.0 (0.0)                        ; 0.0 (0.0)                                         ; 0.0 (0.0)                        ; 0.0 (0.0)            ; 2 (0)               ; 0 (0)                     ; 0 (0)         ; 0                 ; 0     ; 0          ; 0    ; 0            ; |Calculator|bcdconv:bcd|Divider:u3|pu4s:u4|pu:u4|FAdder:u1                                            ; FAdder       ; work         ;
;                   |FAdder_4bit:u3|    ; 2.0 (0.0)            ; 2.0 (0.0)                        ; 0.0 (0.0)                                         ; 0.0 (0.0)                        ; 0.0 (0.0)            ; 2 (0)               ; 0 (0)                     ; 0 (0)         ; 0                 ; 0     ; 0          ; 0    ; 0            ; |Calculator|bcdconv:bcd|Divider:u3|pu4s:u4|pu:u4|FAdder:u1|FAdder_4bit:u3                             ; FAdder_4bit  ; work         ;
;                      |FAdder_1bit:u3| ; 2.0 (2.0)            ; 2.0 (2.0)                        ; 0.0 (0.0)                                         ; 0.0 (0.0)                        ; 0.0 (0.0)            ; 2 (2)               ; 0 (0)                     ; 0 (0)         ; 0                 ; 0     ; 0          ; 0    ; 0            ; |Calculator|bcdconv:bcd|Divider:u3|pu4s:u4|pu:u4|FAdder:u1|FAdder_4bit:u3|FAdder_1bit:u3              ; FAdder_1bit  ; work         ;
;       |Divider:u4|                    ; 11.0 (5.5)           ; 11.0 (5.5)                       ; 0.0 (0.0)                                         ; 0.0 (0.0)                        ; 0.0 (0.0)            ; 20 (9)              ; 0 (0)                     ; 0 (0)         ; 0                 ; 0     ; 0          ; 0    ; 0            ; |Calculator|bcdconv:bcd|Divider:u4                                                                    ; Divider      ; work         ;
;          |FAdder:v1|                  ; 0.5 (0.0)            ; 0.5 (0.0)                        ; 0.0 (0.0)                                         ; 0.0 (0.0)                        ; 0.0 (0.0)            ; 1 (0)               ; 0 (0)                     ; 0 (0)         ; 0                 ; 0     ; 0          ; 0    ; 0            ; |Calculator|bcdconv:bcd|Divider:u4|FAdder:v1                                                          ; FAdder       ; work         ;
;             |FAdder_4bit:u1|          ; 0.5 (0.0)            ; 0.5 (0.0)                        ; 0.0 (0.0)                                         ; 0.0 (0.0)                        ; 0.0 (0.0)            ; 1 (0)               ; 0 (0)                     ; 0 (0)         ; 0                 ; 0     ; 0          ; 0    ; 0            ; |Calculator|bcdconv:bcd|Divider:u4|FAdder:v1|FAdder_4bit:u1                                           ; FAdder_4bit  ; work         ;
;                |FAdder_1bit:u0|       ; 0.5 (0.5)            ; 0.5 (0.5)                        ; 0.0 (0.0)                                         ; 0.0 (0.0)                        ; 0.0 (0.0)            ; 1 (1)               ; 0 (0)                     ; 0 (0)         ; 0                 ; 0     ; 0          ; 0    ; 0            ; |Calculator|bcdconv:bcd|Divider:u4|FAdder:v1|FAdder_4bit:u1|FAdder_1bit:u0                            ; FAdder_1bit  ; work         ;
;          |pu4s:u4|                    ; 5.0 (0.0)            ; 5.0 (0.0)                        ; 0.0 (0.0)                                         ; 0.0 (0.0)                        ; 0.0 (0.0)            ; 10 (0)              ; 0 (0)                     ; 0 (0)         ; 0                 ; 0     ; 0          ; 0    ; 0            ; |Calculator|bcdconv:bcd|Divider:u4|pu4s:u4                                                            ; pu4s         ; work         ;
;             |pu:u1|                   ; 0.5 (0.0)            ; 0.5 (0.0)                        ; 0.0 (0.0)                                         ; 0.0 (0.0)                        ; 0.0 (0.0)            ; 1 (0)               ; 0 (0)                     ; 0 (0)         ; 0                 ; 0     ; 0          ; 0    ; 0            ; |Calculator|bcdconv:bcd|Divider:u4|pu4s:u4|pu:u1                                                      ; pu           ; work         ;
;                |FAdder:u1|            ; 0.5 (0.0)            ; 0.5 (0.0)                        ; 0.0 (0.0)                                         ; 0.0 (0.0)                        ; 0.0 (0.0)            ; 1 (0)               ; 0 (0)                     ; 0 (0)         ; 0                 ; 0     ; 0          ; 0    ; 0            ; |Calculator|bcdconv:bcd|Divider:u4|pu4s:u4|pu:u1|FAdder:u1                                            ; FAdder       ; work         ;
;                   |FAdder_4bit:u1|    ; 0.5 (0.0)            ; 0.5 (0.0)                        ; 0.0 (0.0)                                         ; 0.0 (0.0)                        ; 0.0 (0.0)            ; 1 (0)               ; 0 (0)                     ; 0 (0)         ; 0                 ; 0     ; 0          ; 0    ; 0            ; |Calculator|bcdconv:bcd|Divider:u4|pu4s:u4|pu:u1|FAdder:u1|FAdder_4bit:u1                             ; FAdder_4bit  ; work         ;
;                      |FAdder_1bit:u1| ; 0.5 (0.5)            ; 0.5 (0.5)                        ; 0.0 (0.0)                                         ; 0.0 (0.0)                        ; 0.0 (0.0)            ; 1 (1)               ; 0 (0)                     ; 0 (0)         ; 0                 ; 0     ; 0          ; 0    ; 0            ; |Calculator|bcdconv:bcd|Divider:u4|pu4s:u4|pu:u1|FAdder:u1|FAdder_4bit:u1|FAdder_1bit:u1              ; FAdder_1bit  ; work         ;
;             |pu:u2|                   ; 1.5 (1.0)            ; 1.5 (1.0)                        ; 0.0 (0.0)                                         ; 0.0 (0.0)                        ; 0.0 (0.0)            ; 3 (2)               ; 0 (0)                     ; 0 (0)         ; 0                 ; 0     ; 0          ; 0    ; 0            ; |Calculator|bcdconv:bcd|Divider:u4|pu4s:u4|pu:u2                                                      ; pu           ; work         ;
;                |FAdder:u1|            ; 0.5 (0.0)            ; 0.5 (0.0)                        ; 0.0 (0.0)                                         ; 0.0 (0.0)                        ; 0.0 (0.0)            ; 1 (0)               ; 0 (0)                     ; 0 (0)         ; 0                 ; 0     ; 0          ; 0    ; 0            ; |Calculator|bcdconv:bcd|Divider:u4|pu4s:u4|pu:u2|FAdder:u1                                            ; FAdder       ; work         ;
;                   |FAdder_4bit:u1|    ; 0.5 (0.0)            ; 0.5 (0.0)                        ; 0.0 (0.0)                                         ; 0.0 (0.0)                        ; 0.0 (0.0)            ; 1 (0)               ; 0 (0)                     ; 0 (0)         ; 0                 ; 0     ; 0          ; 0    ; 0            ; |Calculator|bcdconv:bcd|Divider:u4|pu4s:u4|pu:u2|FAdder:u1|FAdder_4bit:u1                             ; FAdder_4bit  ; work         ;
;                      |FAdder_1bit:u2| ; 0.5 (0.5)            ; 0.5 (0.5)                        ; 0.0 (0.0)                                         ; 0.0 (0.0)                        ; 0.0 (0.0)            ; 1 (1)               ; 0 (0)                     ; 0 (0)         ; 0                 ; 0     ; 0          ; 0    ; 0            ; |Calculator|bcdconv:bcd|Divider:u4|pu4s:u4|pu:u2|FAdder:u1|FAdder_4bit:u1|FAdder_1bit:u2              ; FAdder_1bit  ; work         ;
;             |pu:u3|                   ; 1.5 (1.5)            ; 1.5 (1.5)                        ; 0.0 (0.0)                                         ; 0.0 (0.0)                        ; 0.0 (0.0)            ; 4 (3)               ; 0 (0)                     ; 0 (0)         ; 0                 ; 0     ; 0          ; 0    ; 0            ; |Calculator|bcdconv:bcd|Divider:u4|pu4s:u4|pu:u3                                                      ; pu           ; work         ;
;                |FAdder:u1|            ; 0.0 (0.0)            ; 0.0 (0.0)                        ; 0.0 (0.0)                                         ; 0.0 (0.0)                        ; 0.0 (0.0)            ; 1 (0)               ; 0 (0)                     ; 0 (0)         ; 0                 ; 0     ; 0          ; 0    ; 0            ; |Calculator|bcdconv:bcd|Divider:u4|pu4s:u4|pu:u3|FAdder:u1                                            ; FAdder       ; work         ;
;                   |FAdder_4bit:u1|    ; 0.0 (0.0)            ; 0.0 (0.0)                        ; 0.0 (0.0)                                         ; 0.0 (0.0)                        ; 0.0 (0.0)            ; 1 (0)               ; 0 (0)                     ; 0 (0)         ; 0                 ; 0     ; 0          ; 0    ; 0            ; |Calculator|bcdconv:bcd|Divider:u4|pu4s:u4|pu:u3|FAdder:u1|FAdder_4bit:u1                             ; FAdder_4bit  ; work         ;
;                      |FAdder_1bit:u2| ; 0.0 (0.0)            ; 0.0 (0.0)                        ; 0.0 (0.0)                                         ; 0.0 (0.0)                        ; 0.0 (0.0)            ; 1 (1)               ; 0 (0)                     ; 0 (0)         ; 0                 ; 0     ; 0          ; 0    ; 0            ; |Calculator|bcdconv:bcd|Divider:u4|pu4s:u4|pu:u3|FAdder:u1|FAdder_4bit:u1|FAdder_1bit:u2              ; FAdder_1bit  ; work         ;
;             |pu:u4|                   ; 1.5 (0.0)            ; 1.5 (0.0)                        ; 0.0 (0.0)                                         ; 0.0 (0.0)                        ; 0.0 (0.0)            ; 2 (0)               ; 0 (0)                     ; 0 (0)         ; 0                 ; 0     ; 0          ; 0    ; 0            ; |Calculator|bcdconv:bcd|Divider:u4|pu4s:u4|pu:u4                                                      ; pu           ; work         ;
;                |FAdder:u1|            ; 1.5 (0.0)            ; 1.5 (0.0)                        ; 0.0 (0.0)                                         ; 0.0 (0.0)                        ; 0.0 (0.0)            ; 2 (0)               ; 0 (0)                     ; 0 (0)         ; 0                 ; 0     ; 0          ; 0    ; 0            ; |Calculator|bcdconv:bcd|Divider:u4|pu4s:u4|pu:u4|FAdder:u1                                            ; FAdder       ; work         ;
;                   |FAdder_4bit:u3|    ; 1.5 (0.0)            ; 1.5 (0.0)                        ; 0.0 (0.0)                                         ; 0.0 (0.0)                        ; 0.0 (0.0)            ; 2 (0)               ; 0 (0)                     ; 0 (0)         ; 0                 ; 0     ; 0          ; 0    ; 0            ; |Calculator|bcdconv:bcd|Divider:u4|pu4s:u4|pu:u4|FAdder:u1|FAdder_4bit:u3                             ; FAdder_4bit  ; work         ;
;                      |FAdder_1bit:u3| ; 1.5 (1.5)            ; 1.5 (1.5)                        ; 0.0 (0.0)                                         ; 0.0 (0.0)                        ; 0.0 (0.0)            ; 2 (2)               ; 0 (0)                     ; 0 (0)         ; 0                 ; 0     ; 0          ; 0    ; 0            ; |Calculator|bcdconv:bcd|Divider:u4|pu4s:u4|pu:u4|FAdder:u1|FAdder_4bit:u3|FAdder_1bit:u3              ; FAdder_1bit  ; work         ;
;       |Divider:u5|                    ; 1.5 (1.5)            ; 1.5 (1.5)                        ; 0.0 (0.0)                                         ; 0.0 (0.0)                        ; 0.0 (0.0)            ; 3 (3)               ; 0 (0)                     ; 0 (0)         ; 0                 ; 0     ; 0          ; 0    ; 0            ; |Calculator|bcdconv:bcd|Divider:u5                                                                    ; Divider      ; work         ;
;    |binconv:a11|                      ; 46.5 (9.0)           ; 48.0 (9.5)                       ; 1.5 (0.5)                                         ; 0.0 (0.0)                        ; 0.0 (0.0)            ; 74 (16)             ; 0 (0)                     ; 0 (0)         ; 0                 ; 0     ; 0          ; 0    ; 0            ; |Calculator|binconv:a11                                                                               ; binconv      ; work         ;
;       |FAdder:u5|                     ; 4.0 (0.0)            ; 4.0 (0.0)                        ; 0.0 (0.0)                                         ; 0.0 (0.0)                        ; 0.0 (0.0)            ; 5 (0)               ; 0 (0)                     ; 0 (0)         ; 0                 ; 0     ; 0          ; 0    ; 0            ; |Calculator|binconv:a11|FAdder:u5                                                                     ; FAdder       ; work         ;
;          |FAdder_4bit:u0|             ; 2.0 (0.0)            ; 2.0 (0.0)                        ; 0.0 (0.0)                                         ; 0.0 (0.0)                        ; 0.0 (0.0)            ; 2 (0)               ; 0 (0)                     ; 0 (0)         ; 0                 ; 0     ; 0          ; 0    ; 0            ; |Calculator|binconv:a11|FAdder:u5|FAdder_4bit:u0                                                      ; FAdder_4bit  ; work         ;
;             |FAdder_1bit:u3|          ; 2.0 (2.0)            ; 2.0 (2.0)                        ; 0.0 (0.0)                                         ; 0.0 (0.0)                        ; 0.0 (0.0)            ; 2 (2)               ; 0 (0)                     ; 0 (0)         ; 0                 ; 0     ; 0          ; 0    ; 0            ; |Calculator|binconv:a11|FAdder:u5|FAdder_4bit:u0|FAdder_1bit:u3                                       ; FAdder_1bit  ; work         ;
;          |FAdder_4bit:u1|             ; 2.0 (0.0)            ; 2.0 (0.0)                        ; 0.0 (0.0)                                         ; 0.0 (0.0)                        ; 0.0 (0.0)            ; 3 (0)               ; 0 (0)                     ; 0 (0)         ; 0                 ; 0     ; 0          ; 0    ; 0            ; |Calculator|binconv:a11|FAdder:u5|FAdder_4bit:u1                                                      ; FAdder_4bit  ; work         ;
;             |FAdder_1bit:u1|          ; 0.5 (0.5)            ; 0.5 (0.5)                        ; 0.0 (0.0)                                         ; 0.0 (0.0)                        ; 0.0 (0.0)            ; 1 (1)               ; 0 (0)                     ; 0 (0)         ; 0                 ; 0     ; 0          ; 0    ; 0            ; |Calculator|binconv:a11|FAdder:u5|FAdder_4bit:u1|FAdder_1bit:u1                                       ; FAdder_1bit  ; work         ;
;             |FAdder_1bit:u2|          ; 0.5 (0.5)            ; 0.5 (0.5)                        ; 0.0 (0.0)                                         ; 0.0 (0.0)                        ; 0.0 (0.0)            ; 1 (1)               ; 0 (0)                     ; 0 (0)         ; 0                 ; 0     ; 0          ; 0    ; 0            ; |Calculator|binconv:a11|FAdder:u5|FAdder_4bit:u1|FAdder_1bit:u2                                       ; FAdder_1bit  ; work         ;
;             |FAdder_1bit:u3|          ; 1.0 (1.0)            ; 1.0 (1.0)                        ; 0.0 (0.0)                                         ; 0.0 (0.0)                        ; 0.0 (0.0)            ; 1 (1)               ; 0 (0)                     ; 0 (0)         ; 0                 ; 0     ; 0          ; 0    ; 0            ; |Calculator|binconv:a11|FAdder:u5|FAdder_4bit:u1|FAdder_1bit:u3                                       ; FAdder_1bit  ; work         ;
;       |FAdder:u6|                     ; 10.0 (0.0)           ; 10.0 (0.0)                       ; 0.0 (0.0)                                         ; 0.0 (0.0)                        ; 0.0 (0.0)            ; 14 (0)              ; 0 (0)                     ; 0 (0)         ; 0                 ; 0     ; 0          ; 0    ; 0            ; |Calculator|binconv:a11|FAdder:u6                                                                     ; FAdder       ; work         ;
;          |FAdder_4bit:u0|             ; 1.5 (0.0)            ; 1.5 (0.0)                        ; 0.0 (0.0)                                         ; 0.0 (0.0)                        ; 0.0 (0.0)            ; 2 (0)               ; 0 (0)                     ; 0 (0)         ; 0                 ; 0     ; 0          ; 0    ; 0            ; |Calculator|binconv:a11|FAdder:u6|FAdder_4bit:u0                                                      ; FAdder_4bit  ; work         ;
;             |FAdder_1bit:u2|          ; 1.5 (1.5)            ; 1.5 (1.5)                        ; 0.0 (0.0)                                         ; 0.0 (0.0)                        ; 0.0 (0.0)            ; 2 (2)               ; 0 (0)                     ; 0 (0)         ; 0                 ; 0     ; 0          ; 0    ; 0            ; |Calculator|binconv:a11|FAdder:u6|FAdder_4bit:u0|FAdder_1bit:u2                                       ; FAdder_1bit  ; work         ;
;          |FAdder_4bit:u1|             ; 6.5 (0.0)            ; 6.5 (0.0)                        ; 0.0 (0.0)                                         ; 0.0 (0.0)                        ; 0.0 (0.0)            ; 9 (0)               ; 0 (0)                     ; 0 (0)         ; 0                 ; 0     ; 0          ; 0    ; 0            ; |Calculator|binconv:a11|FAdder:u6|FAdder_4bit:u1                                                      ; FAdder_4bit  ; work         ;
;             |FAdder_1bit:u0|          ; 2.0 (2.0)            ; 2.0 (2.0)                        ; 0.0 (0.0)                                         ; 0.0 (0.0)                        ; 0.0 (0.0)            ; 2 (2)               ; 0 (0)                     ; 0 (0)         ; 0                 ; 0     ; 0          ; 0    ; 0            ; |Calculator|binconv:a11|FAdder:u6|FAdder_4bit:u1|FAdder_1bit:u0                                       ; FAdder_1bit  ; work         ;
;             |FAdder_1bit:u1|          ; 1.0 (1.0)            ; 1.0 (1.0)                        ; 0.0 (0.0)                                         ; 0.0 (0.0)                        ; 0.0 (0.0)            ; 2 (2)               ; 0 (0)                     ; 0 (0)         ; 0                 ; 0     ; 0          ; 0    ; 0            ; |Calculator|binconv:a11|FAdder:u6|FAdder_4bit:u1|FAdder_1bit:u1                                       ; FAdder_1bit  ; work         ;
;             |FAdder_1bit:u2|          ; 1.0 (1.0)            ; 1.0 (1.0)                        ; 0.0 (0.0)                                         ; 0.0 (0.0)                        ; 0.0 (0.0)            ; 1 (1)               ; 0 (0)                     ; 0 (0)         ; 0                 ; 0     ; 0          ; 0    ; 0            ; |Calculator|binconv:a11|FAdder:u6|FAdder_4bit:u1|FAdder_1bit:u2                                       ; FAdder_1bit  ; work         ;
;             |FAdder_1bit:u3|          ; 2.5 (2.5)            ; 2.5 (2.5)                        ; 0.0 (0.0)                                         ; 0.0 (0.0)                        ; 0.0 (0.0)            ; 4 (4)               ; 0 (0)                     ; 0 (0)         ; 0                 ; 0     ; 0          ; 0    ; 0            ; |Calculator|binconv:a11|FAdder:u6|FAdder_4bit:u1|FAdder_1bit:u3                                       ; FAdder_1bit  ; work         ;
;          |FAdder_4bit:u2|             ; 2.0 (0.0)            ; 2.0 (0.0)                        ; 0.0 (0.0)                                         ; 0.0 (0.0)                        ; 0.0 (0.0)            ; 3 (0)               ; 0 (0)                     ; 0 (0)         ; 0                 ; 0     ; 0          ; 0    ; 0            ; |Calculator|binconv:a11|FAdder:u6|FAdder_4bit:u2                                                      ; FAdder_4bit  ; work         ;
;             |FAdder_1bit:u0|          ; 0.5 (0.5)            ; 0.5 (0.5)                        ; 0.0 (0.0)                                         ; 0.0 (0.0)                        ; 0.0 (0.0)            ; 1 (1)               ; 0 (0)                     ; 0 (0)         ; 0                 ; 0     ; 0          ; 0    ; 0            ; |Calculator|binconv:a11|FAdder:u6|FAdder_4bit:u2|FAdder_1bit:u0                                       ; FAdder_1bit  ; work         ;
;             |FAdder_1bit:u1|          ; 0.5 (0.5)            ; 0.5 (0.5)                        ; 0.0 (0.0)                                         ; 0.0 (0.0)                        ; 0.0 (0.0)            ; 1 (1)               ; 0 (0)                     ; 0 (0)         ; 0                 ; 0     ; 0          ; 0    ; 0            ; |Calculator|binconv:a11|FAdder:u6|FAdder_4bit:u2|FAdder_1bit:u1                                       ; FAdder_1bit  ; work         ;
;             |FAdder_1bit:u2|          ; 1.0 (1.0)            ; 1.0 (1.0)                        ; 0.0 (0.0)                                         ; 0.0 (0.0)                        ; 0.0 (0.0)            ; 1 (1)               ; 0 (0)                     ; 0 (0)         ; 0                 ; 0     ; 0          ; 0    ; 0            ; |Calculator|binconv:a11|FAdder:u6|FAdder_4bit:u2|FAdder_1bit:u2                                       ; FAdder_1bit  ; work         ;
;       |FAdder:u7|                     ; 11.0 (0.0)           ; 12.0 (0.0)                       ; 1.0 (0.0)                                         ; 0.0 (0.0)                        ; 0.0 (0.0)            ; 16 (0)              ; 0 (0)                     ; 0 (0)         ; 0                 ; 0     ; 0          ; 0    ; 0            ; |Calculator|binconv:a11|FAdder:u7                                                                     ; FAdder       ; work         ;
;          |FAdder_4bit:u0|             ; 1.0 (0.0)            ; 1.0 (0.0)                        ; 0.0 (0.0)                                         ; 0.0 (0.0)                        ; 0.0 (0.0)            ; 2 (0)               ; 0 (0)                     ; 0 (0)         ; 0                 ; 0     ; 0          ; 0    ; 0            ; |Calculator|binconv:a11|FAdder:u7|FAdder_4bit:u0                                                      ; FAdder_4bit  ; work         ;
;             |FAdder_1bit:u3|          ; 1.0 (1.0)            ; 1.0 (1.0)                        ; 0.0 (0.0)                                         ; 0.0 (0.0)                        ; 0.0 (0.0)            ; 2 (2)               ; 0 (0)                     ; 0 (0)         ; 0                 ; 0     ; 0          ; 0    ; 0            ; |Calculator|binconv:a11|FAdder:u7|FAdder_4bit:u0|FAdder_1bit:u3                                       ; FAdder_1bit  ; work         ;
;          |FAdder_4bit:u1|             ; 4.0 (0.0)            ; 5.0 (0.0)                        ; 1.0 (0.0)                                         ; 0.0 (0.0)                        ; 0.0 (0.0)            ; 6 (0)               ; 0 (0)                     ; 0 (0)         ; 0                 ; 0     ; 0          ; 0    ; 0            ; |Calculator|binconv:a11|FAdder:u7|FAdder_4bit:u1                                                      ; FAdder_4bit  ; work         ;
;             |FAdder_1bit:u0|          ; 1.0 (1.0)            ; 1.0 (1.0)                        ; 0.0 (0.0)                                         ; 0.0 (0.0)                        ; 0.0 (0.0)            ; 2 (2)               ; 0 (0)                     ; 0 (0)         ; 0                 ; 0     ; 0          ; 0    ; 0            ; |Calculator|binconv:a11|FAdder:u7|FAdder_4bit:u1|FAdder_1bit:u0                                       ; FAdder_1bit  ; work         ;
;             |FAdder_1bit:u1|          ; 1.0 (1.0)            ; 1.0 (1.0)                        ; 0.0 (0.0)                                         ; 0.0 (0.0)                        ; 0.0 (0.0)            ; 1 (1)               ; 0 (0)                     ; 0 (0)         ; 0                 ; 0     ; 0          ; 0    ; 0            ; |Calculator|binconv:a11|FAdder:u7|FAdder_4bit:u1|FAdder_1bit:u1                                       ; FAdder_1bit  ; work         ;
;             |FAdder_1bit:u2|          ; 1.0 (1.0)            ; 1.0 (1.0)                        ; 0.0 (0.0)                                         ; 0.0 (0.0)                        ; 0.0 (0.0)            ; 1 (1)               ; 0 (0)                     ; 0 (0)         ; 0                 ; 0     ; 0          ; 0    ; 0            ; |Calculator|binconv:a11|FAdder:u7|FAdder_4bit:u1|FAdder_1bit:u2                                       ; FAdder_1bit  ; work         ;
;             |FAdder_1bit:u3|          ; 1.0 (1.0)            ; 2.0 (2.0)                        ; 1.0 (1.0)                                         ; 0.0 (0.0)                        ; 0.0 (0.0)            ; 2 (2)               ; 0 (0)                     ; 0 (0)         ; 0                 ; 0     ; 0          ; 0    ; 0            ; |Calculator|binconv:a11|FAdder:u7|FAdder_4bit:u1|FAdder_1bit:u3                                       ; FAdder_1bit  ; work         ;
;          |FAdder_4bit:u2|             ; 4.0 (0.0)            ; 4.0 (0.0)                        ; 0.0 (0.0)                                         ; 0.0 (0.0)                        ; 0.0 (0.0)            ; 5 (0)               ; 0 (0)                     ; 0 (0)         ; 0                 ; 0     ; 0          ; 0    ; 0            ; |Calculator|binconv:a11|FAdder:u7|FAdder_4bit:u2                                                      ; FAdder_4bit  ; work         ;
;             |FAdder_1bit:u1|          ; 2.0 (2.0)            ; 2.0 (2.0)                        ; 0.0 (0.0)                                         ; 0.0 (0.0)                        ; 0.0 (0.0)            ; 3 (3)               ; 0 (0)                     ; 0 (0)         ; 0                 ; 0     ; 0          ; 0    ; 0            ; |Calculator|binconv:a11|FAdder:u7|FAdder_4bit:u2|FAdder_1bit:u1                                       ; FAdder_1bit  ; work         ;
;             |FAdder_1bit:u2|          ; 2.0 (2.0)            ; 2.0 (2.0)                        ; 0.0 (0.0)                                         ; 0.0 (0.0)                        ; 0.0 (0.0)            ; 2 (2)               ; 0 (0)                     ; 0 (0)         ; 0                 ; 0     ; 0          ; 0    ; 0            ; |Calculator|binconv:a11|FAdder:u7|FAdder_4bit:u2|FAdder_1bit:u2                                       ; FAdder_1bit  ; work         ;
;          |FAdder_4bit:u3|             ; 2.0 (0.0)            ; 2.0 (0.0)                        ; 0.0 (0.0)                                         ; 0.0 (0.0)                        ; 0.0 (0.0)            ; 3 (0)               ; 0 (0)                     ; 0 (0)         ; 0                 ; 0     ; 0          ; 0    ; 0            ; |Calculator|binconv:a11|FAdder:u7|FAdder_4bit:u3                                                      ; FAdder_4bit  ; work         ;
;             |FAdder_1bit:u0|          ; 1.0 (1.0)            ; 1.0 (1.0)                        ; 0.0 (0.0)                                         ; 0.0 (0.0)                        ; 0.0 (0.0)            ; 2 (2)               ; 0 (0)                     ; 0 (0)         ; 0                 ; 0     ; 0          ; 0    ; 0            ; |Calculator|binconv:a11|FAdder:u7|FAdder_4bit:u3|FAdder_1bit:u0                                       ; FAdder_1bit  ; work         ;
;             |FAdder_1bit:u1|          ; 1.0 (1.0)            ; 1.0 (1.0)                        ; 0.0 (0.0)                                         ; 0.0 (0.0)                        ; 0.0 (0.0)            ; 1 (1)               ; 0 (0)                     ; 0 (0)         ; 0                 ; 0     ; 0          ; 0    ; 0            ; |Calculator|binconv:a11|FAdder:u7|FAdder_4bit:u3|FAdder_1bit:u1                                       ; FAdder_1bit  ; work         ;
;       |FAdder:u9|                     ; 5.0 (0.0)            ; 5.0 (0.0)                        ; 0.0 (0.0)                                         ; 0.0 (0.0)                        ; 0.0 (0.0)            ; 7 (0)               ; 0 (0)                     ; 0 (0)         ; 0                 ; 0     ; 0          ; 0    ; 0            ; |Calculator|binconv:a11|FAdder:u9                                                                     ; FAdder       ; work         ;
;          |FAdder_4bit:u0|             ; 0.5 (0.0)            ; 0.5 (0.0)                        ; 0.0 (0.0)                                         ; 0.0 (0.0)                        ; 0.0 (0.0)            ; 1 (0)               ; 0 (0)                     ; 0 (0)         ; 0                 ; 0     ; 0          ; 0    ; 0            ; |Calculator|binconv:a11|FAdder:u9|FAdder_4bit:u0                                                      ; FAdder_4bit  ; work         ;
;             |FAdder_1bit:u1|          ; 0.5 (0.5)            ; 0.5 (0.5)                        ; 0.0 (0.0)                                         ; 0.0 (0.0)                        ; 0.0 (0.0)            ; 1 (1)               ; 0 (0)                     ; 0 (0)         ; 0                 ; 0     ; 0          ; 0    ; 0            ; |Calculator|binconv:a11|FAdder:u9|FAdder_4bit:u0|FAdder_1bit:u1                                       ; FAdder_1bit  ; work         ;
;          |FAdder_4bit:u1|             ; 1.0 (0.0)            ; 1.0 (0.0)                        ; 0.0 (0.0)                                         ; 0.0 (0.0)                        ; 0.0 (0.0)            ; 2 (0)               ; 0 (0)                     ; 0 (0)         ; 0                 ; 0     ; 0          ; 0    ; 0            ; |Calculator|binconv:a11|FAdder:u9|FAdder_4bit:u1                                                      ; FAdder_4bit  ; work         ;
;             |FAdder_1bit:u0|          ; 0.5 (0.5)            ; 0.5 (0.5)                        ; 0.0 (0.0)                                         ; 0.0 (0.0)                        ; 0.0 (0.0)            ; 1 (1)               ; 0 (0)                     ; 0 (0)         ; 0                 ; 0     ; 0          ; 0    ; 0            ; |Calculator|binconv:a11|FAdder:u9|FAdder_4bit:u1|FAdder_1bit:u0                                       ; FAdder_1bit  ; work         ;
;             |FAdder_1bit:u2|          ; 0.5 (0.5)            ; 0.5 (0.5)                        ; 0.0 (0.0)                                         ; 0.0 (0.0)                        ; 0.0 (0.0)            ; 1 (1)               ; 0 (0)                     ; 0 (0)         ; 0                 ; 0     ; 0          ; 0    ; 0            ; |Calculator|binconv:a11|FAdder:u9|FAdder_4bit:u1|FAdder_1bit:u2                                       ; FAdder_1bit  ; work         ;
;          |FAdder_4bit:u2|             ; 2.5 (0.0)            ; 2.5 (0.0)                        ; 0.0 (0.0)                                         ; 0.0 (0.0)                        ; 0.0 (0.0)            ; 3 (0)               ; 0 (0)                     ; 0 (0)         ; 0                 ; 0     ; 0          ; 0    ; 0            ; |Calculator|binconv:a11|FAdder:u9|FAdder_4bit:u2                                                      ; FAdder_4bit  ; work         ;
;             |FAdder_1bit:u0|          ; 0.5 (0.5)            ; 0.5 (0.5)                        ; 0.0 (0.0)                                         ; 0.0 (0.0)                        ; 0.0 (0.0)            ; 1 (1)               ; 0 (0)                     ; 0 (0)         ; 0                 ; 0     ; 0          ; 0    ; 0            ; |Calculator|binconv:a11|FAdder:u9|FAdder_4bit:u2|FAdder_1bit:u0                                       ; FAdder_1bit  ; work         ;
;             |FAdder_1bit:u1|          ; 1.0 (1.0)            ; 1.0 (1.0)                        ; 0.0 (0.0)                                         ; 0.0 (0.0)                        ; 0.0 (0.0)            ; 1 (1)               ; 0 (0)                     ; 0 (0)         ; 0                 ; 0     ; 0          ; 0    ; 0            ; |Calculator|binconv:a11|FAdder:u9|FAdder_4bit:u2|FAdder_1bit:u1                                       ; FAdder_1bit  ; work         ;
;             |FAdder_1bit:u3|          ; 1.0 (1.0)            ; 1.0 (1.0)                        ; 0.0 (0.0)                                         ; 0.0 (0.0)                        ; 0.0 (0.0)            ; 1 (1)               ; 0 (0)                     ; 0 (0)         ; 0                 ; 0     ; 0          ; 0    ; 0            ; |Calculator|binconv:a11|FAdder:u9|FAdder_4bit:u2|FAdder_1bit:u3                                       ; FAdder_1bit  ; work         ;
;          |FAdder_4bit:u3|             ; 1.0 (0.0)            ; 1.0 (0.0)                        ; 0.0 (0.0)                                         ; 0.0 (0.0)                        ; 0.0 (0.0)            ; 1 (0)               ; 0 (0)                     ; 0 (0)         ; 0                 ; 0     ; 0          ; 0    ; 0            ; |Calculator|binconv:a11|FAdder:u9|FAdder_4bit:u3                                                      ; FAdder_4bit  ; work         ;
;             |FAdder_1bit:u0|          ; 1.0 (1.0)            ; 1.0 (1.0)                        ; 0.0 (0.0)                                         ; 0.0 (0.0)                        ; 0.0 (0.0)            ; 1 (1)               ; 0 (0)                     ; 0 (0)         ; 0                 ; 0     ; 0          ; 0    ; 0            ; |Calculator|binconv:a11|FAdder:u9|FAdder_4bit:u3|FAdder_1bit:u0                                       ; FAdder_1bit  ; work         ;
;       |Multiplier:u1|                 ; 0.0 (0.0)            ; 0.0 (0.0)                        ; 0.0 (0.0)                                         ; 0.0 (0.0)                        ; 0.0 (0.0)            ; 1 (0)               ; 0 (0)                     ; 0 (0)         ; 0                 ; 0     ; 0          ; 0    ; 0            ; |Calculator|binconv:a11|Multiplier:u1                                                                 ; Multiplier   ; work         ;
;          |Mul_4bit:u1|                ; 0.0 (0.0)            ; 0.0 (0.0)                        ; 0.0 (0.0)                                         ; 0.0 (0.0)                        ; 0.0 (0.0)            ; 1 (0)               ; 0 (0)                     ; 0 (0)         ; 0                 ; 0     ; 0          ; 0    ; 0            ; |Calculator|binconv:a11|Multiplier:u1|Mul_4bit:u1                                                     ; Mul_4bit     ; work         ;
;             |altAdder:u7|             ; 0.0 (0.0)            ; 0.0 (0.0)                        ; 0.0 (0.0)                                         ; 0.0 (0.0)                        ; 0.0 (0.0)            ; 1 (0)               ; 0 (0)                     ; 0 (0)         ; 0                 ; 0     ; 0          ; 0    ; 0            ; |Calculator|binconv:a11|Multiplier:u1|Mul_4bit:u1|altAdder:u7                                         ; altAdder     ; work         ;
;                |FAdder:u1|            ; 0.0 (0.0)            ; 0.0 (0.0)                        ; 0.0 (0.0)                                         ; 0.0 (0.0)                        ; 0.0 (0.0)            ; 1 (0)               ; 0 (0)                     ; 0 (0)         ; 0                 ; 0     ; 0          ; 0    ; 0            ; |Calculator|binconv:a11|Multiplier:u1|Mul_4bit:u1|altAdder:u7|FAdder:u1                               ; FAdder       ; work         ;
;                   |FAdder_4bit:u0|    ; 0.0 (0.0)            ; 0.0 (0.0)                        ; 0.0 (0.0)                                         ; 0.0 (0.0)                        ; 0.0 (0.0)            ; 1 (0)               ; 0 (0)                     ; 0 (0)         ; 0                 ; 0     ; 0          ; 0    ; 0            ; |Calculator|binconv:a11|Multiplier:u1|Mul_4bit:u1|altAdder:u7|FAdder:u1|FAdder_4bit:u0                ; FAdder_4bit  ; work         ;
;                      |FAdder_1bit:u1| ; 0.0 (0.0)            ; 0.0 (0.0)                        ; 0.0 (0.0)                                         ; 0.0 (0.0)                        ; 0.0 (0.0)            ; 1 (1)               ; 0 (0)                     ; 0 (0)         ; 0                 ; 0     ; 0          ; 0    ; 0            ; |Calculator|binconv:a11|Multiplier:u1|Mul_4bit:u1|altAdder:u7|FAdder:u1|FAdder_4bit:u0|FAdder_1bit:u1 ; FAdder_1bit  ; work         ;
;       |Multiplier:u2|                 ; 3.0 (0.0)            ; 3.0 (0.0)                        ; 0.0 (0.0)                                         ; 0.0 (0.0)                        ; 0.0 (0.0)            ; 6 (0)               ; 0 (0)                     ; 0 (0)         ; 0                 ; 0     ; 0          ; 0    ; 0            ; |Calculator|binconv:a11|Multiplier:u2                                                                 ; Multiplier   ; work         ;
;          |FAdder_32bit:u5|            ; 2.5 (0.0)            ; 2.5 (0.0)                        ; 0.0 (0.0)                                         ; 0.0 (0.0)                        ; 0.0 (0.0)            ; 5 (0)               ; 0 (0)                     ; 0 (0)         ; 0                 ; 0     ; 0          ; 0    ; 0            ; |Calculator|binconv:a11|Multiplier:u2|FAdder_32bit:u5                                                 ; FAdder_32bit ; work         ;
;             |FAdder:u0|               ; 2.5 (0.0)            ; 2.5 (0.0)                        ; 0.0 (0.0)                                         ; 0.0 (0.0)                        ; 0.0 (0.0)            ; 5 (0)               ; 0 (0)                     ; 0 (0)         ; 0                 ; 0     ; 0          ; 0    ; 0            ; |Calculator|binconv:a11|Multiplier:u2|FAdder_32bit:u5|FAdder:u0                                       ; FAdder       ; work         ;
;                |FAdder_4bit:u1|       ; 1.5 (0.0)            ; 1.5 (0.0)                        ; 0.0 (0.0)                                         ; 0.0 (0.0)                        ; 0.0 (0.0)            ; 3 (0)               ; 0 (0)                     ; 0 (0)         ; 0                 ; 0     ; 0          ; 0    ; 0            ; |Calculator|binconv:a11|Multiplier:u2|FAdder_32bit:u5|FAdder:u0|FAdder_4bit:u1                        ; FAdder_4bit  ; work         ;
;                   |FAdder_1bit:u1|    ; 0.5 (0.5)            ; 0.5 (0.5)                        ; 0.0 (0.0)                                         ; 0.0 (0.0)                        ; 0.0 (0.0)            ; 1 (1)               ; 0 (0)                     ; 0 (0)         ; 0                 ; 0     ; 0          ; 0    ; 0            ; |Calculator|binconv:a11|Multiplier:u2|FAdder_32bit:u5|FAdder:u0|FAdder_4bit:u1|FAdder_1bit:u1         ; FAdder_1bit  ; work         ;
;                   |FAdder_1bit:u2|    ; 0.5 (0.5)            ; 0.5 (0.5)                        ; 0.0 (0.0)                                         ; 0.0 (0.0)                        ; 0.0 (0.0)            ; 1 (1)               ; 0 (0)                     ; 0 (0)         ; 0                 ; 0     ; 0          ; 0    ; 0            ; |Calculator|binconv:a11|Multiplier:u2|FAdder_32bit:u5|FAdder:u0|FAdder_4bit:u1|FAdder_1bit:u2         ; FAdder_1bit  ; work         ;
;                   |FAdder_1bit:u3|    ; 0.5 (0.5)            ; 0.5 (0.5)                        ; 0.0 (0.0)                                         ; 0.0 (0.0)                        ; 0.0 (0.0)            ; 1 (1)               ; 0 (0)                     ; 0 (0)         ; 0                 ; 0     ; 0          ; 0    ; 0            ; |Calculator|binconv:a11|Multiplier:u2|FAdder_32bit:u5|FAdder:u0|FAdder_4bit:u1|FAdder_1bit:u3         ; FAdder_1bit  ; work         ;
;                |FAdder_4bit:u2|       ; 1.0 (0.0)            ; 1.0 (0.0)                        ; 0.0 (0.0)                                         ; 0.0 (0.0)                        ; 0.0 (0.0)            ; 2 (0)               ; 0 (0)                     ; 0 (0)         ; 0                 ; 0     ; 0          ; 0    ; 0            ; |Calculator|binconv:a11|Multiplier:u2|FAdder_32bit:u5|FAdder:u0|FAdder_4bit:u2                        ; FAdder_4bit  ; work         ;
;                   |FAdder_1bit:u0|    ; 0.5 (0.5)            ; 0.5 (0.5)                        ; 0.0 (0.0)                                         ; 0.0 (0.0)                        ; 0.0 (0.0)            ; 1 (1)               ; 0 (0)                     ; 0 (0)         ; 0                 ; 0     ; 0          ; 0    ; 0            ; |Calculator|binconv:a11|Multiplier:u2|FAdder_32bit:u5|FAdder:u0|FAdder_4bit:u2|FAdder_1bit:u0         ; FAdder_1bit  ; work         ;
;                   |FAdder_1bit:u2|    ; 0.5 (0.5)            ; 0.5 (0.5)                        ; 0.0 (0.0)                                         ; 0.0 (0.0)                        ; 0.0 (0.0)            ; 1 (1)               ; 0 (0)                     ; 0 (0)         ; 0                 ; 0     ; 0          ; 0    ; 0            ; |Calculator|binconv:a11|Multiplier:u2|FAdder_32bit:u5|FAdder:u0|FAdder_4bit:u2|FAdder_1bit:u2         ; FAdder_1bit  ; work         ;
;          |Mul_4bit:u2|                ; 0.5 (0.0)            ; 0.5 (0.0)                        ; 0.0 (0.0)                                         ; 0.0 (0.0)                        ; 0.0 (0.0)            ; 1 (0)               ; 0 (0)                     ; 0 (0)         ; 0                 ; 0     ; 0          ; 0    ; 0            ; |Calculator|binconv:a11|Multiplier:u2|Mul_4bit:u2                                                     ; Mul_4bit     ; work         ;
;             |altAdder:u5|             ; 0.5 (0.0)            ; 0.5 (0.0)                        ; 0.0 (0.0)                                         ; 0.0 (0.0)                        ; 0.0 (0.0)            ; 1 (0)               ; 0 (0)                     ; 0 (0)         ; 0                 ; 0     ; 0          ; 0    ; 0            ; |Calculator|binconv:a11|Multiplier:u2|Mul_4bit:u2|altAdder:u5                                         ; altAdder     ; work         ;
;                |FAdder:u1|            ; 0.5 (0.0)            ; 0.5 (0.0)                        ; 0.0 (0.0)                                         ; 0.0 (0.0)                        ; 0.0 (0.0)            ; 1 (0)               ; 0 (0)                     ; 0 (0)         ; 0                 ; 0     ; 0          ; 0    ; 0            ; |Calculator|binconv:a11|Multiplier:u2|Mul_4bit:u2|altAdder:u5|FAdder:u1                               ; FAdder       ; work         ;
;                   |FAdder_4bit:u0|    ; 0.5 (0.0)            ; 0.5 (0.0)                        ; 0.0 (0.0)                                         ; 0.0 (0.0)                        ; 0.0 (0.0)            ; 1 (0)               ; 0 (0)                     ; 0 (0)         ; 0                 ; 0     ; 0          ; 0    ; 0            ; |Calculator|binconv:a11|Multiplier:u2|Mul_4bit:u2|altAdder:u5|FAdder:u1|FAdder_4bit:u0                ; FAdder_4bit  ; work         ;
;                      |FAdder_1bit:u3| ; 0.5 (0.5)            ; 0.5 (0.5)                        ; 0.0 (0.0)                                         ; 0.0 (0.0)                        ; 0.0 (0.0)            ; 1 (1)               ; 0 (0)                     ; 0 (0)         ; 0                 ; 0     ; 0          ; 0    ; 0            ; |Calculator|binconv:a11|Multiplier:u2|Mul_4bit:u2|altAdder:u5|FAdder:u1|FAdder_4bit:u0|FAdder_1bit:u3 ; FAdder_1bit  ; work         ;
;       |Multiplier:u3|                 ; 4.5 (0.0)            ; 4.5 (0.0)                        ; 0.0 (0.0)                                         ; 0.0 (0.0)                        ; 0.0 (0.0)            ; 9 (0)               ; 0 (0)                     ; 0 (0)         ; 0                 ; 0     ; 0          ; 0    ; 0            ; |Calculator|binconv:a11|Multiplier:u3                                                                 ; Multiplier   ; work         ;
;          |FAdder_32bit:u5|            ; 1.5 (0.0)            ; 1.5 (0.0)                        ; 0.0 (0.0)                                         ; 0.0 (0.0)                        ; 0.0 (0.0)            ; 3 (0)               ; 0 (0)                     ; 0 (0)         ; 0                 ; 0     ; 0          ; 0    ; 0            ; |Calculator|binconv:a11|Multiplier:u3|FAdder_32bit:u5                                                 ; FAdder_32bit ; work         ;
;             |FAdder:u0|               ; 1.5 (0.0)            ; 1.5 (0.0)                        ; 0.0 (0.0)                                         ; 0.0 (0.0)                        ; 0.0 (0.0)            ; 3 (0)               ; 0 (0)                     ; 0 (0)         ; 0                 ; 0     ; 0          ; 0    ; 0            ; |Calculator|binconv:a11|Multiplier:u3|FAdder_32bit:u5|FAdder:u0                                       ; FAdder       ; work         ;
;                |FAdder_4bit:u1|       ; 1.5 (0.0)            ; 1.5 (0.0)                        ; 0.0 (0.0)                                         ; 0.0 (0.0)                        ; 0.0 (0.0)            ; 3 (0)               ; 0 (0)                     ; 0 (0)         ; 0                 ; 0     ; 0          ; 0    ; 0            ; |Calculator|binconv:a11|Multiplier:u3|FAdder_32bit:u5|FAdder:u0|FAdder_4bit:u1                        ; FAdder_4bit  ; work         ;
;                   |FAdder_1bit:u1|    ; 0.5 (0.5)            ; 0.5 (0.5)                        ; 0.0 (0.0)                                         ; 0.0 (0.0)                        ; 0.0 (0.0)            ; 1 (1)               ; 0 (0)                     ; 0 (0)         ; 0                 ; 0     ; 0          ; 0    ; 0            ; |Calculator|binconv:a11|Multiplier:u3|FAdder_32bit:u5|FAdder:u0|FAdder_4bit:u1|FAdder_1bit:u1         ; FAdder_1bit  ; work         ;
;                   |FAdder_1bit:u2|    ; 0.5 (0.5)            ; 0.5 (0.5)                        ; 0.0 (0.0)                                         ; 0.0 (0.0)                        ; 0.0 (0.0)            ; 1 (1)               ; 0 (0)                     ; 0 (0)         ; 0                 ; 0     ; 0          ; 0    ; 0            ; |Calculator|binconv:a11|Multiplier:u3|FAdder_32bit:u5|FAdder:u0|FAdder_4bit:u1|FAdder_1bit:u2         ; FAdder_1bit  ; work         ;
;                   |FAdder_1bit:u3|    ; 0.5 (0.5)            ; 0.5 (0.5)                        ; 0.0 (0.0)                                         ; 0.0 (0.0)                        ; 0.0 (0.0)            ; 1 (1)               ; 0 (0)                     ; 0 (0)         ; 0                 ; 0     ; 0          ; 0    ; 0            ; |Calculator|binconv:a11|Multiplier:u3|FAdder_32bit:u5|FAdder:u0|FAdder_4bit:u1|FAdder_1bit:u3         ; FAdder_1bit  ; work         ;
;          |FAdder_32bit:u7|            ; 3.0 (0.0)            ; 3.0 (0.0)                        ; 0.0 (0.0)                                         ; 0.0 (0.0)                        ; 0.0 (0.0)            ; 6 (0)               ; 0 (0)                     ; 0 (0)         ; 0                 ; 0     ; 0          ; 0    ; 0            ; |Calculator|binconv:a11|Multiplier:u3|FAdder_32bit:u7                                                 ; FAdder_32bit ; work         ;
;             |FAdder:u0|               ; 3.0 (0.0)            ; 3.0 (0.0)                        ; 0.0 (0.0)                                         ; 0.0 (0.0)                        ; 0.0 (0.0)            ; 6 (0)               ; 0 (0)                     ; 0 (0)         ; 0                 ; 0     ; 0          ; 0    ; 0            ; |Calculator|binconv:a11|Multiplier:u3|FAdder_32bit:u7|FAdder:u0                                       ; FAdder       ; work         ;
;                |FAdder_4bit:u2|       ; 2.0 (0.0)            ; 2.0 (0.0)                        ; 0.0 (0.0)                                         ; 0.0 (0.0)                        ; 0.0 (0.0)            ; 4 (0)               ; 0 (0)                     ; 0 (0)         ; 0                 ; 0     ; 0          ; 0    ; 0            ; |Calculator|binconv:a11|Multiplier:u3|FAdder_32bit:u7|FAdder:u0|FAdder_4bit:u2                        ; FAdder_4bit  ; work         ;
;                   |FAdder_1bit:u0|    ; 0.5 (0.5)            ; 0.5 (0.5)                        ; 0.0 (0.0)                                         ; 0.0 (0.0)                        ; 0.0 (0.0)            ; 1 (1)               ; 0 (0)                     ; 0 (0)         ; 0                 ; 0     ; 0          ; 0    ; 0            ; |Calculator|binconv:a11|Multiplier:u3|FAdder_32bit:u7|FAdder:u0|FAdder_4bit:u2|FAdder_1bit:u0         ; FAdder_1bit  ; work         ;
;                   |FAdder_1bit:u1|    ; 0.5 (0.5)            ; 0.5 (0.5)                        ; 0.0 (0.0)                                         ; 0.0 (0.0)                        ; 0.0 (0.0)            ; 1 (1)               ; 0 (0)                     ; 0 (0)         ; 0                 ; 0     ; 0          ; 0    ; 0            ; |Calculator|binconv:a11|Multiplier:u3|FAdder_32bit:u7|FAdder:u0|FAdder_4bit:u2|FAdder_1bit:u1         ; FAdder_1bit  ; work         ;
;                   |FAdder_1bit:u2|    ; 0.5 (0.5)            ; 0.5 (0.5)                        ; 0.0 (0.0)                                         ; 0.0 (0.0)                        ; 0.0 (0.0)            ; 1 (1)               ; 0 (0)                     ; 0 (0)         ; 0                 ; 0     ; 0          ; 0    ; 0            ; |Calculator|binconv:a11|Multiplier:u3|FAdder_32bit:u7|FAdder:u0|FAdder_4bit:u2|FAdder_1bit:u2         ; FAdder_1bit  ; work         ;
;                   |FAdder_1bit:u3|    ; 0.5 (0.5)            ; 0.5 (0.5)                        ; 0.0 (0.0)                                         ; 0.0 (0.0)                        ; 0.0 (0.0)            ; 1 (1)               ; 0 (0)                     ; 0 (0)         ; 0                 ; 0     ; 0          ; 0    ; 0            ; |Calculator|binconv:a11|Multiplier:u3|FAdder_32bit:u7|FAdder:u0|FAdder_4bit:u2|FAdder_1bit:u3         ; FAdder_1bit  ; work         ;
;                |FAdder_4bit:u3|       ; 1.0 (0.0)            ; 1.0 (0.0)                        ; 0.0 (0.0)                                         ; 0.0 (0.0)                        ; 0.0 (0.0)            ; 2 (0)               ; 0 (0)                     ; 0 (0)         ; 0                 ; 0     ; 0          ; 0    ; 0            ; |Calculator|binconv:a11|Multiplier:u3|FAdder_32bit:u7|FAdder:u0|FAdder_4bit:u3                        ; FAdder_4bit  ; work         ;
;                   |FAdder_1bit:u0|    ; 0.5 (0.5)            ; 0.5 (0.5)                        ; 0.0 (0.0)                                         ; 0.0 (0.0)                        ; 0.0 (0.0)            ; 1 (1)               ; 0 (0)                     ; 0 (0)         ; 0                 ; 0     ; 0          ; 0    ; 0            ; |Calculator|binconv:a11|Multiplier:u3|FAdder_32bit:u7|FAdder:u0|FAdder_4bit:u3|FAdder_1bit:u0         ; FAdder_1bit  ; work         ;
;                   |FAdder_1bit:u1|    ; 0.5 (0.5)            ; 0.5 (0.5)                        ; 0.0 (0.0)                                         ; 0.0 (0.0)                        ; 0.0 (0.0)            ; 1 (1)               ; 0 (0)                     ; 0 (0)         ; 0                 ; 0     ; 0          ; 0    ; 0            ; |Calculator|binconv:a11|Multiplier:u3|FAdder_32bit:u7|FAdder:u0|FAdder_4bit:u3|FAdder_1bit:u1         ; FAdder_1bit  ; work         ;
;    |binconv:b11|                      ; 45.5 (8.5)           ; 46.5 (9.0)                       ; 1.0 (0.5)                                         ; 0.0 (0.0)                        ; 0.0 (0.0)            ; 74 (16)             ; 0 (0)                     ; 0 (0)         ; 0                 ; 0     ; 0          ; 0    ; 0            ; |Calculator|binconv:b11                                                                               ; binconv      ; work         ;
;       |FAdder:u5|                     ; 4.0 (0.0)            ; 4.0 (0.0)                        ; 0.0 (0.0)                                         ; 0.0 (0.0)                        ; 0.0 (0.0)            ; 5 (0)               ; 0 (0)                     ; 0 (0)         ; 0                 ; 0     ; 0          ; 0    ; 0            ; |Calculator|binconv:b11|FAdder:u5                                                                     ; FAdder       ; work         ;
;          |FAdder_4bit:u0|             ; 2.0 (0.0)            ; 2.0 (0.0)                        ; 0.0 (0.0)                                         ; 0.0 (0.0)                        ; 0.0 (0.0)            ; 2 (0)               ; 0 (0)                     ; 0 (0)         ; 0                 ; 0     ; 0          ; 0    ; 0            ; |Calculator|binconv:b11|FAdder:u5|FAdder_4bit:u0                                                      ; FAdder_4bit  ; work         ;
;             |FAdder_1bit:u3|          ; 2.0 (2.0)            ; 2.0 (2.0)                        ; 0.0 (0.0)                                         ; 0.0 (0.0)                        ; 0.0 (0.0)            ; 2 (2)               ; 0 (0)                     ; 0 (0)         ; 0                 ; 0     ; 0          ; 0    ; 0            ; |Calculator|binconv:b11|FAdder:u5|FAdder_4bit:u0|FAdder_1bit:u3                                       ; FAdder_1bit  ; work         ;
;          |FAdder_4bit:u1|             ; 2.0 (0.0)            ; 2.0 (0.0)                        ; 0.0 (0.0)                                         ; 0.0 (0.0)                        ; 0.0 (0.0)            ; 3 (0)               ; 0 (0)                     ; 0 (0)         ; 0                 ; 0     ; 0          ; 0    ; 0            ; |Calculator|binconv:b11|FAdder:u5|FAdder_4bit:u1                                                      ; FAdder_4bit  ; work         ;
;             |FAdder_1bit:u1|          ; 0.5 (0.5)            ; 0.5 (0.5)                        ; 0.0 (0.0)                                         ; 0.0 (0.0)                        ; 0.0 (0.0)            ; 1 (1)               ; 0 (0)                     ; 0 (0)         ; 0                 ; 0     ; 0          ; 0    ; 0            ; |Calculator|binconv:b11|FAdder:u5|FAdder_4bit:u1|FAdder_1bit:u1                                       ; FAdder_1bit  ; work         ;
;             |FAdder_1bit:u2|          ; 0.5 (0.5)            ; 0.5 (0.5)                        ; 0.0 (0.0)                                         ; 0.0 (0.0)                        ; 0.0 (0.0)            ; 1 (1)               ; 0 (0)                     ; 0 (0)         ; 0                 ; 0     ; 0          ; 0    ; 0            ; |Calculator|binconv:b11|FAdder:u5|FAdder_4bit:u1|FAdder_1bit:u2                                       ; FAdder_1bit  ; work         ;
;             |FAdder_1bit:u3|          ; 0.5 (0.5)            ; 1.0 (1.0)                        ; 0.5 (0.5)                                         ; 0.0 (0.0)                        ; 0.0 (0.0)            ; 1 (1)               ; 0 (0)                     ; 0 (0)         ; 0                 ; 0     ; 0          ; 0    ; 0            ; |Calculator|binconv:b11|FAdder:u5|FAdder_4bit:u1|FAdder_1bit:u3                                       ; FAdder_1bit  ; work         ;
;       |FAdder:u6|                     ; 8.5 (0.0)            ; 9.0 (0.0)                        ; 0.5 (0.0)                                         ; 0.0 (0.0)                        ; 0.0 (0.0)            ; 14 (0)              ; 0 (0)                     ; 0 (0)         ; 0                 ; 0     ; 0          ; 0    ; 0            ; |Calculator|binconv:b11|FAdder:u6                                                                     ; FAdder       ; work         ;
;          |FAdder_4bit:u0|             ; 1.0 (0.0)            ; 1.0 (0.0)                        ; 0.0 (0.0)                                         ; 0.0 (0.0)                        ; 0.0 (0.0)            ; 2 (0)               ; 0 (0)                     ; 0 (0)         ; 0                 ; 0     ; 0          ; 0    ; 0            ; |Calculator|binconv:b11|FAdder:u6|FAdder_4bit:u0                                                      ; FAdder_4bit  ; work         ;
;             |FAdder_1bit:u2|          ; 1.0 (1.0)            ; 1.0 (1.0)                        ; 0.0 (0.0)                                         ; 0.0 (0.0)                        ; 0.0 (0.0)            ; 2 (2)               ; 0 (0)                     ; 0 (0)         ; 0                 ; 0     ; 0          ; 0    ; 0            ; |Calculator|binconv:b11|FAdder:u6|FAdder_4bit:u0|FAdder_1bit:u2                                       ; FAdder_1bit  ; work         ;
;          |FAdder_4bit:u1|             ; 6.5 (0.0)            ; 6.5 (0.0)                        ; 0.0 (0.0)                                         ; 0.0 (0.0)                        ; 0.0 (0.0)            ; 9 (0)               ; 0 (0)                     ; 0 (0)         ; 0                 ; 0     ; 0          ; 0    ; 0            ; |Calculator|binconv:b11|FAdder:u6|FAdder_4bit:u1                                                      ; FAdder_4bit  ; work         ;
;             |FAdder_1bit:u0|          ; 2.0 (2.0)            ; 2.0 (2.0)                        ; 0.0 (0.0)                                         ; 0.0 (0.0)                        ; 0.0 (0.0)            ; 2 (2)               ; 0 (0)                     ; 0 (0)         ; 0                 ; 0     ; 0          ; 0    ; 0            ; |Calculator|binconv:b11|FAdder:u6|FAdder_4bit:u1|FAdder_1bit:u0                                       ; FAdder_1bit  ; work         ;
;             |FAdder_1bit:u1|          ; 1.0 (1.0)            ; 1.0 (1.0)                        ; 0.0 (0.0)                                         ; 0.0 (0.0)                        ; 0.0 (0.0)            ; 2 (2)               ; 0 (0)                     ; 0 (0)         ; 0                 ; 0     ; 0          ; 0    ; 0            ; |Calculator|binconv:b11|FAdder:u6|FAdder_4bit:u1|FAdder_1bit:u1                                       ; FAdder_1bit  ; work         ;
;             |FAdder_1bit:u2|          ; 0.5 (0.5)            ; 0.5 (0.5)                        ; 0.0 (0.0)                                         ; 0.0 (0.0)                        ; 0.0 (0.0)            ; 1 (1)               ; 0 (0)                     ; 0 (0)         ; 0                 ; 0     ; 0          ; 0    ; 0            ; |Calculator|binconv:b11|FAdder:u6|FAdder_4bit:u1|FAdder_1bit:u2                                       ; FAdder_1bit  ; work         ;
;             |FAdder_1bit:u3|          ; 3.0 (3.0)            ; 3.0 (3.0)                        ; 0.0 (0.0)                                         ; 0.0 (0.0)                        ; 0.0 (0.0)            ; 4 (4)               ; 0 (0)                     ; 0 (0)         ; 0                 ; 0     ; 0          ; 0    ; 0            ; |Calculator|binconv:b11|FAdder:u6|FAdder_4bit:u1|FAdder_1bit:u3                                       ; FAdder_1bit  ; work         ;
;          |FAdder_4bit:u2|             ; 1.0 (0.0)            ; 1.5 (0.0)                        ; 0.5 (0.0)                                         ; 0.0 (0.0)                        ; 0.0 (0.0)            ; 3 (0)               ; 0 (0)                     ; 0 (0)         ; 0                 ; 0     ; 0          ; 0    ; 0            ; |Calculator|binconv:b11|FAdder:u6|FAdder_4bit:u2                                                      ; FAdder_4bit  ; work         ;
;             |FAdder_1bit:u0|          ; 0.0 (0.0)            ; 0.5 (0.5)                        ; 0.5 (0.5)                                         ; 0.0 (0.0)                        ; 0.0 (0.0)            ; 1 (1)               ; 0 (0)                     ; 0 (0)         ; 0                 ; 0     ; 0          ; 0    ; 0            ; |Calculator|binconv:b11|FAdder:u6|FAdder_4bit:u2|FAdder_1bit:u0                                       ; FAdder_1bit  ; work         ;
;             |FAdder_1bit:u1|          ; 0.5 (0.5)            ; 0.5 (0.5)                        ; 0.0 (0.0)                                         ; 0.0 (0.0)                        ; 0.0 (0.0)            ; 1 (1)               ; 0 (0)                     ; 0 (0)         ; 0                 ; 0     ; 0          ; 0    ; 0            ; |Calculator|binconv:b11|FAdder:u6|FAdder_4bit:u2|FAdder_1bit:u1                                       ; FAdder_1bit  ; work         ;
;             |FAdder_1bit:u2|          ; 0.5 (0.5)            ; 0.5 (0.5)                        ; 0.0 (0.0)                                         ; 0.0 (0.0)                        ; 0.0 (0.0)            ; 1 (1)               ; 0 (0)                     ; 0 (0)         ; 0                 ; 0     ; 0          ; 0    ; 0            ; |Calculator|binconv:b11|FAdder:u6|FAdder_4bit:u2|FAdder_1bit:u2                                       ; FAdder_1bit  ; work         ;
;       |FAdder:u7|                     ; 10.5 (0.0)           ; 10.5 (0.0)                       ; 0.0 (0.0)                                         ; 0.0 (0.0)                        ; 0.0 (0.0)            ; 15 (0)              ; 0 (0)                     ; 0 (0)         ; 0                 ; 0     ; 0          ; 0    ; 0            ; |Calculator|binconv:b11|FAdder:u7                                                                     ; FAdder       ; work         ;
;          |FAdder_4bit:u0|             ; 1.0 (0.0)            ; 1.0 (0.0)                        ; 0.0 (0.0)                                         ; 0.0 (0.0)                        ; 0.0 (0.0)            ; 2 (0)               ; 0 (0)                     ; 0 (0)         ; 0                 ; 0     ; 0          ; 0    ; 0            ; |Calculator|binconv:b11|FAdder:u7|FAdder_4bit:u0                                                      ; FAdder_4bit  ; work         ;
;             |FAdder_1bit:u3|          ; 1.0 (1.0)            ; 1.0 (1.0)                        ; 0.0 (0.0)                                         ; 0.0 (0.0)                        ; 0.0 (0.0)            ; 2 (2)               ; 0 (0)                     ; 0 (0)         ; 0                 ; 0     ; 0          ; 0    ; 0            ; |Calculator|binconv:b11|FAdder:u7|FAdder_4bit:u0|FAdder_1bit:u3                                       ; FAdder_1bit  ; work         ;
;          |FAdder_4bit:u1|             ; 4.0 (0.0)            ; 4.0 (0.0)                        ; 0.0 (0.0)                                         ; 0.0 (0.0)                        ; 0.0 (0.0)            ; 6 (0)               ; 0 (0)                     ; 0 (0)         ; 0                 ; 0     ; 0          ; 0    ; 0            ; |Calculator|binconv:b11|FAdder:u7|FAdder_4bit:u1                                                      ; FAdder_4bit  ; work         ;
;             |FAdder_1bit:u0|          ; 1.0 (1.0)            ; 1.0 (1.0)                        ; 0.0 (0.0)                                         ; 0.0 (0.0)                        ; 0.0 (0.0)            ; 2 (2)               ; 0 (0)                     ; 0 (0)         ; 0                 ; 0     ; 0          ; 0    ; 0            ; |Calculator|binconv:b11|FAdder:u7|FAdder_4bit:u1|FAdder_1bit:u0                                       ; FAdder_1bit  ; work         ;
;             |FAdder_1bit:u1|          ; 1.0 (1.0)            ; 1.0 (1.0)                        ; 0.0 (0.0)                                         ; 0.0 (0.0)                        ; 0.0 (0.0)            ; 1 (1)               ; 0 (0)                     ; 0 (0)         ; 0                 ; 0     ; 0          ; 0    ; 0            ; |Calculator|binconv:b11|FAdder:u7|FAdder_4bit:u1|FAdder_1bit:u1                                       ; FAdder_1bit  ; work         ;
;             |FAdder_1bit:u2|          ; 1.0 (1.0)            ; 1.0 (1.0)                        ; 0.0 (0.0)                                         ; 0.0 (0.0)                        ; 0.0 (0.0)            ; 1 (1)               ; 0 (0)                     ; 0 (0)         ; 0                 ; 0     ; 0          ; 0    ; 0            ; |Calculator|binconv:b11|FAdder:u7|FAdder_4bit:u1|FAdder_1bit:u2                                       ; FAdder_1bit  ; work         ;
;             |FAdder_1bit:u3|          ; 1.0 (1.0)            ; 1.0 (1.0)                        ; 0.0 (0.0)                                         ; 0.0 (0.0)                        ; 0.0 (0.0)            ; 2 (2)               ; 0 (0)                     ; 0 (0)         ; 0                 ; 0     ; 0          ; 0    ; 0            ; |Calculator|binconv:b11|FAdder:u7|FAdder_4bit:u1|FAdder_1bit:u3                                       ; FAdder_1bit  ; work         ;
;          |FAdder_4bit:u2|             ; 4.5 (0.0)            ; 4.5 (0.0)                        ; 0.0 (0.0)                                         ; 0.0 (0.0)                        ; 0.0 (0.0)            ; 5 (0)               ; 0 (0)                     ; 0 (0)         ; 0                 ; 0     ; 0          ; 0    ; 0            ; |Calculator|binconv:b11|FAdder:u7|FAdder_4bit:u2                                                      ; FAdder_4bit  ; work         ;
;             |FAdder_1bit:u1|          ; 2.5 (2.5)            ; 2.5 (2.5)                        ; 0.0 (0.0)                                         ; 0.0 (0.0)                        ; 0.0 (0.0)            ; 3 (3)               ; 0 (0)                     ; 0 (0)         ; 0                 ; 0     ; 0          ; 0    ; 0            ; |Calculator|binconv:b11|FAdder:u7|FAdder_4bit:u2|FAdder_1bit:u1                                       ; FAdder_1bit  ; work         ;
;             |FAdder_1bit:u2|          ; 2.0 (2.0)            ; 2.0 (2.0)                        ; 0.0 (0.0)                                         ; 0.0 (0.0)                        ; 0.0 (0.0)            ; 2 (2)               ; 0 (0)                     ; 0 (0)         ; 0                 ; 0     ; 0          ; 0    ; 0            ; |Calculator|binconv:b11|FAdder:u7|FAdder_4bit:u2|FAdder_1bit:u2                                       ; FAdder_1bit  ; work         ;
;          |FAdder_4bit:u3|             ; 1.0 (0.0)            ; 1.0 (0.0)                        ; 0.0 (0.0)                                         ; 0.0 (0.0)                        ; 0.0 (0.0)            ; 2 (0)               ; 0 (0)                     ; 0 (0)         ; 0                 ; 0     ; 0          ; 0    ; 0            ; |Calculator|binconv:b11|FAdder:u7|FAdder_4bit:u3                                                      ; FAdder_4bit  ; work         ;
;             |FAdder_1bit:u0|          ; 1.0 (1.0)            ; 1.0 (1.0)                        ; 0.0 (0.0)                                         ; 0.0 (0.0)                        ; 0.0 (0.0)            ; 2 (2)               ; 0 (0)                     ; 0 (0)         ; 0                 ; 0     ; 0          ; 0    ; 0            ; |Calculator|binconv:b11|FAdder:u7|FAdder_4bit:u3|FAdder_1bit:u0                                       ; FAdder_1bit  ; work         ;
;       |FAdder:u9|                     ; 6.0 (0.0)            ; 6.0 (0.0)                        ; 0.0 (0.0)                                         ; 0.0 (0.0)                        ; 0.0 (0.0)            ; 8 (0)               ; 0 (0)                     ; 0 (0)         ; 0                 ; 0     ; 0          ; 0    ; 0            ; |Calculator|binconv:b11|FAdder:u9                                                                     ; FAdder       ; work         ;
;          |FAdder_4bit:u0|             ; 1.5 (0.0)            ; 1.5 (0.0)                        ; 0.0 (0.0)                                         ; 0.0 (0.0)                        ; 0.0 (0.0)            ; 2 (0)               ; 0 (0)                     ; 0 (0)         ; 0                 ; 0     ; 0          ; 0    ; 0            ; |Calculator|binconv:b11|FAdder:u9|FAdder_4bit:u0                                                      ; FAdder_4bit  ; work         ;
;             |FAdder_1bit:u1|          ; 0.5 (0.5)            ; 0.5 (0.5)                        ; 0.0 (0.0)                                         ; 0.0 (0.0)                        ; 0.0 (0.0)            ; 1 (1)               ; 0 (0)                     ; 0 (0)         ; 0                 ; 0     ; 0          ; 0    ; 0            ; |Calculator|binconv:b11|FAdder:u9|FAdder_4bit:u0|FAdder_1bit:u1                                       ; FAdder_1bit  ; work         ;
;             |FAdder_1bit:u2|          ; 1.0 (1.0)            ; 1.0 (1.0)                        ; 0.0 (0.0)                                         ; 0.0 (0.0)                        ; 0.0 (0.0)            ; 1 (1)               ; 0 (0)                     ; 0 (0)         ; 0                 ; 0     ; 0          ; 0    ; 0            ; |Calculator|binconv:b11|FAdder:u9|FAdder_4bit:u0|FAdder_1bit:u2                                       ; FAdder_1bit  ; work         ;
;          |FAdder_4bit:u1|             ; 1.0 (0.0)            ; 1.0 (0.0)                        ; 0.0 (0.0)                                         ; 0.0 (0.0)                        ; 0.0 (0.0)            ; 2 (0)               ; 0 (0)                     ; 0 (0)         ; 0                 ; 0     ; 0          ; 0    ; 0            ; |Calculator|binconv:b11|FAdder:u9|FAdder_4bit:u1                                                      ; FAdder_4bit  ; work         ;
;             |FAdder_1bit:u0|          ; 0.5 (0.5)            ; 0.5 (0.5)                        ; 0.0 (0.0)                                         ; 0.0 (0.0)                        ; 0.0 (0.0)            ; 1 (1)               ; 0 (0)                     ; 0 (0)         ; 0                 ; 0     ; 0          ; 0    ; 0            ; |Calculator|binconv:b11|FAdder:u9|FAdder_4bit:u1|FAdder_1bit:u0                                       ; FAdder_1bit  ; work         ;
;             |FAdder_1bit:u2|          ; 0.5 (0.5)            ; 0.5 (0.5)                        ; 0.0 (0.0)                                         ; 0.0 (0.0)                        ; 0.0 (0.0)            ; 1 (1)               ; 0 (0)                     ; 0 (0)         ; 0                 ; 0     ; 0          ; 0    ; 0            ; |Calculator|binconv:b11|FAdder:u9|FAdder_4bit:u1|FAdder_1bit:u2                                       ; FAdder_1bit  ; work         ;
;          |FAdder_4bit:u2|             ; 2.5 (0.0)            ; 2.5 (0.0)                        ; 0.0 (0.0)                                         ; 0.0 (0.0)                        ; 0.0 (0.0)            ; 3 (0)               ; 0 (0)                     ; 0 (0)         ; 0                 ; 0     ; 0          ; 0    ; 0            ; |Calculator|binconv:b11|FAdder:u9|FAdder_4bit:u2                                                      ; FAdder_4bit  ; work         ;
;             |FAdder_1bit:u0|          ; 0.5 (0.5)            ; 0.5 (0.5)                        ; 0.0 (0.0)                                         ; 0.0 (0.0)                        ; 0.0 (0.0)            ; 1 (1)               ; 0 (0)                     ; 0 (0)         ; 0                 ; 0     ; 0          ; 0    ; 0            ; |Calculator|binconv:b11|FAdder:u9|FAdder_4bit:u2|FAdder_1bit:u0                                       ; FAdder_1bit  ; work         ;
;             |FAdder_1bit:u1|          ; 1.0 (1.0)            ; 1.0 (1.0)                        ; 0.0 (0.0)                                         ; 0.0 (0.0)                        ; 0.0 (0.0)            ; 1 (1)               ; 0 (0)                     ; 0 (0)         ; 0                 ; 0     ; 0          ; 0    ; 0            ; |Calculator|binconv:b11|FAdder:u9|FAdder_4bit:u2|FAdder_1bit:u1                                       ; FAdder_1bit  ; work         ;
;             |FAdder_1bit:u3|          ; 1.0 (1.0)            ; 1.0 (1.0)                        ; 0.0 (0.0)                                         ; 0.0 (0.0)                        ; 0.0 (0.0)            ; 1 (1)               ; 0 (0)                     ; 0 (0)         ; 0                 ; 0     ; 0          ; 0    ; 0            ; |Calculator|binconv:b11|FAdder:u9|FAdder_4bit:u2|FAdder_1bit:u3                                       ; FAdder_1bit  ; work         ;
;          |FAdder_4bit:u3|             ; 1.0 (0.0)            ; 1.0 (0.0)                        ; 0.0 (0.0)                                         ; 0.0 (0.0)                        ; 0.0 (0.0)            ; 1 (0)               ; 0 (0)                     ; 0 (0)         ; 0                 ; 0     ; 0          ; 0    ; 0            ; |Calculator|binconv:b11|FAdder:u9|FAdder_4bit:u3                                                      ; FAdder_4bit  ; work         ;
;             |FAdder_1bit:u0|          ; 1.0 (1.0)            ; 1.0 (1.0)                        ; 0.0 (0.0)                                         ; 0.0 (0.0)                        ; 0.0 (0.0)            ; 1 (1)               ; 0 (0)                     ; 0 (0)         ; 0                 ; 0     ; 0          ; 0    ; 0            ; |Calculator|binconv:b11|FAdder:u9|FAdder_4bit:u3|FAdder_1bit:u0                                       ; FAdder_1bit  ; work         ;
;       |Multiplier:u1|                 ; 0.5 (0.0)            ; 0.5 (0.0)                        ; 0.0 (0.0)                                         ; 0.0 (0.0)                        ; 0.0 (0.0)            ; 1 (0)               ; 0 (0)                     ; 0 (0)         ; 0                 ; 0     ; 0          ; 0    ; 0            ; |Calculator|binconv:b11|Multiplier:u1                                                                 ; Multiplier   ; work         ;
;          |Mul_4bit:u1|                ; 0.5 (0.0)            ; 0.5 (0.0)                        ; 0.0 (0.0)                                         ; 0.0 (0.0)                        ; 0.0 (0.0)            ; 1 (0)               ; 0 (0)                     ; 0 (0)         ; 0                 ; 0     ; 0          ; 0    ; 0            ; |Calculator|binconv:b11|Multiplier:u1|Mul_4bit:u1                                                     ; Mul_4bit     ; work         ;
;             |altAdder:u7|             ; 0.5 (0.0)            ; 0.5 (0.0)                        ; 0.0 (0.0)                                         ; 0.0 (0.0)                        ; 0.0 (0.0)            ; 1 (0)               ; 0 (0)                     ; 0 (0)         ; 0                 ; 0     ; 0          ; 0    ; 0            ; |Calculator|binconv:b11|Multiplier:u1|Mul_4bit:u1|altAdder:u7                                         ; altAdder     ; work         ;
;                |FAdder:u1|            ; 0.5 (0.0)            ; 0.5 (0.0)                        ; 0.0 (0.0)                                         ; 0.0 (0.0)                        ; 0.0 (0.0)            ; 1 (0)               ; 0 (0)                     ; 0 (0)         ; 0                 ; 0     ; 0          ; 0    ; 0            ; |Calculator|binconv:b11|Multiplier:u1|Mul_4bit:u1|altAdder:u7|FAdder:u1                               ; FAdder       ; work         ;
;                   |FAdder_4bit:u0|    ; 0.5 (0.0)            ; 0.5 (0.0)                        ; 0.0 (0.0)                                         ; 0.0 (0.0)                        ; 0.0 (0.0)            ; 1 (0)               ; 0 (0)                     ; 0 (0)         ; 0                 ; 0     ; 0          ; 0    ; 0            ; |Calculator|binconv:b11|Multiplier:u1|Mul_4bit:u1|altAdder:u7|FAdder:u1|FAdder_4bit:u0                ; FAdder_4bit  ; work         ;
;                      |FAdder_1bit:u1| ; 0.5 (0.5)            ; 0.5 (0.5)                        ; 0.0 (0.0)                                         ; 0.0 (0.0)                        ; 0.0 (0.0)            ; 1 (1)               ; 0 (0)                     ; 0 (0)         ; 0                 ; 0     ; 0          ; 0    ; 0            ; |Calculator|binconv:b11|Multiplier:u1|Mul_4bit:u1|altAdder:u7|FAdder:u1|FAdder_4bit:u0|FAdder_1bit:u1 ; FAdder_1bit  ; work         ;
;       |Multiplier:u2|                 ; 3.0 (0.0)            ; 3.0 (0.0)                        ; 0.0 (0.0)                                         ; 0.0 (0.0)                        ; 0.0 (0.0)            ; 6 (0)               ; 0 (0)                     ; 0 (0)         ; 0                 ; 0     ; 0          ; 0    ; 0            ; |Calculator|binconv:b11|Multiplier:u2                                                                 ; Multiplier   ; work         ;
;          |FAdder_32bit:u5|            ; 2.5 (0.0)            ; 2.5 (0.0)                        ; 0.0 (0.0)                                         ; 0.0 (0.0)                        ; 0.0 (0.0)            ; 5 (0)               ; 0 (0)                     ; 0 (0)         ; 0                 ; 0     ; 0          ; 0    ; 0            ; |Calculator|binconv:b11|Multiplier:u2|FAdder_32bit:u5                                                 ; FAdder_32bit ; work         ;
;             |FAdder:u0|               ; 2.5 (0.0)            ; 2.5 (0.0)                        ; 0.0 (0.0)                                         ; 0.0 (0.0)                        ; 0.0 (0.0)            ; 5 (0)               ; 0 (0)                     ; 0 (0)         ; 0                 ; 0     ; 0          ; 0    ; 0            ; |Calculator|binconv:b11|Multiplier:u2|FAdder_32bit:u5|FAdder:u0                                       ; FAdder       ; work         ;
;                |FAdder_4bit:u1|       ; 1.5 (0.0)            ; 1.5 (0.0)                        ; 0.0 (0.0)                                         ; 0.0 (0.0)                        ; 0.0 (0.0)            ; 3 (0)               ; 0 (0)                     ; 0 (0)         ; 0                 ; 0     ; 0          ; 0    ; 0            ; |Calculator|binconv:b11|Multiplier:u2|FAdder_32bit:u5|FAdder:u0|FAdder_4bit:u1                        ; FAdder_4bit  ; work         ;
;                   |FAdder_1bit:u1|    ; 0.5 (0.5)            ; 0.5 (0.5)                        ; 0.0 (0.0)                                         ; 0.0 (0.0)                        ; 0.0 (0.0)            ; 1 (1)               ; 0 (0)                     ; 0 (0)         ; 0                 ; 0     ; 0          ; 0    ; 0            ; |Calculator|binconv:b11|Multiplier:u2|FAdder_32bit:u5|FAdder:u0|FAdder_4bit:u1|FAdder_1bit:u1         ; FAdder_1bit  ; work         ;
;                   |FAdder_1bit:u2|    ; 0.5 (0.5)            ; 0.5 (0.5)                        ; 0.0 (0.0)                                         ; 0.0 (0.0)                        ; 0.0 (0.0)            ; 1 (1)               ; 0 (0)                     ; 0 (0)         ; 0                 ; 0     ; 0          ; 0    ; 0            ; |Calculator|binconv:b11|Multiplier:u2|FAdder_32bit:u5|FAdder:u0|FAdder_4bit:u1|FAdder_1bit:u2         ; FAdder_1bit  ; work         ;
;                   |FAdder_1bit:u3|    ; 0.5 (0.5)            ; 0.5 (0.5)                        ; 0.0 (0.0)                                         ; 0.0 (0.0)                        ; 0.0 (0.0)            ; 1 (1)               ; 0 (0)                     ; 0 (0)         ; 0                 ; 0     ; 0          ; 0    ; 0            ; |Calculator|binconv:b11|Multiplier:u2|FAdder_32bit:u5|FAdder:u0|FAdder_4bit:u1|FAdder_1bit:u3         ; FAdder_1bit  ; work         ;
;                |FAdder_4bit:u2|       ; 1.0 (0.0)            ; 1.0 (0.0)                        ; 0.0 (0.0)                                         ; 0.0 (0.0)                        ; 0.0 (0.0)            ; 2 (0)               ; 0 (0)                     ; 0 (0)         ; 0                 ; 0     ; 0          ; 0    ; 0            ; |Calculator|binconv:b11|Multiplier:u2|FAdder_32bit:u5|FAdder:u0|FAdder_4bit:u2                        ; FAdder_4bit  ; work         ;
;                   |FAdder_1bit:u0|    ; 0.5 (0.5)            ; 0.5 (0.5)                        ; 0.0 (0.0)                                         ; 0.0 (0.0)                        ; 0.0 (0.0)            ; 1 (1)               ; 0 (0)                     ; 0 (0)         ; 0                 ; 0     ; 0          ; 0    ; 0            ; |Calculator|binconv:b11|Multiplier:u2|FAdder_32bit:u5|FAdder:u0|FAdder_4bit:u2|FAdder_1bit:u0         ; FAdder_1bit  ; work         ;
;                   |FAdder_1bit:u2|    ; 0.5 (0.5)            ; 0.5 (0.5)                        ; 0.0 (0.0)                                         ; 0.0 (0.0)                        ; 0.0 (0.0)            ; 1 (1)               ; 0 (0)                     ; 0 (0)         ; 0                 ; 0     ; 0          ; 0    ; 0            ; |Calculator|binconv:b11|Multiplier:u2|FAdder_32bit:u5|FAdder:u0|FAdder_4bit:u2|FAdder_1bit:u2         ; FAdder_1bit  ; work         ;
;          |Mul_4bit:u2|                ; 0.5 (0.0)            ; 0.5 (0.0)                        ; 0.0 (0.0)                                         ; 0.0 (0.0)                        ; 0.0 (0.0)            ; 1 (0)               ; 0 (0)                     ; 0 (0)         ; 0                 ; 0     ; 0          ; 0    ; 0            ; |Calculator|binconv:b11|Multiplier:u2|Mul_4bit:u2                                                     ; Mul_4bit     ; work         ;
;             |altAdder:u5|             ; 0.5 (0.0)            ; 0.5 (0.0)                        ; 0.0 (0.0)                                         ; 0.0 (0.0)                        ; 0.0 (0.0)            ; 1 (0)               ; 0 (0)                     ; 0 (0)         ; 0                 ; 0     ; 0          ; 0    ; 0            ; |Calculator|binconv:b11|Multiplier:u2|Mul_4bit:u2|altAdder:u5                                         ; altAdder     ; work         ;
;                |FAdder:u1|            ; 0.5 (0.0)            ; 0.5 (0.0)                        ; 0.0 (0.0)                                         ; 0.0 (0.0)                        ; 0.0 (0.0)            ; 1 (0)               ; 0 (0)                     ; 0 (0)         ; 0                 ; 0     ; 0          ; 0    ; 0            ; |Calculator|binconv:b11|Multiplier:u2|Mul_4bit:u2|altAdder:u5|FAdder:u1                               ; FAdder       ; work         ;
;                   |FAdder_4bit:u0|    ; 0.5 (0.0)            ; 0.5 (0.0)                        ; 0.0 (0.0)                                         ; 0.0 (0.0)                        ; 0.0 (0.0)            ; 1 (0)               ; 0 (0)                     ; 0 (0)         ; 0                 ; 0     ; 0          ; 0    ; 0            ; |Calculator|binconv:b11|Multiplier:u2|Mul_4bit:u2|altAdder:u5|FAdder:u1|FAdder_4bit:u0                ; FAdder_4bit  ; work         ;
;                      |FAdder_1bit:u3| ; 0.5 (0.5)            ; 0.5 (0.5)                        ; 0.0 (0.0)                                         ; 0.0 (0.0)                        ; 0.0 (0.0)            ; 1 (1)               ; 0 (0)                     ; 0 (0)         ; 0                 ; 0     ; 0          ; 0    ; 0            ; |Calculator|binconv:b11|Multiplier:u2|Mul_4bit:u2|altAdder:u5|FAdder:u1|FAdder_4bit:u0|FAdder_1bit:u3 ; FAdder_1bit  ; work         ;
;       |Multiplier:u3|                 ; 4.5 (0.0)            ; 4.5 (0.0)                        ; 0.0 (0.0)                                         ; 0.0 (0.0)                        ; 0.0 (0.0)            ; 9 (0)               ; 0 (0)                     ; 0 (0)         ; 0                 ; 0     ; 0          ; 0    ; 0            ; |Calculator|binconv:b11|Multiplier:u3                                                                 ; Multiplier   ; work         ;
;          |FAdder_32bit:u5|            ; 1.5 (0.0)            ; 1.5 (0.0)                        ; 0.0 (0.0)                                         ; 0.0 (0.0)                        ; 0.0 (0.0)            ; 3 (0)               ; 0 (0)                     ; 0 (0)         ; 0                 ; 0     ; 0          ; 0    ; 0            ; |Calculator|binconv:b11|Multiplier:u3|FAdder_32bit:u5                                                 ; FAdder_32bit ; work         ;
;             |FAdder:u0|               ; 1.5 (0.0)            ; 1.5 (0.0)                        ; 0.0 (0.0)                                         ; 0.0 (0.0)                        ; 0.0 (0.0)            ; 3 (0)               ; 0 (0)                     ; 0 (0)         ; 0                 ; 0     ; 0          ; 0    ; 0            ; |Calculator|binconv:b11|Multiplier:u3|FAdder_32bit:u5|FAdder:u0                                       ; FAdder       ; work         ;
;                |FAdder_4bit:u1|       ; 1.5 (0.0)            ; 1.5 (0.0)                        ; 0.0 (0.0)                                         ; 0.0 (0.0)                        ; 0.0 (0.0)            ; 3 (0)               ; 0 (0)                     ; 0 (0)         ; 0                 ; 0     ; 0          ; 0    ; 0            ; |Calculator|binconv:b11|Multiplier:u3|FAdder_32bit:u5|FAdder:u0|FAdder_4bit:u1                        ; FAdder_4bit  ; work         ;
;                   |FAdder_1bit:u1|    ; 0.5 (0.5)            ; 0.5 (0.5)                        ; 0.0 (0.0)                                         ; 0.0 (0.0)                        ; 0.0 (0.0)            ; 1 (1)               ; 0 (0)                     ; 0 (0)         ; 0                 ; 0     ; 0          ; 0    ; 0            ; |Calculator|binconv:b11|Multiplier:u3|FAdder_32bit:u5|FAdder:u0|FAdder_4bit:u1|FAdder_1bit:u1         ; FAdder_1bit  ; work         ;
;                   |FAdder_1bit:u2|    ; 0.5 (0.5)            ; 0.5 (0.5)                        ; 0.0 (0.0)                                         ; 0.0 (0.0)                        ; 0.0 (0.0)            ; 1 (1)               ; 0 (0)                     ; 0 (0)         ; 0                 ; 0     ; 0          ; 0    ; 0            ; |Calculator|binconv:b11|Multiplier:u3|FAdder_32bit:u5|FAdder:u0|FAdder_4bit:u1|FAdder_1bit:u2         ; FAdder_1bit  ; work         ;
;                   |FAdder_1bit:u3|    ; 0.5 (0.5)            ; 0.5 (0.5)                        ; 0.0 (0.0)                                         ; 0.0 (0.0)                        ; 0.0 (0.0)            ; 1 (1)               ; 0 (0)                     ; 0 (0)         ; 0                 ; 0     ; 0          ; 0    ; 0            ; |Calculator|binconv:b11|Multiplier:u3|FAdder_32bit:u5|FAdder:u0|FAdder_4bit:u1|FAdder_1bit:u3         ; FAdder_1bit  ; work         ;
;          |FAdder_32bit:u7|            ; 3.0 (0.0)            ; 3.0 (0.0)                        ; 0.0 (0.0)                                         ; 0.0 (0.0)                        ; 0.0 (0.0)            ; 6 (0)               ; 0 (0)                     ; 0 (0)         ; 0                 ; 0     ; 0          ; 0    ; 0            ; |Calculator|binconv:b11|Multiplier:u3|FAdder_32bit:u7                                                 ; FAdder_32bit ; work         ;
;             |FAdder:u0|               ; 3.0 (0.0)            ; 3.0 (0.0)                        ; 0.0 (0.0)                                         ; 0.0 (0.0)                        ; 0.0 (0.0)            ; 6 (0)               ; 0 (0)                     ; 0 (0)         ; 0                 ; 0     ; 0          ; 0    ; 0            ; |Calculator|binconv:b11|Multiplier:u3|FAdder_32bit:u7|FAdder:u0                                       ; FAdder       ; work         ;
;                |FAdder_4bit:u2|       ; 2.0 (0.0)            ; 2.0 (0.0)                        ; 0.0 (0.0)                                         ; 0.0 (0.0)                        ; 0.0 (0.0)            ; 4 (0)               ; 0 (0)                     ; 0 (0)         ; 0                 ; 0     ; 0          ; 0    ; 0            ; |Calculator|binconv:b11|Multiplier:u3|FAdder_32bit:u7|FAdder:u0|FAdder_4bit:u2                        ; FAdder_4bit  ; work         ;
;                   |FAdder_1bit:u0|    ; 0.5 (0.5)            ; 0.5 (0.5)                        ; 0.0 (0.0)                                         ; 0.0 (0.0)                        ; 0.0 (0.0)            ; 1 (1)               ; 0 (0)                     ; 0 (0)         ; 0                 ; 0     ; 0          ; 0    ; 0            ; |Calculator|binconv:b11|Multiplier:u3|FAdder_32bit:u7|FAdder:u0|FAdder_4bit:u2|FAdder_1bit:u0         ; FAdder_1bit  ; work         ;
;                   |FAdder_1bit:u1|    ; 0.5 (0.5)            ; 0.5 (0.5)                        ; 0.0 (0.0)                                         ; 0.0 (0.0)                        ; 0.0 (0.0)            ; 1 (1)               ; 0 (0)                     ; 0 (0)         ; 0                 ; 0     ; 0          ; 0    ; 0            ; |Calculator|binconv:b11|Multiplier:u3|FAdder_32bit:u7|FAdder:u0|FAdder_4bit:u2|FAdder_1bit:u1         ; FAdder_1bit  ; work         ;
;                   |FAdder_1bit:u2|    ; 0.5 (0.5)            ; 0.5 (0.5)                        ; 0.0 (0.0)                                         ; 0.0 (0.0)                        ; 0.0 (0.0)            ; 1 (1)               ; 0 (0)                     ; 0 (0)         ; 0                 ; 0     ; 0          ; 0    ; 0            ; |Calculator|binconv:b11|Multiplier:u3|FAdder_32bit:u7|FAdder:u0|FAdder_4bit:u2|FAdder_1bit:u2         ; FAdder_1bit  ; work         ;
;                   |FAdder_1bit:u3|    ; 0.5 (0.5)            ; 0.5 (0.5)                        ; 0.0 (0.0)                                         ; 0.0 (0.0)                        ; 0.0 (0.0)            ; 1 (1)               ; 0 (0)                     ; 0 (0)         ; 0                 ; 0     ; 0          ; 0    ; 0            ; |Calculator|binconv:b11|Multiplier:u3|FAdder_32bit:u7|FAdder:u0|FAdder_4bit:u2|FAdder_1bit:u3         ; FAdder_1bit  ; work         ;
;                |FAdder_4bit:u3|       ; 1.0 (0.0)            ; 1.0 (0.0)                        ; 0.0 (0.0)                                         ; 0.0 (0.0)                        ; 0.0 (0.0)            ; 2 (0)               ; 0 (0)                     ; 0 (0)         ; 0                 ; 0     ; 0          ; 0    ; 0            ; |Calculator|binconv:b11|Multiplier:u3|FAdder_32bit:u7|FAdder:u0|FAdder_4bit:u3                        ; FAdder_4bit  ; work         ;
;                   |FAdder_1bit:u0|    ; 0.5 (0.5)            ; 0.5 (0.5)                        ; 0.0 (0.0)                                         ; 0.0 (0.0)                        ; 0.0 (0.0)            ; 1 (1)               ; 0 (0)                     ; 0 (0)         ; 0                 ; 0     ; 0          ; 0    ; 0            ; |Calculator|binconv:b11|Multiplier:u3|FAdder_32bit:u7|FAdder:u0|FAdder_4bit:u3|FAdder_1bit:u0         ; FAdder_1bit  ; work         ;
;                   |FAdder_1bit:u1|    ; 0.5 (0.5)            ; 0.5 (0.5)                        ; 0.0 (0.0)                                         ; 0.0 (0.0)                        ; 0.0 (0.0)            ; 1 (1)               ; 0 (0)                     ; 0 (0)         ; 0                 ; 0     ; 0          ; 0    ; 0            ; |Calculator|binconv:b11|Multiplier:u3|FAdder_32bit:u7|FAdder:u0|FAdder_4bit:u3|FAdder_1bit:u1         ; FAdder_1bit  ; work         ;
+---------------------------------------+----------------------+----------------------------------+---------------------------------------------------+----------------------------------+----------------------+---------------------+---------------------------+---------------+-------------------+-------+------------+------+--------------+-------------------------------------------------------------------------------------------------------+--------------+--------------+
Note: For table entries with two numbers listed, the numbers in parentheses indicate the number of resources of the given type used by the specific entity alone. The numbers listed outside of parentheses indicate the total resources of the given type used by the specific entity and all of its sub-entities in the hierarchy.


+-------------------------------------------------------------------------------------------------------------------------+
; Delay Chain Summary                                                                                                     ;
+----------+----------+----+------+------+----+------+-------+--------+------------------------+--------------------------+
; Name     ; Pin Type ; D1 ; D3_0 ; D3_1 ; D4 ; D5   ; D5 OE ; D5 OCT ; T11 (Postamble Gating) ; T11 (Postamble Ungating) ;
+----------+----------+----+------+------+----+------+-------+--------+------------------------+--------------------------+
; d0[0]    ; Output   ; -- ; --   ; --   ; -- ; (0)  ; (31)  ; --     ; --                     ; --                       ;
; d0[1]    ; Output   ; -- ; --   ; --   ; -- ; (0)  ; (31)  ; --     ; --                     ; --                       ;
; d0[2]    ; Output   ; -- ; --   ; --   ; -- ; (0)  ; (31)  ; --     ; --                     ; --                       ;
; d0[3]    ; Output   ; -- ; --   ; --   ; -- ; (0)  ; (31)  ; --     ; --                     ; --                       ;
; d1[0]    ; Output   ; -- ; --   ; --   ; -- ; (0)  ; (31)  ; --     ; --                     ; --                       ;
; d1[1]    ; Output   ; -- ; --   ; --   ; -- ; (0)  ; (31)  ; --     ; --                     ; --                       ;
; d1[2]    ; Output   ; -- ; --   ; --   ; -- ; (0)  ; (31)  ; --     ; --                     ; --                       ;
; d1[3]    ; Output   ; -- ; --   ; --   ; -- ; (0)  ; (31)  ; --     ; --                     ; --                       ;
; d2[0]    ; Output   ; -- ; --   ; --   ; -- ; (0)  ; (31)  ; --     ; --                     ; --                       ;
; d2[1]    ; Output   ; -- ; --   ; --   ; -- ; (0)  ; (31)  ; --     ; --                     ; --                       ;
; d2[2]    ; Output   ; -- ; --   ; --   ; -- ; (0)  ; (31)  ; --     ; --                     ; --                       ;
; d2[3]    ; Output   ; -- ; --   ; --   ; -- ; (0)  ; (31)  ; --     ; --                     ; --                       ;
; d3[0]    ; Output   ; -- ; --   ; --   ; -- ; (0)  ; (31)  ; --     ; --                     ; --                       ;
; d3[1]    ; Output   ; -- ; --   ; --   ; -- ; (0)  ; (31)  ; --     ; --                     ; --                       ;
; d3[2]    ; Output   ; -- ; --   ; --   ; -- ; (0)  ; (31)  ; --     ; --                     ; --                       ;
; d3[3]    ; Output   ; -- ; --   ; --   ; -- ; (0)  ; (31)  ; --     ; --                     ; --                       ;
; d4[0]    ; Output   ; -- ; --   ; --   ; -- ; (0)  ; (31)  ; --     ; --                     ; --                       ;
; d4[1]    ; Output   ; -- ; --   ; --   ; -- ; (0)  ; (31)  ; --     ; --                     ; --                       ;
; d4[2]    ; Output   ; -- ; --   ; --   ; -- ; (0)  ; (31)  ; --     ; --                     ; --                       ;
; d4[3]    ; Output   ; -- ; --   ; --   ; -- ; (0)  ; (31)  ; --     ; --                     ; --                       ;
; flags[0] ; Output   ; -- ; --   ; --   ; -- ; (0)  ; (31)  ; --     ; --                     ; --                       ;
; flags[1] ; Output   ; -- ; --   ; --   ; -- ; (0)  ; (31)  ; --     ; --                     ; --                       ;
; flags[2] ; Output   ; -- ; --   ; --   ; -- ; (0)  ; (31)  ; --     ; --                     ; --                       ;
; flags[3] ; Output   ; -- ; --   ; --   ; -- ; (0)  ; (31)  ; --     ; --                     ; --                       ;
; aaa[0]   ; Output   ; -- ; --   ; --   ; -- ; (0)  ; (31)  ; --     ; --                     ; --                       ;
; aaa[1]   ; Output   ; -- ; --   ; --   ; -- ; (0)  ; (31)  ; --     ; --                     ; --                       ;
; aaa[2]   ; Output   ; -- ; --   ; --   ; -- ; (0)  ; (31)  ; --     ; --                     ; --                       ;
; aaa[3]   ; Output   ; -- ; --   ; --   ; -- ; (0)  ; (31)  ; --     ; --                     ; --                       ;
; aaa[4]   ; Output   ; -- ; --   ; --   ; -- ; (0)  ; (31)  ; --     ; --                     ; --                       ;
; aaa[5]   ; Output   ; -- ; --   ; --   ; -- ; (0)  ; (31)  ; --     ; --                     ; --                       ;
; aaa[6]   ; Output   ; -- ; --   ; --   ; -- ; (0)  ; (31)  ; --     ; --                     ; --                       ;
; aaa[7]   ; Output   ; -- ; --   ; --   ; -- ; (0)  ; (31)  ; --     ; --                     ; --                       ;
; aaa[8]   ; Output   ; -- ; --   ; --   ; -- ; (0)  ; (31)  ; --     ; --                     ; --                       ;
; aaa[9]   ; Output   ; -- ; --   ; --   ; -- ; (0)  ; (31)  ; --     ; --                     ; --                       ;
; aaa[10]  ; Output   ; -- ; --   ; --   ; -- ; (0)  ; (31)  ; --     ; --                     ; --                       ;
; aaa[11]  ; Output   ; -- ; --   ; --   ; -- ; (0)  ; (31)  ; --     ; --                     ; --                       ;
; aaa[12]  ; Output   ; -- ; --   ; --   ; -- ; (0)  ; (31)  ; --     ; --                     ; --                       ;
; aaa[13]  ; Output   ; -- ; --   ; --   ; -- ; (0)  ; (31)  ; --     ; --                     ; --                       ;
; aaa[14]  ; Output   ; -- ; --   ; --   ; -- ; (0)  ; (31)  ; --     ; --                     ; --                       ;
; aaa[15]  ; Output   ; -- ; --   ; --   ; -- ; (0)  ; (31)  ; --     ; --                     ; --                       ;
; bbb[0]   ; Output   ; -- ; --   ; --   ; -- ; (0)  ; (31)  ; --     ; --                     ; --                       ;
; bbb[1]   ; Output   ; -- ; --   ; --   ; -- ; (0)  ; (31)  ; --     ; --                     ; --                       ;
; bbb[2]   ; Output   ; -- ; --   ; --   ; -- ; (0)  ; (31)  ; --     ; --                     ; --                       ;
; bbb[3]   ; Output   ; -- ; --   ; --   ; -- ; (0)  ; (31)  ; --     ; --                     ; --                       ;
; bbb[4]   ; Output   ; -- ; --   ; --   ; -- ; (0)  ; (31)  ; --     ; --                     ; --                       ;
; bbb[5]   ; Output   ; -- ; --   ; --   ; -- ; (0)  ; (31)  ; --     ; --                     ; --                       ;
; bbb[6]   ; Output   ; -- ; --   ; --   ; -- ; (0)  ; (31)  ; --     ; --                     ; --                       ;
; bbb[7]   ; Output   ; -- ; --   ; --   ; -- ; (0)  ; (31)  ; --     ; --                     ; --                       ;
; bbb[8]   ; Output   ; -- ; --   ; --   ; -- ; (0)  ; (31)  ; --     ; --                     ; --                       ;
; bbb[9]   ; Output   ; -- ; --   ; --   ; -- ; (0)  ; (31)  ; --     ; --                     ; --                       ;
; bbb[10]  ; Output   ; -- ; --   ; --   ; -- ; (0)  ; (31)  ; --     ; --                     ; --                       ;
; bbb[11]  ; Output   ; -- ; --   ; --   ; -- ; (0)  ; (31)  ; --     ; --                     ; --                       ;
; bbb[12]  ; Output   ; -- ; --   ; --   ; -- ; (0)  ; (31)  ; --     ; --                     ; --                       ;
; bbb[13]  ; Output   ; -- ; --   ; --   ; -- ; (0)  ; (31)  ; --     ; --                     ; --                       ;
; bbb[14]  ; Output   ; -- ; --   ; --   ; -- ; (0)  ; (31)  ; --     ; --                     ; --                       ;
; bbb[15]  ; Output   ; -- ; --   ; --   ; -- ; (0)  ; (31)  ; --     ; --                     ; --                       ;
; rrr[0]   ; Output   ; -- ; --   ; --   ; -- ; (0)  ; (31)  ; --     ; --                     ; --                       ;
; rrr[1]   ; Output   ; -- ; --   ; --   ; -- ; (0)  ; (31)  ; --     ; --                     ; --                       ;
; rrr[2]   ; Output   ; -- ; --   ; --   ; -- ; (0)  ; (31)  ; --     ; --                     ; --                       ;
; rrr[3]   ; Output   ; -- ; --   ; --   ; -- ; (0)  ; (31)  ; --     ; --                     ; --                       ;
; rrr[4]   ; Output   ; -- ; --   ; --   ; -- ; (0)  ; (31)  ; --     ; --                     ; --                       ;
; rrr[5]   ; Output   ; -- ; --   ; --   ; -- ; (0)  ; (31)  ; --     ; --                     ; --                       ;
; rrr[6]   ; Output   ; -- ; --   ; --   ; -- ; (0)  ; (31)  ; --     ; --                     ; --                       ;
; rrr[7]   ; Output   ; -- ; --   ; --   ; -- ; (0)  ; (31)  ; --     ; --                     ; --                       ;
; rrr[8]   ; Output   ; -- ; --   ; --   ; -- ; (0)  ; (31)  ; --     ; --                     ; --                       ;
; rrr[9]   ; Output   ; -- ; --   ; --   ; -- ; (0)  ; (31)  ; --     ; --                     ; --                       ;
; rrr[10]  ; Output   ; -- ; --   ; --   ; -- ; (0)  ; (31)  ; --     ; --                     ; --                       ;
; rrr[11]  ; Output   ; -- ; --   ; --   ; -- ; (0)  ; (31)  ; --     ; --                     ; --                       ;
; rrr[12]  ; Output   ; -- ; --   ; --   ; -- ; (0)  ; (31)  ; --     ; --                     ; --                       ;
; rrr[13]  ; Output   ; -- ; --   ; --   ; -- ; (0)  ; (31)  ; --     ; --                     ; --                       ;
; rrr[14]  ; Output   ; -- ; --   ; --   ; -- ; (0)  ; (31)  ; --     ; --                     ; --                       ;
; rrr[15]  ; Output   ; -- ; --   ; --   ; -- ; (0)  ; (31)  ; --     ; --                     ; --                       ;
; sign     ; Output   ; -- ; --   ; --   ; -- ; (0)  ; (31)  ; --     ; --                     ; --                       ;
; a[0]     ; Input    ; -- ; --   ; (0)  ; -- ; --   ; --    ; --     ; --                     ; --                       ;
; sel[0]   ; Input    ; -- ; --   ; (0)  ; -- ; --   ; --    ; --     ; --                     ; --                       ;
; sel[2]   ; Input    ; -- ; (0)  ; --   ; -- ; --   ; --    ; --     ; --                     ; --                       ;
; sel[1]   ; Input    ; -- ; (0)  ; --   ; -- ; --   ; --    ; --     ; --                     ; --                       ;
; b[0]     ; Input    ; -- ; (0)  ; --   ; -- ; --   ; --    ; --     ; --                     ; --                       ;
; b[16]    ; Input    ; -- ; (0)  ; --   ; -- ; --   ; --    ; --     ; --                     ; --                       ;
; b[1]     ; Input    ; -- ; --   ; (0)  ; -- ; --   ; --    ; --     ; --                     ; --                       ;
; b[4]     ; Input    ; -- ; (0)  ; --   ; -- ; --   ; --    ; --     ; --                     ; --                       ;
; b[8]     ; Input    ; -- ; (0)  ; --   ; -- ; --   ; --    ; --     ; --                     ; --                       ;
; b[2]     ; Input    ; -- ; (0)  ; --   ; -- ; --   ; --    ; --     ; --                     ; --                       ;
; b[5]     ; Input    ; -- ; (0)  ; --   ; -- ; --   ; --    ; --     ; --                     ; --                       ;
; b[12]    ; Input    ; -- ; --   ; (0)  ; -- ; --   ; --    ; --     ; --                     ; --                       ;
; b[9]     ; Input    ; -- ; (0)  ; --   ; -- ; --   ; --    ; --     ; --                     ; --                       ;
; b[3]     ; Input    ; -- ; (0)  ; --   ; -- ; --   ; --    ; --     ; --                     ; --                       ;
; b[6]     ; Input    ; -- ; (0)  ; --   ; -- ; --   ; --    ; --     ; --                     ; --                       ;
; b[10]    ; Input    ; -- ; (0)  ; --   ; -- ; --   ; --    ; --     ; --                     ; --                       ;
; b[7]     ; Input    ; -- ; --   ; (0)  ; -- ; --   ; --    ; --     ; --                     ; --                       ;
; b[13]    ; Input    ; -- ; --   ; (0)  ; -- ; --   ; --    ; --     ; --                     ; --                       ;
; b[14]    ; Input    ; -- ; --   ; (0)  ; -- ; --   ; --    ; --     ; --                     ; --                       ;
; b[11]    ; Input    ; -- ; --   ; (0)  ; -- ; --   ; --    ; --     ; --                     ; --                       ;
; b[15]    ; Input    ; -- ; (0)  ; --   ; -- ; --   ; --    ; --     ; --                     ; --                       ;
; a[16]    ; Input    ; -- ; --   ; (0)  ; -- ; --   ; --    ; --     ; --                     ; --                       ;
; a[12]    ; Input    ; -- ; --   ; (0)  ; -- ; --   ; --    ; --     ; --                     ; --                       ;
; a[13]    ; Input    ; -- ; --   ; (0)  ; -- ; --   ; --    ; --     ; --                     ; --                       ;
; a[14]    ; Input    ; -- ; (0)  ; --   ; -- ; --   ; --    ; --     ; --                     ; --                       ;
; a[15]    ; Input    ; -- ; --   ; (0)  ; -- ; --   ; --    ; --     ; --                     ; --                       ;
; a[8]     ; Input    ; -- ; --   ; (0)  ; -- ; --   ; --    ; --     ; --                     ; --                       ;
; a[9]     ; Input    ; -- ; (0)  ; --   ; -- ; --   ; --    ; --     ; --                     ; --                       ;
; a[10]    ; Input    ; -- ; (0)  ; --   ; -- ; --   ; --    ; --     ; --                     ; --                       ;
; a[11]    ; Input    ; -- ; (0)  ; --   ; -- ; --   ; --    ; --     ; --                     ; --                       ;
; a[4]     ; Input    ; -- ; --   ; (0)  ; -- ; --   ; --    ; --     ; --                     ; --                       ;
; a[5]     ; Input    ; -- ; --   ; (0)  ; -- ; --   ; --    ; --     ; --                     ; --                       ;
; a[3]     ; Input    ; -- ; (0)  ; --   ; -- ; --   ; --    ; --     ; --                     ; --                       ;
; a[6]     ; Input    ; -- ; --   ; (0)  ; -- ; --   ; --    ; --     ; --                     ; --                       ;
; a[7]     ; Input    ; -- ; (0)  ; --   ; -- ; --   ; --    ; --     ; --                     ; --                       ;
; a[1]     ; Input    ; -- ; (0)  ; --   ; -- ; --   ; --    ; --     ; --                     ; --                       ;
; a[2]     ; Input    ; -- ; --   ; (0)  ; -- ; --   ; --    ; --     ; --                     ; --                       ;
+----------+----------+----+------+------+----+------+-------+--------+------------------------+--------------------------+


+------------------------------------------------------------------------------------------------------------------------------------+
; Pad To Core Delay Chain Fanout                                                                                                     ;
+------------------------------------------------------------------------------------------------------+-------------------+---------+
; Source Pin / Fanout                                                                                  ; Pad To Core Index ; Setting ;
+------------------------------------------------------------------------------------------------------+-------------------+---------+
; a[0]                                                                                                 ;                   ;         ;
;      - binconv:a11|FAdder:u9|FAdder_4bit:u0|FAdder_1bit:u1|co~0                                      ; 1                 ; 0       ;
;      - binconv:a11|bin[1]~15                                                                         ; 1                 ; 0       ;
;      - Divider:div|am[1]~14                                                                          ; 1                 ; 0       ;
;      - Divider:div|pu4s:u4|pu:u4|FAdder:u1|FAdder_4bit:u0|FAdder_1bit:u1|co                          ; 1                 ; 0       ;
;      - Mux15~0                                                                                       ; 1                 ; 0       ;
;      - FAdder:sum|FAdder_4bit:u0|FAdder_1bit:u0|co~0                                                 ; 1                 ; 0       ;
;      - Multiplier:pro|Mul_4bit:u1|altAdder:u3|FAdder:u1|FAdder_4bit:u0|FAdder_1bit:u0|s              ; 1                 ; 0       ;
;      - Mux14~1                                                                                       ; 1                 ; 0       ;
;      - Divider:div|pu4s:u4|pu:u4|r[0]~0                                                              ; 1                 ; 0       ;
;      - Divider:div|pu4s:u4|pu:u4|FAdder:u1|FAdder_4bit:u0|FAdder_1bit:u1|s                           ; 1                 ; 0       ;
;      - FAdder:dif|FAdder_4bit:u0|FAdder_1bit:u1|co                                                   ; 1                 ; 0       ;
;      - Multiplier:pro|Mul_4bit:u1|altAdder:u3|FAdder:u1|FAdder_4bit:u0|FAdder_1bit:u1|co~0           ; 1                 ; 0       ;
;      - Multiplier:pro|Mul_4bit:u1|altAdder:u3|FAdder:u1|FAdder_4bit:u0|FAdder_1bit:u1|s              ; 1                 ; 0       ;
;      - Multiplier:pro|Mul_4bit:u1|altAdder:u5|FAdder:u1|FAdder_4bit:u0|FAdder_1bit:u1|co             ; 1                 ; 0       ;
;      - Multiplier:pro|Mul_4bit:u1|altAdder:u5|FAdder:u1|FAdder_4bit:u0|FAdder_1bit:u1|s              ; 1                 ; 0       ;
;      - Multiplier:pro|Mul_4bit:u1|altAdder:u7|FAdder:u1|FAdder_4bit:u0|FAdder_1bit:u0|co~0           ; 1                 ; 0       ;
;      - Multiplier:pro|Mul_4bit:u2|altAdder:u3|FAdder:u1|FAdder_4bit:u0|FAdder_1bit:u1|s              ; 1                 ; 0       ;
;      - Multiplier:pro|Mul_4bit:u2|altAdder:u5|FAdder:u1|FAdder_4bit:u0|FAdder_1bit:u1|co             ; 1                 ; 0       ;
;      - Multiplier:pro|Mul_4bit:u2|altAdder:u5|FAdder:u1|FAdder_4bit:u0|FAdder_1bit:u1|s              ; 1                 ; 0       ;
;      - Multiplier:pro|Mul_4bit:u2|altAdder:u7|FAdder:u1|FAdder_4bit:u0|FAdder_1bit:u0|co~0           ; 1                 ; 0       ;
;      - Multiplier:pro|Mul_4bit:u2|altAdder:u7|FAdder:u1|FAdder_4bit:u0|FAdder_1bit:u0|s              ; 1                 ; 0       ;
;      - Multiplier:pro|Mul_4bit:u2|altAdder:u3|FAdder:u1|FAdder_4bit:u0|FAdder_1bit:u0|s              ; 1                 ; 0       ;
;      - Multiplier:pro|FAdder_32bit:u5|FAdder:u0|FAdder_4bit:u1|FAdder_1bit:u0|co~0                   ; 1                 ; 0       ;
;      - Multiplier:pro|FAdder_32bit:u5|FAdder:u0|FAdder_4bit:u1|FAdder_1bit:u2|co                     ; 1                 ; 0       ;
;      - Multiplier:pro|Mul_4bit:u3|altAdder:u3|FAdder:u1|FAdder_4bit:u0|FAdder_1bit:u1|s              ; 1                 ; 0       ;
;      - Multiplier:pro|Mul_4bit:u3|altAdder:u5|FAdder:u1|FAdder_4bit:u0|FAdder_1bit:u1|co             ; 1                 ; 0       ;
;      - Multiplier:pro|Mul_4bit:u3|altAdder:u5|FAdder:u1|FAdder_4bit:u0|FAdder_1bit:u1|s              ; 1                 ; 0       ;
;      - Multiplier:pro|Mul_4bit:u3|altAdder:u7|FAdder:u1|FAdder_4bit:u0|FAdder_1bit:u0|co~0           ; 1                 ; 0       ;
;      - Multiplier:pro|Mul_4bit:u4|altAdder:u3|FAdder:u1|FAdder_4bit:u0|FAdder_1bit:u0|s              ; 1                 ; 0       ;
;      - Multiplier:pro|FAdder_32bit:u6|FAdder:u0|FAdder_4bit:u3|FAdder_1bit:u0|co~0                   ; 1                 ; 0       ;
;      - Multiplier:pro|Mul_4bit:u4|altAdder:u3|FAdder:u1|FAdder_4bit:u0|FAdder_1bit:u1|s              ; 1                 ; 0       ;
;      - Multiplier:pro|FAdder_32bit:u6|FAdder:u0|FAdder_4bit:u3|FAdder_1bit:u2|s                      ; 1                 ; 0       ;
;      - Multiplier:pro|FAdder_32bit:u6|FAdder:u0|FAdder_4bit:u3|FAdder_1bit:u0|s                      ; 1                 ; 0       ;
;      - Multiplier:pro|Mul_4bit:u3|altAdder:u7|FAdder:u1|FAdder_4bit:u0|FAdder_1bit:u0|s              ; 1                 ; 0       ;
;      - Multiplier:pro|Mul_4bit:u3|altAdder:u3|FAdder:u1|FAdder_4bit:u0|FAdder_1bit:u0|s              ; 1                 ; 0       ;
;      - Multiplier:pro|FAdder_32bit:u7|FAdder:u0|FAdder_4bit:u2|FAdder_1bit:u0|co~0                   ; 1                 ; 0       ;
;      - Multiplier:pro|FAdder_32bit:u7|FAdder:u0|FAdder_4bit:u2|FAdder_1bit:u2|co                     ; 1                 ; 0       ;
;      - Multiplier:pro|FAdder_32bit:u6|FAdder:u0|FAdder_4bit:u3|FAdder_1bit:u2|co                     ; 1                 ; 0       ;
;      - Multiplier:pro|Mul_4bit:u4|altAdder:u5|FAdder:u1|FAdder_4bit:u0|FAdder_1bit:u1|s              ; 1                 ; 0       ;
;      - Multiplier:pro|Mul_4bit:u4|altAdder:u7|FAdder:u1|FAdder_4bit:u0|FAdder_1bit:u0|s              ; 1                 ; 0       ;
;      - Multiplier:pro|FAdder_32bit:u7|FAdder:u0|FAdder_4bit:u2|FAdder_1bit:u2|s                      ; 1                 ; 0       ;
;      - Multiplier:pro|FAdder_32bit:u7|FAdder:u0|FAdder_4bit:u2|FAdder_1bit:u0|s                      ; 1                 ; 0       ;
;      - Multiplier:pro|FAdder_32bit:u5|FAdder:u0|FAdder_4bit:u1|FAdder_1bit:u2|s                      ; 1                 ; 0       ;
;      - Multiplier:pro|FAdder_32bit:u5|FAdder:u0|FAdder_4bit:u1|FAdder_1bit:u0|s                      ; 1                 ; 0       ;
;      - Multiplier:pro|Mul_4bit:u1|altAdder:u7|FAdder:u1|FAdder_4bit:u0|FAdder_1bit:u0|s              ; 1                 ; 0       ;
;      - Multiplier:pro|Mul_4bit:u1|altAdder:u5|FAdder:u1|FAdder_4bit:u0|FAdder_1bit:u0|s              ; 1                 ; 0       ;
;      - od~2                                                                                          ; 1                 ; 0       ;
;      - Multiplier:pro|Mul_4bit:u4|altAdder:u5|FAdder:u1|FAdder_4bit:u0|FAdder_1bit:u1|co             ; 1                 ; 0       ;
;      - Multiplier:pro|Mul_4bit:u4|altAdder:u7|FAdder:u1|FAdder_4bit:u0|FAdder_1bit:u0|co~0           ; 1                 ; 0       ;
;      - aaa[0]~output                                                                                 ; 1                 ; 0       ;
; sel[0]                                                                                               ;                   ;         ;
;      - Mux16~0                                                                                       ; 1                 ; 0       ;
;      - Mux3~2                                                                                        ; 1                 ; 0       ;
;      - Mux3~6                                                                                        ; 1                 ; 0       ;
;      - Mux4~3                                                                                        ; 1                 ; 0       ;
;      - Mux5~3                                                                                        ; 1                 ; 0       ;
;      - Mux6~2                                                                                        ; 1                 ; 0       ;
;      - Mux6~6                                                                                        ; 1                 ; 0       ;
;      - Mux8~2                                                                                        ; 1                 ; 0       ;
;      - Mux8~6                                                                                        ; 1                 ; 0       ;
;      - Mux9~3                                                                                        ; 1                 ; 0       ;
;      - Mux10~4                                                                                       ; 1                 ; 0       ;
;      - Mux7~3                                                                                        ; 1                 ; 0       ;
;      - Mux2~3                                                                                        ; 1                 ; 0       ;
;      - Mux1~2                                                                                        ; 1                 ; 0       ;
;      - Mux1~6                                                                                        ; 1                 ; 0       ;
;      - Mux11~2                                                                                       ; 1                 ; 0       ;
;      - Mux11~6                                                                                       ; 1                 ; 0       ;
;      - Mux12~6                                                                                       ; 1                 ; 0       ;
;      - Mux13~4                                                                                       ; 1                 ; 0       ;
;      - Mux14~3                                                                                       ; 1                 ; 0       ;
;      - Mux15~0                                                                                       ; 1                 ; 0       ;
;      - Mux14~0                                                                                       ; 1                 ; 0       ;
;      - Mux14~1                                                                                       ; 1                 ; 0       ;
;      - Mux10~0                                                                                       ; 1                 ; 0       ;
;      - Mux14~2                                                                                       ; 1                 ; 0       ;
;      - Mux0~0                                                                                        ; 1                 ; 0       ;
;      - Mux0~1                                                                                        ; 1                 ; 0       ;
;      - Mux13~0                                                                                       ; 1                 ; 0       ;
;      - Mux13~2                                                                                       ; 1                 ; 0       ;
;      - Mux12~0                                                                                       ; 1                 ; 0       ;
;      - Mux12~1                                                                                       ; 1                 ; 0       ;
;      - Mux11~0                                                                                       ; 1                 ; 0       ;
;      - Mux1~0                                                                                        ; 1                 ; 0       ;
;      - Mux2~0                                                                                        ; 1                 ; 0       ;
;      - Mux2~1                                                                                        ; 1                 ; 0       ;
;      - Mux7~0                                                                                        ; 1                 ; 0       ;
;      - Mux7~1                                                                                        ; 1                 ; 0       ;
;      - Mux10~1                                                                                       ; 1                 ; 0       ;
;      - Mux10~2                                                                                       ; 1                 ; 0       ;
;      - Mux9~0                                                                                        ; 1                 ; 0       ;
;      - Mux9~1                                                                                        ; 1                 ; 0       ;
;      - Mux8~0                                                                                        ; 1                 ; 0       ;
;      - Mux8~1                                                                                        ; 1                 ; 0       ;
;      - Mux6~0                                                                                        ; 1                 ; 0       ;
;      - Mux5~0                                                                                        ; 1                 ; 0       ;
;      - Mux5~1                                                                                        ; 1                 ; 0       ;
;      - Mux4~0                                                                                        ; 1                 ; 0       ;
;      - Mux4~1                                                                                        ; 1                 ; 0       ;
;      - Mux3~0                                                                                        ; 1                 ; 0       ;
;      - Mux3~1                                                                                        ; 1                 ; 0       ;
;      - Mux17~0                                                                                       ; 1                 ; 0       ;
;      - Mux12~2                                                                                       ; 1                 ; 0       ;
; sel[2]                                                                                               ;                   ;         ;
;      - Mux16~0                                                                                       ; 0                 ; 0       ;
;      - Mux3~2                                                                                        ; 0                 ; 0       ;
;      - Mux8~2                                                                                        ; 0                 ; 0       ;
;      - Mux12~2                                                                                       ; 0                 ; 0       ;
;      - Mux14~3                                                                                       ; 0                 ; 0       ;
;      - Mux15~0                                                                                       ; 0                 ; 0       ;
;      - Mux0~2                                                                                        ; 0                 ; 0       ;
;      - Mux13~3                                                                                       ; 0                 ; 0       ;
;      - Equal0~1                                                                                      ; 0                 ; 0       ;
;      - Mux11~1                                                                                       ; 0                 ; 0       ;
;      - bcdconv:bcd|amag[4]~0                                                                         ; 0                 ; 0       ;
;      - Mux1~1                                                                                        ; 0                 ; 0       ;
;      - Mux2~2                                                                                        ; 0                 ; 0       ;
;      - Mux7~2                                                                                        ; 0                 ; 0       ;
;      - Mux10~3                                                                                       ; 0                 ; 0       ;
;      - Mux9~2                                                                                        ; 0                 ; 0       ;
;      - Mux6~1                                                                                        ; 0                 ; 0       ;
;      - Mux5~2                                                                                        ; 0                 ; 0       ;
;      - Mux4~2                                                                                        ; 0                 ; 0       ;
;      - bcdconv:bcd|amag[5]~1                                                                         ; 0                 ; 0       ;
;      - bcdconv:bcd|amag[6]~2                                                                         ; 0                 ; 0       ;
;      - bcdconv:bcd|amag[7]~4                                                                         ; 0                 ; 0       ;
;      - bcdconv:bcd|amag[8]~5                                                                         ; 0                 ; 0       ;
;      - bcdconv:bcd|amag[3]~10                                                                        ; 0                 ; 0       ;
;      - Mux17~0                                                                                       ; 0                 ; 0       ;
; sel[1]                                                                                               ;                   ;         ;
;      - Mux16~0                                                                                       ; 0                 ; 0       ;
;      - Mux3~2                                                                                        ; 0                 ; 0       ;
;      - Mux3~6                                                                                        ; 0                 ; 0       ;
;      - Mux4~3                                                                                        ; 0                 ; 0       ;
;      - Mux5~3                                                                                        ; 0                 ; 0       ;
;      - Mux6~2                                                                                        ; 0                 ; 0       ;
;      - Mux8~2                                                                                        ; 0                 ; 0       ;
;      - Mux8~6                                                                                        ; 0                 ; 0       ;
;      - Mux9~3                                                                                        ; 0                 ; 0       ;
;      - Mux10~4                                                                                       ; 0                 ; 0       ;
;      - Mux7~3                                                                                        ; 0                 ; 0       ;
;      - Mux2~3                                                                                        ; 0                 ; 0       ;
;      - Mux1~2                                                                                        ; 0                 ; 0       ;
;      - Mux11~2                                                                                       ; 0                 ; 0       ;
;      - Mux12~2                                                                                       ; 0                 ; 0       ;
;      - Mux12~6                                                                                       ; 0                 ; 0       ;
;      - Mux13~4                                                                                       ; 0                 ; 0       ;
;      - Mux14~3                                                                                       ; 0                 ; 0       ;
;      - Mux15~0                                                                                       ; 0                 ; 0       ;
;      - Mux10~0                                                                                       ; 0                 ; 0       ;
;      - Mux14~2                                                                                       ; 0                 ; 0       ;
;      - Mux0~0                                                                                        ; 0                 ; 0       ;
;      - Mux0~1                                                                                        ; 0                 ; 0       ;
;      - Mux13~2                                                                                       ; 0                 ; 0       ;
;      - Mux11~1                                                                                       ; 0                 ; 0       ;
;      - Mux1~1                                                                                        ; 0                 ; 0       ;
;      - Mux2~2                                                                                        ; 0                 ; 0       ;
;      - Mux7~2                                                                                        ; 0                 ; 0       ;
;      - Mux10~3                                                                                       ; 0                 ; 0       ;
;      - Mux9~2                                                                                        ; 0                 ; 0       ;
;      - Mux6~1                                                                                        ; 0                 ; 0       ;
;      - Mux5~2                                                                                        ; 0                 ; 0       ;
;      - Mux4~2                                                                                        ; 0                 ; 0       ;
;      - Mux17~0                                                                                       ; 0                 ; 0       ;
; b[0]                                                                                                 ;                   ;         ;
;      - binconv:b11|FAdder:u9|FAdder_4bit:u0|FAdder_1bit:u1|co~0                                      ; 0                 ; 0       ;
;      - binconv:b11|FAdder:u9|FAdder_4bit:u0|FAdder_1bit:u2|co~0                                      ; 0                 ; 0       ;
;      - binconv:b11|bin[1]~13                                                                         ; 0                 ; 0       ;
;      - Divider:div|bm[1]~13                                                                          ; 0                 ; 0       ;
;      - Divider:div|pu4s:u1|pu:u1|FAdder:u1|FAdder_4bit:u0|FAdder_1bit:u3|co~0                        ; 0                 ; 0       ;
;      - Divider:div|pu4s:u1|pu:u1|r[0]~0                                                              ; 0                 ; 0       ;
;      - Divider:div|pu4s:u1|pu:u2|FAdder:u1|FAdder_4bit:u0|FAdder_1bit:u1|co~0                        ; 0                 ; 0       ;
;      - Divider:div|pu4s:u1|pu:u2|FAdder:u1|FAdder_4bit:u0|FAdder_1bit:u1|co~1                        ; 0                 ; 0       ;
;      - Divider:div|pu4s:u1|pu:u2|FAdder:u1|FAdder_4bit:u0|FAdder_1bit:u1|co~2                        ; 0                 ; 0       ;
;      - Divider:div|pu4s:u1|pu:u1|r[1]~1                                                              ; 0                 ; 0       ;
;      - Divider:div|pu4s:u1|pu:u1|FAdder:u1|FAdder_4bit:u0|FAdder_1bit:u1|co~0                        ; 0                 ; 0       ;
;      - Divider:div|pu4s:u1|pu:u2|r[1]~0                                                              ; 0                 ; 0       ;
;      - Divider:div|pu4s:u1|pu:u3|FAdder:u1|FAdder_4bit:u0|FAdder_1bit:u1|co~0                        ; 0                 ; 0       ;
;      - Divider:div|pu4s:u1|pu:u2|r[0]~8                                                              ; 0                 ; 0       ;
;      - Divider:div|pu4s:u1|pu:u3|FAdder:u1|FAdder_4bit:u0|FAdder_1bit:u1|s~0                         ; 0                 ; 0       ;
;      - Divider:div|pu4s:u1|pu:u4|FAdder:u1|FAdder_4bit:u0|FAdder_1bit:u1|co~0                        ; 0                 ; 0       ;
;      - Divider:div|pu4s:u1|pu:u4|FAdder:u1|FAdder_4bit:u0|FAdder_1bit:u1|co~1                        ; 0                 ; 0       ;
;      - Divider:div|pu4s:u1|pu:u4|FAdder:u1|FAdder_4bit:u0|FAdder_1bit:u1|co~2                        ; 0                 ; 0       ;
;      - Divider:div|pu4s:u1|pu:u4|r[1]~0                                                              ; 0                 ; 0       ;
;      - Divider:div|pu4s:u2|pu:u1|FAdder:u1|FAdder_4bit:u0|FAdder_1bit:u1|co~0                        ; 0                 ; 0       ;
;      - Divider:div|pu4s:u2|pu:u1|FAdder:u1|FAdder_4bit:u0|FAdder_1bit:u1|s~0                         ; 0                 ; 0       ;
;      - Divider:div|pu4s:u2|pu:u1|r[1]~0                                                              ; 0                 ; 0       ;
;      - Divider:div|pu4s:u2|pu:u2|FAdder:u1|FAdder_4bit:u0|FAdder_1bit:u1|co~0                        ; 0                 ; 0       ;
;      - Divider:div|pu4s:u2|pu:u2|FAdder:u1|FAdder_4bit:u0|FAdder_1bit:u1|s~0                         ; 0                 ; 0       ;
;      - Divider:div|pu4s:u2|pu:u2|r[1]~3                                                              ; 0                 ; 0       ;
;      - Divider:div|pu4s:u2|pu:u3|FAdder:u1|FAdder_4bit:u0|FAdder_1bit:u1|co~0                        ; 0                 ; 0       ;
;      - Divider:div|pu4s:u2|pu:u3|FAdder:u1|FAdder_4bit:u0|FAdder_1bit:u1|s~0                         ; 0                 ; 0       ;
;      - Divider:div|pu4s:u2|pu:u3|r[1]~2                                                              ; 0                 ; 0       ;
;      - Divider:div|pu4s:u2|pu:u4|FAdder:u1|FAdder_4bit:u0|FAdder_1bit:u1|co~0                        ; 0                 ; 0       ;
;      - Divider:div|pu4s:u3|pu:u1|FAdder:u1|FAdder_4bit:u0|FAdder_1bit:u1|co~0                        ; 0                 ; 0       ;
;      - Divider:div|pu4s:u2|pu:u4|FAdder:u1|FAdder_4bit:u0|FAdder_1bit:u1|s~0                         ; 0                 ; 0       ;
;      - Divider:div|pu4s:u2|pu:u4|r[1]~1                                                              ; 0                 ; 0       ;
;      - Divider:div|pu4s:u3|pu:u1|FAdder:u1|FAdder_4bit:u0|FAdder_1bit:u1|s~0                         ; 0                 ; 0       ;
;      - Divider:div|pu4s:u3|pu:u1|r[1]~3                                                              ; 0                 ; 0       ;
;      - Divider:div|pu4s:u3|pu:u2|FAdder:u1|FAdder_4bit:u0|FAdder_1bit:u1|co                          ; 0                 ; 0       ;
;      - Divider:div|pu4s:u3|pu:u1|r[0]~13                                                             ; 0                 ; 0       ;
;      - Divider:div|pu4s:u3|pu:u2|r[1]~3                                                              ; 0                 ; 0       ;
;      - Divider:div|pu4s:u3|pu:u3|FAdder:u1|FAdder_4bit:u0|FAdder_1bit:u1|co                          ; 0                 ; 0       ;
;      - Divider:div|pu4s:u3|pu:u2|r[0]~13                                                             ; 0                 ; 0       ;
;      - Divider:div|pu4s:u3|pu:u3|r[1]~5                                                              ; 0                 ; 0       ;
;      - Divider:div|pu4s:u3|pu:u4|FAdder:u1|FAdder_4bit:u0|FAdder_1bit:u1|co                          ; 0                 ; 0       ;
;      - Divider:div|pu4s:u3|pu:u3|r[0]~13                                                             ; 0                 ; 0       ;
;      - Divider:div|pu4s:u3|pu:u4|r[1]~5                                                              ; 0                 ; 0       ;
;      - Divider:div|pu4s:u4|pu:u1|FAdder:u1|FAdder_4bit:u0|FAdder_1bit:u1|co                          ; 0                 ; 0       ;
;      - Divider:div|pu4s:u3|pu:u4|r[0]~14                                                             ; 0                 ; 0       ;
;      - Divider:div|pu4s:u4|pu:u1|r[1]~7                                                              ; 0                 ; 0       ;
;      - Divider:div|pu4s:u4|pu:u2|FAdder:u1|FAdder_4bit:u0|FAdder_1bit:u1|co                          ; 0                 ; 0       ;
;      - Divider:div|pu4s:u4|pu:u1|r[0]~14                                                             ; 0                 ; 0       ;
;      - Divider:div|pu4s:u4|pu:u2|r[1]~9                                                              ; 0                 ; 0       ;
;      - Divider:div|pu4s:u4|pu:u3|FAdder:u1|FAdder_4bit:u0|FAdder_1bit:u1|co                          ; 0                 ; 0       ;
;      - Divider:div|pu4s:u4|pu:u2|r[0]~14                                                             ; 0                 ; 0       ;
;      - Divider:div|pu4s:u4|pu:u3|r[1]~10                                                             ; 0                 ; 0       ;
;      - Divider:div|pu4s:u4|pu:u4|FAdder:u1|FAdder_4bit:u0|FAdder_1bit:u1|co                          ; 0                 ; 0       ;
;      - Mux15~0                                                                                       ; 0                 ; 0       ;
;      - FAdder:sum|FAdder_4bit:u0|FAdder_1bit:u0|co~0                                                 ; 0                 ; 0       ;
;      - Multiplier:pro|Mul_4bit:u1|altAdder:u3|FAdder:u1|FAdder_4bit:u0|FAdder_1bit:u0|s              ; 0                 ; 0       ;
;      - Mux14~1                                                                                       ; 0                 ; 0       ;
;      - Divider:div|pu4s:u4|pu:u4|r[0]~0                                                              ; 0                 ; 0       ;
;      - Divider:div|pu4s:u4|pu:u3|r[0]~11                                                             ; 0                 ; 0       ;
;      - Divider:div|pu4s:u4|pu:u4|FAdder:u1|FAdder_4bit:u0|FAdder_1bit:u1|s                           ; 0                 ; 0       ;
;      - FAdder:dif|FAdder_4bit:u0|FAdder_1bit:u1|co                                                   ; 0                 ; 0       ;
;      - Multiplier:pro|Mul_4bit:u1|altAdder:u3|FAdder:u1|FAdder_4bit:u0|FAdder_1bit:u2|co             ; 0                 ; 0       ;
;      - Multiplier:pro|Mul_4bit:u1|altAdder:u3|FAdder:u1|FAdder_4bit:u0|FAdder_1bit:u3|co             ; 0                 ; 0       ;
;      - Multiplier:pro|Mul_4bit:u1|altAdder:u3|FAdder:u1|FAdder_4bit:u1|FAdder_1bit:u0|co             ; 0                 ; 0       ;
;      - Multiplier:pro|Mul_4bit:u1|altAdder:u3|FAdder:u1|FAdder_4bit:u1|FAdder_1bit:u1|co             ; 0                 ; 0       ;
;      - Multiplier:pro|Mul_4bit:u1|altAdder:u3|FAdder:u1|FAdder_4bit:u1|FAdder_1bit:u2|co             ; 0                 ; 0       ;
;      - Multiplier:pro|Mul_4bit:u1|altAdder:u3|FAdder:u1|FAdder_4bit:u1|FAdder_1bit:u3|co             ; 0                 ; 0       ;
;      - Multiplier:pro|Mul_4bit:u1|altAdder:u3|FAdder:u1|FAdder_4bit:u2|FAdder_1bit:u0|co             ; 0                 ; 0       ;
;      - Multiplier:pro|Mul_4bit:u1|altAdder:u3|FAdder:u1|FAdder_4bit:u2|FAdder_1bit:u1|co             ; 0                 ; 0       ;
;      - Multiplier:pro|Mul_4bit:u1|altAdder:u3|FAdder:u1|FAdder_4bit:u2|FAdder_1bit:u2|s              ; 0                 ; 0       ;
;      - Multiplier:pro|Mul_4bit:u1|altAdder:u3|FAdder:u1|FAdder_4bit:u2|FAdder_1bit:u1|s              ; 0                 ; 0       ;
;      - Multiplier:pro|Mul_4bit:u1|altAdder:u3|FAdder:u1|FAdder_4bit:u2|FAdder_1bit:u0|s              ; 0                 ; 0       ;
;      - Multiplier:pro|Mul_4bit:u1|altAdder:u3|FAdder:u1|FAdder_4bit:u1|FAdder_1bit:u3|s              ; 0                 ; 0       ;
;      - Multiplier:pro|Mul_4bit:u1|altAdder:u3|FAdder:u1|FAdder_4bit:u1|FAdder_1bit:u2|s              ; 0                 ; 0       ;
;      - Multiplier:pro|Mul_4bit:u1|altAdder:u3|FAdder:u1|FAdder_4bit:u1|FAdder_1bit:u1|s              ; 0                 ; 0       ;
;      - Multiplier:pro|Mul_4bit:u1|altAdder:u3|FAdder:u1|FAdder_4bit:u1|FAdder_1bit:u0|s              ; 0                 ; 0       ;
;      - Multiplier:pro|Mul_4bit:u1|altAdder:u3|FAdder:u1|FAdder_4bit:u0|FAdder_1bit:u3|s              ; 0                 ; 0       ;
;      - Multiplier:pro|Mul_4bit:u1|altAdder:u3|FAdder:u1|FAdder_4bit:u0|FAdder_1bit:u2|s              ; 0                 ; 0       ;
;      - Multiplier:pro|Mul_4bit:u1|altAdder:u3|FAdder:u1|FAdder_4bit:u0|FAdder_1bit:u1|s              ; 0                 ; 0       ;
;      - Multiplier:pro|Mul_4bit:u1|altAdder:u3|FAdder:u1|FAdder_4bit:u2|FAdder_1bit:u2|co             ; 0                 ; 0       ;
;      - Multiplier:pro|Mul_4bit:u1|altAdder:u3|FAdder:u1|FAdder_4bit:u2|FAdder_1bit:u3|s              ; 0                 ; 0       ;
;      - Multiplier:pro|Mul_4bit:u1|altAdder:u3|FAdder:u1|FAdder_4bit:u2|FAdder_1bit:u3|co             ; 0                 ; 0       ;
;      - Multiplier:pro|Mul_4bit:u1|altAdder:u3|FAdder:u1|FAdder_4bit:u3|FAdder_1bit:u0|s              ; 0                 ; 0       ;
;      - Multiplier:pro|Mul_4bit:u1|altAdder:u3|FAdder:u1|FAdder_4bit:u3|FAdder_1bit:u0|co             ; 0                 ; 0       ;
;      - Multiplier:pro|Mul_4bit:u1|altAdder:u3|FAdder:u1|FAdder_4bit:u3|FAdder_1bit:u1|s              ; 0                 ; 0       ;
;      - Multiplier:pro|Mul_4bit:u1|altAdder:u3|FAdder:u1|FAdder_4bit:u3|FAdder_1bit:u1|co             ; 0                 ; 0       ;
;      - Multiplier:pro|Mul_4bit:u1|altAdder:u3|FAdder:u1|FAdder_4bit:u3|FAdder_1bit:u2|s              ; 0                 ; 0       ;
;      - Mux17~0                                                                                       ; 0                 ; 0       ;
;      - od~2                                                                                          ; 0                 ; 0       ;
;      - Multiplier:pro|Mul_4bit:u1|altAdder:u3|FAdder:u1|FAdder_4bit:u3|FAdder_1bit:u3|s~0            ; 0                 ; 0       ;
;      - bbb[0]~output                                                                                 ; 0                 ; 0       ;
; b[16]                                                                                                ;                   ;         ;
;      - binconv:b11|bin[5]~0                                                                          ; 0                 ; 0       ;
;      - binconv:b11|bin[6]~1                                                                          ; 0                 ; 0       ;
;      - Divider:div|FAdder:v2|FAdder_4bit:u1|FAdder_1bit:u3|co~0                                      ; 0                 ; 0       ;
;      - binconv:b11|bin[8]~2                                                                          ; 0                 ; 0       ;
;      - Divider:div|FAdder:v2|FAdder_4bit:u2|FAdder_1bit:u2|co~0                                      ; 0                 ; 0       ;
;      - binconv:b11|bin[11]~3                                                                         ; 0                 ; 0       ;
;      - Divider:div|FAdder:v2|FAdder_4bit:u3|FAdder_1bit:u0|co~0                                      ; 0                 ; 0       ;
;      - binconv:b11|bin[13]~4                                                                         ; 0                 ; 0       ;
;      - binconv:b11|bin[14]~5                                                                         ; 0                 ; 0       ;
;      - binconv:b11|bin[15]~7                                                                         ; 0                 ; 0       ;
;      - Divider:div|bm[12]~2                                                                          ; 0                 ; 0       ;
;      - Divider:div|bm[11]~3                                                                          ; 0                 ; 0       ;
;      - Divider:div|FAdder:v2|FAdder_4bit:u2|FAdder_1bit:u1|co~0                                      ; 0                 ; 0       ;
;      - binconv:b11|bin[10]~8                                                                         ; 0                 ; 0       ;
;      - Divider:div|bm[10]~4                                                                          ; 0                 ; 0       ;
;      - binconv:b11|bin[9]~9                                                                          ; 0                 ; 0       ;
;      - Divider:div|bm[9]~5                                                                           ; 0                 ; 0       ;
;      - binconv:b11|bin[7]~10                                                                         ; 0                 ; 0       ;
;      - Divider:div|FAdder:v2|FAdder_4bit:u1|FAdder_1bit:u3|s~0                                       ; 0                 ; 0       ;
;      - Divider:div|bm[7]~6                                                                           ; 0                 ; 0       ;
;      - Divider:div|bm[6]~7                                                                           ; 0                 ; 0       ;
;      - Divider:div|bm[5]~8                                                                           ; 0                 ; 0       ;
;      - binconv:b11|bin[3]~11                                                                         ; 0                 ; 0       ;
;      - binconv:b11|bin[4]~12                                                                         ; 0                 ; 0       ;
;      - Divider:div|bm[4]~9                                                                           ; 0                 ; 0       ;
;      - Divider:div|bm[2]~10                                                                          ; 0                 ; 0       ;
;      - Divider:div|bm[8]~11                                                                          ; 0                 ; 0       ;
;      - Divider:div|bm[3]~12                                                                          ; 0                 ; 0       ;
;      - binconv:b11|bin[1]~13                                                                         ; 0                 ; 0       ;
;      - Divider:div|bm[1]~13                                                                          ; 0                 ; 0       ;
;      - Divider:div|pu4s:u1|pu:u2|FAdder:u1|FAdder_4bit:u3|FAdder_1bit:u3|co~1                        ; 0                 ; 0       ;
;      - binconv:b11|bin[12]~14                                                                        ; 0                 ; 0       ;
;      - binconv:b11|bin[2]~15                                                                         ; 0                 ; 0       ;
; b[1]                                                                                                 ;                   ;         ;
;      - binconv:b11|FAdder:u9|FAdder_4bit:u0|FAdder_1bit:u1|co~0                                      ; 1                 ; 0       ;
;      - binconv:b11|FAdder:u6|FAdder_4bit:u0|FAdder_1bit:u2|s                                         ; 1                 ; 0       ;
;      - binconv:b11|FAdder:u5|FAdder_4bit:u0|FAdder_1bit:u3|s                                         ; 1                 ; 0       ;
;      - binconv:b11|FAdder:u6|FAdder_4bit:u0|FAdder_1bit:u2|co~0                                      ; 1                 ; 0       ;
;      - binconv:b11|FAdder:u5|FAdder_4bit:u0|FAdder_1bit:u3|co                                        ; 1                 ; 0       ;
;      - binconv:b11|FAdder:u9|FAdder_4bit:u0|FAdder_1bit:u2|co~0                                      ; 1                 ; 0       ;
;      - binconv:b11|bin[1]~13                                                                         ; 1                 ; 0       ;
; b[4]                                                                                                 ;                   ;         ;
;      - binconv:b11|FAdder:u9|FAdder_4bit:u0|FAdder_1bit:u1|co~0                                      ; 0                 ; 0       ;
;      - binconv:b11|FAdder:u6|FAdder_4bit:u0|FAdder_1bit:u2|s                                         ; 0                 ; 0       ;
;      - binconv:b11|FAdder:u5|FAdder_4bit:u0|FAdder_1bit:u3|s                                         ; 0                 ; 0       ;
;      - binconv:b11|FAdder:u6|FAdder_4bit:u0|FAdder_1bit:u2|co~0                                      ; 0                 ; 0       ;
;      - binconv:b11|Multiplier:u1|Mul_4bit:u1|altAdder:u7|FAdder:u1|FAdder_4bit:u0|FAdder_1bit:u1|s   ; 0                 ; 0       ;
;      - binconv:b11|FAdder:u5|FAdder_4bit:u0|FAdder_1bit:u3|co                                        ; 0                 ; 0       ;
;      - binconv:b11|FAdder:u6|FAdder_4bit:u1|FAdder_1bit:u1|s~0                                       ; 0                 ; 0       ;
;      - binconv:b11|FAdder:u9|FAdder_4bit:u0|FAdder_1bit:u2|co~0                                      ; 0                 ; 0       ;
;      - binconv:b11|FAdder:u5|FAdder_4bit:u1|FAdder_1bit:u1|s~0                                       ; 0                 ; 0       ;
;      - binconv:b11|FAdder:u5|FAdder_4bit:u1|FAdder_1bit:u2|s~0                                       ; 0                 ; 0       ;
;      - binconv:b11|FAdder:u5|FAdder_4bit:u1|FAdder_1bit:u3|s~0                                       ; 0                 ; 0       ;
;      - binconv:b11|bin[1]~13                                                                         ; 0                 ; 0       ;
; b[8]                                                                                                 ;                   ;         ;
;      - binconv:b11|FAdder:u6|FAdder_4bit:u0|FAdder_1bit:u2|s                                         ; 0                 ; 0       ;
;      - binconv:b11|FAdder:u6|FAdder_4bit:u0|FAdder_1bit:u2|co~0                                      ; 0                 ; 0       ;
;      - binconv:b11|Multiplier:u2|FAdder_32bit:u5|FAdder:u0|FAdder_4bit:u1|FAdder_1bit:u1|s           ; 0                 ; 0       ;
;      - binconv:b11|FAdder:u9|FAdder_4bit:u0|FAdder_1bit:u2|co~0                                      ; 0                 ; 0       ;
;      - binconv:b11|Multiplier:u2|FAdder_32bit:u5|FAdder:u0|FAdder_4bit:u1|FAdder_1bit:u2|s~0         ; 0                 ; 0       ;
;      - binconv:b11|Multiplier:u2|FAdder_32bit:u5|FAdder:u0|FAdder_4bit:u1|FAdder_1bit:u3|s~0         ; 0                 ; 0       ;
;      - binconv:b11|Multiplier:u2|FAdder_32bit:u5|FAdder:u0|FAdder_4bit:u2|FAdder_1bit:u0|s~0         ; 0                 ; 0       ;
;      - binconv:b11|Multiplier:u2|Mul_4bit:u2|altAdder:u5|FAdder:u1|FAdder_4bit:u0|FAdder_1bit:u3|s~0 ; 0                 ; 0       ;
;      - binconv:b11|Multiplier:u2|FAdder_32bit:u5|FAdder:u0|FAdder_4bit:u2|FAdder_1bit:u2|s~0         ; 0                 ; 0       ;
; b[2]                                                                                                 ;                   ;         ;
;      - binconv:b11|FAdder:u6|FAdder_4bit:u0|FAdder_1bit:u2|s                                         ; 0                 ; 0       ;
;      - binconv:b11|FAdder:u5|FAdder_4bit:u0|FAdder_1bit:u3|s                                         ; 0                 ; 0       ;
;      - binconv:b11|FAdder:u6|FAdder_4bit:u0|FAdder_1bit:u2|co~0                                      ; 0                 ; 0       ;
;      - binconv:b11|FAdder:u5|FAdder_4bit:u0|FAdder_1bit:u3|co                                        ; 0                 ; 0       ;
;      - binconv:b11|FAdder:u9|FAdder_4bit:u0|FAdder_1bit:u2|co~0                                      ; 0                 ; 0       ;
; b[5]                                                                                                 ;                   ;         ;
;      - binconv:b11|FAdder:u6|FAdder_4bit:u0|FAdder_1bit:u2|s                                         ; 0                 ; 0       ;
;      - binconv:b11|FAdder:u5|FAdder_4bit:u0|FAdder_1bit:u3|s                                         ; 0                 ; 0       ;
;      - binconv:b11|FAdder:u6|FAdder_4bit:u0|FAdder_1bit:u2|co~0                                      ; 0                 ; 0       ;
;      - binconv:b11|Multiplier:u1|Mul_4bit:u1|altAdder:u7|FAdder:u1|FAdder_4bit:u0|FAdder_1bit:u1|s   ; 0                 ; 0       ;
;      - binconv:b11|FAdder:u5|FAdder_4bit:u0|FAdder_1bit:u3|co                                        ; 0                 ; 0       ;
;      - binconv:b11|FAdder:u6|FAdder_4bit:u1|FAdder_1bit:u1|s~0                                       ; 0                 ; 0       ;
;      - binconv:b11|FAdder:u9|FAdder_4bit:u0|FAdder_1bit:u2|co~0                                      ; 0                 ; 0       ;
;      - binconv:b11|FAdder:u5|FAdder_4bit:u1|FAdder_1bit:u1|s~0                                       ; 0                 ; 0       ;
;      - binconv:b11|FAdder:u5|FAdder_4bit:u1|FAdder_1bit:u2|s~0                                       ; 0                 ; 0       ;
;      - binconv:b11|FAdder:u5|FAdder_4bit:u1|FAdder_1bit:u3|s~0                                       ; 0                 ; 0       ;
; b[12]                                                                                                ;                   ;         ;
;      - binconv:b11|FAdder:u7|FAdder_4bit:u0|FAdder_1bit:u3|s                                         ; 1                 ; 0       ;
;      - binconv:b11|FAdder:u7|FAdder_4bit:u1|FAdder_1bit:u0|s~0                                       ; 1                 ; 0       ;
;      - binconv:b11|FAdder:u7|FAdder_4bit:u0|FAdder_1bit:u3|co~0                                      ; 1                 ; 0       ;
;      - binconv:b11|Multiplier:u3|FAdder_32bit:u5|FAdder:u0|FAdder_4bit:u1|FAdder_1bit:u1|s           ; 1                 ; 0       ;
;      - binconv:b11|Multiplier:u3|FAdder_32bit:u5|FAdder:u0|FAdder_4bit:u1|FAdder_1bit:u2|s           ; 1                 ; 0       ;
;      - binconv:b11|Multiplier:u3|FAdder_32bit:u5|FAdder:u0|FAdder_4bit:u1|FAdder_1bit:u3|s~0         ; 1                 ; 0       ;
;      - binconv:b11|Multiplier:u3|FAdder_32bit:u7|FAdder:u0|FAdder_4bit:u2|FAdder_1bit:u0|s           ; 1                 ; 0       ;
;      - binconv:b11|Multiplier:u3|FAdder_32bit:u7|FAdder:u0|FAdder_4bit:u2|FAdder_1bit:u1|s~0         ; 1                 ; 0       ;
;      - binconv:b11|Multiplier:u3|FAdder_32bit:u7|FAdder:u0|FAdder_4bit:u2|FAdder_1bit:u2|s           ; 1                 ; 0       ;
;      - binconv:b11|Multiplier:u3|FAdder_32bit:u7|FAdder:u0|FAdder_4bit:u2|FAdder_1bit:u3|s           ; 1                 ; 0       ;
;      - binconv:b11|Multiplier:u3|FAdder_32bit:u7|FAdder:u0|FAdder_4bit:u3|FAdder_1bit:u0|s           ; 1                 ; 0       ;
;      - binconv:b11|Multiplier:u3|FAdder_32bit:u7|FAdder:u0|FAdder_4bit:u3|FAdder_1bit:u1|s~0         ; 1                 ; 0       ;
;      - binconv:b11|bin[15]~6                                                                         ; 1                 ; 0       ;
;      - binconv:b11|bin[3]~11                                                                         ; 1                 ; 0       ;
; b[9]                                                                                                 ;                   ;         ;
;      - binconv:b11|FAdder:u7|FAdder_4bit:u0|FAdder_1bit:u3|s                                         ; 0                 ; 0       ;
;      - binconv:b11|FAdder:u6|FAdder_4bit:u1|FAdder_1bit:u0|s                                         ; 0                 ; 0       ;
;      - binconv:b11|FAdder:u7|FAdder_4bit:u1|FAdder_1bit:u0|s~0                                       ; 0                 ; 0       ;
;      - binconv:b11|FAdder:u7|FAdder_4bit:u0|FAdder_1bit:u3|co~0                                      ; 0                 ; 0       ;
;      - binconv:b11|FAdder:u6|FAdder_4bit:u1|FAdder_1bit:u0|co                                        ; 0                 ; 0       ;
;      - binconv:b11|Multiplier:u2|FAdder_32bit:u5|FAdder:u0|FAdder_4bit:u1|FAdder_1bit:u2|s~0         ; 0                 ; 0       ;
;      - binconv:b11|Multiplier:u2|FAdder_32bit:u5|FAdder:u0|FAdder_4bit:u1|FAdder_1bit:u3|s~0         ; 0                 ; 0       ;
;      - binconv:b11|Multiplier:u2|FAdder_32bit:u5|FAdder:u0|FAdder_4bit:u2|FAdder_1bit:u0|s~0         ; 0                 ; 0       ;
;      - binconv:b11|Multiplier:u2|Mul_4bit:u2|altAdder:u5|FAdder:u1|FAdder_4bit:u0|FAdder_1bit:u3|s~0 ; 0                 ; 0       ;
;      - binconv:b11|Multiplier:u2|FAdder_32bit:u5|FAdder:u0|FAdder_4bit:u2|FAdder_1bit:u2|s~0         ; 0                 ; 0       ;
;      - binconv:b11|bin[3]~11                                                                         ; 0                 ; 0       ;
; b[3]                                                                                                 ;                   ;         ;
;      - binconv:b11|FAdder:u5|FAdder_4bit:u0|FAdder_1bit:u3|s                                         ; 0                 ; 0       ;
;      - binconv:b11|FAdder:u5|FAdder_4bit:u0|FAdder_1bit:u3|co                                        ; 0                 ; 0       ;
;      - binconv:b11|FAdder:u5|FAdder_4bit:u1|FAdder_1bit:u3|s~0                                       ; 0                 ; 0       ;
; b[6]                                                                                                 ;                   ;         ;
;      - binconv:b11|FAdder:u5|FAdder_4bit:u0|FAdder_1bit:u3|s                                         ; 0                 ; 0       ;
;      - binconv:b11|Multiplier:u1|Mul_4bit:u1|altAdder:u7|FAdder:u1|FAdder_4bit:u0|FAdder_1bit:u1|s   ; 0                 ; 0       ;
;      - binconv:b11|FAdder:u5|FAdder_4bit:u0|FAdder_1bit:u3|co                                        ; 0                 ; 0       ;
;      - binconv:b11|FAdder:u6|FAdder_4bit:u1|FAdder_1bit:u1|s~0                                       ; 0                 ; 0       ;
;      - binconv:b11|FAdder:u5|FAdder_4bit:u1|FAdder_1bit:u1|s~0                                       ; 0                 ; 0       ;
;      - binconv:b11|FAdder:u5|FAdder_4bit:u1|FAdder_1bit:u2|s~0                                       ; 0                 ; 0       ;
;      - binconv:b11|FAdder:u5|FAdder_4bit:u1|FAdder_1bit:u3|s~0                                       ; 0                 ; 0       ;
; b[10]                                                                                                ;                   ;         ;
;      - binconv:b11|FAdder:u6|FAdder_4bit:u1|FAdder_1bit:u0|s                                         ; 0                 ; 0       ;
;      - binconv:b11|FAdder:u6|FAdder_4bit:u1|FAdder_1bit:u0|co                                        ; 0                 ; 0       ;
;      - binconv:b11|Multiplier:u2|FAdder_32bit:u5|FAdder:u0|FAdder_4bit:u1|FAdder_1bit:u3|s~0         ; 0                 ; 0       ;
;      - binconv:b11|Multiplier:u2|FAdder_32bit:u5|FAdder:u0|FAdder_4bit:u2|FAdder_1bit:u0|s~0         ; 0                 ; 0       ;
;      - binconv:b11|Multiplier:u2|Mul_4bit:u2|altAdder:u5|FAdder:u1|FAdder_4bit:u0|FAdder_1bit:u3|s~0 ; 0                 ; 0       ;
;      - binconv:b11|Multiplier:u2|FAdder_32bit:u5|FAdder:u0|FAdder_4bit:u2|FAdder_1bit:u2|s~0         ; 0                 ; 0       ;
; b[7]                                                                                                 ;                   ;         ;
;      - binconv:b11|Multiplier:u1|Mul_4bit:u1|altAdder:u7|FAdder:u1|FAdder_4bit:u0|FAdder_1bit:u1|s   ; 1                 ; 0       ;
;      - binconv:b11|FAdder:u6|FAdder_4bit:u1|FAdder_1bit:u1|s~0                                       ; 1                 ; 0       ;
;      - binconv:b11|FAdder:u5|FAdder_4bit:u1|FAdder_1bit:u1|s~0                                       ; 1                 ; 0       ;
;      - binconv:b11|FAdder:u5|FAdder_4bit:u1|FAdder_1bit:u2|s~0                                       ; 1                 ; 0       ;
;      - binconv:b11|FAdder:u5|FAdder_4bit:u1|FAdder_1bit:u3|s~0                                       ; 1                 ; 0       ;
; b[13]                                                                                                ;                   ;         ;
;      - binconv:b11|FAdder:u7|FAdder_4bit:u1|FAdder_1bit:u0|s~0                                       ; 1                 ; 0       ;
;      - binconv:b11|FAdder:u7|FAdder_4bit:u1|FAdder_1bit:u0|co~0                                      ; 1                 ; 0       ;
;      - binconv:b11|Multiplier:u3|FAdder_32bit:u5|FAdder:u0|FAdder_4bit:u1|FAdder_1bit:u2|s           ; 1                 ; 0       ;
;      - binconv:b11|FAdder:u7|FAdder_4bit:u1|FAdder_1bit:u1|co                                        ; 1                 ; 0       ;
;      - binconv:b11|Multiplier:u3|FAdder_32bit:u5|FAdder:u0|FAdder_4bit:u1|FAdder_1bit:u3|s~0         ; 1                 ; 0       ;
;      - binconv:b11|Multiplier:u3|FAdder_32bit:u7|FAdder:u0|FAdder_4bit:u2|FAdder_1bit:u0|s           ; 1                 ; 0       ;
;      - binconv:b11|Multiplier:u3|FAdder_32bit:u7|FAdder:u0|FAdder_4bit:u2|FAdder_1bit:u1|s~0         ; 1                 ; 0       ;
;      - binconv:b11|Multiplier:u3|FAdder_32bit:u7|FAdder:u0|FAdder_4bit:u2|FAdder_1bit:u2|s           ; 1                 ; 0       ;
;      - binconv:b11|Multiplier:u3|FAdder_32bit:u7|FAdder:u0|FAdder_4bit:u2|FAdder_1bit:u3|s           ; 1                 ; 0       ;
;      - binconv:b11|Multiplier:u3|FAdder_32bit:u7|FAdder:u0|FAdder_4bit:u3|FAdder_1bit:u0|s           ; 1                 ; 0       ;
;      - binconv:b11|Multiplier:u3|FAdder_32bit:u7|FAdder:u0|FAdder_4bit:u3|FAdder_1bit:u1|s~0         ; 1                 ; 0       ;
;      - binconv:b11|bin[15]~6                                                                         ; 1                 ; 0       ;
; b[14]                                                                                                ;                   ;         ;
;      - binconv:b11|Multiplier:u3|FAdder_32bit:u5|FAdder:u0|FAdder_4bit:u1|FAdder_1bit:u1|s           ; 1                 ; 0       ;
;      - binconv:b11|Multiplier:u3|FAdder_32bit:u5|FAdder:u0|FAdder_4bit:u1|FAdder_1bit:u2|s           ; 1                 ; 0       ;
;      - binconv:b11|Multiplier:u3|FAdder_32bit:u5|FAdder:u0|FAdder_4bit:u1|FAdder_1bit:u3|s~0         ; 1                 ; 0       ;
;      - binconv:b11|Multiplier:u3|FAdder_32bit:u7|FAdder:u0|FAdder_4bit:u2|FAdder_1bit:u0|s           ; 1                 ; 0       ;
;      - binconv:b11|Multiplier:u3|FAdder_32bit:u7|FAdder:u0|FAdder_4bit:u2|FAdder_1bit:u1|s~0         ; 1                 ; 0       ;
;      - binconv:b11|Multiplier:u3|FAdder_32bit:u7|FAdder:u0|FAdder_4bit:u2|FAdder_1bit:u2|s           ; 1                 ; 0       ;
;      - binconv:b11|Multiplier:u3|FAdder_32bit:u7|FAdder:u0|FAdder_4bit:u2|FAdder_1bit:u3|s           ; 1                 ; 0       ;
;      - binconv:b11|Multiplier:u3|FAdder_32bit:u7|FAdder:u0|FAdder_4bit:u3|FAdder_1bit:u0|s           ; 1                 ; 0       ;
;      - binconv:b11|Multiplier:u3|FAdder_32bit:u7|FAdder:u0|FAdder_4bit:u3|FAdder_1bit:u1|s~0         ; 1                 ; 0       ;
;      - binconv:b11|bin[15]~6                                                                         ; 1                 ; 0       ;
; b[11]                                                                                                ;                   ;         ;
;      - binconv:b11|Multiplier:u2|FAdder_32bit:u5|FAdder:u0|FAdder_4bit:u1|FAdder_1bit:u1|s           ; 1                 ; 0       ;
;      - binconv:b11|Multiplier:u2|FAdder_32bit:u5|FAdder:u0|FAdder_4bit:u1|FAdder_1bit:u2|s~0         ; 1                 ; 0       ;
;      - binconv:b11|Multiplier:u2|FAdder_32bit:u5|FAdder:u0|FAdder_4bit:u1|FAdder_1bit:u3|s~0         ; 1                 ; 0       ;
;      - binconv:b11|Multiplier:u2|FAdder_32bit:u5|FAdder:u0|FAdder_4bit:u2|FAdder_1bit:u0|s~0         ; 1                 ; 0       ;
;      - binconv:b11|Multiplier:u2|Mul_4bit:u2|altAdder:u5|FAdder:u1|FAdder_4bit:u0|FAdder_1bit:u3|s~0 ; 1                 ; 0       ;
;      - binconv:b11|Multiplier:u2|FAdder_32bit:u5|FAdder:u0|FAdder_4bit:u2|FAdder_1bit:u2|s~0         ; 1                 ; 0       ;
; b[15]                                                                                                ;                   ;         ;
;      - binconv:b11|Multiplier:u3|FAdder_32bit:u5|FAdder:u0|FAdder_4bit:u1|FAdder_1bit:u2|s           ; 0                 ; 0       ;
;      - binconv:b11|Multiplier:u3|FAdder_32bit:u5|FAdder:u0|FAdder_4bit:u1|FAdder_1bit:u3|s~0         ; 0                 ; 0       ;
;      - binconv:b11|Multiplier:u3|FAdder_32bit:u7|FAdder:u0|FAdder_4bit:u2|FAdder_1bit:u0|s           ; 0                 ; 0       ;
;      - binconv:b11|Multiplier:u3|FAdder_32bit:u7|FAdder:u0|FAdder_4bit:u2|FAdder_1bit:u1|s~0         ; 0                 ; 0       ;
;      - binconv:b11|Multiplier:u3|FAdder_32bit:u7|FAdder:u0|FAdder_4bit:u2|FAdder_1bit:u2|s           ; 0                 ; 0       ;
;      - binconv:b11|Multiplier:u3|FAdder_32bit:u7|FAdder:u0|FAdder_4bit:u2|FAdder_1bit:u3|s           ; 0                 ; 0       ;
;      - binconv:b11|Multiplier:u3|FAdder_32bit:u7|FAdder:u0|FAdder_4bit:u3|FAdder_1bit:u0|s           ; 0                 ; 0       ;
;      - binconv:b11|Multiplier:u3|FAdder_32bit:u7|FAdder:u0|FAdder_4bit:u3|FAdder_1bit:u1|s~0         ; 0                 ; 0       ;
;      - binconv:b11|bin[15]~6                                                                         ; 0                 ; 0       ;
;      - oa~0                                                                                          ; 0                 ; 0       ;
;      - os~0                                                                                          ; 0                 ; 0       ;
; a[16]                                                                                                ;                   ;         ;
;      - binconv:a11|bin[5]~1                                                                          ; 1                 ; 0       ;
;      - binconv:a11|bin[6]~2                                                                          ; 1                 ; 0       ;
;      - Divider:div|FAdder:v1|FAdder_4bit:u1|FAdder_1bit:u3|co~0                                      ; 1                 ; 0       ;
;      - binconv:a11|bin[8]~3                                                                          ; 1                 ; 0       ;
;      - Divider:div|FAdder:v1|FAdder_4bit:u2|FAdder_1bit:u2|co~0                                      ; 1                 ; 0       ;
;      - binconv:a11|bin[11]~4                                                                         ; 1                 ; 0       ;
;      - Divider:div|am[12]~0                                                                          ; 1                 ; 0       ;
;      - binconv:a11|bin[15]~5                                                                         ; 1                 ; 0       ;
;      - Divider:div|FAdder:v1|FAdder_4bit:u3|FAdder_1bit:u1|co~0                                      ; 1                 ; 0       ;
;      - binconv:a11|bin[14]~6                                                                         ; 1                 ; 0       ;
;      - od~0                                                                                          ; 1                 ; 0       ;
;      - binconv:a11|bin[12]~7                                                                         ; 1                 ; 0       ;
;      - binconv:a11|bin[13]~8                                                                         ; 1                 ; 0       ;
;      - Divider:div|am[11]~4                                                                          ; 1                 ; 0       ;
;      - Divider:div|FAdder:v1|FAdder_4bit:u2|FAdder_1bit:u1|co~0                                      ; 1                 ; 0       ;
;      - binconv:a11|bin[10]~9                                                                         ; 1                 ; 0       ;
;      - Divider:div|am[10]~5                                                                          ; 1                 ; 0       ;
;      - binconv:a11|bin[9]~10                                                                         ; 1                 ; 0       ;
;      - binconv:a11|bin[7]~11                                                                         ; 1                 ; 0       ;
;      - binconv:a11|bin[2]~12                                                                         ; 1                 ; 0       ;
;      - binconv:a11|bin[3]~13                                                                         ; 1                 ; 0       ;
;      - binconv:a11|bin[4]~14                                                                         ; 1                 ; 0       ;
;      - binconv:a11|bin[1]~15                                                                         ; 1                 ; 0       ;
; a[12]                                                                                                ;                   ;         ;
;      - binconv:a11|Multiplier:u3|FAdder_32bit:u7|FAdder:u0|FAdder_4bit:u3|FAdder_1bit:u0|s           ; 1                 ; 0       ;
;      - binconv:a11|Multiplier:u3|FAdder_32bit:u7|FAdder:u0|FAdder_4bit:u2|FAdder_1bit:u3|s           ; 1                 ; 0       ;
;      - binconv:a11|Multiplier:u3|FAdder_32bit:u7|FAdder:u0|FAdder_4bit:u2|FAdder_1bit:u2|s~0         ; 1                 ; 0       ;
;      - binconv:a11|Multiplier:u3|FAdder_32bit:u7|FAdder:u0|FAdder_4bit:u2|FAdder_1bit:u1|s~0         ; 1                 ; 0       ;
;      - binconv:a11|Multiplier:u3|FAdder_32bit:u7|FAdder:u0|FAdder_4bit:u2|FAdder_1bit:u0|s           ; 1                 ; 0       ;
;      - binconv:a11|FAdder:u7|FAdder_4bit:u0|FAdder_1bit:u3|co~0                                      ; 1                 ; 0       ;
;      - binconv:a11|Multiplier:u3|FAdder_32bit:u5|FAdder:u0|FAdder_4bit:u1|FAdder_1bit:u1|s           ; 1                 ; 0       ;
;      - binconv:a11|Multiplier:u3|FAdder_32bit:u5|FAdder:u0|FAdder_4bit:u1|FAdder_1bit:u2|s           ; 1                 ; 0       ;
;      - binconv:a11|Multiplier:u3|FAdder_32bit:u5|FAdder:u0|FAdder_4bit:u1|FAdder_1bit:u3|s~0         ; 1                 ; 0       ;
;      - binconv:a11|FAdder:u7|FAdder_4bit:u0|FAdder_1bit:u3|s                                         ; 1                 ; 0       ;
;      - binconv:a11|FAdder:u7|FAdder_4bit:u1|FAdder_1bit:u0|s~0                                       ; 1                 ; 0       ;
;      - binconv:a11|bin[15]~0                                                                         ; 1                 ; 0       ;
;      - binconv:a11|FAdder:u7|FAdder_4bit:u3|FAdder_1bit:u1|s~0                                       ; 1                 ; 0       ;
;      - binconv:a11|Multiplier:u3|FAdder_32bit:u7|FAdder:u0|FAdder_4bit:u3|FAdder_1bit:u1|s~0         ; 1                 ; 0       ;
; a[13]                                                                                                ;                   ;         ;
;      - binconv:a11|Multiplier:u3|FAdder_32bit:u7|FAdder:u0|FAdder_4bit:u3|FAdder_1bit:u0|s           ; 1                 ; 0       ;
;      - binconv:a11|Multiplier:u3|FAdder_32bit:u7|FAdder:u0|FAdder_4bit:u2|FAdder_1bit:u3|s           ; 1                 ; 0       ;
;      - binconv:a11|Multiplier:u3|FAdder_32bit:u7|FAdder:u0|FAdder_4bit:u2|FAdder_1bit:u2|s~0         ; 1                 ; 0       ;
;      - binconv:a11|Multiplier:u3|FAdder_32bit:u7|FAdder:u0|FAdder_4bit:u2|FAdder_1bit:u1|s~0         ; 1                 ; 0       ;
;      - binconv:a11|Multiplier:u3|FAdder_32bit:u7|FAdder:u0|FAdder_4bit:u2|FAdder_1bit:u0|s           ; 1                 ; 0       ;
;      - binconv:a11|FAdder:u7|FAdder_4bit:u1|FAdder_1bit:u1|co                                        ; 1                 ; 0       ;
;      - binconv:a11|Multiplier:u3|FAdder_32bit:u5|FAdder:u0|FAdder_4bit:u1|FAdder_1bit:u2|s           ; 1                 ; 0       ;
;      - binconv:a11|Multiplier:u3|FAdder_32bit:u5|FAdder:u0|FAdder_4bit:u1|FAdder_1bit:u3|s~0         ; 1                 ; 0       ;
;      - binconv:a11|FAdder:u7|FAdder_4bit:u1|FAdder_1bit:u0|co~0                                      ; 1                 ; 0       ;
;      - binconv:a11|FAdder:u7|FAdder_4bit:u1|FAdder_1bit:u0|s~0                                       ; 1                 ; 0       ;
;      - binconv:a11|bin[15]~0                                                                         ; 1                 ; 0       ;
;      - binconv:a11|FAdder:u7|FAdder_4bit:u3|FAdder_1bit:u1|s~0                                       ; 1                 ; 0       ;
;      - binconv:a11|Multiplier:u3|FAdder_32bit:u7|FAdder:u0|FAdder_4bit:u3|FAdder_1bit:u1|s~0         ; 1                 ; 0       ;
; a[14]                                                                                                ;                   ;         ;
;      - binconv:a11|Multiplier:u3|FAdder_32bit:u7|FAdder:u0|FAdder_4bit:u3|FAdder_1bit:u0|s           ; 0                 ; 0       ;
;      - binconv:a11|Multiplier:u3|FAdder_32bit:u7|FAdder:u0|FAdder_4bit:u2|FAdder_1bit:u3|s           ; 0                 ; 0       ;
;      - binconv:a11|Multiplier:u3|FAdder_32bit:u7|FAdder:u0|FAdder_4bit:u2|FAdder_1bit:u2|s~0         ; 0                 ; 0       ;
;      - binconv:a11|Multiplier:u3|FAdder_32bit:u7|FAdder:u0|FAdder_4bit:u2|FAdder_1bit:u1|s~0         ; 0                 ; 0       ;
;      - binconv:a11|Multiplier:u3|FAdder_32bit:u7|FAdder:u0|FAdder_4bit:u2|FAdder_1bit:u0|s           ; 0                 ; 0       ;
;      - binconv:a11|Multiplier:u3|FAdder_32bit:u5|FAdder:u0|FAdder_4bit:u1|FAdder_1bit:u1|s           ; 0                 ; 0       ;
;      - binconv:a11|Multiplier:u3|FAdder_32bit:u5|FAdder:u0|FAdder_4bit:u1|FAdder_1bit:u2|s           ; 0                 ; 0       ;
;      - binconv:a11|Multiplier:u3|FAdder_32bit:u5|FAdder:u0|FAdder_4bit:u1|FAdder_1bit:u3|s~0         ; 0                 ; 0       ;
;      - binconv:a11|bin[15]~0                                                                         ; 0                 ; 0       ;
;      - binconv:a11|FAdder:u7|FAdder_4bit:u3|FAdder_1bit:u1|s~0                                       ; 0                 ; 0       ;
;      - binconv:a11|Multiplier:u3|FAdder_32bit:u7|FAdder:u0|FAdder_4bit:u3|FAdder_1bit:u1|s~0         ; 0                 ; 0       ;
; a[15]                                                                                                ;                   ;         ;
;      - binconv:a11|Multiplier:u3|FAdder_32bit:u7|FAdder:u0|FAdder_4bit:u3|FAdder_1bit:u0|s           ; 1                 ; 0       ;
;      - binconv:a11|Multiplier:u3|FAdder_32bit:u7|FAdder:u0|FAdder_4bit:u2|FAdder_1bit:u3|s           ; 1                 ; 0       ;
;      - binconv:a11|Multiplier:u3|FAdder_32bit:u7|FAdder:u0|FAdder_4bit:u2|FAdder_1bit:u2|s~0         ; 1                 ; 0       ;
;      - binconv:a11|Multiplier:u3|FAdder_32bit:u7|FAdder:u0|FAdder_4bit:u2|FAdder_1bit:u1|s~0         ; 1                 ; 0       ;
;      - binconv:a11|Multiplier:u3|FAdder_32bit:u7|FAdder:u0|FAdder_4bit:u2|FAdder_1bit:u0|s           ; 1                 ; 0       ;
;      - binconv:a11|Multiplier:u3|FAdder_32bit:u5|FAdder:u0|FAdder_4bit:u1|FAdder_1bit:u2|s           ; 1                 ; 0       ;
;      - binconv:a11|Multiplier:u3|FAdder_32bit:u5|FAdder:u0|FAdder_4bit:u1|FAdder_1bit:u3|s~0         ; 1                 ; 0       ;
;      - binconv:a11|bin[15]~0                                                                         ; 1                 ; 0       ;
;      - binconv:a11|FAdder:u7|FAdder_4bit:u3|FAdder_1bit:u1|s~0                                       ; 1                 ; 0       ;
;      - binconv:a11|Multiplier:u3|FAdder_32bit:u7|FAdder:u0|FAdder_4bit:u3|FAdder_1bit:u1|s~0         ; 1                 ; 0       ;
;      - oa~0                                                                                          ; 1                 ; 0       ;
;      - os~0                                                                                          ; 1                 ; 0       ;
; a[8]                                                                                                 ;                   ;         ;
;      - binconv:a11|Multiplier:u2|FAdder_32bit:u5|FAdder:u0|FAdder_4bit:u2|FAdder_1bit:u0|s~0         ; 1                 ; 0       ;
;      - binconv:a11|Multiplier:u2|FAdder_32bit:u5|FAdder:u0|FAdder_4bit:u1|FAdder_1bit:u3|s~0         ; 1                 ; 0       ;
;      - binconv:a11|FAdder:u6|FAdder_4bit:u0|FAdder_1bit:u2|co~0                                      ; 1                 ; 0       ;
;      - binconv:a11|Multiplier:u2|FAdder_32bit:u5|FAdder:u0|FAdder_4bit:u1|FAdder_1bit:u1|s           ; 1                 ; 0       ;
;      - binconv:a11|Multiplier:u2|FAdder_32bit:u5|FAdder:u0|FAdder_4bit:u1|FAdder_1bit:u2|s~0         ; 1                 ; 0       ;
;      - binconv:a11|Multiplier:u2|Mul_4bit:u2|altAdder:u5|FAdder:u1|FAdder_4bit:u0|FAdder_1bit:u3|s~0 ; 1                 ; 0       ;
;      - binconv:a11|Multiplier:u2|FAdder_32bit:u5|FAdder:u0|FAdder_4bit:u2|FAdder_1bit:u2|s~0         ; 1                 ; 0       ;
;      - binconv:a11|FAdder:u6|FAdder_4bit:u0|FAdder_1bit:u2|s                                         ; 1                 ; 0       ;
; a[9]                                                                                                 ;                   ;         ;
;      - binconv:a11|Multiplier:u2|FAdder_32bit:u5|FAdder:u0|FAdder_4bit:u2|FAdder_1bit:u0|s~0         ; 0                 ; 0       ;
;      - binconv:a11|Multiplier:u2|FAdder_32bit:u5|FAdder:u0|FAdder_4bit:u1|FAdder_1bit:u3|s~0         ; 0                 ; 0       ;
;      - binconv:a11|FAdder:u6|FAdder_4bit:u1|FAdder_1bit:u0|co                                        ; 0                 ; 0       ;
;      - binconv:a11|Multiplier:u2|FAdder_32bit:u5|FAdder:u0|FAdder_4bit:u1|FAdder_1bit:u2|s~0         ; 0                 ; 0       ;
;      - binconv:a11|Multiplier:u2|Mul_4bit:u2|altAdder:u5|FAdder:u1|FAdder_4bit:u0|FAdder_1bit:u3|s~0 ; 0                 ; 0       ;
;      - binconv:a11|Multiplier:u2|FAdder_32bit:u5|FAdder:u0|FAdder_4bit:u2|FAdder_1bit:u2|s~0         ; 0                 ; 0       ;
;      - binconv:a11|FAdder:u6|FAdder_4bit:u1|FAdder_1bit:u0|s                                         ; 0                 ; 0       ;
;      - binconv:a11|FAdder:u7|FAdder_4bit:u0|FAdder_1bit:u3|co~0                                      ; 0                 ; 0       ;
;      - binconv:a11|FAdder:u7|FAdder_4bit:u0|FAdder_1bit:u3|s                                         ; 0                 ; 0       ;
;      - binconv:a11|FAdder:u7|FAdder_4bit:u1|FAdder_1bit:u0|s~0                                       ; 0                 ; 0       ;
; a[10]                                                                                                ;                   ;         ;
;      - binconv:a11|Multiplier:u2|FAdder_32bit:u5|FAdder:u0|FAdder_4bit:u2|FAdder_1bit:u0|s~0         ; 0                 ; 0       ;
;      - binconv:a11|Multiplier:u2|FAdder_32bit:u5|FAdder:u0|FAdder_4bit:u1|FAdder_1bit:u3|s~0         ; 0                 ; 0       ;
;      - binconv:a11|FAdder:u6|FAdder_4bit:u1|FAdder_1bit:u0|co                                        ; 0                 ; 0       ;
;      - binconv:a11|Multiplier:u2|Mul_4bit:u2|altAdder:u5|FAdder:u1|FAdder_4bit:u0|FAdder_1bit:u3|s~0 ; 0                 ; 0       ;
;      - binconv:a11|Multiplier:u2|FAdder_32bit:u5|FAdder:u0|FAdder_4bit:u2|FAdder_1bit:u2|s~0         ; 0                 ; 0       ;
;      - binconv:a11|FAdder:u6|FAdder_4bit:u1|FAdder_1bit:u0|s                                         ; 0                 ; 0       ;
; a[11]                                                                                                ;                   ;         ;
;      - binconv:a11|Multiplier:u2|FAdder_32bit:u5|FAdder:u0|FAdder_4bit:u2|FAdder_1bit:u0|s~0         ; 0                 ; 0       ;
;      - binconv:a11|Multiplier:u2|FAdder_32bit:u5|FAdder:u0|FAdder_4bit:u1|FAdder_1bit:u3|s~0         ; 0                 ; 0       ;
;      - binconv:a11|Multiplier:u2|FAdder_32bit:u5|FAdder:u0|FAdder_4bit:u1|FAdder_1bit:u1|s           ; 0                 ; 0       ;
;      - binconv:a11|Multiplier:u2|FAdder_32bit:u5|FAdder:u0|FAdder_4bit:u1|FAdder_1bit:u2|s~0         ; 0                 ; 0       ;
;      - binconv:a11|Multiplier:u2|Mul_4bit:u2|altAdder:u5|FAdder:u1|FAdder_4bit:u0|FAdder_1bit:u3|s~0 ; 0                 ; 0       ;
;      - binconv:a11|Multiplier:u2|FAdder_32bit:u5|FAdder:u0|FAdder_4bit:u2|FAdder_1bit:u2|s~0         ; 0                 ; 0       ;
; a[4]                                                                                                 ;                   ;         ;
;      - binconv:a11|FAdder:u5|FAdder_4bit:u1|FAdder_1bit:u3|s~0                                       ; 1                 ; 0       ;
;      - binconv:a11|FAdder:u5|FAdder_4bit:u0|FAdder_1bit:u3|s                                         ; 1                 ; 0       ;
;      - binconv:a11|FAdder:u6|FAdder_4bit:u0|FAdder_1bit:u2|co~0                                      ; 1                 ; 0       ;
;      - binconv:a11|Multiplier:u1|Mul_4bit:u1|altAdder:u7|FAdder:u1|FAdder_4bit:u0|FAdder_1bit:u1|s   ; 1                 ; 0       ;
;      - binconv:a11|FAdder:u5|FAdder_4bit:u0|FAdder_1bit:u3|co                                        ; 1                 ; 0       ;
;      - binconv:a11|FAdder:u5|FAdder_4bit:u1|FAdder_1bit:u1|s~0                                       ; 1                 ; 0       ;
;      - binconv:a11|FAdder:u5|FAdder_4bit:u1|FAdder_1bit:u2|s~0                                       ; 1                 ; 0       ;
;      - binconv:a11|FAdder:u6|FAdder_4bit:u1|FAdder_1bit:u1|s~0                                       ; 1                 ; 0       ;
;      - binconv:a11|FAdder:u9|FAdder_4bit:u0|FAdder_1bit:u1|co~0                                      ; 1                 ; 0       ;
;      - binconv:a11|FAdder:u6|FAdder_4bit:u0|FAdder_1bit:u2|s                                         ; 1                 ; 0       ;
;      - binconv:a11|bin[1]~15                                                                         ; 1                 ; 0       ;
; a[5]                                                                                                 ;                   ;         ;
;      - binconv:a11|FAdder:u5|FAdder_4bit:u1|FAdder_1bit:u3|s~0                                       ; 1                 ; 0       ;
;      - binconv:a11|FAdder:u5|FAdder_4bit:u0|FAdder_1bit:u3|s                                         ; 1                 ; 0       ;
;      - binconv:a11|FAdder:u6|FAdder_4bit:u0|FAdder_1bit:u2|co~0                                      ; 1                 ; 0       ;
;      - binconv:a11|Multiplier:u1|Mul_4bit:u1|altAdder:u7|FAdder:u1|FAdder_4bit:u0|FAdder_1bit:u1|s   ; 1                 ; 0       ;
;      - binconv:a11|FAdder:u5|FAdder_4bit:u0|FAdder_1bit:u3|co                                        ; 1                 ; 0       ;
;      - binconv:a11|FAdder:u5|FAdder_4bit:u1|FAdder_1bit:u1|s~0                                       ; 1                 ; 0       ;
;      - binconv:a11|FAdder:u5|FAdder_4bit:u1|FAdder_1bit:u2|s~0                                       ; 1                 ; 0       ;
;      - binconv:a11|FAdder:u6|FAdder_4bit:u1|FAdder_1bit:u1|s~0                                       ; 1                 ; 0       ;
;      - binconv:a11|FAdder:u6|FAdder_4bit:u0|FAdder_1bit:u2|s                                         ; 1                 ; 0       ;
; a[3]                                                                                                 ;                   ;         ;
;      - binconv:a11|FAdder:u5|FAdder_4bit:u1|FAdder_1bit:u3|s~0                                       ; 0                 ; 0       ;
;      - binconv:a11|FAdder:u5|FAdder_4bit:u0|FAdder_1bit:u3|s                                         ; 0                 ; 0       ;
;      - binconv:a11|FAdder:u5|FAdder_4bit:u0|FAdder_1bit:u3|co                                        ; 0                 ; 0       ;
; a[6]                                                                                                 ;                   ;         ;
;      - binconv:a11|FAdder:u5|FAdder_4bit:u1|FAdder_1bit:u3|s~0                                       ; 1                 ; 0       ;
;      - binconv:a11|FAdder:u5|FAdder_4bit:u0|FAdder_1bit:u3|s                                         ; 1                 ; 0       ;
;      - binconv:a11|Multiplier:u1|Mul_4bit:u1|altAdder:u7|FAdder:u1|FAdder_4bit:u0|FAdder_1bit:u1|s   ; 1                 ; 0       ;
;      - binconv:a11|FAdder:u5|FAdder_4bit:u0|FAdder_1bit:u3|co                                        ; 1                 ; 0       ;
;      - binconv:a11|FAdder:u5|FAdder_4bit:u1|FAdder_1bit:u1|s~0                                       ; 1                 ; 0       ;
;      - binconv:a11|FAdder:u5|FAdder_4bit:u1|FAdder_1bit:u2|s~0                                       ; 1                 ; 0       ;
;      - binconv:a11|FAdder:u6|FAdder_4bit:u1|FAdder_1bit:u1|s~0                                       ; 1                 ; 0       ;
; a[7]                                                                                                 ;                   ;         ;
;      - binconv:a11|FAdder:u5|FAdder_4bit:u1|FAdder_1bit:u3|s~0                                       ; 0                 ; 0       ;
;      - binconv:a11|Multiplier:u1|Mul_4bit:u1|altAdder:u7|FAdder:u1|FAdder_4bit:u0|FAdder_1bit:u1|s   ; 0                 ; 0       ;
;      - binconv:a11|FAdder:u5|FAdder_4bit:u1|FAdder_1bit:u1|s~0                                       ; 0                 ; 0       ;
;      - binconv:a11|FAdder:u5|FAdder_4bit:u1|FAdder_1bit:u2|s~0                                       ; 0                 ; 0       ;
;      - binconv:a11|FAdder:u6|FAdder_4bit:u1|FAdder_1bit:u1|s~0                                       ; 0                 ; 0       ;
; a[1]                                                                                                 ;                   ;         ;
;      - binconv:a11|FAdder:u5|FAdder_4bit:u0|FAdder_1bit:u3|s                                         ; 0                 ; 0       ;
;      - binconv:a11|FAdder:u6|FAdder_4bit:u0|FAdder_1bit:u2|co~0                                      ; 0                 ; 0       ;
;      - binconv:a11|FAdder:u5|FAdder_4bit:u0|FAdder_1bit:u3|co                                        ; 0                 ; 0       ;
;      - binconv:a11|FAdder:u9|FAdder_4bit:u0|FAdder_1bit:u1|co~0                                      ; 0                 ; 0       ;
;      - binconv:a11|FAdder:u6|FAdder_4bit:u0|FAdder_1bit:u2|s                                         ; 0                 ; 0       ;
;      - binconv:a11|bin[1]~15                                                                         ; 0                 ; 0       ;
; a[2]                                                                                                 ;                   ;         ;
;      - binconv:a11|FAdder:u5|FAdder_4bit:u0|FAdder_1bit:u3|s                                         ; 1                 ; 0       ;
;      - binconv:a11|FAdder:u6|FAdder_4bit:u0|FAdder_1bit:u2|co~0                                      ; 1                 ; 0       ;
;      - binconv:a11|FAdder:u5|FAdder_4bit:u0|FAdder_1bit:u3|co                                        ; 1                 ; 0       ;
;      - binconv:a11|FAdder:u6|FAdder_4bit:u0|FAdder_1bit:u2|s                                         ; 1                 ; 0       ;
+------------------------------------------------------------------------------------------------------+-------------------+---------+


+-------------------------------------------------------------------------+
; Routing Usage Summary                                                   ;
+---------------------------------------------+---------------------------+
; Routing Resource Type                       ; Usage                     ;
+---------------------------------------------+---------------------------+
; Block interconnects                         ; 2,230 / 289,320 ( < 1 % ) ;
; C12 interconnects                           ; 9 / 13,420 ( < 1 % )      ;
; C2 interconnects                            ; 505 / 119,108 ( < 1 % )   ;
; C4 interconnects                            ; 262 / 56,300 ( < 1 % )    ;
; DQS bus muxes                               ; 0 / 25 ( 0 % )            ;
; DQS-18 I/O buses                            ; 0 / 25 ( 0 % )            ;
; DQS-9 I/O buses                             ; 0 / 25 ( 0 % )            ;
; Direct links                                ; 333 / 289,320 ( < 1 % )   ;
; Global clocks                               ; 0 / 16 ( 0 % )            ;
; HPS SDRAM PLL inputs                        ; 0 / 1 ( 0 % )             ;
; HPS SDRAM PLL outputs                       ; 0 / 1 ( 0 % )             ;
; HPS_INTERFACE_BOOT_FROM_FPGA_INPUTs         ; 0 / 9 ( 0 % )             ;
; HPS_INTERFACE_CLOCKS_RESETS_INPUTs          ; 0 / 7 ( 0 % )             ;
; HPS_INTERFACE_CLOCKS_RESETS_OUTPUTs         ; 0 / 6 ( 0 % )             ;
; HPS_INTERFACE_CROSS_TRIGGER_INPUTs          ; 0 / 18 ( 0 % )            ;
; HPS_INTERFACE_CROSS_TRIGGER_OUTPUTs         ; 0 / 24 ( 0 % )            ;
; HPS_INTERFACE_DBG_APB_INPUTs                ; 0 / 37 ( 0 % )            ;
; HPS_INTERFACE_DBG_APB_OUTPUTs               ; 0 / 55 ( 0 % )            ;
; HPS_INTERFACE_DMA_INPUTs                    ; 0 / 16 ( 0 % )            ;
; HPS_INTERFACE_DMA_OUTPUTs                   ; 0 / 8 ( 0 % )             ;
; HPS_INTERFACE_FPGA2HPS_INPUTs               ; 0 / 287 ( 0 % )           ;
; HPS_INTERFACE_FPGA2HPS_OUTPUTs              ; 0 / 154 ( 0 % )           ;
; HPS_INTERFACE_FPGA2SDRAM_INPUTs             ; 0 / 852 ( 0 % )           ;
; HPS_INTERFACE_FPGA2SDRAM_OUTPUTs            ; 0 / 408 ( 0 % )           ;
; HPS_INTERFACE_HPS2FPGA_INPUTs               ; 0 / 165 ( 0 % )           ;
; HPS_INTERFACE_HPS2FPGA_LIGHT_WEIGHT_INPUTs  ; 0 / 67 ( 0 % )            ;
; HPS_INTERFACE_HPS2FPGA_LIGHT_WEIGHT_OUTPUTs ; 0 / 156 ( 0 % )           ;
; HPS_INTERFACE_HPS2FPGA_OUTPUTs              ; 0 / 282 ( 0 % )           ;
; HPS_INTERFACE_INTERRUPTS_INPUTs             ; 0 / 64 ( 0 % )            ;
; HPS_INTERFACE_INTERRUPTS_OUTPUTs            ; 0 / 42 ( 0 % )            ;
; HPS_INTERFACE_JTAG_OUTPUTs                  ; 0 / 5 ( 0 % )             ;
; HPS_INTERFACE_LOAN_IO_INPUTs                ; 0 / 142 ( 0 % )           ;
; HPS_INTERFACE_LOAN_IO_OUTPUTs               ; 0 / 85 ( 0 % )            ;
; HPS_INTERFACE_MPU_EVENT_STANDBY_INPUTs      ; 0 / 1 ( 0 % )             ;
; HPS_INTERFACE_MPU_EVENT_STANDBY_OUTPUTs     ; 0 / 5 ( 0 % )             ;
; HPS_INTERFACE_MPU_GENERAL_PURPOSE_INPUTs    ; 0 / 32 ( 0 % )            ;
; HPS_INTERFACE_MPU_GENERAL_PURPOSE_OUTPUTs   ; 0 / 32 ( 0 % )            ;
; HPS_INTERFACE_PERIPHERAL_CAN_INPUTs         ; 0 / 2 ( 0 % )             ;
; HPS_INTERFACE_PERIPHERAL_CAN_OUTPUTs        ; 0 / 2 ( 0 % )             ;
; HPS_INTERFACE_PERIPHERAL_EMAC_INPUTs        ; 0 / 32 ( 0 % )            ;
; HPS_INTERFACE_PERIPHERAL_EMAC_OUTPUTs       ; 0 / 34 ( 0 % )            ;
; HPS_INTERFACE_PERIPHERAL_I2C_INPUTs         ; 0 / 8 ( 0 % )             ;
; HPS_INTERFACE_PERIPHERAL_I2C_OUTPUTs        ; 0 / 8 ( 0 % )             ;
; HPS_INTERFACE_PERIPHERAL_NAND_INPUTs        ; 0 / 12 ( 0 % )            ;
; HPS_INTERFACE_PERIPHERAL_NAND_OUTPUTs       ; 0 / 18 ( 0 % )            ;
; HPS_INTERFACE_PERIPHERAL_QSPI_INPUTs        ; 0 / 4 ( 0 % )             ;
; HPS_INTERFACE_PERIPHERAL_QSPI_OUTPUTs       ; 0 / 13 ( 0 % )            ;
; HPS_INTERFACE_PERIPHERAL_SDMMC_INPUTs       ; 0 / 13 ( 0 % )            ;
; HPS_INTERFACE_PERIPHERAL_SDMMC_OUTPUTs      ; 0 / 22 ( 0 % )            ;
; HPS_INTERFACE_PERIPHERAL_SPI_MASTER_INPUTs  ; 0 / 4 ( 0 % )             ;
; HPS_INTERFACE_PERIPHERAL_SPI_MASTER_OUTPUTs ; 0 / 14 ( 0 % )            ;
; HPS_INTERFACE_PERIPHERAL_SPI_SLAVE_INPUTs   ; 0 / 6 ( 0 % )             ;
; HPS_INTERFACE_PERIPHERAL_SPI_SLAVE_OUTPUTs  ; 0 / 4 ( 0 % )             ;
; HPS_INTERFACE_PERIPHERAL_UART_INPUTs        ; 0 / 10 ( 0 % )            ;
; HPS_INTERFACE_PERIPHERAL_UART_OUTPUTs       ; 0 / 10 ( 0 % )            ;
; HPS_INTERFACE_PERIPHERAL_USB_INPUTs         ; 0 / 22 ( 0 % )            ;
; HPS_INTERFACE_PERIPHERAL_USB_OUTPUTs        ; 0 / 34 ( 0 % )            ;
; HPS_INTERFACE_STM_EVENT_INPUTs              ; 0 / 28 ( 0 % )            ;
; HPS_INTERFACE_TEST_INPUTs                   ; 0 / 610 ( 0 % )           ;
; HPS_INTERFACE_TEST_OUTPUTs                  ; 0 / 513 ( 0 % )           ;
; HPS_INTERFACE_TPIU_TRACE_INPUTs             ; 0 / 2 ( 0 % )             ;
; HPS_INTERFACE_TPIU_TRACE_OUTPUTs            ; 0 / 33 ( 0 % )            ;
; Horizontal periphery clocks                 ; 0 / 72 ( 0 % )            ;
; Local interconnects                         ; 767 / 84,580 ( < 1 % )    ;
; Quadrant clocks                             ; 0 / 66 ( 0 % )            ;
; R14 interconnects                           ; 70 / 12,676 ( < 1 % )     ;
; R14/C12 interconnect drivers                ; 69 / 20,720 ( < 1 % )     ;
; R3 interconnects                            ; 798 / 130,992 ( < 1 % )   ;
; R6 interconnects                            ; 1,017 / 266,960 ( < 1 % ) ;
; Spine clocks                                ; 0 / 360 ( 0 % )           ;
; Wire stub REs                               ; 0 / 15,858 ( 0 % )        ;
+---------------------------------------------+---------------------------+


+------------------------------------------+
; I/O Rules Summary                        ;
+----------------------------------+-------+
; I/O Rules Statistic              ; Total ;
+----------------------------------+-------+
; Total I/O Rules                  ; 28    ;
; Number of I/O Rules Passed       ; 6     ;
; Number of I/O Rules Failed       ; 0     ;
; Number of I/O Rules Unchecked    ; 0     ;
; Number of I/O Rules Inapplicable ; 22    ;
+----------------------------------+-------+


+-----------------------------------------------------------------------------------------------------------------------------------------------------------------------------------------------------------------------------------------------------------------------------------+
; I/O Rules Details                                                                                                                                                                                                                                                                 ;
+--------------+-----------+-----------------------------------+------------------------------------------------------------------------------------+----------+--------------------------------------------------------------------------+---------------------+-------------------+
; Status       ; ID        ; Category                          ; Rule Description                                                                   ; Severity ; Information                                                              ; Area                ; Extra Information ;
+--------------+-----------+-----------------------------------+------------------------------------------------------------------------------------+----------+--------------------------------------------------------------------------+---------------------+-------------------+
; Inapplicable ; IO_000001 ; Capacity Checks                   ; Number of pins in an I/O bank should not exceed the number of locations available. ; Critical ; No Location assignments found.                                           ; I/O                 ;                   ;
; Inapplicable ; IO_000002 ; Capacity Checks                   ; Number of clocks in an I/O bank should not exceed the number of clocks available.  ; Critical ; No Global Signal assignments found.                                      ; I/O                 ;                   ;
; Inapplicable ; IO_000003 ; Capacity Checks                   ; Number of pins in a Vrefgroup should not exceed the number of locations available. ; Critical ; No Location assignments found.                                           ; I/O                 ;                   ;
; Inapplicable ; IO_000004 ; Voltage Compatibility Checks      ; The I/O bank should support the requested VCCIO.                                   ; Critical ; No IOBANK_VCCIO assignments found.                                       ; I/O                 ;                   ;
; Inapplicable ; IO_000005 ; Voltage Compatibility Checks      ; The I/O bank should not have competing VREF values.                                ; Critical ; No VREF I/O Standard assignments found.                                  ; I/O                 ;                   ;
; Pass         ; IO_000006 ; Voltage Compatibility Checks      ; The I/O bank should not have competing VCCIO values.                               ; Critical ; 0 such failures found.                                                   ; I/O                 ;                   ;
; Inapplicable ; IO_000007 ; Valid Location Checks             ; Checks for unavailable locations.                                                  ; Critical ; No Location assignments found.                                           ; I/O                 ;                   ;
; Inapplicable ; IO_000008 ; Valid Location Checks             ; Checks for reserved locations.                                                     ; Critical ; No reserved LogicLock region found.                                      ; I/O                 ;                   ;
; Pass         ; IO_000009 ; I/O Properties Checks for One I/O ; The location should support the requested I/O standard.                            ; Critical ; 0 such failures found.                                                   ; I/O                 ;                   ;
; Pass         ; IO_000010 ; I/O Properties Checks for One I/O ; The location should support the requested I/O direction.                           ; Critical ; 0 such failures found.                                                   ; I/O                 ;                   ;
; Inapplicable ; IO_000011 ; I/O Properties Checks for One I/O ; The location should support the requested Current Strength.                        ; Critical ; No Current Strength assignments found.                                   ; I/O                 ;                   ;
; Pass         ; IO_000012 ; I/O Properties Checks for One I/O ; The location should support the requested On Chip Termination value.               ; Critical ; 0 such failures found.                                                   ; I/O                 ;                   ;
; Inapplicable ; IO_000013 ; I/O Properties Checks for One I/O ; The location should support the requested Bus Hold value.                          ; Critical ; No Enable Bus-Hold Circuitry assignments found.                          ; I/O                 ;                   ;
; Inapplicable ; IO_000014 ; I/O Properties Checks for One I/O ; The location should support the requested Weak Pull Up value.                      ; Critical ; No Weak Pull-Up Resistor assignments found.                              ; I/O                 ;                   ;
; Inapplicable ; IO_000015 ; I/O Properties Checks for One I/O ; The location should support the requested PCI Clamp Diode.                         ; Critical ; No Clamping Diode assignments found.                                     ; I/O                 ;                   ;
; Inapplicable ; IO_000018 ; I/O Properties Checks for One I/O ; The I/O standard should support the requested Current Strength.                    ; Critical ; No Current Strength assignments found.                                   ; I/O                 ;                   ;
; Pass         ; IO_000019 ; I/O Properties Checks for One I/O ; The I/O standard should support the requested On Chip Termination value.           ; Critical ; 0 such failures found.                                                   ; I/O                 ;                   ;
; Inapplicable ; IO_000020 ; I/O Properties Checks for One I/O ; The I/O standard should support the requested PCI Clamp Diode.                     ; Critical ; No Clamping Diode assignments found.                                     ; I/O                 ;                   ;
; Inapplicable ; IO_000021 ; I/O Properties Checks for One I/O ; The I/O standard should support the requested Weak Pull Up value.                  ; Critical ; No Weak Pull-Up Resistor assignments found.                              ; I/O                 ;                   ;
; Inapplicable ; IO_000022 ; I/O Properties Checks for One I/O ; The I/O standard should support the requested Bus Hold value.                      ; Critical ; No Enable Bus-Hold Circuitry assignments found.                          ; I/O                 ;                   ;
; Inapplicable ; IO_000023 ; I/O Properties Checks for One I/O ; The I/O standard should support the Open Drain value.                              ; Critical ; No open drain assignments found.                                         ; I/O                 ;                   ;
; Pass         ; IO_000024 ; I/O Properties Checks for One I/O ; The I/O direction should support the On Chip Termination value.                    ; Critical ; 0 such failures found.                                                   ; I/O                 ;                   ;
; Inapplicable ; IO_000026 ; I/O Properties Checks for One I/O ; On Chip Termination and Current Strength should not be used at the same time.      ; Critical ; No Current Strength assignments found.                                   ; I/O                 ;                   ;
; Inapplicable ; IO_000027 ; I/O Properties Checks for One I/O ; Weak Pull Up and Bus Hold should not be used at the same time.                     ; Critical ; No Enable Bus-Hold Circuitry or Weak Pull-Up Resistor assignments found. ; I/O                 ;                   ;
; Inapplicable ; IO_000045 ; I/O Properties Checks for One I/O ; The I/O standard should support the requested Slew Rate value.                     ; Critical ; No Slew Rate assignments found.                                          ; I/O                 ;                   ;
; Inapplicable ; IO_000046 ; I/O Properties Checks for One I/O ; The location should support the requested Slew Rate value.                         ; Critical ; No Slew Rate assignments found.                                          ; I/O                 ;                   ;
; Inapplicable ; IO_000047 ; I/O Properties Checks for One I/O ; On Chip Termination and Slew Rate should not be used at the same time.             ; Critical ; No Slew Rate assignments found.                                          ; I/O                 ;                   ;
; Inapplicable ; IO_000034 ; SI Related Distance Checks        ; Single-ended outputs should be 0 LAB row(s) away from a differential I/O.          ; High     ; No Differential I/O Standard assignments found.                          ; I/O                 ;                   ;
; ----         ; ----      ; Disclaimer                        ; OCT rules are checked but not reported.                                            ; None     ; ----                                                                     ; On Chip Termination ;                   ;
+--------------+-----------+-----------------------------------+------------------------------------------------------------------------------------+----------+--------------------------------------------------------------------------+---------------------+-------------------+


+-----------------------------------------------------------------------------------------------------------------------------------------------------------------------------------------------------------------------------------------------------------------------------------------------------------------------------------------------------------------------------------------------------------------------------------------------+
; I/O Rules Matrix                                                                                                                                                                                                                                                                                                                                                                                                                              ;
+--------------------+--------------+--------------+--------------+--------------+--------------+-----------+--------------+--------------+-----------+-----------+--------------+--------------+--------------+--------------+--------------+--------------+--------------+--------------+--------------+--------------+--------------+--------------+--------------+--------------+--------------+--------------+--------------+--------------+
; Pin/Rules          ; IO_000001    ; IO_000002    ; IO_000003    ; IO_000004    ; IO_000005    ; IO_000006 ; IO_000007    ; IO_000008    ; IO_000009 ; IO_000010 ; IO_000011    ; IO_000012    ; IO_000013    ; IO_000014    ; IO_000015    ; IO_000018    ; IO_000019    ; IO_000020    ; IO_000021    ; IO_000022    ; IO_000023    ; IO_000024    ; IO_000026    ; IO_000027    ; IO_000045    ; IO_000046    ; IO_000047    ; IO_000034    ;
+--------------------+--------------+--------------+--------------+--------------+--------------+-----------+--------------+--------------+-----------+-----------+--------------+--------------+--------------+--------------+--------------+--------------+--------------+--------------+--------------+--------------+--------------+--------------+--------------+--------------+--------------+--------------+--------------+--------------+
; Total Pass         ; 0            ; 0            ; 0            ; 0            ; 0            ; 110       ; 0            ; 0            ; 110       ; 110       ; 0            ; 73           ; 0            ; 0            ; 0            ; 0            ; 73           ; 0            ; 0            ; 0            ; 0            ; 73           ; 0            ; 0            ; 0            ; 0            ; 0            ; 0            ;
; Total Unchecked    ; 0            ; 0            ; 0            ; 0            ; 0            ; 0         ; 0            ; 0            ; 0         ; 0         ; 0            ; 0            ; 0            ; 0            ; 0            ; 0            ; 0            ; 0            ; 0            ; 0            ; 0            ; 0            ; 0            ; 0            ; 0            ; 0            ; 0            ; 0            ;
; Total Inapplicable ; 110          ; 110          ; 110          ; 110          ; 110          ; 0         ; 110          ; 110          ; 0         ; 0         ; 110          ; 37           ; 110          ; 110          ; 110          ; 110          ; 37           ; 110          ; 110          ; 110          ; 110          ; 37           ; 110          ; 110          ; 110          ; 110          ; 110          ; 110          ;
; Total Fail         ; 0            ; 0            ; 0            ; 0            ; 0            ; 0         ; 0            ; 0            ; 0         ; 0         ; 0            ; 0            ; 0            ; 0            ; 0            ; 0            ; 0            ; 0            ; 0            ; 0            ; 0            ; 0            ; 0            ; 0            ; 0            ; 0            ; 0            ; 0            ;
; d0[0]              ; Inapplicable ; Inapplicable ; Inapplicable ; Inapplicable ; Inapplicable ; Pass      ; Inapplicable ; Inapplicable ; Pass      ; Pass      ; Inapplicable ; Pass         ; Inapplicable ; Inapplicable ; Inapplicable ; Inapplicable ; Pass         ; Inapplicable ; Inapplicable ; Inapplicable ; Inapplicable ; Pass         ; Inapplicable ; Inapplicable ; Inapplicable ; Inapplicable ; Inapplicable ; Inapplicable ;
; d0[1]              ; Inapplicable ; Inapplicable ; Inapplicable ; Inapplicable ; Inapplicable ; Pass      ; Inapplicable ; Inapplicable ; Pass      ; Pass      ; Inapplicable ; Pass         ; Inapplicable ; Inapplicable ; Inapplicable ; Inapplicable ; Pass         ; Inapplicable ; Inapplicable ; Inapplicable ; Inapplicable ; Pass         ; Inapplicable ; Inapplicable ; Inapplicable ; Inapplicable ; Inapplicable ; Inapplicable ;
; d0[2]              ; Inapplicable ; Inapplicable ; Inapplicable ; Inapplicable ; Inapplicable ; Pass      ; Inapplicable ; Inapplicable ; Pass      ; Pass      ; Inapplicable ; Pass         ; Inapplicable ; Inapplicable ; Inapplicable ; Inapplicable ; Pass         ; Inapplicable ; Inapplicable ; Inapplicable ; Inapplicable ; Pass         ; Inapplicable ; Inapplicable ; Inapplicable ; Inapplicable ; Inapplicable ; Inapplicable ;
; d0[3]              ; Inapplicable ; Inapplicable ; Inapplicable ; Inapplicable ; Inapplicable ; Pass      ; Inapplicable ; Inapplicable ; Pass      ; Pass      ; Inapplicable ; Pass         ; Inapplicable ; Inapplicable ; Inapplicable ; Inapplicable ; Pass         ; Inapplicable ; Inapplicable ; Inapplicable ; Inapplicable ; Pass         ; Inapplicable ; Inapplicable ; Inapplicable ; Inapplicable ; Inapplicable ; Inapplicable ;
; d1[0]              ; Inapplicable ; Inapplicable ; Inapplicable ; Inapplicable ; Inapplicable ; Pass      ; Inapplicable ; Inapplicable ; Pass      ; Pass      ; Inapplicable ; Pass         ; Inapplicable ; Inapplicable ; Inapplicable ; Inapplicable ; Pass         ; Inapplicable ; Inapplicable ; Inapplicable ; Inapplicable ; Pass         ; Inapplicable ; Inapplicable ; Inapplicable ; Inapplicable ; Inapplicable ; Inapplicable ;
; d1[1]              ; Inapplicable ; Inapplicable ; Inapplicable ; Inapplicable ; Inapplicable ; Pass      ; Inapplicable ; Inapplicable ; Pass      ; Pass      ; Inapplicable ; Pass         ; Inapplicable ; Inapplicable ; Inapplicable ; Inapplicable ; Pass         ; Inapplicable ; Inapplicable ; Inapplicable ; Inapplicable ; Pass         ; Inapplicable ; Inapplicable ; Inapplicable ; Inapplicable ; Inapplicable ; Inapplicable ;
; d1[2]              ; Inapplicable ; Inapplicable ; Inapplicable ; Inapplicable ; Inapplicable ; Pass      ; Inapplicable ; Inapplicable ; Pass      ; Pass      ; Inapplicable ; Pass         ; Inapplicable ; Inapplicable ; Inapplicable ; Inapplicable ; Pass         ; Inapplicable ; Inapplicable ; Inapplicable ; Inapplicable ; Pass         ; Inapplicable ; Inapplicable ; Inapplicable ; Inapplicable ; Inapplicable ; Inapplicable ;
; d1[3]              ; Inapplicable ; Inapplicable ; Inapplicable ; Inapplicable ; Inapplicable ; Pass      ; Inapplicable ; Inapplicable ; Pass      ; Pass      ; Inapplicable ; Pass         ; Inapplicable ; Inapplicable ; Inapplicable ; Inapplicable ; Pass         ; Inapplicable ; Inapplicable ; Inapplicable ; Inapplicable ; Pass         ; Inapplicable ; Inapplicable ; Inapplicable ; Inapplicable ; Inapplicable ; Inapplicable ;
; d2[0]              ; Inapplicable ; Inapplicable ; Inapplicable ; Inapplicable ; Inapplicable ; Pass      ; Inapplicable ; Inapplicable ; Pass      ; Pass      ; Inapplicable ; Pass         ; Inapplicable ; Inapplicable ; Inapplicable ; Inapplicable ; Pass         ; Inapplicable ; Inapplicable ; Inapplicable ; Inapplicable ; Pass         ; Inapplicable ; Inapplicable ; Inapplicable ; Inapplicable ; Inapplicable ; Inapplicable ;
; d2[1]              ; Inapplicable ; Inapplicable ; Inapplicable ; Inapplicable ; Inapplicable ; Pass      ; Inapplicable ; Inapplicable ; Pass      ; Pass      ; Inapplicable ; Pass         ; Inapplicable ; Inapplicable ; Inapplicable ; Inapplicable ; Pass         ; Inapplicable ; Inapplicable ; Inapplicable ; Inapplicable ; Pass         ; Inapplicable ; Inapplicable ; Inapplicable ; Inapplicable ; Inapplicable ; Inapplicable ;
; d2[2]              ; Inapplicable ; Inapplicable ; Inapplicable ; Inapplicable ; Inapplicable ; Pass      ; Inapplicable ; Inapplicable ; Pass      ; Pass      ; Inapplicable ; Pass         ; Inapplicable ; Inapplicable ; Inapplicable ; Inapplicable ; Pass         ; Inapplicable ; Inapplicable ; Inapplicable ; Inapplicable ; Pass         ; Inapplicable ; Inapplicable ; Inapplicable ; Inapplicable ; Inapplicable ; Inapplicable ;
; d2[3]              ; Inapplicable ; Inapplicable ; Inapplicable ; Inapplicable ; Inapplicable ; Pass      ; Inapplicable ; Inapplicable ; Pass      ; Pass      ; Inapplicable ; Pass         ; Inapplicable ; Inapplicable ; Inapplicable ; Inapplicable ; Pass         ; Inapplicable ; Inapplicable ; Inapplicable ; Inapplicable ; Pass         ; Inapplicable ; Inapplicable ; Inapplicable ; Inapplicable ; Inapplicable ; Inapplicable ;
; d3[0]              ; Inapplicable ; Inapplicable ; Inapplicable ; Inapplicable ; Inapplicable ; Pass      ; Inapplicable ; Inapplicable ; Pass      ; Pass      ; Inapplicable ; Pass         ; Inapplicable ; Inapplicable ; Inapplicable ; Inapplicable ; Pass         ; Inapplicable ; Inapplicable ; Inapplicable ; Inapplicable ; Pass         ; Inapplicable ; Inapplicable ; Inapplicable ; Inapplicable ; Inapplicable ; Inapplicable ;
; d3[1]              ; Inapplicable ; Inapplicable ; Inapplicable ; Inapplicable ; Inapplicable ; Pass      ; Inapplicable ; Inapplicable ; Pass      ; Pass      ; Inapplicable ; Pass         ; Inapplicable ; Inapplicable ; Inapplicable ; Inapplicable ; Pass         ; Inapplicable ; Inapplicable ; Inapplicable ; Inapplicable ; Pass         ; Inapplicable ; Inapplicable ; Inapplicable ; Inapplicable ; Inapplicable ; Inapplicable ;
; d3[2]              ; Inapplicable ; Inapplicable ; Inapplicable ; Inapplicable ; Inapplicable ; Pass      ; Inapplicable ; Inapplicable ; Pass      ; Pass      ; Inapplicable ; Pass         ; Inapplicable ; Inapplicable ; Inapplicable ; Inapplicable ; Pass         ; Inapplicable ; Inapplicable ; Inapplicable ; Inapplicable ; Pass         ; Inapplicable ; Inapplicable ; Inapplicable ; Inapplicable ; Inapplicable ; Inapplicable ;
; d3[3]              ; Inapplicable ; Inapplicable ; Inapplicable ; Inapplicable ; Inapplicable ; Pass      ; Inapplicable ; Inapplicable ; Pass      ; Pass      ; Inapplicable ; Pass         ; Inapplicable ; Inapplicable ; Inapplicable ; Inapplicable ; Pass         ; Inapplicable ; Inapplicable ; Inapplicable ; Inapplicable ; Pass         ; Inapplicable ; Inapplicable ; Inapplicable ; Inapplicable ; Inapplicable ; Inapplicable ;
; d4[0]              ; Inapplicable ; Inapplicable ; Inapplicable ; Inapplicable ; Inapplicable ; Pass      ; Inapplicable ; Inapplicable ; Pass      ; Pass      ; Inapplicable ; Pass         ; Inapplicable ; Inapplicable ; Inapplicable ; Inapplicable ; Pass         ; Inapplicable ; Inapplicable ; Inapplicable ; Inapplicable ; Pass         ; Inapplicable ; Inapplicable ; Inapplicable ; Inapplicable ; Inapplicable ; Inapplicable ;
; d4[1]              ; Inapplicable ; Inapplicable ; Inapplicable ; Inapplicable ; Inapplicable ; Pass      ; Inapplicable ; Inapplicable ; Pass      ; Pass      ; Inapplicable ; Pass         ; Inapplicable ; Inapplicable ; Inapplicable ; Inapplicable ; Pass         ; Inapplicable ; Inapplicable ; Inapplicable ; Inapplicable ; Pass         ; Inapplicable ; Inapplicable ; Inapplicable ; Inapplicable ; Inapplicable ; Inapplicable ;
; d4[2]              ; Inapplicable ; Inapplicable ; Inapplicable ; Inapplicable ; Inapplicable ; Pass      ; Inapplicable ; Inapplicable ; Pass      ; Pass      ; Inapplicable ; Pass         ; Inapplicable ; Inapplicable ; Inapplicable ; Inapplicable ; Pass         ; Inapplicable ; Inapplicable ; Inapplicable ; Inapplicable ; Pass         ; Inapplicable ; Inapplicable ; Inapplicable ; Inapplicable ; Inapplicable ; Inapplicable ;
; d4[3]              ; Inapplicable ; Inapplicable ; Inapplicable ; Inapplicable ; Inapplicable ; Pass      ; Inapplicable ; Inapplicable ; Pass      ; Pass      ; Inapplicable ; Pass         ; Inapplicable ; Inapplicable ; Inapplicable ; Inapplicable ; Pass         ; Inapplicable ; Inapplicable ; Inapplicable ; Inapplicable ; Pass         ; Inapplicable ; Inapplicable ; Inapplicable ; Inapplicable ; Inapplicable ; Inapplicable ;
; flags[0]           ; Inapplicable ; Inapplicable ; Inapplicable ; Inapplicable ; Inapplicable ; Pass      ; Inapplicable ; Inapplicable ; Pass      ; Pass      ; Inapplicable ; Pass         ; Inapplicable ; Inapplicable ; Inapplicable ; Inapplicable ; Pass         ; Inapplicable ; Inapplicable ; Inapplicable ; Inapplicable ; Pass         ; Inapplicable ; Inapplicable ; Inapplicable ; Inapplicable ; Inapplicable ; Inapplicable ;
; flags[1]           ; Inapplicable ; Inapplicable ; Inapplicable ; Inapplicable ; Inapplicable ; Pass      ; Inapplicable ; Inapplicable ; Pass      ; Pass      ; Inapplicable ; Pass         ; Inapplicable ; Inapplicable ; Inapplicable ; Inapplicable ; Pass         ; Inapplicable ; Inapplicable ; Inapplicable ; Inapplicable ; Pass         ; Inapplicable ; Inapplicable ; Inapplicable ; Inapplicable ; Inapplicable ; Inapplicable ;
; flags[2]           ; Inapplicable ; Inapplicable ; Inapplicable ; Inapplicable ; Inapplicable ; Pass      ; Inapplicable ; Inapplicable ; Pass      ; Pass      ; Inapplicable ; Pass         ; Inapplicable ; Inapplicable ; Inapplicable ; Inapplicable ; Pass         ; Inapplicable ; Inapplicable ; Inapplicable ; Inapplicable ; Pass         ; Inapplicable ; Inapplicable ; Inapplicable ; Inapplicable ; Inapplicable ; Inapplicable ;
; flags[3]           ; Inapplicable ; Inapplicable ; Inapplicable ; Inapplicable ; Inapplicable ; Pass      ; Inapplicable ; Inapplicable ; Pass      ; Pass      ; Inapplicable ; Pass         ; Inapplicable ; Inapplicable ; Inapplicable ; Inapplicable ; Pass         ; Inapplicable ; Inapplicable ; Inapplicable ; Inapplicable ; Pass         ; Inapplicable ; Inapplicable ; Inapplicable ; Inapplicable ; Inapplicable ; Inapplicable ;
; aaa[0]             ; Inapplicable ; Inapplicable ; Inapplicable ; Inapplicable ; Inapplicable ; Pass      ; Inapplicable ; Inapplicable ; Pass      ; Pass      ; Inapplicable ; Pass         ; Inapplicable ; Inapplicable ; Inapplicable ; Inapplicable ; Pass         ; Inapplicable ; Inapplicable ; Inapplicable ; Inapplicable ; Pass         ; Inapplicable ; Inapplicable ; Inapplicable ; Inapplicable ; Inapplicable ; Inapplicable ;
; aaa[1]             ; Inapplicable ; Inapplicable ; Inapplicable ; Inapplicable ; Inapplicable ; Pass      ; Inapplicable ; Inapplicable ; Pass      ; Pass      ; Inapplicable ; Pass         ; Inapplicable ; Inapplicable ; Inapplicable ; Inapplicable ; Pass         ; Inapplicable ; Inapplicable ; Inapplicable ; Inapplicable ; Pass         ; Inapplicable ; Inapplicable ; Inapplicable ; Inapplicable ; Inapplicable ; Inapplicable ;
; aaa[2]             ; Inapplicable ; Inapplicable ; Inapplicable ; Inapplicable ; Inapplicable ; Pass      ; Inapplicable ; Inapplicable ; Pass      ; Pass      ; Inapplicable ; Pass         ; Inapplicable ; Inapplicable ; Inapplicable ; Inapplicable ; Pass         ; Inapplicable ; Inapplicable ; Inapplicable ; Inapplicable ; Pass         ; Inapplicable ; Inapplicable ; Inapplicable ; Inapplicable ; Inapplicable ; Inapplicable ;
; aaa[3]             ; Inapplicable ; Inapplicable ; Inapplicable ; Inapplicable ; Inapplicable ; Pass      ; Inapplicable ; Inapplicable ; Pass      ; Pass      ; Inapplicable ; Pass         ; Inapplicable ; Inapplicable ; Inapplicable ; Inapplicable ; Pass         ; Inapplicable ; Inapplicable ; Inapplicable ; Inapplicable ; Pass         ; Inapplicable ; Inapplicable ; Inapplicable ; Inapplicable ; Inapplicable ; Inapplicable ;
; aaa[4]             ; Inapplicable ; Inapplicable ; Inapplicable ; Inapplicable ; Inapplicable ; Pass      ; Inapplicable ; Inapplicable ; Pass      ; Pass      ; Inapplicable ; Pass         ; Inapplicable ; Inapplicable ; Inapplicable ; Inapplicable ; Pass         ; Inapplicable ; Inapplicable ; Inapplicable ; Inapplicable ; Pass         ; Inapplicable ; Inapplicable ; Inapplicable ; Inapplicable ; Inapplicable ; Inapplicable ;
; aaa[5]             ; Inapplicable ; Inapplicable ; Inapplicable ; Inapplicable ; Inapplicable ; Pass      ; Inapplicable ; Inapplicable ; Pass      ; Pass      ; Inapplicable ; Pass         ; Inapplicable ; Inapplicable ; Inapplicable ; Inapplicable ; Pass         ; Inapplicable ; Inapplicable ; Inapplicable ; Inapplicable ; Pass         ; Inapplicable ; Inapplicable ; Inapplicable ; Inapplicable ; Inapplicable ; Inapplicable ;
; aaa[6]             ; Inapplicable ; Inapplicable ; Inapplicable ; Inapplicable ; Inapplicable ; Pass      ; Inapplicable ; Inapplicable ; Pass      ; Pass      ; Inapplicable ; Pass         ; Inapplicable ; Inapplicable ; Inapplicable ; Inapplicable ; Pass         ; Inapplicable ; Inapplicable ; Inapplicable ; Inapplicable ; Pass         ; Inapplicable ; Inapplicable ; Inapplicable ; Inapplicable ; Inapplicable ; Inapplicable ;
; aaa[7]             ; Inapplicable ; Inapplicable ; Inapplicable ; Inapplicable ; Inapplicable ; Pass      ; Inapplicable ; Inapplicable ; Pass      ; Pass      ; Inapplicable ; Pass         ; Inapplicable ; Inapplicable ; Inapplicable ; Inapplicable ; Pass         ; Inapplicable ; Inapplicable ; Inapplicable ; Inapplicable ; Pass         ; Inapplicable ; Inapplicable ; Inapplicable ; Inapplicable ; Inapplicable ; Inapplicable ;
; aaa[8]             ; Inapplicable ; Inapplicable ; Inapplicable ; Inapplicable ; Inapplicable ; Pass      ; Inapplicable ; Inapplicable ; Pass      ; Pass      ; Inapplicable ; Pass         ; Inapplicable ; Inapplicable ; Inapplicable ; Inapplicable ; Pass         ; Inapplicable ; Inapplicable ; Inapplicable ; Inapplicable ; Pass         ; Inapplicable ; Inapplicable ; Inapplicable ; Inapplicable ; Inapplicable ; Inapplicable ;
; aaa[9]             ; Inapplicable ; Inapplicable ; Inapplicable ; Inapplicable ; Inapplicable ; Pass      ; Inapplicable ; Inapplicable ; Pass      ; Pass      ; Inapplicable ; Pass         ; Inapplicable ; Inapplicable ; Inapplicable ; Inapplicable ; Pass         ; Inapplicable ; Inapplicable ; Inapplicable ; Inapplicable ; Pass         ; Inapplicable ; Inapplicable ; Inapplicable ; Inapplicable ; Inapplicable ; Inapplicable ;
; aaa[10]            ; Inapplicable ; Inapplicable ; Inapplicable ; Inapplicable ; Inapplicable ; Pass      ; Inapplicable ; Inapplicable ; Pass      ; Pass      ; Inapplicable ; Pass         ; Inapplicable ; Inapplicable ; Inapplicable ; Inapplicable ; Pass         ; Inapplicable ; Inapplicable ; Inapplicable ; Inapplicable ; Pass         ; Inapplicable ; Inapplicable ; Inapplicable ; Inapplicable ; Inapplicable ; Inapplicable ;
; aaa[11]            ; Inapplicable ; Inapplicable ; Inapplicable ; Inapplicable ; Inapplicable ; Pass      ; Inapplicable ; Inapplicable ; Pass      ; Pass      ; Inapplicable ; Pass         ; Inapplicable ; Inapplicable ; Inapplicable ; Inapplicable ; Pass         ; Inapplicable ; Inapplicable ; Inapplicable ; Inapplicable ; Pass         ; Inapplicable ; Inapplicable ; Inapplicable ; Inapplicable ; Inapplicable ; Inapplicable ;
; aaa[12]            ; Inapplicable ; Inapplicable ; Inapplicable ; Inapplicable ; Inapplicable ; Pass      ; Inapplicable ; Inapplicable ; Pass      ; Pass      ; Inapplicable ; Pass         ; Inapplicable ; Inapplicable ; Inapplicable ; Inapplicable ; Pass         ; Inapplicable ; Inapplicable ; Inapplicable ; Inapplicable ; Pass         ; Inapplicable ; Inapplicable ; Inapplicable ; Inapplicable ; Inapplicable ; Inapplicable ;
; aaa[13]            ; Inapplicable ; Inapplicable ; Inapplicable ; Inapplicable ; Inapplicable ; Pass      ; Inapplicable ; Inapplicable ; Pass      ; Pass      ; Inapplicable ; Pass         ; Inapplicable ; Inapplicable ; Inapplicable ; Inapplicable ; Pass         ; Inapplicable ; Inapplicable ; Inapplicable ; Inapplicable ; Pass         ; Inapplicable ; Inapplicable ; Inapplicable ; Inapplicable ; Inapplicable ; Inapplicable ;
; aaa[14]            ; Inapplicable ; Inapplicable ; Inapplicable ; Inapplicable ; Inapplicable ; Pass      ; Inapplicable ; Inapplicable ; Pass      ; Pass      ; Inapplicable ; Pass         ; Inapplicable ; Inapplicable ; Inapplicable ; Inapplicable ; Pass         ; Inapplicable ; Inapplicable ; Inapplicable ; Inapplicable ; Pass         ; Inapplicable ; Inapplicable ; Inapplicable ; Inapplicable ; Inapplicable ; Inapplicable ;
; aaa[15]            ; Inapplicable ; Inapplicable ; Inapplicable ; Inapplicable ; Inapplicable ; Pass      ; Inapplicable ; Inapplicable ; Pass      ; Pass      ; Inapplicable ; Pass         ; Inapplicable ; Inapplicable ; Inapplicable ; Inapplicable ; Pass         ; Inapplicable ; Inapplicable ; Inapplicable ; Inapplicable ; Pass         ; Inapplicable ; Inapplicable ; Inapplicable ; Inapplicable ; Inapplicable ; Inapplicable ;
; bbb[0]             ; Inapplicable ; Inapplicable ; Inapplicable ; Inapplicable ; Inapplicable ; Pass      ; Inapplicable ; Inapplicable ; Pass      ; Pass      ; Inapplicable ; Pass         ; Inapplicable ; Inapplicable ; Inapplicable ; Inapplicable ; Pass         ; Inapplicable ; Inapplicable ; Inapplicable ; Inapplicable ; Pass         ; Inapplicable ; Inapplicable ; Inapplicable ; Inapplicable ; Inapplicable ; Inapplicable ;
; bbb[1]             ; Inapplicable ; Inapplicable ; Inapplicable ; Inapplicable ; Inapplicable ; Pass      ; Inapplicable ; Inapplicable ; Pass      ; Pass      ; Inapplicable ; Pass         ; Inapplicable ; Inapplicable ; Inapplicable ; Inapplicable ; Pass         ; Inapplicable ; Inapplicable ; Inapplicable ; Inapplicable ; Pass         ; Inapplicable ; Inapplicable ; Inapplicable ; Inapplicable ; Inapplicable ; Inapplicable ;
; bbb[2]             ; Inapplicable ; Inapplicable ; Inapplicable ; Inapplicable ; Inapplicable ; Pass      ; Inapplicable ; Inapplicable ; Pass      ; Pass      ; Inapplicable ; Pass         ; Inapplicable ; Inapplicable ; Inapplicable ; Inapplicable ; Pass         ; Inapplicable ; Inapplicable ; Inapplicable ; Inapplicable ; Pass         ; Inapplicable ; Inapplicable ; Inapplicable ; Inapplicable ; Inapplicable ; Inapplicable ;
; bbb[3]             ; Inapplicable ; Inapplicable ; Inapplicable ; Inapplicable ; Inapplicable ; Pass      ; Inapplicable ; Inapplicable ; Pass      ; Pass      ; Inapplicable ; Pass         ; Inapplicable ; Inapplicable ; Inapplicable ; Inapplicable ; Pass         ; Inapplicable ; Inapplicable ; Inapplicable ; Inapplicable ; Pass         ; Inapplicable ; Inapplicable ; Inapplicable ; Inapplicable ; Inapplicable ; Inapplicable ;
; bbb[4]             ; Inapplicable ; Inapplicable ; Inapplicable ; Inapplicable ; Inapplicable ; Pass      ; Inapplicable ; Inapplicable ; Pass      ; Pass      ; Inapplicable ; Pass         ; Inapplicable ; Inapplicable ; Inapplicable ; Inapplicable ; Pass         ; Inapplicable ; Inapplicable ; Inapplicable ; Inapplicable ; Pass         ; Inapplicable ; Inapplicable ; Inapplicable ; Inapplicable ; Inapplicable ; Inapplicable ;
; bbb[5]             ; Inapplicable ; Inapplicable ; Inapplicable ; Inapplicable ; Inapplicable ; Pass      ; Inapplicable ; Inapplicable ; Pass      ; Pass      ; Inapplicable ; Pass         ; Inapplicable ; Inapplicable ; Inapplicable ; Inapplicable ; Pass         ; Inapplicable ; Inapplicable ; Inapplicable ; Inapplicable ; Pass         ; Inapplicable ; Inapplicable ; Inapplicable ; Inapplicable ; Inapplicable ; Inapplicable ;
; bbb[6]             ; Inapplicable ; Inapplicable ; Inapplicable ; Inapplicable ; Inapplicable ; Pass      ; Inapplicable ; Inapplicable ; Pass      ; Pass      ; Inapplicable ; Pass         ; Inapplicable ; Inapplicable ; Inapplicable ; Inapplicable ; Pass         ; Inapplicable ; Inapplicable ; Inapplicable ; Inapplicable ; Pass         ; Inapplicable ; Inapplicable ; Inapplicable ; Inapplicable ; Inapplicable ; Inapplicable ;
; bbb[7]             ; Inapplicable ; Inapplicable ; Inapplicable ; Inapplicable ; Inapplicable ; Pass      ; Inapplicable ; Inapplicable ; Pass      ; Pass      ; Inapplicable ; Pass         ; Inapplicable ; Inapplicable ; Inapplicable ; Inapplicable ; Pass         ; Inapplicable ; Inapplicable ; Inapplicable ; Inapplicable ; Pass         ; Inapplicable ; Inapplicable ; Inapplicable ; Inapplicable ; Inapplicable ; Inapplicable ;
; bbb[8]             ; Inapplicable ; Inapplicable ; Inapplicable ; Inapplicable ; Inapplicable ; Pass      ; Inapplicable ; Inapplicable ; Pass      ; Pass      ; Inapplicable ; Pass         ; Inapplicable ; Inapplicable ; Inapplicable ; Inapplicable ; Pass         ; Inapplicable ; Inapplicable ; Inapplicable ; Inapplicable ; Pass         ; Inapplicable ; Inapplicable ; Inapplicable ; Inapplicable ; Inapplicable ; Inapplicable ;
; bbb[9]             ; Inapplicable ; Inapplicable ; Inapplicable ; Inapplicable ; Inapplicable ; Pass      ; Inapplicable ; Inapplicable ; Pass      ; Pass      ; Inapplicable ; Pass         ; Inapplicable ; Inapplicable ; Inapplicable ; Inapplicable ; Pass         ; Inapplicable ; Inapplicable ; Inapplicable ; Inapplicable ; Pass         ; Inapplicable ; Inapplicable ; Inapplicable ; Inapplicable ; Inapplicable ; Inapplicable ;
; bbb[10]            ; Inapplicable ; Inapplicable ; Inapplicable ; Inapplicable ; Inapplicable ; Pass      ; Inapplicable ; Inapplicable ; Pass      ; Pass      ; Inapplicable ; Pass         ; Inapplicable ; Inapplicable ; Inapplicable ; Inapplicable ; Pass         ; Inapplicable ; Inapplicable ; Inapplicable ; Inapplicable ; Pass         ; Inapplicable ; Inapplicable ; Inapplicable ; Inapplicable ; Inapplicable ; Inapplicable ;
; bbb[11]            ; Inapplicable ; Inapplicable ; Inapplicable ; Inapplicable ; Inapplicable ; Pass      ; Inapplicable ; Inapplicable ; Pass      ; Pass      ; Inapplicable ; Pass         ; Inapplicable ; Inapplicable ; Inapplicable ; Inapplicable ; Pass         ; Inapplicable ; Inapplicable ; Inapplicable ; Inapplicable ; Pass         ; Inapplicable ; Inapplicable ; Inapplicable ; Inapplicable ; Inapplicable ; Inapplicable ;
; bbb[12]            ; Inapplicable ; Inapplicable ; Inapplicable ; Inapplicable ; Inapplicable ; Pass      ; Inapplicable ; Inapplicable ; Pass      ; Pass      ; Inapplicable ; Pass         ; Inapplicable ; Inapplicable ; Inapplicable ; Inapplicable ; Pass         ; Inapplicable ; Inapplicable ; Inapplicable ; Inapplicable ; Pass         ; Inapplicable ; Inapplicable ; Inapplicable ; Inapplicable ; Inapplicable ; Inapplicable ;
; bbb[13]            ; Inapplicable ; Inapplicable ; Inapplicable ; Inapplicable ; Inapplicable ; Pass      ; Inapplicable ; Inapplicable ; Pass      ; Pass      ; Inapplicable ; Pass         ; Inapplicable ; Inapplicable ; Inapplicable ; Inapplicable ; Pass         ; Inapplicable ; Inapplicable ; Inapplicable ; Inapplicable ; Pass         ; Inapplicable ; Inapplicable ; Inapplicable ; Inapplicable ; Inapplicable ; Inapplicable ;
; bbb[14]            ; Inapplicable ; Inapplicable ; Inapplicable ; Inapplicable ; Inapplicable ; Pass      ; Inapplicable ; Inapplicable ; Pass      ; Pass      ; Inapplicable ; Pass         ; Inapplicable ; Inapplicable ; Inapplicable ; Inapplicable ; Pass         ; Inapplicable ; Inapplicable ; Inapplicable ; Inapplicable ; Pass         ; Inapplicable ; Inapplicable ; Inapplicable ; Inapplicable ; Inapplicable ; Inapplicable ;
; bbb[15]            ; Inapplicable ; Inapplicable ; Inapplicable ; Inapplicable ; Inapplicable ; Pass      ; Inapplicable ; Inapplicable ; Pass      ; Pass      ; Inapplicable ; Pass         ; Inapplicable ; Inapplicable ; Inapplicable ; Inapplicable ; Pass         ; Inapplicable ; Inapplicable ; Inapplicable ; Inapplicable ; Pass         ; Inapplicable ; Inapplicable ; Inapplicable ; Inapplicable ; Inapplicable ; Inapplicable ;
; rrr[0]             ; Inapplicable ; Inapplicable ; Inapplicable ; Inapplicable ; Inapplicable ; Pass      ; Inapplicable ; Inapplicable ; Pass      ; Pass      ; Inapplicable ; Pass         ; Inapplicable ; Inapplicable ; Inapplicable ; Inapplicable ; Pass         ; Inapplicable ; Inapplicable ; Inapplicable ; Inapplicable ; Pass         ; Inapplicable ; Inapplicable ; Inapplicable ; Inapplicable ; Inapplicable ; Inapplicable ;
; rrr[1]             ; Inapplicable ; Inapplicable ; Inapplicable ; Inapplicable ; Inapplicable ; Pass      ; Inapplicable ; Inapplicable ; Pass      ; Pass      ; Inapplicable ; Pass         ; Inapplicable ; Inapplicable ; Inapplicable ; Inapplicable ; Pass         ; Inapplicable ; Inapplicable ; Inapplicable ; Inapplicable ; Pass         ; Inapplicable ; Inapplicable ; Inapplicable ; Inapplicable ; Inapplicable ; Inapplicable ;
; rrr[2]             ; Inapplicable ; Inapplicable ; Inapplicable ; Inapplicable ; Inapplicable ; Pass      ; Inapplicable ; Inapplicable ; Pass      ; Pass      ; Inapplicable ; Pass         ; Inapplicable ; Inapplicable ; Inapplicable ; Inapplicable ; Pass         ; Inapplicable ; Inapplicable ; Inapplicable ; Inapplicable ; Pass         ; Inapplicable ; Inapplicable ; Inapplicable ; Inapplicable ; Inapplicable ; Inapplicable ;
; rrr[3]             ; Inapplicable ; Inapplicable ; Inapplicable ; Inapplicable ; Inapplicable ; Pass      ; Inapplicable ; Inapplicable ; Pass      ; Pass      ; Inapplicable ; Pass         ; Inapplicable ; Inapplicable ; Inapplicable ; Inapplicable ; Pass         ; Inapplicable ; Inapplicable ; Inapplicable ; Inapplicable ; Pass         ; Inapplicable ; Inapplicable ; Inapplicable ; Inapplicable ; Inapplicable ; Inapplicable ;
; rrr[4]             ; Inapplicable ; Inapplicable ; Inapplicable ; Inapplicable ; Inapplicable ; Pass      ; Inapplicable ; Inapplicable ; Pass      ; Pass      ; Inapplicable ; Pass         ; Inapplicable ; Inapplicable ; Inapplicable ; Inapplicable ; Pass         ; Inapplicable ; Inapplicable ; Inapplicable ; Inapplicable ; Pass         ; Inapplicable ; Inapplicable ; Inapplicable ; Inapplicable ; Inapplicable ; Inapplicable ;
; rrr[5]             ; Inapplicable ; Inapplicable ; Inapplicable ; Inapplicable ; Inapplicable ; Pass      ; Inapplicable ; Inapplicable ; Pass      ; Pass      ; Inapplicable ; Pass         ; Inapplicable ; Inapplicable ; Inapplicable ; Inapplicable ; Pass         ; Inapplicable ; Inapplicable ; Inapplicable ; Inapplicable ; Pass         ; Inapplicable ; Inapplicable ; Inapplicable ; Inapplicable ; Inapplicable ; Inapplicable ;
; rrr[6]             ; Inapplicable ; Inapplicable ; Inapplicable ; Inapplicable ; Inapplicable ; Pass      ; Inapplicable ; Inapplicable ; Pass      ; Pass      ; Inapplicable ; Pass         ; Inapplicable ; Inapplicable ; Inapplicable ; Inapplicable ; Pass         ; Inapplicable ; Inapplicable ; Inapplicable ; Inapplicable ; Pass         ; Inapplicable ; Inapplicable ; Inapplicable ; Inapplicable ; Inapplicable ; Inapplicable ;
; rrr[7]             ; Inapplicable ; Inapplicable ; Inapplicable ; Inapplicable ; Inapplicable ; Pass      ; Inapplicable ; Inapplicable ; Pass      ; Pass      ; Inapplicable ; Pass         ; Inapplicable ; Inapplicable ; Inapplicable ; Inapplicable ; Pass         ; Inapplicable ; Inapplicable ; Inapplicable ; Inapplicable ; Pass         ; Inapplicable ; Inapplicable ; Inapplicable ; Inapplicable ; Inapplicable ; Inapplicable ;
; rrr[8]             ; Inapplicable ; Inapplicable ; Inapplicable ; Inapplicable ; Inapplicable ; Pass      ; Inapplicable ; Inapplicable ; Pass      ; Pass      ; Inapplicable ; Pass         ; Inapplicable ; Inapplicable ; Inapplicable ; Inapplicable ; Pass         ; Inapplicable ; Inapplicable ; Inapplicable ; Inapplicable ; Pass         ; Inapplicable ; Inapplicable ; Inapplicable ; Inapplicable ; Inapplicable ; Inapplicable ;
; rrr[9]             ; Inapplicable ; Inapplicable ; Inapplicable ; Inapplicable ; Inapplicable ; Pass      ; Inapplicable ; Inapplicable ; Pass      ; Pass      ; Inapplicable ; Pass         ; Inapplicable ; Inapplicable ; Inapplicable ; Inapplicable ; Pass         ; Inapplicable ; Inapplicable ; Inapplicable ; Inapplicable ; Pass         ; Inapplicable ; Inapplicable ; Inapplicable ; Inapplicable ; Inapplicable ; Inapplicable ;
; rrr[10]            ; Inapplicable ; Inapplicable ; Inapplicable ; Inapplicable ; Inapplicable ; Pass      ; Inapplicable ; Inapplicable ; Pass      ; Pass      ; Inapplicable ; Pass         ; Inapplicable ; Inapplicable ; Inapplicable ; Inapplicable ; Pass         ; Inapplicable ; Inapplicable ; Inapplicable ; Inapplicable ; Pass         ; Inapplicable ; Inapplicable ; Inapplicable ; Inapplicable ; Inapplicable ; Inapplicable ;
; rrr[11]            ; Inapplicable ; Inapplicable ; Inapplicable ; Inapplicable ; Inapplicable ; Pass      ; Inapplicable ; Inapplicable ; Pass      ; Pass      ; Inapplicable ; Pass         ; Inapplicable ; Inapplicable ; Inapplicable ; Inapplicable ; Pass         ; Inapplicable ; Inapplicable ; Inapplicable ; Inapplicable ; Pass         ; Inapplicable ; Inapplicable ; Inapplicable ; Inapplicable ; Inapplicable ; Inapplicable ;
; rrr[12]            ; Inapplicable ; Inapplicable ; Inapplicable ; Inapplicable ; Inapplicable ; Pass      ; Inapplicable ; Inapplicable ; Pass      ; Pass      ; Inapplicable ; Pass         ; Inapplicable ; Inapplicable ; Inapplicable ; Inapplicable ; Pass         ; Inapplicable ; Inapplicable ; Inapplicable ; Inapplicable ; Pass         ; Inapplicable ; Inapplicable ; Inapplicable ; Inapplicable ; Inapplicable ; Inapplicable ;
; rrr[13]            ; Inapplicable ; Inapplicable ; Inapplicable ; Inapplicable ; Inapplicable ; Pass      ; Inapplicable ; Inapplicable ; Pass      ; Pass      ; Inapplicable ; Pass         ; Inapplicable ; Inapplicable ; Inapplicable ; Inapplicable ; Pass         ; Inapplicable ; Inapplicable ; Inapplicable ; Inapplicable ; Pass         ; Inapplicable ; Inapplicable ; Inapplicable ; Inapplicable ; Inapplicable ; Inapplicable ;
; rrr[14]            ; Inapplicable ; Inapplicable ; Inapplicable ; Inapplicable ; Inapplicable ; Pass      ; Inapplicable ; Inapplicable ; Pass      ; Pass      ; Inapplicable ; Pass         ; Inapplicable ; Inapplicable ; Inapplicable ; Inapplicable ; Pass         ; Inapplicable ; Inapplicable ; Inapplicable ; Inapplicable ; Pass         ; Inapplicable ; Inapplicable ; Inapplicable ; Inapplicable ; Inapplicable ; Inapplicable ;
; rrr[15]            ; Inapplicable ; Inapplicable ; Inapplicable ; Inapplicable ; Inapplicable ; Pass      ; Inapplicable ; Inapplicable ; Pass      ; Pass      ; Inapplicable ; Pass         ; Inapplicable ; Inapplicable ; Inapplicable ; Inapplicable ; Pass         ; Inapplicable ; Inapplicable ; Inapplicable ; Inapplicable ; Pass         ; Inapplicable ; Inapplicable ; Inapplicable ; Inapplicable ; Inapplicable ; Inapplicable ;
; sign               ; Inapplicable ; Inapplicable ; Inapplicable ; Inapplicable ; Inapplicable ; Pass      ; Inapplicable ; Inapplicable ; Pass      ; Pass      ; Inapplicable ; Pass         ; Inapplicable ; Inapplicable ; Inapplicable ; Inapplicable ; Pass         ; Inapplicable ; Inapplicable ; Inapplicable ; Inapplicable ; Pass         ; Inapplicable ; Inapplicable ; Inapplicable ; Inapplicable ; Inapplicable ; Inapplicable ;
; a[0]               ; Inapplicable ; Inapplicable ; Inapplicable ; Inapplicable ; Inapplicable ; Pass      ; Inapplicable ; Inapplicable ; Pass      ; Pass      ; Inapplicable ; Inapplicable ; Inapplicable ; Inapplicable ; Inapplicable ; Inapplicable ; Inapplicable ; Inapplicable ; Inapplicable ; Inapplicable ; Inapplicable ; Inapplicable ; Inapplicable ; Inapplicable ; Inapplicable ; Inapplicable ; Inapplicable ; Inapplicable ;
; sel[0]             ; Inapplicable ; Inapplicable ; Inapplicable ; Inapplicable ; Inapplicable ; Pass      ; Inapplicable ; Inapplicable ; Pass      ; Pass      ; Inapplicable ; Inapplicable ; Inapplicable ; Inapplicable ; Inapplicable ; Inapplicable ; Inapplicable ; Inapplicable ; Inapplicable ; Inapplicable ; Inapplicable ; Inapplicable ; Inapplicable ; Inapplicable ; Inapplicable ; Inapplicable ; Inapplicable ; Inapplicable ;
; sel[2]             ; Inapplicable ; Inapplicable ; Inapplicable ; Inapplicable ; Inapplicable ; Pass      ; Inapplicable ; Inapplicable ; Pass      ; Pass      ; Inapplicable ; Inapplicable ; Inapplicable ; Inapplicable ; Inapplicable ; Inapplicable ; Inapplicable ; Inapplicable ; Inapplicable ; Inapplicable ; Inapplicable ; Inapplicable ; Inapplicable ; Inapplicable ; Inapplicable ; Inapplicable ; Inapplicable ; Inapplicable ;
; sel[1]             ; Inapplicable ; Inapplicable ; Inapplicable ; Inapplicable ; Inapplicable ; Pass      ; Inapplicable ; Inapplicable ; Pass      ; Pass      ; Inapplicable ; Inapplicable ; Inapplicable ; Inapplicable ; Inapplicable ; Inapplicable ; Inapplicable ; Inapplicable ; Inapplicable ; Inapplicable ; Inapplicable ; Inapplicable ; Inapplicable ; Inapplicable ; Inapplicable ; Inapplicable ; Inapplicable ; Inapplicable ;
; b[0]               ; Inapplicable ; Inapplicable ; Inapplicable ; Inapplicable ; Inapplicable ; Pass      ; Inapplicable ; Inapplicable ; Pass      ; Pass      ; Inapplicable ; Inapplicable ; Inapplicable ; Inapplicable ; Inapplicable ; Inapplicable ; Inapplicable ; Inapplicable ; Inapplicable ; Inapplicable ; Inapplicable ; Inapplicable ; Inapplicable ; Inapplicable ; Inapplicable ; Inapplicable ; Inapplicable ; Inapplicable ;
; b[16]              ; Inapplicable ; Inapplicable ; Inapplicable ; Inapplicable ; Inapplicable ; Pass      ; Inapplicable ; Inapplicable ; Pass      ; Pass      ; Inapplicable ; Inapplicable ; Inapplicable ; Inapplicable ; Inapplicable ; Inapplicable ; Inapplicable ; Inapplicable ; Inapplicable ; Inapplicable ; Inapplicable ; Inapplicable ; Inapplicable ; Inapplicable ; Inapplicable ; Inapplicable ; Inapplicable ; Inapplicable ;
; b[1]               ; Inapplicable ; Inapplicable ; Inapplicable ; Inapplicable ; Inapplicable ; Pass      ; Inapplicable ; Inapplicable ; Pass      ; Pass      ; Inapplicable ; Inapplicable ; Inapplicable ; Inapplicable ; Inapplicable ; Inapplicable ; Inapplicable ; Inapplicable ; Inapplicable ; Inapplicable ; Inapplicable ; Inapplicable ; Inapplicable ; Inapplicable ; Inapplicable ; Inapplicable ; Inapplicable ; Inapplicable ;
; b[4]               ; Inapplicable ; Inapplicable ; Inapplicable ; Inapplicable ; Inapplicable ; Pass      ; Inapplicable ; Inapplicable ; Pass      ; Pass      ; Inapplicable ; Inapplicable ; Inapplicable ; Inapplicable ; Inapplicable ; Inapplicable ; Inapplicable ; Inapplicable ; Inapplicable ; Inapplicable ; Inapplicable ; Inapplicable ; Inapplicable ; Inapplicable ; Inapplicable ; Inapplicable ; Inapplicable ; Inapplicable ;
; b[8]               ; Inapplicable ; Inapplicable ; Inapplicable ; Inapplicable ; Inapplicable ; Pass      ; Inapplicable ; Inapplicable ; Pass      ; Pass      ; Inapplicable ; Inapplicable ; Inapplicable ; Inapplicable ; Inapplicable ; Inapplicable ; Inapplicable ; Inapplicable ; Inapplicable ; Inapplicable ; Inapplicable ; Inapplicable ; Inapplicable ; Inapplicable ; Inapplicable ; Inapplicable ; Inapplicable ; Inapplicable ;
; b[2]               ; Inapplicable ; Inapplicable ; Inapplicable ; Inapplicable ; Inapplicable ; Pass      ; Inapplicable ; Inapplicable ; Pass      ; Pass      ; Inapplicable ; Inapplicable ; Inapplicable ; Inapplicable ; Inapplicable ; Inapplicable ; Inapplicable ; Inapplicable ; Inapplicable ; Inapplicable ; Inapplicable ; Inapplicable ; Inapplicable ; Inapplicable ; Inapplicable ; Inapplicable ; Inapplicable ; Inapplicable ;
; b[5]               ; Inapplicable ; Inapplicable ; Inapplicable ; Inapplicable ; Inapplicable ; Pass      ; Inapplicable ; Inapplicable ; Pass      ; Pass      ; Inapplicable ; Inapplicable ; Inapplicable ; Inapplicable ; Inapplicable ; Inapplicable ; Inapplicable ; Inapplicable ; Inapplicable ; Inapplicable ; Inapplicable ; Inapplicable ; Inapplicable ; Inapplicable ; Inapplicable ; Inapplicable ; Inapplicable ; Inapplicable ;
; b[12]              ; Inapplicable ; Inapplicable ; Inapplicable ; Inapplicable ; Inapplicable ; Pass      ; Inapplicable ; Inapplicable ; Pass      ; Pass      ; Inapplicable ; Inapplicable ; Inapplicable ; Inapplicable ; Inapplicable ; Inapplicable ; Inapplicable ; Inapplicable ; Inapplicable ; Inapplicable ; Inapplicable ; Inapplicable ; Inapplicable ; Inapplicable ; Inapplicable ; Inapplicable ; Inapplicable ; Inapplicable ;
; b[9]               ; Inapplicable ; Inapplicable ; Inapplicable ; Inapplicable ; Inapplicable ; Pass      ; Inapplicable ; Inapplicable ; Pass      ; Pass      ; Inapplicable ; Inapplicable ; Inapplicable ; Inapplicable ; Inapplicable ; Inapplicable ; Inapplicable ; Inapplicable ; Inapplicable ; Inapplicable ; Inapplicable ; Inapplicable ; Inapplicable ; Inapplicable ; Inapplicable ; Inapplicable ; Inapplicable ; Inapplicable ;
; b[3]               ; Inapplicable ; Inapplicable ; Inapplicable ; Inapplicable ; Inapplicable ; Pass      ; Inapplicable ; Inapplicable ; Pass      ; Pass      ; Inapplicable ; Inapplicable ; Inapplicable ; Inapplicable ; Inapplicable ; Inapplicable ; Inapplicable ; Inapplicable ; Inapplicable ; Inapplicable ; Inapplicable ; Inapplicable ; Inapplicable ; Inapplicable ; Inapplicable ; Inapplicable ; Inapplicable ; Inapplicable ;
; b[6]               ; Inapplicable ; Inapplicable ; Inapplicable ; Inapplicable ; Inapplicable ; Pass      ; Inapplicable ; Inapplicable ; Pass      ; Pass      ; Inapplicable ; Inapplicable ; Inapplicable ; Inapplicable ; Inapplicable ; Inapplicable ; Inapplicable ; Inapplicable ; Inapplicable ; Inapplicable ; Inapplicable ; Inapplicable ; Inapplicable ; Inapplicable ; Inapplicable ; Inapplicable ; Inapplicable ; Inapplicable ;
; b[10]              ; Inapplicable ; Inapplicable ; Inapplicable ; Inapplicable ; Inapplicable ; Pass      ; Inapplicable ; Inapplicable ; Pass      ; Pass      ; Inapplicable ; Inapplicable ; Inapplicable ; Inapplicable ; Inapplicable ; Inapplicable ; Inapplicable ; Inapplicable ; Inapplicable ; Inapplicable ; Inapplicable ; Inapplicable ; Inapplicable ; Inapplicable ; Inapplicable ; Inapplicable ; Inapplicable ; Inapplicable ;
; b[7]               ; Inapplicable ; Inapplicable ; Inapplicable ; Inapplicable ; Inapplicable ; Pass      ; Inapplicable ; Inapplicable ; Pass      ; Pass      ; Inapplicable ; Inapplicable ; Inapplicable ; Inapplicable ; Inapplicable ; Inapplicable ; Inapplicable ; Inapplicable ; Inapplicable ; Inapplicable ; Inapplicable ; Inapplicable ; Inapplicable ; Inapplicable ; Inapplicable ; Inapplicable ; Inapplicable ; Inapplicable ;
; b[13]              ; Inapplicable ; Inapplicable ; Inapplicable ; Inapplicable ; Inapplicable ; Pass      ; Inapplicable ; Inapplicable ; Pass      ; Pass      ; Inapplicable ; Inapplicable ; Inapplicable ; Inapplicable ; Inapplicable ; Inapplicable ; Inapplicable ; Inapplicable ; Inapplicable ; Inapplicable ; Inapplicable ; Inapplicable ; Inapplicable ; Inapplicable ; Inapplicable ; Inapplicable ; Inapplicable ; Inapplicable ;
; b[14]              ; Inapplicable ; Inapplicable ; Inapplicable ; Inapplicable ; Inapplicable ; Pass      ; Inapplicable ; Inapplicable ; Pass      ; Pass      ; Inapplicable ; Inapplicable ; Inapplicable ; Inapplicable ; Inapplicable ; Inapplicable ; Inapplicable ; Inapplicable ; Inapplicable ; Inapplicable ; Inapplicable ; Inapplicable ; Inapplicable ; Inapplicable ; Inapplicable ; Inapplicable ; Inapplicable ; Inapplicable ;
; b[11]              ; Inapplicable ; Inapplicable ; Inapplicable ; Inapplicable ; Inapplicable ; Pass      ; Inapplicable ; Inapplicable ; Pass      ; Pass      ; Inapplicable ; Inapplicable ; Inapplicable ; Inapplicable ; Inapplicable ; Inapplicable ; Inapplicable ; Inapplicable ; Inapplicable ; Inapplicable ; Inapplicable ; Inapplicable ; Inapplicable ; Inapplicable ; Inapplicable ; Inapplicable ; Inapplicable ; Inapplicable ;
; b[15]              ; Inapplicable ; Inapplicable ; Inapplicable ; Inapplicable ; Inapplicable ; Pass      ; Inapplicable ; Inapplicable ; Pass      ; Pass      ; Inapplicable ; Inapplicable ; Inapplicable ; Inapplicable ; Inapplicable ; Inapplicable ; Inapplicable ; Inapplicable ; Inapplicable ; Inapplicable ; Inapplicable ; Inapplicable ; Inapplicable ; Inapplicable ; Inapplicable ; Inapplicable ; Inapplicable ; Inapplicable ;
; a[16]              ; Inapplicable ; Inapplicable ; Inapplicable ; Inapplicable ; Inapplicable ; Pass      ; Inapplicable ; Inapplicable ; Pass      ; Pass      ; Inapplicable ; Inapplicable ; Inapplicable ; Inapplicable ; Inapplicable ; Inapplicable ; Inapplicable ; Inapplicable ; Inapplicable ; Inapplicable ; Inapplicable ; Inapplicable ; Inapplicable ; Inapplicable ; Inapplicable ; Inapplicable ; Inapplicable ; Inapplicable ;
; a[12]              ; Inapplicable ; Inapplicable ; Inapplicable ; Inapplicable ; Inapplicable ; Pass      ; Inapplicable ; Inapplicable ; Pass      ; Pass      ; Inapplicable ; Inapplicable ; Inapplicable ; Inapplicable ; Inapplicable ; Inapplicable ; Inapplicable ; Inapplicable ; Inapplicable ; Inapplicable ; Inapplicable ; Inapplicable ; Inapplicable ; Inapplicable ; Inapplicable ; Inapplicable ; Inapplicable ; Inapplicable ;
; a[13]              ; Inapplicable ; Inapplicable ; Inapplicable ; Inapplicable ; Inapplicable ; Pass      ; Inapplicable ; Inapplicable ; Pass      ; Pass      ; Inapplicable ; Inapplicable ; Inapplicable ; Inapplicable ; Inapplicable ; Inapplicable ; Inapplicable ; Inapplicable ; Inapplicable ; Inapplicable ; Inapplicable ; Inapplicable ; Inapplicable ; Inapplicable ; Inapplicable ; Inapplicable ; Inapplicable ; Inapplicable ;
; a[14]              ; Inapplicable ; Inapplicable ; Inapplicable ; Inapplicable ; Inapplicable ; Pass      ; Inapplicable ; Inapplicable ; Pass      ; Pass      ; Inapplicable ; Inapplicable ; Inapplicable ; Inapplicable ; Inapplicable ; Inapplicable ; Inapplicable ; Inapplicable ; Inapplicable ; Inapplicable ; Inapplicable ; Inapplicable ; Inapplicable ; Inapplicable ; Inapplicable ; Inapplicable ; Inapplicable ; Inapplicable ;
; a[15]              ; Inapplicable ; Inapplicable ; Inapplicable ; Inapplicable ; Inapplicable ; Pass      ; Inapplicable ; Inapplicable ; Pass      ; Pass      ; Inapplicable ; Inapplicable ; Inapplicable ; Inapplicable ; Inapplicable ; Inapplicable ; Inapplicable ; Inapplicable ; Inapplicable ; Inapplicable ; Inapplicable ; Inapplicable ; Inapplicable ; Inapplicable ; Inapplicable ; Inapplicable ; Inapplicable ; Inapplicable ;
; a[8]               ; Inapplicable ; Inapplicable ; Inapplicable ; Inapplicable ; Inapplicable ; Pass      ; Inapplicable ; Inapplicable ; Pass      ; Pass      ; Inapplicable ; Inapplicable ; Inapplicable ; Inapplicable ; Inapplicable ; Inapplicable ; Inapplicable ; Inapplicable ; Inapplicable ; Inapplicable ; Inapplicable ; Inapplicable ; Inapplicable ; Inapplicable ; Inapplicable ; Inapplicable ; Inapplicable ; Inapplicable ;
; a[9]               ; Inapplicable ; Inapplicable ; Inapplicable ; Inapplicable ; Inapplicable ; Pass      ; Inapplicable ; Inapplicable ; Pass      ; Pass      ; Inapplicable ; Inapplicable ; Inapplicable ; Inapplicable ; Inapplicable ; Inapplicable ; Inapplicable ; Inapplicable ; Inapplicable ; Inapplicable ; Inapplicable ; Inapplicable ; Inapplicable ; Inapplicable ; Inapplicable ; Inapplicable ; Inapplicable ; Inapplicable ;
; a[10]              ; Inapplicable ; Inapplicable ; Inapplicable ; Inapplicable ; Inapplicable ; Pass      ; Inapplicable ; Inapplicable ; Pass      ; Pass      ; Inapplicable ; Inapplicable ; Inapplicable ; Inapplicable ; Inapplicable ; Inapplicable ; Inapplicable ; Inapplicable ; Inapplicable ; Inapplicable ; Inapplicable ; Inapplicable ; Inapplicable ; Inapplicable ; Inapplicable ; Inapplicable ; Inapplicable ; Inapplicable ;
; a[11]              ; Inapplicable ; Inapplicable ; Inapplicable ; Inapplicable ; Inapplicable ; Pass      ; Inapplicable ; Inapplicable ; Pass      ; Pass      ; Inapplicable ; Inapplicable ; Inapplicable ; Inapplicable ; Inapplicable ; Inapplicable ; Inapplicable ; Inapplicable ; Inapplicable ; Inapplicable ; Inapplicable ; Inapplicable ; Inapplicable ; Inapplicable ; Inapplicable ; Inapplicable ; Inapplicable ; Inapplicable ;
; a[4]               ; Inapplicable ; Inapplicable ; Inapplicable ; Inapplicable ; Inapplicable ; Pass      ; Inapplicable ; Inapplicable ; Pass      ; Pass      ; Inapplicable ; Inapplicable ; Inapplicable ; Inapplicable ; Inapplicable ; Inapplicable ; Inapplicable ; Inapplicable ; Inapplicable ; Inapplicable ; Inapplicable ; Inapplicable ; Inapplicable ; Inapplicable ; Inapplicable ; Inapplicable ; Inapplicable ; Inapplicable ;
; a[5]               ; Inapplicable ; Inapplicable ; Inapplicable ; Inapplicable ; Inapplicable ; Pass      ; Inapplicable ; Inapplicable ; Pass      ; Pass      ; Inapplicable ; Inapplicable ; Inapplicable ; Inapplicable ; Inapplicable ; Inapplicable ; Inapplicable ; Inapplicable ; Inapplicable ; Inapplicable ; Inapplicable ; Inapplicable ; Inapplicable ; Inapplicable ; Inapplicable ; Inapplicable ; Inapplicable ; Inapplicable ;
; a[3]               ; Inapplicable ; Inapplicable ; Inapplicable ; Inapplicable ; Inapplicable ; Pass      ; Inapplicable ; Inapplicable ; Pass      ; Pass      ; Inapplicable ; Inapplicable ; Inapplicable ; Inapplicable ; Inapplicable ; Inapplicable ; Inapplicable ; Inapplicable ; Inapplicable ; Inapplicable ; Inapplicable ; Inapplicable ; Inapplicable ; Inapplicable ; Inapplicable ; Inapplicable ; Inapplicable ; Inapplicable ;
; a[6]               ; Inapplicable ; Inapplicable ; Inapplicable ; Inapplicable ; Inapplicable ; Pass      ; Inapplicable ; Inapplicable ; Pass      ; Pass      ; Inapplicable ; Inapplicable ; Inapplicable ; Inapplicable ; Inapplicable ; Inapplicable ; Inapplicable ; Inapplicable ; Inapplicable ; Inapplicable ; Inapplicable ; Inapplicable ; Inapplicable ; Inapplicable ; Inapplicable ; Inapplicable ; Inapplicable ; Inapplicable ;
; a[7]               ; Inapplicable ; Inapplicable ; Inapplicable ; Inapplicable ; Inapplicable ; Pass      ; Inapplicable ; Inapplicable ; Pass      ; Pass      ; Inapplicable ; Inapplicable ; Inapplicable ; Inapplicable ; Inapplicable ; Inapplicable ; Inapplicable ; Inapplicable ; Inapplicable ; Inapplicable ; Inapplicable ; Inapplicable ; Inapplicable ; Inapplicable ; Inapplicable ; Inapplicable ; Inapplicable ; Inapplicable ;
; a[1]               ; Inapplicable ; Inapplicable ; Inapplicable ; Inapplicable ; Inapplicable ; Pass      ; Inapplicable ; Inapplicable ; Pass      ; Pass      ; Inapplicable ; Inapplicable ; Inapplicable ; Inapplicable ; Inapplicable ; Inapplicable ; Inapplicable ; Inapplicable ; Inapplicable ; Inapplicable ; Inapplicable ; Inapplicable ; Inapplicable ; Inapplicable ; Inapplicable ; Inapplicable ; Inapplicable ; Inapplicable ;
; a[2]               ; Inapplicable ; Inapplicable ; Inapplicable ; Inapplicable ; Inapplicable ; Pass      ; Inapplicable ; Inapplicable ; Pass      ; Pass      ; Inapplicable ; Inapplicable ; Inapplicable ; Inapplicable ; Inapplicable ; Inapplicable ; Inapplicable ; Inapplicable ; Inapplicable ; Inapplicable ; Inapplicable ; Inapplicable ; Inapplicable ; Inapplicable ; Inapplicable ; Inapplicable ; Inapplicable ; Inapplicable ;
+--------------------+--------------+--------------+--------------+--------------+--------------+-----------+--------------+--------------+-----------+-----------+--------------+--------------+--------------+--------------+--------------+--------------+--------------+--------------+--------------+--------------+--------------+--------------+--------------+--------------+--------------+--------------+--------------+--------------+


+------------------------------------------------------------------------------------------------+
; Fitter Device Options                                                                          ;
+------------------------------------------------------------------+-----------------------------+
; Option                                                           ; Setting                     ;
+------------------------------------------------------------------+-----------------------------+
; Enable user-supplied start-up clock (CLKUSR)                     ; Off                         ;
; Enable device-wide reset (DEV_CLRn)                              ; Off                         ;
; Enable device-wide output enable (DEV_OE)                        ; Off                         ;
; Enable INIT_DONE output                                          ; Off                         ;
; Configuration scheme                                             ; Passive Serial              ;
; Enable Error Detection CRC_ERROR pin                             ; Off                         ;
; Enable CvP_CONFDONE pin                                          ; Off                         ;
; Enable open drain on CRC_ERROR pin                               ; On                          ;
; Enable open drain on CvP_CONFDONE pin                            ; On                          ;
; Enable open drain on INIT_DONE pin                               ; On                          ;
; Enable open drain on Partial Reconfiguration pins                ; Off                         ;
; Enable open drain on nCEO pin                                    ; On                          ;
; Enable Partial Reconfiguration pins                              ; Off                         ;
; Enable input tri-state on active configuration pins in user mode ; Off                         ;
; Enable internal scrubbing                                        ; Off                         ;
; Active Serial clock source                                       ; 100 MHz Internal Oscillator ;
; Device initialization clock source                               ; Internal Oscillator         ;
; Configuration via Protocol                                       ; Off                         ;
; Configuration Voltage Level                                      ; Auto                        ;
; Force Configuration Voltage Level                                ; Off                         ;
; Enable nCEO output                                               ; Off                         ;
; Data[15..8]                                                      ; Unreserved                  ;
; Data[7..5]                                                       ; Unreserved                  ;
; Base pin-out file on sameframe device                            ; Off                         ;
+------------------------------------------------------------------+-----------------------------+


+------------------------------------+
; Operating Settings and Conditions  ;
+---------------------------+--------+
; Setting                   ; Value  ;
+---------------------------+--------+
; Nominal Core Voltage      ; 1.10 V ;
; Low Junction Temperature  ; 0 °C   ;
; High Junction Temperature ; 85 °C  ;
+---------------------------+--------+


+-----------------+
; Fitter Messages ;
+-----------------+
Warning (18236): Number of processors has not been specified which may cause overloading on shared machines.  Set the global assignment NUM_PARALLEL_PROCESSORS in your QSF to an appropriate value for best performance.
Info (20030): Parallel compilation is enabled and will use 2 of the 2 processors detected
Info (119006): Selected device 5CSEMA5F31C6 for design "Calculator"
Info (21077): Low junction temperature is 0 degrees C
Info (21077): High junction temperature is 85 degrees C
Info (171003): Fitter is performing an Auto Fit compilation, which may decrease Fitter effort to reduce compilation time
Warning (292013): Feature LogicLock is only available with a valid subscription license. You can purchase a software subscription to gain full access to this feature.
Warning (15714): Some pins have incomplete I/O assignments. Refer to the I/O Assignment Warnings report for details
Critical Warning (169085): No exact pin location assignment(s) for 110 pins of 110 total pins. For the list of pins please refer to the I/O Assignment Warnings table in the fitter report.
Info (184020): Starting Fitter periphery placement operations
Info (184021): Fitter periphery placement operations ending: elapsed time is 00:00:00
Info (176233): Starting register packing
Info (176235): Finished register packing
    Extra Info (176219): No registers were packed into other blocks
Info (11798): Fitter preparation operations ending: elapsed time is 00:00:26
Critical Warning (332012): Synopsys Design Constraints File file not found: 'Calculator.sdc'. A Synopsys Design Constraints File is required by the Timing Analyzer to get proper timing constraints. Without it, the Compiler will not properly optimize the design.
Info (332144): No user constrained base clocks found in the design
Info (332096): The command derive_clocks did not find any clocks to derive.  No clocks were created or changed.
Warning (332068): No clocks defined in design.
Info (332143): No user constrained clock uncertainty found in the design. Calling "derive_clock_uncertainty"
Info (332154): The derive_clock_uncertainty command did not apply clock uncertainty to any clock-to-clock transfers.
Info (332130): Timing requirements not specified -- quality metrics such as performance may be sacrificed to reduce compilation time.
Info (170189): Fitter placement preparation operations beginning
Info (14951): The Fitter is using Advanced Physical Optimization.
Info (170190): Fitter placement preparation operations ending: elapsed time is 00:00:20
Info (170191): Fitter placement operations beginning
Info (170137): Fitter placement was successful
Info (170192): Fitter placement operations ending: elapsed time is 00:00:02
Info (170193): Fitter routing operations beginning
Info (170195): Router estimated average interconnect usage is 0% of the available device resources
    Info (170196): Router estimated peak interconnect usage is 8% of the available device resources in the region that extends from location X45_Y0 to location X55_Y10
Info (170199): The Fitter performed an Auto Fit compilation.  Optimizations were skipped to reduce compilation time.
    Info (170201): Optimizations that may affect the design's routability were skipped
    Info (170200): Optimizations that may affect the design's timing were skipped
Info (170194): Fitter routing operations ending: elapsed time is 00:00:06
Info (11888): Total time spent on timing analysis during the Fitter is 0.33 seconds.
Info (334003): Started post-fitting delay annotation
Info (334004): Delay annotation completed successfully
Info (334003): Started post-fitting delay annotation
Info (334004): Delay annotation completed successfully
Info (11801): Fitter post-fit operations ending: elapsed time is 00:00:13
Info (144001): Generated suppressed messages file C:/Users/Kidus/Documents/GitHub/First_DSD/16-bit Calculator/Calculator/output_files/Calculator.fit.smsg
Info: Quartus Prime Fitter was successful. 0 errors, 6 warnings
    Info: Peak virtual memory: 6123 megabytes
    Info: Processing ended: Sun Jun 21 21:41:58 2026
    Info: Elapsed time: 00:02:17
    Info: Total CPU time (on all processors): 00:02:06


+----------------------------+
; Fitter Suppressed Messages ;
+----------------------------+
The suppressed messages can be found in C:/Users/Kidus/Documents/GitHub/First_DSD/16-bit Calculator/Calculator/output_files/Calculator.fit.smsg.


