Analysis & Synthesis report for Divider
Wed May 27 18:08:39 2026
Quartus Prime Version 23.1std.0 Build 991 11/28/2023 SC Lite Edition


---------------------
; Table of Contents ;
---------------------
  1. Legal Notice
  2. Analysis & Synthesis Summary
  3. Analysis & Synthesis Settings
  4. Parallel Compilation
  5. Analysis & Synthesis Source Files Read
  6. Analysis & Synthesis Resource Usage Summary
  7. Analysis & Synthesis Resource Utilization by Entity
  8. General Register Statistics
  9. Port Connectivity Checks: "FAdder_16bit:v7"
 10. Port Connectivity Checks: "FAdder_16bit:v5"
 11. Port Connectivity Checks: "pu4s:u1|pu:u1|FAdder_16bit:u1"
 12. Port Connectivity Checks: "pu4s:u1"
 13. Port Connectivity Checks: "FAdder_16bit:v3"
 14. Port Connectivity Checks: "FAdder_16bit:v1"
 15. Post-Synthesis Netlist Statistics for Top Partition
 16. Elapsed Time Per Partition
 17. Analysis & Synthesis Messages



----------------
; Legal Notice ;
----------------
Copyright (C) 2023  Intel Corporation. All rights reserved.
Your use of Intel Corporation's design tools, logic functions 
and other software and tools, and any partner logic 
functions, and any output files from any of the foregoing 
(including device programming or simulation files), and any 
associated documentation or information are expressly subject 
to the terms and conditions of the Intel Program License 
Subscription Agreement, the Intel Quartus Prime License Agreement,
the Intel FPGA IP License Agreement, or other applicable license
agreement, including, without limitation, that your use is for
the sole purpose of programming logic devices manufactured by
Intel and sold by Intel or its authorized distributors.  Please
refer to the applicable agreement for further details, at
https://fpgasoftware.intel.com/eula.



+----------------------------------------------------------------------------------+
; Analysis & Synthesis Summary                                                     ;
+---------------------------------+------------------------------------------------+
; Analysis & Synthesis Status     ; Successful - Wed May 27 18:08:39 2026          ;
; Quartus Prime Version           ; 23.1std.0 Build 991 11/28/2023 SC Lite Edition ;
; Revision Name                   ; Divider                                        ;
; Top-level Entity Name           ; Divider                                        ;
; Family                          ; Cyclone V                                      ;
; Logic utilization (in ALMs)     ; N/A                                            ;
; Total registers                 ; 0                                              ;
; Total pins                      ; 66                                             ;
; Total virtual pins              ; 0                                              ;
; Total block memory bits         ; 0                                              ;
; Total DSP Blocks                ; 0                                              ;
; Total HSSI RX PCSs              ; 0                                              ;
; Total HSSI PMA RX Deserializers ; 0                                              ;
; Total HSSI TX PCSs              ; 0                                              ;
; Total HSSI PMA TX Serializers   ; 0                                              ;
; Total PLLs                      ; 0                                              ;
; Total DLLs                      ; 0                                              ;
+---------------------------------+------------------------------------------------+


+---------------------------------------------------------------------------------------------------------------------------+
; Analysis & Synthesis Settings                                                                                             ;
+---------------------------------------------------------------------------------+--------------------+--------------------+
; Option                                                                          ; Setting            ; Default Value      ;
+---------------------------------------------------------------------------------+--------------------+--------------------+
; Device                                                                          ; 5CEBA2F17A7        ;                    ;
; Top-level entity name                                                           ; Divider            ; Divider            ;
; Family name                                                                     ; Cyclone V          ; Cyclone V          ;
; VHDL Show LMF Mapping Messages                                                  ; Off                ;                    ;
; VHDL Version                                                                    ; VHDL_2008          ; VHDL_1993          ;
; Use smart compilation                                                           ; Off                ; Off                ;
; Enable parallel Assembler and Timing Analyzer during compilation                ; On                 ; On                 ;
; Enable compact report table                                                     ; Off                ; Off                ;
; Restructure Multiplexers                                                        ; Auto               ; Auto               ;
; MLAB Add Timing Constraints For Mixed-Port Feed-Through Mode Setting Don't Care ; Off                ; Off                ;
; Create Debugging Nodes for IP Cores                                             ; Off                ; Off                ;
; Preserve fewer node names                                                       ; On                 ; On                 ;
; Intel FPGA IP Evaluation Mode                                                   ; Enable             ; Enable             ;
; Verilog Version                                                                 ; Verilog_2001       ; Verilog_2001       ;
; State Machine Processing                                                        ; Auto               ; Auto               ;
; Safe State Machine                                                              ; Off                ; Off                ;
; Extract Verilog State Machines                                                  ; On                 ; On                 ;
; Extract VHDL State Machines                                                     ; On                 ; On                 ;
; Ignore Verilog initial constructs                                               ; Off                ; Off                ;
; Iteration limit for constant Verilog loops                                      ; 5000               ; 5000               ;
; Iteration limit for non-constant Verilog loops                                  ; 250                ; 250                ;
; Add Pass-Through Logic to Inferred RAMs                                         ; On                 ; On                 ;
; Infer RAMs from Raw Logic                                                       ; On                 ; On                 ;
; Parallel Synthesis                                                              ; On                 ; On                 ;
; DSP Block Balancing                                                             ; Auto               ; Auto               ;
; NOT Gate Push-Back                                                              ; On                 ; On                 ;
; Power-Up Don't Care                                                             ; On                 ; On                 ;
; Remove Redundant Logic Cells                                                    ; Off                ; Off                ;
; Remove Duplicate Registers                                                      ; On                 ; On                 ;
; Ignore CARRY Buffers                                                            ; Off                ; Off                ;
; Ignore CASCADE Buffers                                                          ; Off                ; Off                ;
; Ignore GLOBAL Buffers                                                           ; Off                ; Off                ;
; Ignore ROW GLOBAL Buffers                                                       ; Off                ; Off                ;
; Ignore LCELL Buffers                                                            ; Off                ; Off                ;
; Ignore SOFT Buffers                                                             ; On                 ; On                 ;
; Limit AHDL Integers to 32 Bits                                                  ; Off                ; Off                ;
; Optimization Technique                                                          ; Balanced           ; Balanced           ;
; Carry Chain Length                                                              ; 70                 ; 70                 ;
; Auto Carry Chains                                                               ; On                 ; On                 ;
; Auto Open-Drain Pins                                                            ; On                 ; On                 ;
; Perform WYSIWYG Primitive Resynthesis                                           ; Off                ; Off                ;
; Auto ROM Replacement                                                            ; On                 ; On                 ;
; Auto RAM Replacement                                                            ; On                 ; On                 ;
; Auto DSP Block Replacement                                                      ; On                 ; On                 ;
; Auto Shift Register Replacement                                                 ; Auto               ; Auto               ;
; Allow Shift Register Merging across Hierarchies                                 ; Auto               ; Auto               ;
; Auto Clock Enable Replacement                                                   ; On                 ; On                 ;
; Strict RAM Replacement                                                          ; Off                ; Off                ;
; Allow Synchronous Control Signals                                               ; On                 ; On                 ;
; Force Use of Synchronous Clear Signals                                          ; Off                ; Off                ;
; Auto Resource Sharing                                                           ; Off                ; Off                ;
; Allow Any RAM Size For Recognition                                              ; Off                ; Off                ;
; Allow Any ROM Size For Recognition                                              ; Off                ; Off                ;
; Allow Any Shift Register Size For Recognition                                   ; Off                ; Off                ;
; Use LogicLock Constraints during Resource Balancing                             ; On                 ; On                 ;
; Ignore translate_off and synthesis_off directives                               ; Off                ; Off                ;
; Timing-Driven Synthesis                                                         ; On                 ; On                 ;
; Report Parameter Settings                                                       ; On                 ; On                 ;
; Report Source Assignments                                                       ; On                 ; On                 ;
; Report Connectivity Checks                                                      ; On                 ; On                 ;
; Ignore Maximum Fan-Out Assignments                                              ; Off                ; Off                ;
; Synchronization Register Chain Length                                           ; 3                  ; 3                  ;
; Power Optimization During Synthesis                                             ; Normal compilation ; Normal compilation ;
; HDL message level                                                               ; Level2             ; Level2             ;
; Suppress Register Optimization Related Messages                                 ; Off                ; Off                ;
; Number of Removed Registers Reported in Synthesis Report                        ; 5000               ; 5000               ;
; Number of Swept Nodes Reported in Synthesis Report                              ; 5000               ; 5000               ;
; Number of Inverted Registers Reported in Synthesis Report                       ; 100                ; 100                ;
; Clock MUX Protection                                                            ; On                 ; On                 ;
; Auto Gated Clock Conversion                                                     ; Off                ; Off                ;
; Block Design Naming                                                             ; Auto               ; Auto               ;
; SDC constraint protection                                                       ; Off                ; Off                ;
; Synthesis Effort                                                                ; Auto               ; Auto               ;
; Shift Register Replacement - Allow Asynchronous Clear Signal                    ; On                 ; On                 ;
; Pre-Mapping Resynthesis Optimization                                            ; Off                ; Off                ;
; Analysis & Synthesis Message Level                                              ; Medium             ; Medium             ;
; Disable Register Merging Across Hierarchies                                     ; Auto               ; Auto               ;
; Resource Aware Inference For Block RAM                                          ; On                 ; On                 ;
; Automatic Parallel Synthesis                                                    ; On                 ; On                 ;
; Partial Reconfiguration Bitstream ID                                            ; Off                ; Off                ;
+---------------------------------------------------------------------------------+--------------------+--------------------+


+------------------------------------------+
; Parallel Compilation                     ;
+----------------------------+-------------+
; Processors                 ; Number      ;
+----------------------------+-------------+
; Number detected on machine ; 4           ;
; Maximum allowed            ; 2           ;
;                            ;             ;
; Average used               ; 1.00        ;
; Maximum used               ; 1           ;
;                            ;             ;
; Usage by Processor         ; % Time Used ;
;     Processor 1            ; 100.0%      ;
+----------------------------+-------------+


+------------------------------------------------------------------------------------------------------------------------------------------------------------------+
; Analysis & Synthesis Source Files Read                                                                                                                           ;
+----------------------------------+-----------------+-----------------+---------------------------------------------------------------------------------+---------+
; File Name with User-Entered Path ; Used in Netlist ; File Type       ; File Name with Absolute Path                                                    ; Library ;
+----------------------------------+-----------------+-----------------+---------------------------------------------------------------------------------+---------+
; Divider.vhd                      ; yes             ; User VHDL File  ; C:/Users/Kidus/Documents/GitHub/First_DSD/16-bit Calculator/Divider/Divider.vhd ;         ;
+----------------------------------+-----------------+-----------------+---------------------------------------------------------------------------------+---------+


+----------------------------------------------------------------------+
; Analysis & Synthesis Resource Usage Summary                          ;
+---------------------------------------------+------------------------+
; Resource                                    ; Usage                  ;
+---------------------------------------------+------------------------+
; Estimate of Logic utilization (ALMs needed) ; 409                    ;
;                                             ;                        ;
; Combinational ALUT usage for logic          ; 635                    ;
;     -- 7 input functions                    ; 1                      ;
;     -- 6 input functions                    ; 182                    ;
;     -- 5 input functions                    ; 250                    ;
;     -- 4 input functions                    ; 139                    ;
;     -- <=3 input functions                  ; 63                     ;
;                                             ;                        ;
; Dedicated logic registers                   ; 0                      ;
;                                             ;                        ;
; I/O pins                                    ; 66                     ;
;                                             ;                        ;
; Total DSP Blocks                            ; 0                      ;
;                                             ;                        ;
; Maximum fan-out node                        ; mux2x1_16bit:v4|m[7]~6 ;
; Maximum fan-out                             ; 61                     ;
; Total fan-out                               ; 3174                   ;
; Average fan-out                             ; 4.14                   ;
+---------------------------------------------+------------------------+


+---------------------------------------------------------------------------------------------------------------------------------------------------------------------------------------------------------------------------------------+
; Analysis & Synthesis Resource Utilization by Entity                                                                                                                                                                                   ;
+------------------------------+---------------------+---------------------------+-------------------+------------+------+--------------+-----------------------------------------------------------------+--------------+--------------+
; Compilation Hierarchy Node   ; Combinational ALUTs ; Dedicated Logic Registers ; Block Memory Bits ; DSP Blocks ; Pins ; Virtual Pins ; Full Hierarchy Name                                             ; Entity Name  ; Library Name ;
+------------------------------+---------------------+---------------------------+-------------------+------------+------+--------------+-----------------------------------------------------------------+--------------+--------------+
; |Divider                     ; 635 (18)            ; 0 (0)                     ; 0                 ; 0          ; 66   ; 0            ; |Divider                                                        ; Divider      ; work         ;
;    |FAdder_16bit:v5|         ; 4 (0)               ; 0 (0)                     ; 0                 ; 0          ; 0    ; 0            ; |Divider|FAdder_16bit:v5                                        ; FAdder_16bit ; work         ;
;       |FAdder_4bit:u1|       ; 1 (0)               ; 0 (0)                     ; 0                 ; 0          ; 0    ; 0            ; |Divider|FAdder_16bit:v5|FAdder_4bit:u1                         ; FAdder_4bit  ; work         ;
;          |FAdder:u3|         ; 1 (1)               ; 0 (0)                     ; 0                 ; 0          ; 0    ; 0            ; |Divider|FAdder_16bit:v5|FAdder_4bit:u1|FAdder:u3               ; FAdder       ; work         ;
;       |FAdder_4bit:u2|       ; 2 (0)               ; 0 (0)                     ; 0                 ; 0          ; 0    ; 0            ; |Divider|FAdder_16bit:v5|FAdder_4bit:u2                         ; FAdder_4bit  ; work         ;
;          |FAdder:u2|         ; 1 (1)               ; 0 (0)                     ; 0                 ; 0          ; 0    ; 0            ; |Divider|FAdder_16bit:v5|FAdder_4bit:u2|FAdder:u2               ; FAdder       ; work         ;
;          |FAdder:u4|         ; 1 (1)               ; 0 (0)                     ; 0                 ; 0          ; 0    ; 0            ; |Divider|FAdder_16bit:v5|FAdder_4bit:u2|FAdder:u4               ; FAdder       ; work         ;
;       |FAdder_4bit:u3|       ; 1 (0)               ; 0 (0)                     ; 0                 ; 0          ; 0    ; 0            ; |Divider|FAdder_16bit:v5|FAdder_4bit:u3                         ; FAdder_4bit  ; work         ;
;          |FAdder:u4|         ; 1 (1)               ; 0 (0)                     ; 0                 ; 0          ; 0    ; 0            ; |Divider|FAdder_16bit:v5|FAdder_4bit:u3|FAdder:u4               ; FAdder       ; work         ;
;    |FAdder_16bit:v7|         ; 5 (0)               ; 0 (0)                     ; 0                 ; 0          ; 0    ; 0            ; |Divider|FAdder_16bit:v7                                        ; FAdder_16bit ; work         ;
;       |FAdder_4bit:u1|       ; 1 (0)               ; 0 (0)                     ; 0                 ; 0          ; 0    ; 0            ; |Divider|FAdder_16bit:v7|FAdder_4bit:u1                         ; FAdder_4bit  ; work         ;
;          |FAdder:u4|         ; 1 (1)               ; 0 (0)                     ; 0                 ; 0          ; 0    ; 0            ; |Divider|FAdder_16bit:v7|FAdder_4bit:u1|FAdder:u4               ; FAdder       ; work         ;
;       |FAdder_4bit:u2|       ; 1 (0)               ; 0 (0)                     ; 0                 ; 0          ; 0    ; 0            ; |Divider|FAdder_16bit:v7|FAdder_4bit:u2                         ; FAdder_4bit  ; work         ;
;          |FAdder:u2|         ; 1 (1)               ; 0 (0)                     ; 0                 ; 0          ; 0    ; 0            ; |Divider|FAdder_16bit:v7|FAdder_4bit:u2|FAdder:u2               ; FAdder       ; work         ;
;       |FAdder_4bit:u3|       ; 2 (0)               ; 0 (0)                     ; 0                 ; 0          ; 0    ; 0            ; |Divider|FAdder_16bit:v7|FAdder_4bit:u3                         ; FAdder_4bit  ; work         ;
;          |FAdder:u1|         ; 1 (1)               ; 0 (0)                     ; 0                 ; 0          ; 0    ; 0            ; |Divider|FAdder_16bit:v7|FAdder_4bit:u3|FAdder:u1               ; FAdder       ; work         ;
;          |FAdder:u3|         ; 1 (1)               ; 0 (0)                     ; 0                 ; 0          ; 0    ; 0            ; |Divider|FAdder_16bit:v7|FAdder_4bit:u3|FAdder:u3               ; FAdder       ; work         ;
;       |FAdder_4bit:u4|       ; 1 (0)               ; 0 (0)                     ; 0                 ; 0          ; 0    ; 0            ; |Divider|FAdder_16bit:v7|FAdder_4bit:u4                         ; FAdder_4bit  ; work         ;
;          |FAdder:u2|         ; 1 (1)               ; 0 (0)                     ; 0                 ; 0          ; 0    ; 0            ; |Divider|FAdder_16bit:v7|FAdder_4bit:u4|FAdder:u2               ; FAdder       ; work         ;
;    |mux2x1_16bit:v2|         ; 14 (14)             ; 0 (0)                     ; 0                 ; 0          ; 0    ; 0            ; |Divider|mux2x1_16bit:v2                                        ; mux2x1_16bit ; work         ;
;    |mux2x1_16bit:v4|         ; 14 (14)             ; 0 (0)                     ; 0                 ; 0          ; 0    ; 0            ; |Divider|mux2x1_16bit:v4                                        ; mux2x1_16bit ; work         ;
;    |mux2x1_16bit:v6|         ; 15 (15)             ; 0 (0)                     ; 0                 ; 0          ; 0    ; 0            ; |Divider|mux2x1_16bit:v6                                        ; mux2x1_16bit ; work         ;
;    |mux2x1_16bit:v8|         ; 15 (15)             ; 0 (0)                     ; 0                 ; 0          ; 0    ; 0            ; |Divider|mux2x1_16bit:v8                                        ; mux2x1_16bit ; work         ;
;    |pu4s:u1|                 ; 111 (0)             ; 0 (0)                     ; 0                 ; 0          ; 0    ; 0            ; |Divider|pu4s:u1                                                ; pu4s         ; work         ;
;       |pu:u1|                ; 16 (0)              ; 0 (0)                     ; 0                 ; 0          ; 0    ; 0            ; |Divider|pu4s:u1|pu:u1                                          ; pu           ; work         ;
;          |FAdder_16bit:u1|   ; 10 (0)              ; 0 (0)                     ; 0                 ; 0          ; 0    ; 0            ; |Divider|pu4s:u1|pu:u1|FAdder_16bit:u1                          ; FAdder_16bit ; work         ;
;             |FAdder_4bit:u1| ; 2 (0)               ; 0 (0)                     ; 0                 ; 0          ; 0    ; 0            ; |Divider|pu4s:u1|pu:u1|FAdder_16bit:u1|FAdder_4bit:u1           ; FAdder_4bit  ; work         ;
;                |FAdder:u1|   ; 1 (1)               ; 0 (0)                     ; 0                 ; 0          ; 0    ; 0            ; |Divider|pu4s:u1|pu:u1|FAdder_16bit:u1|FAdder_4bit:u1|FAdder:u1 ; FAdder       ; work         ;
;                |FAdder:u3|   ; 1 (1)               ; 0 (0)                     ; 0                 ; 0          ; 0    ; 0            ; |Divider|pu4s:u1|pu:u1|FAdder_16bit:u1|FAdder_4bit:u1|FAdder:u3 ; FAdder       ; work         ;
;             |FAdder_4bit:u2| ; 2 (0)               ; 0 (0)                     ; 0                 ; 0          ; 0    ; 0            ; |Divider|pu4s:u1|pu:u1|FAdder_16bit:u1|FAdder_4bit:u2           ; FAdder_4bit  ; work         ;
;                |FAdder:u2|   ; 1 (1)               ; 0 (0)                     ; 0                 ; 0          ; 0    ; 0            ; |Divider|pu4s:u1|pu:u1|FAdder_16bit:u1|FAdder_4bit:u2|FAdder:u2 ; FAdder       ; work         ;
;                |FAdder:u3|   ; 1 (1)               ; 0 (0)                     ; 0                 ; 0          ; 0    ; 0            ; |Divider|pu4s:u1|pu:u1|FAdder_16bit:u1|FAdder_4bit:u2|FAdder:u3 ; FAdder       ; work         ;
;             |FAdder_4bit:u3| ; 3 (0)               ; 0 (0)                     ; 0                 ; 0          ; 0    ; 0            ; |Divider|pu4s:u1|pu:u1|FAdder_16bit:u1|FAdder_4bit:u3           ; FAdder_4bit  ; work         ;
;                |FAdder:u1|   ; 2 (2)               ; 0 (0)                     ; 0                 ; 0          ; 0    ; 0            ; |Divider|pu4s:u1|pu:u1|FAdder_16bit:u1|FAdder_4bit:u3|FAdder:u1 ; FAdder       ; work         ;
;                |FAdder:u2|   ; 1 (1)               ; 0 (0)                     ; 0                 ; 0          ; 0    ; 0            ; |Divider|pu4s:u1|pu:u1|FAdder_16bit:u1|FAdder_4bit:u3|FAdder:u2 ; FAdder       ; work         ;
;             |FAdder_4bit:u4| ; 3 (0)               ; 0 (0)                     ; 0                 ; 0          ; 0    ; 0            ; |Divider|pu4s:u1|pu:u1|FAdder_16bit:u1|FAdder_4bit:u4           ; FAdder_4bit  ; work         ;
;                |FAdder:u4|   ; 3 (3)               ; 0 (0)                     ; 0                 ; 0          ; 0    ; 0            ; |Divider|pu4s:u1|pu:u1|FAdder_16bit:u1|FAdder_4bit:u4|FAdder:u4 ; FAdder       ; work         ;
;          |mux2x1_16bit:u2|   ; 6 (6)               ; 0 (0)                     ; 0                 ; 0          ; 0    ; 0            ; |Divider|pu4s:u1|pu:u1|mux2x1_16bit:u2                          ; mux2x1_16bit ; work         ;
;       |pu:u2|                ; 28 (0)              ; 0 (0)                     ; 0                 ; 0          ; 0    ; 0            ; |Divider|pu4s:u1|pu:u2                                          ; pu           ; work         ;
;          |FAdder_16bit:u1|   ; 18 (0)              ; 0 (0)                     ; 0                 ; 0          ; 0    ; 0            ; |Divider|pu4s:u1|pu:u2|FAdder_16bit:u1                          ; FAdder_16bit ; work         ;
;             |FAdder_4bit:u1| ; 4 (0)               ; 0 (0)                     ; 0                 ; 0          ; 0    ; 0            ; |Divider|pu4s:u1|pu:u2|FAdder_16bit:u1|FAdder_4bit:u1           ; FAdder_4bit  ; work         ;
;                |FAdder:u2|   ; 1 (1)               ; 0 (0)                     ; 0                 ; 0          ; 0    ; 0            ; |Divider|pu4s:u1|pu:u2|FAdder_16bit:u1|FAdder_4bit:u1|FAdder:u2 ; FAdder       ; work         ;
;                |FAdder:u3|   ; 2 (2)               ; 0 (0)                     ; 0                 ; 0          ; 0    ; 0            ; |Divider|pu4s:u1|pu:u2|FAdder_16bit:u1|FAdder_4bit:u1|FAdder:u3 ; FAdder       ; work         ;
;                |FAdder:u4|   ; 1 (1)               ; 0 (0)                     ; 0                 ; 0          ; 0    ; 0            ; |Divider|pu4s:u1|pu:u2|FAdder_16bit:u1|FAdder_4bit:u1|FAdder:u4 ; FAdder       ; work         ;
;             |FAdder_4bit:u2| ; 8 (0)               ; 0 (0)                     ; 0                 ; 0          ; 0    ; 0            ; |Divider|pu4s:u1|pu:u2|FAdder_16bit:u1|FAdder_4bit:u2           ; FAdder_4bit  ; work         ;
;                |FAdder:u1|   ; 1 (1)               ; 0 (0)                     ; 0                 ; 0          ; 0    ; 0            ; |Divider|pu4s:u1|pu:u2|FAdder_16bit:u1|FAdder_4bit:u2|FAdder:u1 ; FAdder       ; work         ;
;                |FAdder:u2|   ; 4 (4)               ; 0 (0)                     ; 0                 ; 0          ; 0    ; 0            ; |Divider|pu4s:u1|pu:u2|FAdder_16bit:u1|FAdder_4bit:u2|FAdder:u2 ; FAdder       ; work         ;
;                |FAdder:u3|   ; 1 (1)               ; 0 (0)                     ; 0                 ; 0          ; 0    ; 0            ; |Divider|pu4s:u1|pu:u2|FAdder_16bit:u1|FAdder_4bit:u2|FAdder:u3 ; FAdder       ; work         ;
;                |FAdder:u4|   ; 2 (2)               ; 0 (0)                     ; 0                 ; 0          ; 0    ; 0            ; |Divider|pu4s:u1|pu:u2|FAdder_16bit:u1|FAdder_4bit:u2|FAdder:u4 ; FAdder       ; work         ;
;             |FAdder_4bit:u3| ; 2 (0)               ; 0 (0)                     ; 0                 ; 0          ; 0    ; 0            ; |Divider|pu4s:u1|pu:u2|FAdder_16bit:u1|FAdder_4bit:u3           ; FAdder_4bit  ; work         ;
;                |FAdder:u1|   ; 1 (1)               ; 0 (0)                     ; 0                 ; 0          ; 0    ; 0            ; |Divider|pu4s:u1|pu:u2|FAdder_16bit:u1|FAdder_4bit:u3|FAdder:u1 ; FAdder       ; work         ;
;                |FAdder:u3|   ; 1 (1)               ; 0 (0)                     ; 0                 ; 0          ; 0    ; 0            ; |Divider|pu4s:u1|pu:u2|FAdder_16bit:u1|FAdder_4bit:u3|FAdder:u3 ; FAdder       ; work         ;
;             |FAdder_4bit:u4| ; 4 (0)               ; 0 (0)                     ; 0                 ; 0          ; 0    ; 0            ; |Divider|pu4s:u1|pu:u2|FAdder_16bit:u1|FAdder_4bit:u4           ; FAdder_4bit  ; work         ;
;                |FAdder:u4|   ; 4 (4)               ; 0 (0)                     ; 0                 ; 0          ; 0    ; 0            ; |Divider|pu4s:u1|pu:u2|FAdder_16bit:u1|FAdder_4bit:u4|FAdder:u4 ; FAdder       ; work         ;
;          |mux2x1_16bit:u2|   ; 10 (10)             ; 0 (0)                     ; 0                 ; 0          ; 0    ; 0            ; |Divider|pu4s:u1|pu:u2|mux2x1_16bit:u2                          ; mux2x1_16bit ; work         ;
;       |pu:u3|                ; 37 (0)              ; 0 (0)                     ; 0                 ; 0          ; 0    ; 0            ; |Divider|pu4s:u1|pu:u3                                          ; pu           ; work         ;
;          |FAdder_16bit:u1|   ; 24 (0)              ; 0 (0)                     ; 0                 ; 0          ; 0    ; 0            ; |Divider|pu4s:u1|pu:u3|FAdder_16bit:u1                          ; FAdder_16bit ; work         ;
;             |FAdder_4bit:u1| ; 3 (0)               ; 0 (0)                     ; 0                 ; 0          ; 0    ; 0            ; |Divider|pu4s:u1|pu:u3|FAdder_16bit:u1|FAdder_4bit:u1           ; FAdder_4bit  ; work         ;
;                |FAdder:u2|   ; 1 (1)               ; 0 (0)                     ; 0                 ; 0          ; 0    ; 0            ; |Divider|pu4s:u1|pu:u3|FAdder_16bit:u1|FAdder_4bit:u1|FAdder:u2 ; FAdder       ; work         ;
;                |FAdder:u3|   ; 1 (1)               ; 0 (0)                     ; 0                 ; 0          ; 0    ; 0            ; |Divider|pu4s:u1|pu:u3|FAdder_16bit:u1|FAdder_4bit:u1|FAdder:u3 ; FAdder       ; work         ;
;                |FAdder:u4|   ; 1 (1)               ; 0 (0)                     ; 0                 ; 0          ; 0    ; 0            ; |Divider|pu4s:u1|pu:u3|FAdder_16bit:u1|FAdder_4bit:u1|FAdder:u4 ; FAdder       ; work         ;
;             |FAdder_4bit:u2| ; 12 (0)              ; 0 (0)                     ; 0                 ; 0          ; 0    ; 0            ; |Divider|pu4s:u1|pu:u3|FAdder_16bit:u1|FAdder_4bit:u2           ; FAdder_4bit  ; work         ;
;                |FAdder:u1|   ; 4 (4)               ; 0 (0)                     ; 0                 ; 0          ; 0    ; 0            ; |Divider|pu4s:u1|pu:u3|FAdder_16bit:u1|FAdder_4bit:u2|FAdder:u1 ; FAdder       ; work         ;
;                |FAdder:u2|   ; 3 (3)               ; 0 (0)                     ; 0                 ; 0          ; 0    ; 0            ; |Divider|pu4s:u1|pu:u3|FAdder_16bit:u1|FAdder_4bit:u2|FAdder:u2 ; FAdder       ; work         ;
;                |FAdder:u3|   ; 4 (4)               ; 0 (0)                     ; 0                 ; 0          ; 0    ; 0            ; |Divider|pu4s:u1|pu:u3|FAdder_16bit:u1|FAdder_4bit:u2|FAdder:u3 ; FAdder       ; work         ;
;                |FAdder:u4|   ; 1 (1)               ; 0 (0)                     ; 0                 ; 0          ; 0    ; 0            ; |Divider|pu4s:u1|pu:u3|FAdder_16bit:u1|FAdder_4bit:u2|FAdder:u4 ; FAdder       ; work         ;
;             |FAdder_4bit:u3| ; 6 (0)               ; 0 (0)                     ; 0                 ; 0          ; 0    ; 0            ; |Divider|pu4s:u1|pu:u3|FAdder_16bit:u1|FAdder_4bit:u3           ; FAdder_4bit  ; work         ;
;                |FAdder:u1|   ; 1 (1)               ; 0 (0)                     ; 0                 ; 0          ; 0    ; 0            ; |Divider|pu4s:u1|pu:u3|FAdder_16bit:u1|FAdder_4bit:u3|FAdder:u1 ; FAdder       ; work         ;
;                |FAdder:u2|   ; 1 (1)               ; 0 (0)                     ; 0                 ; 0          ; 0    ; 0            ; |Divider|pu4s:u1|pu:u3|FAdder_16bit:u1|FAdder_4bit:u3|FAdder:u2 ; FAdder       ; work         ;
;                |FAdder:u3|   ; 4 (4)               ; 0 (0)                     ; 0                 ; 0          ; 0    ; 0            ; |Divider|pu4s:u1|pu:u3|FAdder_16bit:u1|FAdder_4bit:u3|FAdder:u3 ; FAdder       ; work         ;
;             |FAdder_4bit:u4| ; 3 (0)               ; 0 (0)                     ; 0                 ; 0          ; 0    ; 0            ; |Divider|pu4s:u1|pu:u3|FAdder_16bit:u1|FAdder_4bit:u4           ; FAdder_4bit  ; work         ;
;                |FAdder:u1|   ; 1 (1)               ; 0 (0)                     ; 0                 ; 0          ; 0    ; 0            ; |Divider|pu4s:u1|pu:u3|FAdder_16bit:u1|FAdder_4bit:u4|FAdder:u1 ; FAdder       ; work         ;
;                |FAdder:u4|   ; 2 (2)               ; 0 (0)                     ; 0                 ; 0          ; 0    ; 0            ; |Divider|pu4s:u1|pu:u3|FAdder_16bit:u1|FAdder_4bit:u4|FAdder:u4 ; FAdder       ; work         ;
;          |mux2x1_16bit:u2|   ; 13 (13)             ; 0 (0)                     ; 0                 ; 0          ; 0    ; 0            ; |Divider|pu4s:u1|pu:u3|mux2x1_16bit:u2                          ; mux2x1_16bit ; work         ;
;       |pu:u4|                ; 30 (0)              ; 0 (0)                     ; 0                 ; 0          ; 0    ; 0            ; |Divider|pu4s:u1|pu:u4                                          ; pu           ; work         ;
;          |FAdder_16bit:u1|   ; 18 (0)              ; 0 (0)                     ; 0                 ; 0          ; 0    ; 0            ; |Divider|pu4s:u1|pu:u4|FAdder_16bit:u1                          ; FAdder_16bit ; work         ;
;             |FAdder_4bit:u1| ; 3 (0)               ; 0 (0)                     ; 0                 ; 0          ; 0    ; 0            ; |Divider|pu4s:u1|pu:u4|FAdder_16bit:u1|FAdder_4bit:u1           ; FAdder_4bit  ; work         ;
;                |FAdder:u2|   ; 1 (1)               ; 0 (0)                     ; 0                 ; 0          ; 0    ; 0            ; |Divider|pu4s:u1|pu:u4|FAdder_16bit:u1|FAdder_4bit:u1|FAdder:u2 ; FAdder       ; work         ;
;                |FAdder:u4|   ; 2 (2)               ; 0 (0)                     ; 0                 ; 0          ; 0    ; 0            ; |Divider|pu4s:u1|pu:u4|FAdder_16bit:u1|FAdder_4bit:u1|FAdder:u4 ; FAdder       ; work         ;
;             |FAdder_4bit:u2| ; 6 (0)               ; 0 (0)                     ; 0                 ; 0          ; 0    ; 0            ; |Divider|pu4s:u1|pu:u4|FAdder_16bit:u1|FAdder_4bit:u2           ; FAdder_4bit  ; work         ;
;                |FAdder:u1|   ; 3 (3)               ; 0 (0)                     ; 0                 ; 0          ; 0    ; 0            ; |Divider|pu4s:u1|pu:u4|FAdder_16bit:u1|FAdder_4bit:u2|FAdder:u1 ; FAdder       ; work         ;
;                |FAdder:u2|   ; 1 (1)               ; 0 (0)                     ; 0                 ; 0          ; 0    ; 0            ; |Divider|pu4s:u1|pu:u4|FAdder_16bit:u1|FAdder_4bit:u2|FAdder:u2 ; FAdder       ; work         ;
;                |FAdder:u3|   ; 1 (1)               ; 0 (0)                     ; 0                 ; 0          ; 0    ; 0            ; |Divider|pu4s:u1|pu:u4|FAdder_16bit:u1|FAdder_4bit:u2|FAdder:u3 ; FAdder       ; work         ;
;                |FAdder:u4|   ; 1 (1)               ; 0 (0)                     ; 0                 ; 0          ; 0    ; 0            ; |Divider|pu4s:u1|pu:u4|FAdder_16bit:u1|FAdder_4bit:u2|FAdder:u4 ; FAdder       ; work         ;
;             |FAdder_4bit:u3| ; 6 (0)               ; 0 (0)                     ; 0                 ; 0          ; 0    ; 0            ; |Divider|pu4s:u1|pu:u4|FAdder_16bit:u1|FAdder_4bit:u3           ; FAdder_4bit  ; work         ;
;                |FAdder:u1|   ; 1 (1)               ; 0 (0)                     ; 0                 ; 0          ; 0    ; 0            ; |Divider|pu4s:u1|pu:u4|FAdder_16bit:u1|FAdder_4bit:u3|FAdder:u1 ; FAdder       ; work         ;
;                |FAdder:u2|   ; 3 (3)               ; 0 (0)                     ; 0                 ; 0          ; 0    ; 0            ; |Divider|pu4s:u1|pu:u4|FAdder_16bit:u1|FAdder_4bit:u3|FAdder:u2 ; FAdder       ; work         ;
;                |FAdder:u3|   ; 1 (1)               ; 0 (0)                     ; 0                 ; 0          ; 0    ; 0            ; |Divider|pu4s:u1|pu:u4|FAdder_16bit:u1|FAdder_4bit:u3|FAdder:u3 ; FAdder       ; work         ;
;                |FAdder:u4|   ; 1 (1)               ; 0 (0)                     ; 0                 ; 0          ; 0    ; 0            ; |Divider|pu4s:u1|pu:u4|FAdder_16bit:u1|FAdder_4bit:u3|FAdder:u4 ; FAdder       ; work         ;
;             |FAdder_4bit:u4| ; 3 (0)               ; 0 (0)                     ; 0                 ; 0          ; 0    ; 0            ; |Divider|pu4s:u1|pu:u4|FAdder_16bit:u1|FAdder_4bit:u4           ; FAdder_4bit  ; work         ;
;                |FAdder:u1|   ; 1 (1)               ; 0 (0)                     ; 0                 ; 0          ; 0    ; 0            ; |Divider|pu4s:u1|pu:u4|FAdder_16bit:u1|FAdder_4bit:u4|FAdder:u1 ; FAdder       ; work         ;
;                |FAdder:u4|   ; 2 (2)               ; 0 (0)                     ; 0                 ; 0          ; 0    ; 0            ; |Divider|pu4s:u1|pu:u4|FAdder_16bit:u1|FAdder_4bit:u4|FAdder:u4 ; FAdder       ; work         ;
;          |mux2x1_16bit:u2|   ; 12 (12)             ; 0 (0)                     ; 0                 ; 0          ; 0    ; 0            ; |Divider|pu4s:u1|pu:u4|mux2x1_16bit:u2                          ; mux2x1_16bit ; work         ;
;    |pu4s:u2|                 ; 144 (0)             ; 0 (0)                     ; 0                 ; 0          ; 0    ; 0            ; |Divider|pu4s:u2                                                ; pu4s         ; work         ;
;       |pu:u1|                ; 36 (0)              ; 0 (0)                     ; 0                 ; 0          ; 0    ; 0            ; |Divider|pu4s:u2|pu:u1                                          ; pu           ; work         ;
;          |FAdder_16bit:u1|   ; 21 (0)              ; 0 (0)                     ; 0                 ; 0          ; 0    ; 0            ; |Divider|pu4s:u2|pu:u1|FAdder_16bit:u1                          ; FAdder_16bit ; work         ;
;             |FAdder_4bit:u1| ; 3 (0)               ; 0 (0)                     ; 0                 ; 0          ; 0    ; 0            ; |Divider|pu4s:u2|pu:u1|FAdder_16bit:u1|FAdder_4bit:u1           ; FAdder_4bit  ; work         ;
;                |FAdder:u2|   ; 1 (1)               ; 0 (0)                     ; 0                 ; 0          ; 0    ; 0            ; |Divider|pu4s:u2|pu:u1|FAdder_16bit:u1|FAdder_4bit:u1|FAdder:u2 ; FAdder       ; work         ;
;                |FAdder:u4|   ; 2 (2)               ; 0 (0)                     ; 0                 ; 0          ; 0    ; 0            ; |Divider|pu4s:u2|pu:u1|FAdder_16bit:u1|FAdder_4bit:u1|FAdder:u4 ; FAdder       ; work         ;
;             |FAdder_4bit:u2| ; 5 (0)               ; 0 (0)                     ; 0                 ; 0          ; 0    ; 0            ; |Divider|pu4s:u2|pu:u1|FAdder_16bit:u1|FAdder_4bit:u2           ; FAdder_4bit  ; work         ;
;                |FAdder:u1|   ; 3 (3)               ; 0 (0)                     ; 0                 ; 0          ; 0    ; 0            ; |Divider|pu4s:u2|pu:u1|FAdder_16bit:u1|FAdder_4bit:u2|FAdder:u1 ; FAdder       ; work         ;
;                |FAdder:u2|   ; 1 (1)               ; 0 (0)                     ; 0                 ; 0          ; 0    ; 0            ; |Divider|pu4s:u2|pu:u1|FAdder_16bit:u1|FAdder_4bit:u2|FAdder:u2 ; FAdder       ; work         ;
;                |FAdder:u3|   ; 1 (1)               ; 0 (0)                     ; 0                 ; 0          ; 0    ; 0            ; |Divider|pu4s:u2|pu:u1|FAdder_16bit:u1|FAdder_4bit:u2|FAdder:u3 ; FAdder       ; work         ;
;             |FAdder_4bit:u3| ; 7 (0)               ; 0 (0)                     ; 0                 ; 0          ; 0    ; 0            ; |Divider|pu4s:u2|pu:u1|FAdder_16bit:u1|FAdder_4bit:u3           ; FAdder_4bit  ; work         ;
;                |FAdder:u1|   ; 2 (2)               ; 0 (0)                     ; 0                 ; 0          ; 0    ; 0            ; |Divider|pu4s:u2|pu:u1|FAdder_16bit:u1|FAdder_4bit:u3|FAdder:u1 ; FAdder       ; work         ;
;                |FAdder:u2|   ; 3 (3)               ; 0 (0)                     ; 0                 ; 0          ; 0    ; 0            ; |Divider|pu4s:u2|pu:u1|FAdder_16bit:u1|FAdder_4bit:u3|FAdder:u2 ; FAdder       ; work         ;
;                |FAdder:u3|   ; 1 (1)               ; 0 (0)                     ; 0                 ; 0          ; 0    ; 0            ; |Divider|pu4s:u2|pu:u1|FAdder_16bit:u1|FAdder_4bit:u3|FAdder:u3 ; FAdder       ; work         ;
;                |FAdder:u4|   ; 1 (1)               ; 0 (0)                     ; 0                 ; 0          ; 0    ; 0            ; |Divider|pu4s:u2|pu:u1|FAdder_16bit:u1|FAdder_4bit:u3|FAdder:u4 ; FAdder       ; work         ;
;             |FAdder_4bit:u4| ; 6 (0)               ; 0 (0)                     ; 0                 ; 0          ; 0    ; 0            ; |Divider|pu4s:u2|pu:u1|FAdder_16bit:u1|FAdder_4bit:u4           ; FAdder_4bit  ; work         ;
;                |FAdder:u1|   ; 1 (1)               ; 0 (0)                     ; 0                 ; 0          ; 0    ; 0            ; |Divider|pu4s:u2|pu:u1|FAdder_16bit:u1|FAdder_4bit:u4|FAdder:u1 ; FAdder       ; work         ;
;                |FAdder:u2|   ; 1 (1)               ; 0 (0)                     ; 0                 ; 0          ; 0    ; 0            ; |Divider|pu4s:u2|pu:u1|FAdder_16bit:u1|FAdder_4bit:u4|FAdder:u2 ; FAdder       ; work         ;
;                |FAdder:u4|   ; 4 (4)               ; 0 (0)                     ; 0                 ; 0          ; 0    ; 0            ; |Divider|pu4s:u2|pu:u1|FAdder_16bit:u1|FAdder_4bit:u4|FAdder:u4 ; FAdder       ; work         ;
;          |mux2x1_16bit:u2|   ; 15 (15)             ; 0 (0)                     ; 0                 ; 0          ; 0    ; 0            ; |Divider|pu4s:u2|pu:u1|mux2x1_16bit:u2                          ; mux2x1_16bit ; work         ;
;       |pu:u2|                ; 36 (0)              ; 0 (0)                     ; 0                 ; 0          ; 0    ; 0            ; |Divider|pu4s:u2|pu:u2                                          ; pu           ; work         ;
;          |FAdder_16bit:u1|   ; 21 (0)              ; 0 (0)                     ; 0                 ; 0          ; 0    ; 0            ; |Divider|pu4s:u2|pu:u2|FAdder_16bit:u1                          ; FAdder_16bit ; work         ;
;             |FAdder_4bit:u1| ; 3 (0)               ; 0 (0)                     ; 0                 ; 0          ; 0    ; 0            ; |Divider|pu4s:u2|pu:u2|FAdder_16bit:u1|FAdder_4bit:u1           ; FAdder_4bit  ; work         ;
;                |FAdder:u2|   ; 1 (1)               ; 0 (0)                     ; 0                 ; 0          ; 0    ; 0            ; |Divider|pu4s:u2|pu:u2|FAdder_16bit:u1|FAdder_4bit:u1|FAdder:u2 ; FAdder       ; work         ;
;                |FAdder:u4|   ; 2 (2)               ; 0 (0)                     ; 0                 ; 0          ; 0    ; 0            ; |Divider|pu4s:u2|pu:u2|FAdder_16bit:u1|FAdder_4bit:u1|FAdder:u4 ; FAdder       ; work         ;
;             |FAdder_4bit:u2| ; 5 (0)               ; 0 (0)                     ; 0                 ; 0          ; 0    ; 0            ; |Divider|pu4s:u2|pu:u2|FAdder_16bit:u1|FAdder_4bit:u2           ; FAdder_4bit  ; work         ;
;                |FAdder:u1|   ; 3 (3)               ; 0 (0)                     ; 0                 ; 0          ; 0    ; 0            ; |Divider|pu4s:u2|pu:u2|FAdder_16bit:u1|FAdder_4bit:u2|FAdder:u1 ; FAdder       ; work         ;
;                |FAdder:u2|   ; 1 (1)               ; 0 (0)                     ; 0                 ; 0          ; 0    ; 0            ; |Divider|pu4s:u2|pu:u2|FAdder_16bit:u1|FAdder_4bit:u2|FAdder:u2 ; FAdder       ; work         ;
;                |FAdder:u3|   ; 1 (1)               ; 0 (0)                     ; 0                 ; 0          ; 0    ; 0            ; |Divider|pu4s:u2|pu:u2|FAdder_16bit:u1|FAdder_4bit:u2|FAdder:u3 ; FAdder       ; work         ;
;             |FAdder_4bit:u3| ; 7 (0)               ; 0 (0)                     ; 0                 ; 0          ; 0    ; 0            ; |Divider|pu4s:u2|pu:u2|FAdder_16bit:u1|FAdder_4bit:u3           ; FAdder_4bit  ; work         ;
;                |FAdder:u1|   ; 2 (2)               ; 0 (0)                     ; 0                 ; 0          ; 0    ; 0            ; |Divider|pu4s:u2|pu:u2|FAdder_16bit:u1|FAdder_4bit:u3|FAdder:u1 ; FAdder       ; work         ;
;                |FAdder:u2|   ; 3 (3)               ; 0 (0)                     ; 0                 ; 0          ; 0    ; 0            ; |Divider|pu4s:u2|pu:u2|FAdder_16bit:u1|FAdder_4bit:u3|FAdder:u2 ; FAdder       ; work         ;
;                |FAdder:u3|   ; 1 (1)               ; 0 (0)                     ; 0                 ; 0          ; 0    ; 0            ; |Divider|pu4s:u2|pu:u2|FAdder_16bit:u1|FAdder_4bit:u3|FAdder:u3 ; FAdder       ; work         ;
;                |FAdder:u4|   ; 1 (1)               ; 0 (0)                     ; 0                 ; 0          ; 0    ; 0            ; |Divider|pu4s:u2|pu:u2|FAdder_16bit:u1|FAdder_4bit:u3|FAdder:u4 ; FAdder       ; work         ;
;             |FAdder_4bit:u4| ; 6 (0)               ; 0 (0)                     ; 0                 ; 0          ; 0    ; 0            ; |Divider|pu4s:u2|pu:u2|FAdder_16bit:u1|FAdder_4bit:u4           ; FAdder_4bit  ; work         ;
;                |FAdder:u1|   ; 1 (1)               ; 0 (0)                     ; 0                 ; 0          ; 0    ; 0            ; |Divider|pu4s:u2|pu:u2|FAdder_16bit:u1|FAdder_4bit:u4|FAdder:u1 ; FAdder       ; work         ;
;                |FAdder:u2|   ; 1 (1)               ; 0 (0)                     ; 0                 ; 0          ; 0    ; 0            ; |Divider|pu4s:u2|pu:u2|FAdder_16bit:u1|FAdder_4bit:u4|FAdder:u2 ; FAdder       ; work         ;
;                |FAdder:u4|   ; 4 (4)               ; 0 (0)                     ; 0                 ; 0          ; 0    ; 0            ; |Divider|pu4s:u2|pu:u2|FAdder_16bit:u1|FAdder_4bit:u4|FAdder:u4 ; FAdder       ; work         ;
;          |mux2x1_16bit:u2|   ; 15 (15)             ; 0 (0)                     ; 0                 ; 0          ; 0    ; 0            ; |Divider|pu4s:u2|pu:u2|mux2x1_16bit:u2                          ; mux2x1_16bit ; work         ;
;       |pu:u3|                ; 36 (0)              ; 0 (0)                     ; 0                 ; 0          ; 0    ; 0            ; |Divider|pu4s:u2|pu:u3                                          ; pu           ; work         ;
;          |FAdder_16bit:u1|   ; 21 (0)              ; 0 (0)                     ; 0                 ; 0          ; 0    ; 0            ; |Divider|pu4s:u2|pu:u3|FAdder_16bit:u1                          ; FAdder_16bit ; work         ;
;             |FAdder_4bit:u1| ; 3 (0)               ; 0 (0)                     ; 0                 ; 0          ; 0    ; 0            ; |Divider|pu4s:u2|pu:u3|FAdder_16bit:u1|FAdder_4bit:u1           ; FAdder_4bit  ; work         ;
;                |FAdder:u2|   ; 1 (1)               ; 0 (0)                     ; 0                 ; 0          ; 0    ; 0            ; |Divider|pu4s:u2|pu:u3|FAdder_16bit:u1|FAdder_4bit:u1|FAdder:u2 ; FAdder       ; work         ;
;                |FAdder:u4|   ; 2 (2)               ; 0 (0)                     ; 0                 ; 0          ; 0    ; 0            ; |Divider|pu4s:u2|pu:u3|FAdder_16bit:u1|FAdder_4bit:u1|FAdder:u4 ; FAdder       ; work         ;
;             |FAdder_4bit:u2| ; 5 (0)               ; 0 (0)                     ; 0                 ; 0          ; 0    ; 0            ; |Divider|pu4s:u2|pu:u3|FAdder_16bit:u1|FAdder_4bit:u2           ; FAdder_4bit  ; work         ;
;                |FAdder:u1|   ; 3 (3)               ; 0 (0)                     ; 0                 ; 0          ; 0    ; 0            ; |Divider|pu4s:u2|pu:u3|FAdder_16bit:u1|FAdder_4bit:u2|FAdder:u1 ; FAdder       ; work         ;
;                |FAdder:u2|   ; 1 (1)               ; 0 (0)                     ; 0                 ; 0          ; 0    ; 0            ; |Divider|pu4s:u2|pu:u3|FAdder_16bit:u1|FAdder_4bit:u2|FAdder:u2 ; FAdder       ; work         ;
;                |FAdder:u3|   ; 1 (1)               ; 0 (0)                     ; 0                 ; 0          ; 0    ; 0            ; |Divider|pu4s:u2|pu:u3|FAdder_16bit:u1|FAdder_4bit:u2|FAdder:u3 ; FAdder       ; work         ;
;             |FAdder_4bit:u3| ; 7 (0)               ; 0 (0)                     ; 0                 ; 0          ; 0    ; 0            ; |Divider|pu4s:u2|pu:u3|FAdder_16bit:u1|FAdder_4bit:u3           ; FAdder_4bit  ; work         ;
;                |FAdder:u1|   ; 2 (2)               ; 0 (0)                     ; 0                 ; 0          ; 0    ; 0            ; |Divider|pu4s:u2|pu:u3|FAdder_16bit:u1|FAdder_4bit:u3|FAdder:u1 ; FAdder       ; work         ;
;                |FAdder:u2|   ; 3 (3)               ; 0 (0)                     ; 0                 ; 0          ; 0    ; 0            ; |Divider|pu4s:u2|pu:u3|FAdder_16bit:u1|FAdder_4bit:u3|FAdder:u2 ; FAdder       ; work         ;
;                |FAdder:u3|   ; 1 (1)               ; 0 (0)                     ; 0                 ; 0          ; 0    ; 0            ; |Divider|pu4s:u2|pu:u3|FAdder_16bit:u1|FAdder_4bit:u3|FAdder:u3 ; FAdder       ; work         ;
;                |FAdder:u4|   ; 1 (1)               ; 0 (0)                     ; 0                 ; 0          ; 0    ; 0            ; |Divider|pu4s:u2|pu:u3|FAdder_16bit:u1|FAdder_4bit:u3|FAdder:u4 ; FAdder       ; work         ;
;             |FAdder_4bit:u4| ; 6 (0)               ; 0 (0)                     ; 0                 ; 0          ; 0    ; 0            ; |Divider|pu4s:u2|pu:u3|FAdder_16bit:u1|FAdder_4bit:u4           ; FAdder_4bit  ; work         ;
;                |FAdder:u1|   ; 1 (1)               ; 0 (0)                     ; 0                 ; 0          ; 0    ; 0            ; |Divider|pu4s:u2|pu:u3|FAdder_16bit:u1|FAdder_4bit:u4|FAdder:u1 ; FAdder       ; work         ;
;                |FAdder:u2|   ; 1 (1)               ; 0 (0)                     ; 0                 ; 0          ; 0    ; 0            ; |Divider|pu4s:u2|pu:u3|FAdder_16bit:u1|FAdder_4bit:u4|FAdder:u2 ; FAdder       ; work         ;
;                |FAdder:u4|   ; 4 (4)               ; 0 (0)                     ; 0                 ; 0          ; 0    ; 0            ; |Divider|pu4s:u2|pu:u3|FAdder_16bit:u1|FAdder_4bit:u4|FAdder:u4 ; FAdder       ; work         ;
;          |mux2x1_16bit:u2|   ; 15 (15)             ; 0 (0)                     ; 0                 ; 0          ; 0    ; 0            ; |Divider|pu4s:u2|pu:u3|mux2x1_16bit:u2                          ; mux2x1_16bit ; work         ;
;       |pu:u4|                ; 36 (0)              ; 0 (0)                     ; 0                 ; 0          ; 0    ; 0            ; |Divider|pu4s:u2|pu:u4                                          ; pu           ; work         ;
;          |FAdder_16bit:u1|   ; 21 (0)              ; 0 (0)                     ; 0                 ; 0          ; 0    ; 0            ; |Divider|pu4s:u2|pu:u4|FAdder_16bit:u1                          ; FAdder_16bit ; work         ;
;             |FAdder_4bit:u1| ; 3 (0)               ; 0 (0)                     ; 0                 ; 0          ; 0    ; 0            ; |Divider|pu4s:u2|pu:u4|FAdder_16bit:u1|FAdder_4bit:u1           ; FAdder_4bit  ; work         ;
;                |FAdder:u2|   ; 1 (1)               ; 0 (0)                     ; 0                 ; 0          ; 0    ; 0            ; |Divider|pu4s:u2|pu:u4|FAdder_16bit:u1|FAdder_4bit:u1|FAdder:u2 ; FAdder       ; work         ;
;                |FAdder:u4|   ; 2 (2)               ; 0 (0)                     ; 0                 ; 0          ; 0    ; 0            ; |Divider|pu4s:u2|pu:u4|FAdder_16bit:u1|FAdder_4bit:u1|FAdder:u4 ; FAdder       ; work         ;
;             |FAdder_4bit:u2| ; 5 (0)               ; 0 (0)                     ; 0                 ; 0          ; 0    ; 0            ; |Divider|pu4s:u2|pu:u4|FAdder_16bit:u1|FAdder_4bit:u2           ; FAdder_4bit  ; work         ;
;                |FAdder:u1|   ; 3 (3)               ; 0 (0)                     ; 0                 ; 0          ; 0    ; 0            ; |Divider|pu4s:u2|pu:u4|FAdder_16bit:u1|FAdder_4bit:u2|FAdder:u1 ; FAdder       ; work         ;
;                |FAdder:u2|   ; 1 (1)               ; 0 (0)                     ; 0                 ; 0          ; 0    ; 0            ; |Divider|pu4s:u2|pu:u4|FAdder_16bit:u1|FAdder_4bit:u2|FAdder:u2 ; FAdder       ; work         ;
;                |FAdder:u3|   ; 1 (1)               ; 0 (0)                     ; 0                 ; 0          ; 0    ; 0            ; |Divider|pu4s:u2|pu:u4|FAdder_16bit:u1|FAdder_4bit:u2|FAdder:u3 ; FAdder       ; work         ;
;             |FAdder_4bit:u3| ; 7 (0)               ; 0 (0)                     ; 0                 ; 0          ; 0    ; 0            ; |Divider|pu4s:u2|pu:u4|FAdder_16bit:u1|FAdder_4bit:u3           ; FAdder_4bit  ; work         ;
;                |FAdder:u1|   ; 2 (2)               ; 0 (0)                     ; 0                 ; 0          ; 0    ; 0            ; |Divider|pu4s:u2|pu:u4|FAdder_16bit:u1|FAdder_4bit:u3|FAdder:u1 ; FAdder       ; work         ;
;                |FAdder:u2|   ; 3 (3)               ; 0 (0)                     ; 0                 ; 0          ; 0    ; 0            ; |Divider|pu4s:u2|pu:u4|FAdder_16bit:u1|FAdder_4bit:u3|FAdder:u2 ; FAdder       ; work         ;
;                |FAdder:u3|   ; 1 (1)               ; 0 (0)                     ; 0                 ; 0          ; 0    ; 0            ; |Divider|pu4s:u2|pu:u4|FAdder_16bit:u1|FAdder_4bit:u3|FAdder:u3 ; FAdder       ; work         ;
;                |FAdder:u4|   ; 1 (1)               ; 0 (0)                     ; 0                 ; 0          ; 0    ; 0            ; |Divider|pu4s:u2|pu:u4|FAdder_16bit:u1|FAdder_4bit:u3|FAdder:u4 ; FAdder       ; work         ;
;             |FAdder_4bit:u4| ; 6 (0)               ; 0 (0)                     ; 0                 ; 0          ; 0    ; 0            ; |Divider|pu4s:u2|pu:u4|FAdder_16bit:u1|FAdder_4bit:u4           ; FAdder_4bit  ; work         ;
;                |FAdder:u1|   ; 1 (1)               ; 0 (0)                     ; 0                 ; 0          ; 0    ; 0            ; |Divider|pu4s:u2|pu:u4|FAdder_16bit:u1|FAdder_4bit:u4|FAdder:u1 ; FAdder       ; work         ;
;                |FAdder:u2|   ; 1 (1)               ; 0 (0)                     ; 0                 ; 0          ; 0    ; 0            ; |Divider|pu4s:u2|pu:u4|FAdder_16bit:u1|FAdder_4bit:u4|FAdder:u2 ; FAdder       ; work         ;
;                |FAdder:u4|   ; 4 (4)               ; 0 (0)                     ; 0                 ; 0          ; 0    ; 0            ; |Divider|pu4s:u2|pu:u4|FAdder_16bit:u1|FAdder_4bit:u4|FAdder:u4 ; FAdder       ; work         ;
;          |mux2x1_16bit:u2|   ; 15 (15)             ; 0 (0)                     ; 0                 ; 0          ; 0    ; 0            ; |Divider|pu4s:u2|pu:u4|mux2x1_16bit:u2                          ; mux2x1_16bit ; work         ;
;    |pu4s:u3|                 ; 144 (0)             ; 0 (0)                     ; 0                 ; 0          ; 0    ; 0            ; |Divider|pu4s:u3                                                ; pu4s         ; work         ;
;       |pu:u1|                ; 36 (0)              ; 0 (0)                     ; 0                 ; 0          ; 0    ; 0            ; |Divider|pu4s:u3|pu:u1                                          ; pu           ; work         ;
;          |FAdder_16bit:u1|   ; 21 (0)              ; 0 (0)                     ; 0                 ; 0          ; 0    ; 0            ; |Divider|pu4s:u3|pu:u1|FAdder_16bit:u1                          ; FAdder_16bit ; work         ;
;             |FAdder_4bit:u1| ; 3 (0)               ; 0 (0)                     ; 0                 ; 0          ; 0    ; 0            ; |Divider|pu4s:u3|pu:u1|FAdder_16bit:u1|FAdder_4bit:u1           ; FAdder_4bit  ; work         ;
;                |FAdder:u2|   ; 1 (1)               ; 0 (0)                     ; 0                 ; 0          ; 0    ; 0            ; |Divider|pu4s:u3|pu:u1|FAdder_16bit:u1|FAdder_4bit:u1|FAdder:u2 ; FAdder       ; work         ;
;                |FAdder:u4|   ; 2 (2)               ; 0 (0)                     ; 0                 ; 0          ; 0    ; 0            ; |Divider|pu4s:u3|pu:u1|FAdder_16bit:u1|FAdder_4bit:u1|FAdder:u4 ; FAdder       ; work         ;
;             |FAdder_4bit:u2| ; 5 (0)               ; 0 (0)                     ; 0                 ; 0          ; 0    ; 0            ; |Divider|pu4s:u3|pu:u1|FAdder_16bit:u1|FAdder_4bit:u2           ; FAdder_4bit  ; work         ;
;                |FAdder:u1|   ; 3 (3)               ; 0 (0)                     ; 0                 ; 0          ; 0    ; 0            ; |Divider|pu4s:u3|pu:u1|FAdder_16bit:u1|FAdder_4bit:u2|FAdder:u1 ; FAdder       ; work         ;
;                |FAdder:u2|   ; 1 (1)               ; 0 (0)                     ; 0                 ; 0          ; 0    ; 0            ; |Divider|pu4s:u3|pu:u1|FAdder_16bit:u1|FAdder_4bit:u2|FAdder:u2 ; FAdder       ; work         ;
;                |FAdder:u3|   ; 1 (1)               ; 0 (0)                     ; 0                 ; 0          ; 0    ; 0            ; |Divider|pu4s:u3|pu:u1|FAdder_16bit:u1|FAdder_4bit:u2|FAdder:u3 ; FAdder       ; work         ;
;             |FAdder_4bit:u3| ; 7 (0)               ; 0 (0)                     ; 0                 ; 0          ; 0    ; 0            ; |Divider|pu4s:u3|pu:u1|FAdder_16bit:u1|FAdder_4bit:u3           ; FAdder_4bit  ; work         ;
;                |FAdder:u1|   ; 2 (2)               ; 0 (0)                     ; 0                 ; 0          ; 0    ; 0            ; |Divider|pu4s:u3|pu:u1|FAdder_16bit:u1|FAdder_4bit:u3|FAdder:u1 ; FAdder       ; work         ;
;                |FAdder:u2|   ; 3 (3)               ; 0 (0)                     ; 0                 ; 0          ; 0    ; 0            ; |Divider|pu4s:u3|pu:u1|FAdder_16bit:u1|FAdder_4bit:u3|FAdder:u2 ; FAdder       ; work         ;
;                |FAdder:u3|   ; 1 (1)               ; 0 (0)                     ; 0                 ; 0          ; 0    ; 0            ; |Divider|pu4s:u3|pu:u1|FAdder_16bit:u1|FAdder_4bit:u3|FAdder:u3 ; FAdder       ; work         ;
;                |FAdder:u4|   ; 1 (1)               ; 0 (0)                     ; 0                 ; 0          ; 0    ; 0            ; |Divider|pu4s:u3|pu:u1|FAdder_16bit:u1|FAdder_4bit:u3|FAdder:u4 ; FAdder       ; work         ;
;             |FAdder_4bit:u4| ; 6 (0)               ; 0 (0)                     ; 0                 ; 0          ; 0    ; 0            ; |Divider|pu4s:u3|pu:u1|FAdder_16bit:u1|FAdder_4bit:u4           ; FAdder_4bit  ; work         ;
;                |FAdder:u1|   ; 1 (1)               ; 0 (0)                     ; 0                 ; 0          ; 0    ; 0            ; |Divider|pu4s:u3|pu:u1|FAdder_16bit:u1|FAdder_4bit:u4|FAdder:u1 ; FAdder       ; work         ;
;                |FAdder:u2|   ; 1 (1)               ; 0 (0)                     ; 0                 ; 0          ; 0    ; 0            ; |Divider|pu4s:u3|pu:u1|FAdder_16bit:u1|FAdder_4bit:u4|FAdder:u2 ; FAdder       ; work         ;
;                |FAdder:u4|   ; 4 (4)               ; 0 (0)                     ; 0                 ; 0          ; 0    ; 0            ; |Divider|pu4s:u3|pu:u1|FAdder_16bit:u1|FAdder_4bit:u4|FAdder:u4 ; FAdder       ; work         ;
;          |mux2x1_16bit:u2|   ; 15 (15)             ; 0 (0)                     ; 0                 ; 0          ; 0    ; 0            ; |Divider|pu4s:u3|pu:u1|mux2x1_16bit:u2                          ; mux2x1_16bit ; work         ;
;       |pu:u2|                ; 36 (0)              ; 0 (0)                     ; 0                 ; 0          ; 0    ; 0            ; |Divider|pu4s:u3|pu:u2                                          ; pu           ; work         ;
;          |FAdder_16bit:u1|   ; 21 (0)              ; 0 (0)                     ; 0                 ; 0          ; 0    ; 0            ; |Divider|pu4s:u3|pu:u2|FAdder_16bit:u1                          ; FAdder_16bit ; work         ;
;             |FAdder_4bit:u1| ; 3 (0)               ; 0 (0)                     ; 0                 ; 0          ; 0    ; 0            ; |Divider|pu4s:u3|pu:u2|FAdder_16bit:u1|FAdder_4bit:u1           ; FAdder_4bit  ; work         ;
;                |FAdder:u2|   ; 1 (1)               ; 0 (0)                     ; 0                 ; 0          ; 0    ; 0            ; |Divider|pu4s:u3|pu:u2|FAdder_16bit:u1|FAdder_4bit:u1|FAdder:u2 ; FAdder       ; work         ;
;                |FAdder:u4|   ; 2 (2)               ; 0 (0)                     ; 0                 ; 0          ; 0    ; 0            ; |Divider|pu4s:u3|pu:u2|FAdder_16bit:u1|FAdder_4bit:u1|FAdder:u4 ; FAdder       ; work         ;
;             |FAdder_4bit:u2| ; 5 (0)               ; 0 (0)                     ; 0                 ; 0          ; 0    ; 0            ; |Divider|pu4s:u3|pu:u2|FAdder_16bit:u1|FAdder_4bit:u2           ; FAdder_4bit  ; work         ;
;                |FAdder:u1|   ; 3 (3)               ; 0 (0)                     ; 0                 ; 0          ; 0    ; 0            ; |Divider|pu4s:u3|pu:u2|FAdder_16bit:u1|FAdder_4bit:u2|FAdder:u1 ; FAdder       ; work         ;
;                |FAdder:u2|   ; 1 (1)               ; 0 (0)                     ; 0                 ; 0          ; 0    ; 0            ; |Divider|pu4s:u3|pu:u2|FAdder_16bit:u1|FAdder_4bit:u2|FAdder:u2 ; FAdder       ; work         ;
;                |FAdder:u3|   ; 1 (1)               ; 0 (0)                     ; 0                 ; 0          ; 0    ; 0            ; |Divider|pu4s:u3|pu:u2|FAdder_16bit:u1|FAdder_4bit:u2|FAdder:u3 ; FAdder       ; work         ;
;             |FAdder_4bit:u3| ; 7 (0)               ; 0 (0)                     ; 0                 ; 0          ; 0    ; 0            ; |Divider|pu4s:u3|pu:u2|FAdder_16bit:u1|FAdder_4bit:u3           ; FAdder_4bit  ; work         ;
;                |FAdder:u1|   ; 2 (2)               ; 0 (0)                     ; 0                 ; 0          ; 0    ; 0            ; |Divider|pu4s:u3|pu:u2|FAdder_16bit:u1|FAdder_4bit:u3|FAdder:u1 ; FAdder       ; work         ;
;                |FAdder:u2|   ; 3 (3)               ; 0 (0)                     ; 0                 ; 0          ; 0    ; 0            ; |Divider|pu4s:u3|pu:u2|FAdder_16bit:u1|FAdder_4bit:u3|FAdder:u2 ; FAdder       ; work         ;
;                |FAdder:u3|   ; 1 (1)               ; 0 (0)                     ; 0                 ; 0          ; 0    ; 0            ; |Divider|pu4s:u3|pu:u2|FAdder_16bit:u1|FAdder_4bit:u3|FAdder:u3 ; FAdder       ; work         ;
;                |FAdder:u4|   ; 1 (1)               ; 0 (0)                     ; 0                 ; 0          ; 0    ; 0            ; |Divider|pu4s:u3|pu:u2|FAdder_16bit:u1|FAdder_4bit:u3|FAdder:u4 ; FAdder       ; work         ;
;             |FAdder_4bit:u4| ; 6 (0)               ; 0 (0)                     ; 0                 ; 0          ; 0    ; 0            ; |Divider|pu4s:u3|pu:u2|FAdder_16bit:u1|FAdder_4bit:u4           ; FAdder_4bit  ; work         ;
;                |FAdder:u1|   ; 1 (1)               ; 0 (0)                     ; 0                 ; 0          ; 0    ; 0            ; |Divider|pu4s:u3|pu:u2|FAdder_16bit:u1|FAdder_4bit:u4|FAdder:u1 ; FAdder       ; work         ;
;                |FAdder:u2|   ; 1 (1)               ; 0 (0)                     ; 0                 ; 0          ; 0    ; 0            ; |Divider|pu4s:u3|pu:u2|FAdder_16bit:u1|FAdder_4bit:u4|FAdder:u2 ; FAdder       ; work         ;
;                |FAdder:u4|   ; 4 (4)               ; 0 (0)                     ; 0                 ; 0          ; 0    ; 0            ; |Divider|pu4s:u3|pu:u2|FAdder_16bit:u1|FAdder_4bit:u4|FAdder:u4 ; FAdder       ; work         ;
;          |mux2x1_16bit:u2|   ; 15 (15)             ; 0 (0)                     ; 0                 ; 0          ; 0    ; 0            ; |Divider|pu4s:u3|pu:u2|mux2x1_16bit:u2                          ; mux2x1_16bit ; work         ;
;       |pu:u3|                ; 36 (0)              ; 0 (0)                     ; 0                 ; 0          ; 0    ; 0            ; |Divider|pu4s:u3|pu:u3                                          ; pu           ; work         ;
;          |FAdder_16bit:u1|   ; 21 (0)              ; 0 (0)                     ; 0                 ; 0          ; 0    ; 0            ; |Divider|pu4s:u3|pu:u3|FAdder_16bit:u1                          ; FAdder_16bit ; work         ;
;             |FAdder_4bit:u1| ; 3 (0)               ; 0 (0)                     ; 0                 ; 0          ; 0    ; 0            ; |Divider|pu4s:u3|pu:u3|FAdder_16bit:u1|FAdder_4bit:u1           ; FAdder_4bit  ; work         ;
;                |FAdder:u2|   ; 1 (1)               ; 0 (0)                     ; 0                 ; 0          ; 0    ; 0            ; |Divider|pu4s:u3|pu:u3|FAdder_16bit:u1|FAdder_4bit:u1|FAdder:u2 ; FAdder       ; work         ;
;                |FAdder:u4|   ; 2 (2)               ; 0 (0)                     ; 0                 ; 0          ; 0    ; 0            ; |Divider|pu4s:u3|pu:u3|FAdder_16bit:u1|FAdder_4bit:u1|FAdder:u4 ; FAdder       ; work         ;
;             |FAdder_4bit:u2| ; 5 (0)               ; 0 (0)                     ; 0                 ; 0          ; 0    ; 0            ; |Divider|pu4s:u3|pu:u3|FAdder_16bit:u1|FAdder_4bit:u2           ; FAdder_4bit  ; work         ;
;                |FAdder:u1|   ; 3 (3)               ; 0 (0)                     ; 0                 ; 0          ; 0    ; 0            ; |Divider|pu4s:u3|pu:u3|FAdder_16bit:u1|FAdder_4bit:u2|FAdder:u1 ; FAdder       ; work         ;
;                |FAdder:u2|   ; 1 (1)               ; 0 (0)                     ; 0                 ; 0          ; 0    ; 0            ; |Divider|pu4s:u3|pu:u3|FAdder_16bit:u1|FAdder_4bit:u2|FAdder:u2 ; FAdder       ; work         ;
;                |FAdder:u3|   ; 1 (1)               ; 0 (0)                     ; 0                 ; 0          ; 0    ; 0            ; |Divider|pu4s:u3|pu:u3|FAdder_16bit:u1|FAdder_4bit:u2|FAdder:u3 ; FAdder       ; work         ;
;             |FAdder_4bit:u3| ; 7 (0)               ; 0 (0)                     ; 0                 ; 0          ; 0    ; 0            ; |Divider|pu4s:u3|pu:u3|FAdder_16bit:u1|FAdder_4bit:u3           ; FAdder_4bit  ; work         ;
;                |FAdder:u1|   ; 2 (2)               ; 0 (0)                     ; 0                 ; 0          ; 0    ; 0            ; |Divider|pu4s:u3|pu:u3|FAdder_16bit:u1|FAdder_4bit:u3|FAdder:u1 ; FAdder       ; work         ;
;                |FAdder:u2|   ; 3 (3)               ; 0 (0)                     ; 0                 ; 0          ; 0    ; 0            ; |Divider|pu4s:u3|pu:u3|FAdder_16bit:u1|FAdder_4bit:u3|FAdder:u2 ; FAdder       ; work         ;
;                |FAdder:u3|   ; 1 (1)               ; 0 (0)                     ; 0                 ; 0          ; 0    ; 0            ; |Divider|pu4s:u3|pu:u3|FAdder_16bit:u1|FAdder_4bit:u3|FAdder:u3 ; FAdder       ; work         ;
;                |FAdder:u4|   ; 1 (1)               ; 0 (0)                     ; 0                 ; 0          ; 0    ; 0            ; |Divider|pu4s:u3|pu:u3|FAdder_16bit:u1|FAdder_4bit:u3|FAdder:u4 ; FAdder       ; work         ;
;             |FAdder_4bit:u4| ; 6 (0)               ; 0 (0)                     ; 0                 ; 0          ; 0    ; 0            ; |Divider|pu4s:u3|pu:u3|FAdder_16bit:u1|FAdder_4bit:u4           ; FAdder_4bit  ; work         ;
;                |FAdder:u1|   ; 1 (1)               ; 0 (0)                     ; 0                 ; 0          ; 0    ; 0            ; |Divider|pu4s:u3|pu:u3|FAdder_16bit:u1|FAdder_4bit:u4|FAdder:u1 ; FAdder       ; work         ;
;                |FAdder:u2|   ; 1 (1)               ; 0 (0)                     ; 0                 ; 0          ; 0    ; 0            ; |Divider|pu4s:u3|pu:u3|FAdder_16bit:u1|FAdder_4bit:u4|FAdder:u2 ; FAdder       ; work         ;
;                |FAdder:u4|   ; 4 (4)               ; 0 (0)                     ; 0                 ; 0          ; 0    ; 0            ; |Divider|pu4s:u3|pu:u3|FAdder_16bit:u1|FAdder_4bit:u4|FAdder:u4 ; FAdder       ; work         ;
;          |mux2x1_16bit:u2|   ; 15 (15)             ; 0 (0)                     ; 0                 ; 0          ; 0    ; 0            ; |Divider|pu4s:u3|pu:u3|mux2x1_16bit:u2                          ; mux2x1_16bit ; work         ;
;       |pu:u4|                ; 36 (0)              ; 0 (0)                     ; 0                 ; 0          ; 0    ; 0            ; |Divider|pu4s:u3|pu:u4                                          ; pu           ; work         ;
;          |FAdder_16bit:u1|   ; 21 (0)              ; 0 (0)                     ; 0                 ; 0          ; 0    ; 0            ; |Divider|pu4s:u3|pu:u4|FAdder_16bit:u1                          ; FAdder_16bit ; work         ;
;             |FAdder_4bit:u1| ; 3 (0)               ; 0 (0)                     ; 0                 ; 0          ; 0    ; 0            ; |Divider|pu4s:u3|pu:u4|FAdder_16bit:u1|FAdder_4bit:u1           ; FAdder_4bit  ; work         ;
;                |FAdder:u2|   ; 1 (1)               ; 0 (0)                     ; 0                 ; 0          ; 0    ; 0            ; |Divider|pu4s:u3|pu:u4|FAdder_16bit:u1|FAdder_4bit:u1|FAdder:u2 ; FAdder       ; work         ;
;                |FAdder:u4|   ; 2 (2)               ; 0 (0)                     ; 0                 ; 0          ; 0    ; 0            ; |Divider|pu4s:u3|pu:u4|FAdder_16bit:u1|FAdder_4bit:u1|FAdder:u4 ; FAdder       ; work         ;
;             |FAdder_4bit:u2| ; 5 (0)               ; 0 (0)                     ; 0                 ; 0          ; 0    ; 0            ; |Divider|pu4s:u3|pu:u4|FAdder_16bit:u1|FAdder_4bit:u2           ; FAdder_4bit  ; work         ;
;                |FAdder:u1|   ; 3 (3)               ; 0 (0)                     ; 0                 ; 0          ; 0    ; 0            ; |Divider|pu4s:u3|pu:u4|FAdder_16bit:u1|FAdder_4bit:u2|FAdder:u1 ; FAdder       ; work         ;
;                |FAdder:u2|   ; 1 (1)               ; 0 (0)                     ; 0                 ; 0          ; 0    ; 0            ; |Divider|pu4s:u3|pu:u4|FAdder_16bit:u1|FAdder_4bit:u2|FAdder:u2 ; FAdder       ; work         ;
;                |FAdder:u3|   ; 1 (1)               ; 0 (0)                     ; 0                 ; 0          ; 0    ; 0            ; |Divider|pu4s:u3|pu:u4|FAdder_16bit:u1|FAdder_4bit:u2|FAdder:u3 ; FAdder       ; work         ;
;             |FAdder_4bit:u3| ; 7 (0)               ; 0 (0)                     ; 0                 ; 0          ; 0    ; 0            ; |Divider|pu4s:u3|pu:u4|FAdder_16bit:u1|FAdder_4bit:u3           ; FAdder_4bit  ; work         ;
;                |FAdder:u1|   ; 2 (2)               ; 0 (0)                     ; 0                 ; 0          ; 0    ; 0            ; |Divider|pu4s:u3|pu:u4|FAdder_16bit:u1|FAdder_4bit:u3|FAdder:u1 ; FAdder       ; work         ;
;                |FAdder:u2|   ; 3 (3)               ; 0 (0)                     ; 0                 ; 0          ; 0    ; 0            ; |Divider|pu4s:u3|pu:u4|FAdder_16bit:u1|FAdder_4bit:u3|FAdder:u2 ; FAdder       ; work         ;
;                |FAdder:u3|   ; 1 (1)               ; 0 (0)                     ; 0                 ; 0          ; 0    ; 0            ; |Divider|pu4s:u3|pu:u4|FAdder_16bit:u1|FAdder_4bit:u3|FAdder:u3 ; FAdder       ; work         ;
;                |FAdder:u4|   ; 1 (1)               ; 0 (0)                     ; 0                 ; 0          ; 0    ; 0            ; |Divider|pu4s:u3|pu:u4|FAdder_16bit:u1|FAdder_4bit:u3|FAdder:u4 ; FAdder       ; work         ;
;             |FAdder_4bit:u4| ; 6 (0)               ; 0 (0)                     ; 0                 ; 0          ; 0    ; 0            ; |Divider|pu4s:u3|pu:u4|FAdder_16bit:u1|FAdder_4bit:u4           ; FAdder_4bit  ; work         ;
;                |FAdder:u1|   ; 1 (1)               ; 0 (0)                     ; 0                 ; 0          ; 0    ; 0            ; |Divider|pu4s:u3|pu:u4|FAdder_16bit:u1|FAdder_4bit:u4|FAdder:u1 ; FAdder       ; work         ;
;                |FAdder:u2|   ; 1 (1)               ; 0 (0)                     ; 0                 ; 0          ; 0    ; 0            ; |Divider|pu4s:u3|pu:u4|FAdder_16bit:u1|FAdder_4bit:u4|FAdder:u2 ; FAdder       ; work         ;
;                |FAdder:u4|   ; 4 (4)               ; 0 (0)                     ; 0                 ; 0          ; 0    ; 0            ; |Divider|pu4s:u3|pu:u4|FAdder_16bit:u1|FAdder_4bit:u4|FAdder:u4 ; FAdder       ; work         ;
;          |mux2x1_16bit:u2|   ; 15 (15)             ; 0 (0)                     ; 0                 ; 0          ; 0    ; 0            ; |Divider|pu4s:u3|pu:u4|mux2x1_16bit:u2                          ; mux2x1_16bit ; work         ;
;    |pu4s:u4|                 ; 151 (0)             ; 0 (0)                     ; 0                 ; 0          ; 0    ; 0            ; |Divider|pu4s:u4                                                ; pu4s         ; work         ;
;       |pu:u1|                ; 36 (0)              ; 0 (0)                     ; 0                 ; 0          ; 0    ; 0            ; |Divider|pu4s:u4|pu:u1                                          ; pu           ; work         ;
;          |FAdder_16bit:u1|   ; 21 (0)              ; 0 (0)                     ; 0                 ; 0          ; 0    ; 0            ; |Divider|pu4s:u4|pu:u1|FAdder_16bit:u1                          ; FAdder_16bit ; work         ;
;             |FAdder_4bit:u1| ; 3 (0)               ; 0 (0)                     ; 0                 ; 0          ; 0    ; 0            ; |Divider|pu4s:u4|pu:u1|FAdder_16bit:u1|FAdder_4bit:u1           ; FAdder_4bit  ; work         ;
;                |FAdder:u2|   ; 1 (1)               ; 0 (0)                     ; 0                 ; 0          ; 0    ; 0            ; |Divider|pu4s:u4|pu:u1|FAdder_16bit:u1|FAdder_4bit:u1|FAdder:u2 ; FAdder       ; work         ;
;                |FAdder:u4|   ; 2 (2)               ; 0 (0)                     ; 0                 ; 0          ; 0    ; 0            ; |Divider|pu4s:u4|pu:u1|FAdder_16bit:u1|FAdder_4bit:u1|FAdder:u4 ; FAdder       ; work         ;
;             |FAdder_4bit:u2| ; 5 (0)               ; 0 (0)                     ; 0                 ; 0          ; 0    ; 0            ; |Divider|pu4s:u4|pu:u1|FAdder_16bit:u1|FAdder_4bit:u2           ; FAdder_4bit  ; work         ;
;                |FAdder:u1|   ; 3 (3)               ; 0 (0)                     ; 0                 ; 0          ; 0    ; 0            ; |Divider|pu4s:u4|pu:u1|FAdder_16bit:u1|FAdder_4bit:u2|FAdder:u1 ; FAdder       ; work         ;
;                |FAdder:u2|   ; 1 (1)               ; 0 (0)                     ; 0                 ; 0          ; 0    ; 0            ; |Divider|pu4s:u4|pu:u1|FAdder_16bit:u1|FAdder_4bit:u2|FAdder:u2 ; FAdder       ; work         ;
;                |FAdder:u3|   ; 1 (1)               ; 0 (0)                     ; 0                 ; 0          ; 0    ; 0            ; |Divider|pu4s:u4|pu:u1|FAdder_16bit:u1|FAdder_4bit:u2|FAdder:u3 ; FAdder       ; work         ;
;             |FAdder_4bit:u3| ; 7 (0)               ; 0 (0)                     ; 0                 ; 0          ; 0    ; 0            ; |Divider|pu4s:u4|pu:u1|FAdder_16bit:u1|FAdder_4bit:u3           ; FAdder_4bit  ; work         ;
;                |FAdder:u1|   ; 2 (2)               ; 0 (0)                     ; 0                 ; 0          ; 0    ; 0            ; |Divider|pu4s:u4|pu:u1|FAdder_16bit:u1|FAdder_4bit:u3|FAdder:u1 ; FAdder       ; work         ;
;                |FAdder:u2|   ; 3 (3)               ; 0 (0)                     ; 0                 ; 0          ; 0    ; 0            ; |Divider|pu4s:u4|pu:u1|FAdder_16bit:u1|FAdder_4bit:u3|FAdder:u2 ; FAdder       ; work         ;
;                |FAdder:u3|   ; 1 (1)               ; 0 (0)                     ; 0                 ; 0          ; 0    ; 0            ; |Divider|pu4s:u4|pu:u1|FAdder_16bit:u1|FAdder_4bit:u3|FAdder:u3 ; FAdder       ; work         ;
;                |FAdder:u4|   ; 1 (1)               ; 0 (0)                     ; 0                 ; 0          ; 0    ; 0            ; |Divider|pu4s:u4|pu:u1|FAdder_16bit:u1|FAdder_4bit:u3|FAdder:u4 ; FAdder       ; work         ;
;             |FAdder_4bit:u4| ; 6 (0)               ; 0 (0)                     ; 0                 ; 0          ; 0    ; 0            ; |Divider|pu4s:u4|pu:u1|FAdder_16bit:u1|FAdder_4bit:u4           ; FAdder_4bit  ; work         ;
;                |FAdder:u1|   ; 1 (1)               ; 0 (0)                     ; 0                 ; 0          ; 0    ; 0            ; |Divider|pu4s:u4|pu:u1|FAdder_16bit:u1|FAdder_4bit:u4|FAdder:u1 ; FAdder       ; work         ;
;                |FAdder:u2|   ; 1 (1)               ; 0 (0)                     ; 0                 ; 0          ; 0    ; 0            ; |Divider|pu4s:u4|pu:u1|FAdder_16bit:u1|FAdder_4bit:u4|FAdder:u2 ; FAdder       ; work         ;
;                |FAdder:u4|   ; 4 (4)               ; 0 (0)                     ; 0                 ; 0          ; 0    ; 0            ; |Divider|pu4s:u4|pu:u1|FAdder_16bit:u1|FAdder_4bit:u4|FAdder:u4 ; FAdder       ; work         ;
;          |mux2x1_16bit:u2|   ; 15 (15)             ; 0 (0)                     ; 0                 ; 0          ; 0    ; 0            ; |Divider|pu4s:u4|pu:u1|mux2x1_16bit:u2                          ; mux2x1_16bit ; work         ;
;       |pu:u2|                ; 36 (0)              ; 0 (0)                     ; 0                 ; 0          ; 0    ; 0            ; |Divider|pu4s:u4|pu:u2                                          ; pu           ; work         ;
;          |FAdder_16bit:u1|   ; 21 (0)              ; 0 (0)                     ; 0                 ; 0          ; 0    ; 0            ; |Divider|pu4s:u4|pu:u2|FAdder_16bit:u1                          ; FAdder_16bit ; work         ;
;             |FAdder_4bit:u1| ; 3 (0)               ; 0 (0)                     ; 0                 ; 0          ; 0    ; 0            ; |Divider|pu4s:u4|pu:u2|FAdder_16bit:u1|FAdder_4bit:u1           ; FAdder_4bit  ; work         ;
;                |FAdder:u2|   ; 1 (1)               ; 0 (0)                     ; 0                 ; 0          ; 0    ; 0            ; |Divider|pu4s:u4|pu:u2|FAdder_16bit:u1|FAdder_4bit:u1|FAdder:u2 ; FAdder       ; work         ;
;                |FAdder:u4|   ; 2 (2)               ; 0 (0)                     ; 0                 ; 0          ; 0    ; 0            ; |Divider|pu4s:u4|pu:u2|FAdder_16bit:u1|FAdder_4bit:u1|FAdder:u4 ; FAdder       ; work         ;
;             |FAdder_4bit:u2| ; 5 (0)               ; 0 (0)                     ; 0                 ; 0          ; 0    ; 0            ; |Divider|pu4s:u4|pu:u2|FAdder_16bit:u1|FAdder_4bit:u2           ; FAdder_4bit  ; work         ;
;                |FAdder:u1|   ; 3 (3)               ; 0 (0)                     ; 0                 ; 0          ; 0    ; 0            ; |Divider|pu4s:u4|pu:u2|FAdder_16bit:u1|FAdder_4bit:u2|FAdder:u1 ; FAdder       ; work         ;
;                |FAdder:u2|   ; 1 (1)               ; 0 (0)                     ; 0                 ; 0          ; 0    ; 0            ; |Divider|pu4s:u4|pu:u2|FAdder_16bit:u1|FAdder_4bit:u2|FAdder:u2 ; FAdder       ; work         ;
;                |FAdder:u3|   ; 1 (1)               ; 0 (0)                     ; 0                 ; 0          ; 0    ; 0            ; |Divider|pu4s:u4|pu:u2|FAdder_16bit:u1|FAdder_4bit:u2|FAdder:u3 ; FAdder       ; work         ;
;             |FAdder_4bit:u3| ; 7 (0)               ; 0 (0)                     ; 0                 ; 0          ; 0    ; 0            ; |Divider|pu4s:u4|pu:u2|FAdder_16bit:u1|FAdder_4bit:u3           ; FAdder_4bit  ; work         ;
;                |FAdder:u1|   ; 2 (2)               ; 0 (0)                     ; 0                 ; 0          ; 0    ; 0            ; |Divider|pu4s:u4|pu:u2|FAdder_16bit:u1|FAdder_4bit:u3|FAdder:u1 ; FAdder       ; work         ;
;                |FAdder:u2|   ; 3 (3)               ; 0 (0)                     ; 0                 ; 0          ; 0    ; 0            ; |Divider|pu4s:u4|pu:u2|FAdder_16bit:u1|FAdder_4bit:u3|FAdder:u2 ; FAdder       ; work         ;
;                |FAdder:u3|   ; 1 (1)               ; 0 (0)                     ; 0                 ; 0          ; 0    ; 0            ; |Divider|pu4s:u4|pu:u2|FAdder_16bit:u1|FAdder_4bit:u3|FAdder:u3 ; FAdder       ; work         ;
;                |FAdder:u4|   ; 1 (1)               ; 0 (0)                     ; 0                 ; 0          ; 0    ; 0            ; |Divider|pu4s:u4|pu:u2|FAdder_16bit:u1|FAdder_4bit:u3|FAdder:u4 ; FAdder       ; work         ;
;             |FAdder_4bit:u4| ; 6 (0)               ; 0 (0)                     ; 0                 ; 0          ; 0    ; 0            ; |Divider|pu4s:u4|pu:u2|FAdder_16bit:u1|FAdder_4bit:u4           ; FAdder_4bit  ; work         ;
;                |FAdder:u1|   ; 1 (1)               ; 0 (0)                     ; 0                 ; 0          ; 0    ; 0            ; |Divider|pu4s:u4|pu:u2|FAdder_16bit:u1|FAdder_4bit:u4|FAdder:u1 ; FAdder       ; work         ;
;                |FAdder:u2|   ; 1 (1)               ; 0 (0)                     ; 0                 ; 0          ; 0    ; 0            ; |Divider|pu4s:u4|pu:u2|FAdder_16bit:u1|FAdder_4bit:u4|FAdder:u2 ; FAdder       ; work         ;
;                |FAdder:u4|   ; 4 (4)               ; 0 (0)                     ; 0                 ; 0          ; 0    ; 0            ; |Divider|pu4s:u4|pu:u2|FAdder_16bit:u1|FAdder_4bit:u4|FAdder:u4 ; FAdder       ; work         ;
;          |mux2x1_16bit:u2|   ; 15 (15)             ; 0 (0)                     ; 0                 ; 0          ; 0    ; 0            ; |Divider|pu4s:u4|pu:u2|mux2x1_16bit:u2                          ; mux2x1_16bit ; work         ;
;       |pu:u3|                ; 36 (0)              ; 0 (0)                     ; 0                 ; 0          ; 0    ; 0            ; |Divider|pu4s:u4|pu:u3                                          ; pu           ; work         ;
;          |FAdder_16bit:u1|   ; 21 (0)              ; 0 (0)                     ; 0                 ; 0          ; 0    ; 0            ; |Divider|pu4s:u4|pu:u3|FAdder_16bit:u1                          ; FAdder_16bit ; work         ;
;             |FAdder_4bit:u1| ; 3 (0)               ; 0 (0)                     ; 0                 ; 0          ; 0    ; 0            ; |Divider|pu4s:u4|pu:u3|FAdder_16bit:u1|FAdder_4bit:u1           ; FAdder_4bit  ; work         ;
;                |FAdder:u2|   ; 1 (1)               ; 0 (0)                     ; 0                 ; 0          ; 0    ; 0            ; |Divider|pu4s:u4|pu:u3|FAdder_16bit:u1|FAdder_4bit:u1|FAdder:u2 ; FAdder       ; work         ;
;                |FAdder:u4|   ; 2 (2)               ; 0 (0)                     ; 0                 ; 0          ; 0    ; 0            ; |Divider|pu4s:u4|pu:u3|FAdder_16bit:u1|FAdder_4bit:u1|FAdder:u4 ; FAdder       ; work         ;
;             |FAdder_4bit:u2| ; 5 (0)               ; 0 (0)                     ; 0                 ; 0          ; 0    ; 0            ; |Divider|pu4s:u4|pu:u3|FAdder_16bit:u1|FAdder_4bit:u2           ; FAdder_4bit  ; work         ;
;                |FAdder:u1|   ; 3 (3)               ; 0 (0)                     ; 0                 ; 0          ; 0    ; 0            ; |Divider|pu4s:u4|pu:u3|FAdder_16bit:u1|FAdder_4bit:u2|FAdder:u1 ; FAdder       ; work         ;
;                |FAdder:u2|   ; 1 (1)               ; 0 (0)                     ; 0                 ; 0          ; 0    ; 0            ; |Divider|pu4s:u4|pu:u3|FAdder_16bit:u1|FAdder_4bit:u2|FAdder:u2 ; FAdder       ; work         ;
;                |FAdder:u3|   ; 1 (1)               ; 0 (0)                     ; 0                 ; 0          ; 0    ; 0            ; |Divider|pu4s:u4|pu:u3|FAdder_16bit:u1|FAdder_4bit:u2|FAdder:u3 ; FAdder       ; work         ;
;             |FAdder_4bit:u3| ; 7 (0)               ; 0 (0)                     ; 0                 ; 0          ; 0    ; 0            ; |Divider|pu4s:u4|pu:u3|FAdder_16bit:u1|FAdder_4bit:u3           ; FAdder_4bit  ; work         ;
;                |FAdder:u1|   ; 2 (2)               ; 0 (0)                     ; 0                 ; 0          ; 0    ; 0            ; |Divider|pu4s:u4|pu:u3|FAdder_16bit:u1|FAdder_4bit:u3|FAdder:u1 ; FAdder       ; work         ;
;                |FAdder:u2|   ; 3 (3)               ; 0 (0)                     ; 0                 ; 0          ; 0    ; 0            ; |Divider|pu4s:u4|pu:u3|FAdder_16bit:u1|FAdder_4bit:u3|FAdder:u2 ; FAdder       ; work         ;
;                |FAdder:u3|   ; 1 (1)               ; 0 (0)                     ; 0                 ; 0          ; 0    ; 0            ; |Divider|pu4s:u4|pu:u3|FAdder_16bit:u1|FAdder_4bit:u3|FAdder:u3 ; FAdder       ; work         ;
;                |FAdder:u4|   ; 1 (1)               ; 0 (0)                     ; 0                 ; 0          ; 0    ; 0            ; |Divider|pu4s:u4|pu:u3|FAdder_16bit:u1|FAdder_4bit:u3|FAdder:u4 ; FAdder       ; work         ;
;             |FAdder_4bit:u4| ; 6 (0)               ; 0 (0)                     ; 0                 ; 0          ; 0    ; 0            ; |Divider|pu4s:u4|pu:u3|FAdder_16bit:u1|FAdder_4bit:u4           ; FAdder_4bit  ; work         ;
;                |FAdder:u1|   ; 1 (1)               ; 0 (0)                     ; 0                 ; 0          ; 0    ; 0            ; |Divider|pu4s:u4|pu:u3|FAdder_16bit:u1|FAdder_4bit:u4|FAdder:u1 ; FAdder       ; work         ;
;                |FAdder:u2|   ; 1 (1)               ; 0 (0)                     ; 0                 ; 0          ; 0    ; 0            ; |Divider|pu4s:u4|pu:u3|FAdder_16bit:u1|FAdder_4bit:u4|FAdder:u2 ; FAdder       ; work         ;
;                |FAdder:u4|   ; 4 (4)               ; 0 (0)                     ; 0                 ; 0          ; 0    ; 0            ; |Divider|pu4s:u4|pu:u3|FAdder_16bit:u1|FAdder_4bit:u4|FAdder:u4 ; FAdder       ; work         ;
;          |mux2x1_16bit:u2|   ; 15 (15)             ; 0 (0)                     ; 0                 ; 0          ; 0    ; 0            ; |Divider|pu4s:u4|pu:u3|mux2x1_16bit:u2                          ; mux2x1_16bit ; work         ;
;       |pu:u4|                ; 43 (0)              ; 0 (0)                     ; 0                 ; 0          ; 0    ; 0            ; |Divider|pu4s:u4|pu:u4                                          ; pu           ; work         ;
;          |FAdder_16bit:u1|   ; 27 (0)              ; 0 (0)                     ; 0                 ; 0          ; 0    ; 0            ; |Divider|pu4s:u4|pu:u4|FAdder_16bit:u1                          ; FAdder_16bit ; work         ;
;             |FAdder_4bit:u1| ; 4 (0)               ; 0 (0)                     ; 0                 ; 0          ; 0    ; 0            ; |Divider|pu4s:u4|pu:u4|FAdder_16bit:u1|FAdder_4bit:u1           ; FAdder_4bit  ; work         ;
;                |FAdder:u2|   ; 2 (2)               ; 0 (0)                     ; 0                 ; 0          ; 0    ; 0            ; |Divider|pu4s:u4|pu:u4|FAdder_16bit:u1|FAdder_4bit:u1|FAdder:u2 ; FAdder       ; work         ;
;                |FAdder:u3|   ; 1 (1)               ; 0 (0)                     ; 0                 ; 0          ; 0    ; 0            ; |Divider|pu4s:u4|pu:u4|FAdder_16bit:u1|FAdder_4bit:u1|FAdder:u3 ; FAdder       ; work         ;
;                |FAdder:u4|   ; 1 (1)               ; 0 (0)                     ; 0                 ; 0          ; 0    ; 0            ; |Divider|pu4s:u4|pu:u4|FAdder_16bit:u1|FAdder_4bit:u1|FAdder:u4 ; FAdder       ; work         ;
;             |FAdder_4bit:u2| ; 8 (0)               ; 0 (0)                     ; 0                 ; 0          ; 0    ; 0            ; |Divider|pu4s:u4|pu:u4|FAdder_16bit:u1|FAdder_4bit:u2           ; FAdder_4bit  ; work         ;
;                |FAdder:u1|   ; 4 (4)               ; 0 (0)                     ; 0                 ; 0          ; 0    ; 0            ; |Divider|pu4s:u4|pu:u4|FAdder_16bit:u1|FAdder_4bit:u2|FAdder:u1 ; FAdder       ; work         ;
;                |FAdder:u2|   ; 1 (1)               ; 0 (0)                     ; 0                 ; 0          ; 0    ; 0            ; |Divider|pu4s:u4|pu:u4|FAdder_16bit:u1|FAdder_4bit:u2|FAdder:u2 ; FAdder       ; work         ;
;                |FAdder:u3|   ; 2 (2)               ; 0 (0)                     ; 0                 ; 0          ; 0    ; 0            ; |Divider|pu4s:u4|pu:u4|FAdder_16bit:u1|FAdder_4bit:u2|FAdder:u3 ; FAdder       ; work         ;
;                |FAdder:u4|   ; 1 (1)               ; 0 (0)                     ; 0                 ; 0          ; 0    ; 0            ; |Divider|pu4s:u4|pu:u4|FAdder_16bit:u1|FAdder_4bit:u2|FAdder:u4 ; FAdder       ; work         ;
;             |FAdder_4bit:u3| ; 8 (0)               ; 0 (0)                     ; 0                 ; 0          ; 0    ; 0            ; |Divider|pu4s:u4|pu:u4|FAdder_16bit:u1|FAdder_4bit:u3           ; FAdder_4bit  ; work         ;
;                |FAdder:u1|   ; 1 (1)               ; 0 (0)                     ; 0                 ; 0          ; 0    ; 0            ; |Divider|pu4s:u4|pu:u4|FAdder_16bit:u1|FAdder_4bit:u3|FAdder:u1 ; FAdder       ; work         ;
;                |FAdder:u2|   ; 4 (4)               ; 0 (0)                     ; 0                 ; 0          ; 0    ; 0            ; |Divider|pu4s:u4|pu:u4|FAdder_16bit:u1|FAdder_4bit:u3|FAdder:u2 ; FAdder       ; work         ;
;                |FAdder:u3|   ; 1 (1)               ; 0 (0)                     ; 0                 ; 0          ; 0    ; 0            ; |Divider|pu4s:u4|pu:u4|FAdder_16bit:u1|FAdder_4bit:u3|FAdder:u3 ; FAdder       ; work         ;
;                |FAdder:u4|   ; 2 (2)               ; 0 (0)                     ; 0                 ; 0          ; 0    ; 0            ; |Divider|pu4s:u4|pu:u4|FAdder_16bit:u1|FAdder_4bit:u3|FAdder:u4 ; FAdder       ; work         ;
;             |FAdder_4bit:u4| ; 7 (0)               ; 0 (0)                     ; 0                 ; 0          ; 0    ; 0            ; |Divider|pu4s:u4|pu:u4|FAdder_16bit:u1|FAdder_4bit:u4           ; FAdder_4bit  ; work         ;
;                |FAdder:u1|   ; 1 (1)               ; 0 (0)                     ; 0                 ; 0          ; 0    ; 0            ; |Divider|pu4s:u4|pu:u4|FAdder_16bit:u1|FAdder_4bit:u4|FAdder:u1 ; FAdder       ; work         ;
;                |FAdder:u2|   ; 2 (2)               ; 0 (0)                     ; 0                 ; 0          ; 0    ; 0            ; |Divider|pu4s:u4|pu:u4|FAdder_16bit:u1|FAdder_4bit:u4|FAdder:u2 ; FAdder       ; work         ;
;                |FAdder:u3|   ; 3 (3)               ; 0 (0)                     ; 0                 ; 0          ; 0    ; 0            ; |Divider|pu4s:u4|pu:u4|FAdder_16bit:u1|FAdder_4bit:u4|FAdder:u3 ; FAdder       ; work         ;
;                |FAdder:u4|   ; 1 (1)               ; 0 (0)                     ; 0                 ; 0          ; 0    ; 0            ; |Divider|pu4s:u4|pu:u4|FAdder_16bit:u1|FAdder_4bit:u4|FAdder:u4 ; FAdder       ; work         ;
;          |mux2x1_16bit:u2|   ; 16 (16)             ; 0 (0)                     ; 0                 ; 0          ; 0    ; 0            ; |Divider|pu4s:u4|pu:u4|mux2x1_16bit:u2                          ; mux2x1_16bit ; work         ;
+------------------------------+---------------------+---------------------------+-------------------+------------+------+--------------+-----------------------------------------------------------------+--------------+--------------+
Note: For table entries with two numbers listed, the numbers in parentheses indicate the number of resources of the given type used by the specific entity alone. The numbers listed outside of parentheses indicate the total resources of the given type used by the specific entity and all of its sub-entities in the hierarchy.


+------------------------------------------------------+
; General Register Statistics                          ;
+----------------------------------------------+-------+
; Statistic                                    ; Value ;
+----------------------------------------------+-------+
; Total registers                              ; 0     ;
; Number of registers using Synchronous Clear  ; 0     ;
; Number of registers using Synchronous Load   ; 0     ;
; Number of registers using Asynchronous Clear ; 0     ;
; Number of registers using Asynchronous Load  ; 0     ;
; Number of registers using Clock Enable       ; 0     ;
; Number of registers using Preset             ; 0     ;
+----------------------------------------------+-------+


+----------------------------------------------------------------------------------------------------------------+
; Port Connectivity Checks: "FAdder_16bit:v7"                                                                    ;
+------+--------+----------+-------------------------------------------------------------------------------------+
; Port ; Type   ; Severity ; Details                                                                             ;
+------+--------+----------+-------------------------------------------------------------------------------------+
; a    ; Input  ; Info     ; Stuck at GND                                                                        ;
; ci   ; Input  ; Info     ; Stuck at VCC                                                                        ;
; co   ; Output ; Info     ; Connected to dangling logic. Logic that only feeds a dangling port will be removed. ;
+------+--------+----------+-------------------------------------------------------------------------------------+


+----------------------------------------------------------------------------------------------------------------+
; Port Connectivity Checks: "FAdder_16bit:v5"                                                                    ;
+------+--------+----------+-------------------------------------------------------------------------------------+
; Port ; Type   ; Severity ; Details                                                                             ;
+------+--------+----------+-------------------------------------------------------------------------------------+
; a    ; Input  ; Info     ; Stuck at GND                                                                        ;
; ci   ; Input  ; Info     ; Stuck at VCC                                                                        ;
; co   ; Output ; Info     ; Connected to dangling logic. Logic that only feeds a dangling port will be removed. ;
+------+--------+----------+-------------------------------------------------------------------------------------+


+-----------------------------------------------------------+
; Port Connectivity Checks: "pu4s:u1|pu:u1|FAdder_16bit:u1" ;
+------+-------+----------+---------------------------------+
; Port ; Type  ; Severity ; Details                         ;
+------+-------+----------+---------------------------------+
; ci   ; Input ; Info     ; Stuck at VCC                    ;
+------+-------+----------+---------------------------------+


+----------------------------------------+
; Port Connectivity Checks: "pu4s:u1"    ;
+------+-------+----------+--------------+
; Port ; Type  ; Severity ; Details      ;
+------+-------+----------+--------------+
; a    ; Input ; Info     ; Stuck at GND ;
+------+-------+----------+--------------+


+----------------------------------------------------------------------------------------------------------------+
; Port Connectivity Checks: "FAdder_16bit:v3"                                                                    ;
+------+--------+----------+-------------------------------------------------------------------------------------+
; Port ; Type   ; Severity ; Details                                                                             ;
+------+--------+----------+-------------------------------------------------------------------------------------+
; a    ; Input  ; Info     ; Stuck at GND                                                                        ;
; ci   ; Input  ; Info     ; Stuck at VCC                                                                        ;
; co   ; Output ; Info     ; Connected to dangling logic. Logic that only feeds a dangling port will be removed. ;
+------+--------+----------+-------------------------------------------------------------------------------------+


+----------------------------------------------------------------------------------------------------------------+
; Port Connectivity Checks: "FAdder_16bit:v1"                                                                    ;
+------+--------+----------+-------------------------------------------------------------------------------------+
; Port ; Type   ; Severity ; Details                                                                             ;
+------+--------+----------+-------------------------------------------------------------------------------------+
; a    ; Input  ; Info     ; Stuck at GND                                                                        ;
; ci   ; Input  ; Info     ; Stuck at VCC                                                                        ;
; co   ; Output ; Info     ; Connected to dangling logic. Logic that only feeds a dangling port will be removed. ;
+------+--------+----------+-------------------------------------------------------------------------------------+


+-----------------------------------------------------+
; Post-Synthesis Netlist Statistics for Top Partition ;
+-----------------------+-----------------------------+
; Type                  ; Count                       ;
+-----------------------+-----------------------------+
; arriav_lcell_comb     ; 635                         ;
;     extend            ; 1                           ;
;         7 data inputs ; 1                           ;
;     normal            ; 634                         ;
;         2 data inputs ; 20                          ;
;         3 data inputs ; 43                          ;
;         4 data inputs ; 139                         ;
;         5 data inputs ; 250                         ;
;         6 data inputs ; 182                         ;
; boundary_port         ; 66                          ;
;                       ;                             ;
; Max LUT depth         ; 98.00                       ;
; Average LUT depth     ; 92.96                       ;
+-----------------------+-----------------------------+


+-------------------------------+
; Elapsed Time Per Partition    ;
+----------------+--------------+
; Partition Name ; Elapsed Time ;
+----------------+--------------+
; Top            ; 00:00:11     ;
+----------------+--------------+


+-------------------------------+
; Analysis & Synthesis Messages ;
+-------------------------------+
Info: *******************************************************************
Info: Running Quartus Prime Analysis & Synthesis
    Info: Version 23.1std.0 Build 991 11/28/2023 SC Lite Edition
    Info: Processing started: Wed May 27 18:07:57 2026
Info: Command: quartus_map --read_settings_files=on --write_settings_files=off Divider -c Divider
Warning (18236): Number of processors has not been specified which may cause overloading on shared machines.  Set the global assignment NUM_PARALLEL_PROCESSORS in your QSF to an appropriate value for best performance.
Info (20030): Parallel compilation is enabled and will use 2 of the 2 processors detected
Info (12021): Found 14 design units, including 7 entities, in source file divider.vhd
    Info (12022): Found design unit 1: Divider-behavior File: C:/Users/Kidus/Documents/GitHub/First_DSD/16-bit Calculator/Divider/Divider.vhd Line: 15
    Info (12022): Found design unit 2: FAdder-behavior File: C:/Users/Kidus/Documents/GitHub/First_DSD/16-bit Calculator/Divider/Divider.vhd Line: 116
    Info (12022): Found design unit 3: FAdder_4bit-behavior File: C:/Users/Kidus/Documents/GitHub/First_DSD/16-bit Calculator/Divider/Divider.vhd Line: 139
    Info (12022): Found design unit 4: FAdder_16bit-behavior File: C:/Users/Kidus/Documents/GitHub/First_DSD/16-bit Calculator/Divider/Divider.vhd Line: 176
    Info (12022): Found design unit 5: mux2x1_16bit-behavior File: C:/Users/Kidus/Documents/GitHub/First_DSD/16-bit Calculator/Divider/Divider.vhd Line: 215
    Info (12022): Found design unit 6: pu-behavior File: C:/Users/Kidus/Documents/GitHub/First_DSD/16-bit Calculator/Divider/Divider.vhd Line: 242
    Info (12022): Found design unit 7: pu4s-behavior File: C:/Users/Kidus/Documents/GitHub/First_DSD/16-bit Calculator/Divider/Divider.vhd Line: 292
    Info (12023): Found entity 1: Divider File: C:/Users/Kidus/Documents/GitHub/First_DSD/16-bit Calculator/Divider/Divider.vhd Line: 7
    Info (12023): Found entity 2: FAdder File: C:/Users/Kidus/Documents/GitHub/First_DSD/16-bit Calculator/Divider/Divider.vhd Line: 109
    Info (12023): Found entity 3: FAdder_4bit File: C:/Users/Kidus/Documents/GitHub/First_DSD/16-bit Calculator/Divider/Divider.vhd Line: 130
    Info (12023): Found entity 4: FAdder_16bit File: C:/Users/Kidus/Documents/GitHub/First_DSD/16-bit Calculator/Divider/Divider.vhd Line: 167
    Info (12023): Found entity 5: mux2x1_16bit File: C:/Users/Kidus/Documents/GitHub/First_DSD/16-bit Calculator/Divider/Divider.vhd Line: 207
    Info (12023): Found entity 6: pu File: C:/Users/Kidus/Documents/GitHub/First_DSD/16-bit Calculator/Divider/Divider.vhd Line: 233
    Info (12023): Found entity 7: pu4s File: C:/Users/Kidus/Documents/GitHub/First_DSD/16-bit Calculator/Divider/Divider.vhd Line: 283
Warning (12019): Can't analyze file -- file Placeholder.vhd is missing
Info (12127): Elaborating entity "Divider" for the top level hierarchy
Info (12128): Elaborating entity "FAdder_16bit" for hierarchy "FAdder_16bit:v1" File: C:/Users/Kidus/Documents/GitHub/First_DSD/16-bit Calculator/Divider/Divider.vhd Line: 60
Info (12128): Elaborating entity "FAdder_4bit" for hierarchy "FAdder_16bit:v1|FAdder_4bit:u1" File: C:/Users/Kidus/Documents/GitHub/First_DSD/16-bit Calculator/Divider/Divider.vhd Line: 193
Info (12128): Elaborating entity "FAdder" for hierarchy "FAdder_16bit:v1|FAdder_4bit:u1|FAdder:u1" File: C:/Users/Kidus/Documents/GitHub/First_DSD/16-bit Calculator/Divider/Divider.vhd Line: 154
Info (12128): Elaborating entity "mux2x1_16bit" for hierarchy "mux2x1_16bit:v2" File: C:/Users/Kidus/Documents/GitHub/First_DSD/16-bit Calculator/Divider/Divider.vhd Line: 61
Info (12128): Elaborating entity "pu4s" for hierarchy "pu4s:u1" File: C:/Users/Kidus/Documents/GitHub/First_DSD/16-bit Calculator/Divider/Divider.vhd Line: 64
Info (12128): Elaborating entity "pu" for hierarchy "pu4s:u1|pu:u1" File: C:/Users/Kidus/Documents/GitHub/First_DSD/16-bit Calculator/Divider/Divider.vhd Line: 310
Info (286030): Timing-Driven Synthesis is running
Info (16010): Generating hard_block partition "hard_block:auto_generated_inst"
    Info (16011): Adding 0 node(s), including 0 DDIO, 0 PLL, 0 transceiver and 0 LCELL
Info (21057): Implemented 701 device resources after synthesis - the final resource count might be different
    Info (21058): Implemented 32 input pins
    Info (21059): Implemented 34 output pins
    Info (21061): Implemented 635 logic cells
Info: Quartus Prime Analysis & Synthesis was successful. 0 errors, 2 warnings
    Info: Peak virtual memory: 4883 megabytes
    Info: Processing ended: Wed May 27 18:08:39 2026
    Info: Elapsed time: 00:00:42
    Info: Total CPU time (on all processors): 00:00:44


