Fitter report for Divider
Wed May 27 18:12:11 2026
Quartus Prime Version 23.1std.0 Build 991 11/28/2023 SC Lite Edition


---------------------
; Table of Contents ;
---------------------
  1. Legal Notice
  2. Fitter Summary
  3. Fitter Settings
  4. Parallel Compilation
  5. Incremental Compilation Preservation Summary
  6. Incremental Compilation Partition Settings
  7. Incremental Compilation Placement Preservation
  8. Pin-Out File
  9. Fitter Resource Usage Summary
 10. Fitter Partition Statistics
 11. Input Pins
 12. Output Pins
 13. I/O Bank Usage
 14. All Package Pins
 15. I/O Assignment Warnings
 16. Fitter Resource Utilization by Entity
 17. Delay Chain Summary
 18. Pad To Core Delay Chain Fanout
 19. Routing Usage Summary
 20. I/O Rules Summary
 21. I/O Rules Details
 22. I/O Rules Matrix
 23. Fitter Device Options
 24. Operating Settings and Conditions
 25. Fitter Messages
 26. Fitter Suppressed Messages



----------------
; Legal Notice ;
----------------
Copyright (C) 2023  Intel Corporation. All rights reserved.
Your use of Intel Corporation's design tools, logic functions 
and other software and tools, and any partner logic 
functions, and any output files from any of the foregoing 
(including device programming or simulation files), and any 
associated documentation or information are expressly subject 
to the terms and conditions of the Intel Program License 
Subscription Agreement, the Intel Quartus Prime License Agreement,
the Intel FPGA IP License Agreement, or other applicable license
agreement, including, without limitation, that your use is for
the sole purpose of programming logic devices manufactured by
Intel and sold by Intel or its authorized distributors.  Please
refer to the applicable agreement for further details, at
https://fpgasoftware.intel.com/eula.



+----------------------------------------------------------------------------------+
; Fitter Summary                                                                   ;
+---------------------------------+------------------------------------------------+
; Fitter Status                   ; Successful - Wed May 27 18:12:11 2026          ;
; Quartus Prime Version           ; 23.1std.0 Build 991 11/28/2023 SC Lite Edition ;
; Revision Name                   ; Divider                                        ;
; Top-level Entity Name           ; Divider                                        ;
; Family                          ; Cyclone V                                      ;
; Device                          ; 5CEBA2F17A7                                    ;
; Timing Models                   ; Final                                          ;
; Logic utilization (in ALMs)     ; 403 / 9,430 ( 4 % )                            ;
; Total registers                 ; 0                                              ;
; Total pins                      ; 66 / 128 ( 52 % )                              ;
; Total virtual pins              ; 0                                              ;
; Total block memory bits         ; 0 / 1,802,240 ( 0 % )                          ;
; Total RAM Blocks                ; 0 / 176 ( 0 % )                                ;
; Total DSP Blocks                ; 0 / 25 ( 0 % )                                 ;
; Total HSSI RX PCSs              ; 0                                              ;
; Total HSSI PMA RX Deserializers ; 0                                              ;
; Total HSSI TX PCSs              ; 0                                              ;
; Total HSSI PMA TX Serializers   ; 0                                              ;
; Total PLLs                      ; 0 / 4 ( 0 % )                                  ;
; Total DLLs                      ; 0 / 4 ( 0 % )                                  ;
+---------------------------------+------------------------------------------------+


+----------------------------------------------------------------------------------------------------------------------------------------------------+
; Fitter Settings                                                                                                                                    ;
+--------------------------------------------------------------------+---------------------------------------+---------------------------------------+
; Option                                                             ; Setting                               ; Default Value                         ;
+--------------------------------------------------------------------+---------------------------------------+---------------------------------------+
; Device                                                             ; 5CEBA2F17A7                           ;                                       ;
; Minimum Core Junction Temperature                                  ; -40                                   ;                                       ;
; Maximum Core Junction Temperature                                  ; 125                                   ;                                       ;
; Use smart compilation                                              ; Off                                   ; Off                                   ;
; Enable parallel Assembler and Timing Analyzer during compilation   ; On                                    ; On                                    ;
; Enable compact report table                                        ; Off                                   ; Off                                   ;
; Router Timing Optimization Level                                   ; Normal                                ; Normal                                ;
; Perform Clocking Topology Analysis During Routing                  ; Off                                   ; Off                                   ;
; Placement Effort Multiplier                                        ; 1.0                                   ; 1.0                                   ;
; Device initialization clock source                                 ; INIT_INTOSC                           ; INIT_INTOSC                           ;
; Optimize Hold Timing                                               ; All Paths                             ; All Paths                             ;
; Optimize Multi-Corner Timing                                       ; On                                    ; On                                    ;
; Auto RAM to MLAB Conversion                                        ; On                                    ; On                                    ;
; Equivalent RAM and MLAB Power Up                                   ; Auto                                  ; Auto                                  ;
; Equivalent RAM and MLAB Paused Read Capabilities                   ; Care                                  ; Care                                  ;
; Power Optimization During Fitting                                  ; Normal compilation                    ; Normal compilation                    ;
; SSN Optimization                                                   ; Off                                   ; Off                                   ;
; Optimize Timing                                                    ; Normal compilation                    ; Normal compilation                    ;
; Optimize Timing for ECOs                                           ; Off                                   ; Off                                   ;
; Regenerate Full Fit Report During ECO Compiles                     ; Off                                   ; Off                                   ;
; Optimize IOC Register Placement for Timing                         ; Normal                                ; Normal                                ;
; Final Placement Optimizations                                      ; Automatically                         ; Automatically                         ;
; Fitter Aggressive Routability Optimizations                        ; Automatically                         ; Automatically                         ;
; Fitter Initial Placement Seed                                      ; 1                                     ; 1                                     ;
; Periphery to Core Placement and Routing Optimization               ; Off                                   ; Off                                   ;
; Weak Pull-Up Resistor                                              ; Off                                   ; Off                                   ;
; Enable Bus-Hold Circuitry                                          ; Off                                   ; Off                                   ;
; Auto Packed Registers                                              ; Auto                                  ; Auto                                  ;
; Auto Delay Chains                                                  ; On                                    ; On                                    ;
; Auto Delay Chains for High Fanout Input Pins                       ; Off                                   ; Off                                   ;
; Treat Bidirectional Pin as Output Pin                              ; Off                                   ; Off                                   ;
; Perform Physical Synthesis for Combinational Logic for Fitting     ; Off                                   ; Off                                   ;
; Perform Physical Synthesis for Combinational Logic for Performance ; Off                                   ; Off                                   ;
; Perform Register Duplication for Performance                       ; Off                                   ; Off                                   ;
; Perform Register Retiming for Performance                          ; Off                                   ; Off                                   ;
; Perform Asynchronous Signal Pipelining                             ; Off                                   ; Off                                   ;
; Fitter Effort                                                      ; Auto Fit                              ; Auto Fit                              ;
; Physical Synthesis Effort Level                                    ; Normal                                ; Normal                                ;
; Logic Cell Insertion - Logic Duplication                           ; Auto                                  ; Auto                                  ;
; Auto Register Duplication                                          ; Auto                                  ; Auto                                  ;
; Auto Global Clock                                                  ; On                                    ; On                                    ;
; Auto Global Register Control Signals                               ; On                                    ; On                                    ;
; Reserve all unused pins                                            ; As input tri-stated with weak pull-up ; As input tri-stated with weak pull-up ;
; Synchronizer Identification                                        ; Auto                                  ; Auto                                  ;
; Enable Beneficial Skew Optimization                                ; On                                    ; On                                    ;
; Optimize Design for Metastability                                  ; On                                    ; On                                    ;
; Active Serial clock source                                         ; FREQ_100MHz                           ; FREQ_100MHz                           ;
; Force Fitter to Avoid Periphery Placement Warnings                 ; Off                                   ; Off                                   ;
; Clamping Diode                                                     ; Off                                   ; Off                                   ;
; Enable input tri-state on active configuration pins in user mode   ; Off                                   ; Off                                   ;
; Advanced Physical Optimization                                     ; On                                    ; On                                    ;
+--------------------------------------------------------------------+---------------------------------------+---------------------------------------+


+------------------------------------------+
; Parallel Compilation                     ;
+----------------------------+-------------+
; Processors                 ; Number      ;
+----------------------------+-------------+
; Number detected on machine ; 4           ;
; Maximum allowed            ; 2           ;
;                            ;             ;
; Average used               ; 1.01        ;
; Maximum used               ; 2           ;
;                            ;             ;
; Usage by Processor         ; % Time Used ;
;     Processor 1            ; 100.0%      ;
;     Processor 2            ;   1.1%      ;
+----------------------------+-------------+


+--------------------------------------------------------------------------------------------------+
; Incremental Compilation Preservation Summary                                                     ;
+---------------------+--------------------+----------------------------+--------------------------+
; Type                ; Total [A + B]      ; From Design Partitions [A] ; From Rapid Recompile [B] ;
+---------------------+--------------------+----------------------------+--------------------------+
; Placement (by node) ;                    ;                            ;                          ;
;     -- Requested    ; 0.00 % ( 0 / 768 ) ; 0.00 % ( 0 / 768 )         ; 0.00 % ( 0 / 768 )       ;
;     -- Achieved     ; 0.00 % ( 0 / 768 ) ; 0.00 % ( 0 / 768 )         ; 0.00 % ( 0 / 768 )       ;
;                     ;                    ;                            ;                          ;
; Routing (by net)    ;                    ;                            ;                          ;
;     -- Requested    ; 0.00 % ( 0 / 0 )   ; 0.00 % ( 0 / 0 )           ; 0.00 % ( 0 / 0 )         ;
;     -- Achieved     ; 0.00 % ( 0 / 0 )   ; 0.00 % ( 0 / 0 )           ; 0.00 % ( 0 / 0 )         ;
+---------------------+--------------------+----------------------------+--------------------------+


+----------------------------------------------------------------------------------------------------------------------------------------------------------------------------------------+
; Incremental Compilation Partition Settings                                                                                                                                             ;
+--------------------------------+----------------+-------------------+-------------------------+------------------------+------------------------------+--------------------------------+
; Partition Name                 ; Partition Type ; Netlist Type Used ; Preservation Level Used ; Netlist Type Requested ; Preservation Level Requested ; Contents                       ;
+--------------------------------+----------------+-------------------+-------------------------+------------------------+------------------------------+--------------------------------+
; Top                            ; User-created   ; Source File       ; N/A                     ; Source File            ; N/A                          ;                                ;
; hard_block:auto_generated_inst ; Auto-generated ; Source File       ; N/A                     ; Source File            ; N/A                          ; hard_block:auto_generated_inst ;
+--------------------------------+----------------+-------------------+-------------------------+------------------------+------------------------------+--------------------------------+


+------------------------------------------------------------------------------------------------------------------------------------+
; Incremental Compilation Placement Preservation                                                                                     ;
+--------------------------------+-----------------------+-------------------------+-------------------+---------------------+-------+
; Partition Name                 ; Preservation Achieved ; Preservation Level Used ; Netlist Type Used ; Preservation Method ; Notes ;
+--------------------------------+-----------------------+-------------------------+-------------------+---------------------+-------+
; Top                            ; 0.00 % ( 0 / 768 )    ; N/A                     ; Source File       ; N/A                 ;       ;
; hard_block:auto_generated_inst ; 0.00 % ( 0 / 0 )      ; N/A                     ; Source File       ; N/A                 ;       ;
+--------------------------------+-----------------------+-------------------------+-------------------+---------------------+-------+


+--------------+
; Pin-Out File ;
+--------------+
The pin-out file can be found in C:/Users/Kidus/Documents/GitHub/First_DSD/16-bit Calculator/Divider/output_files/Divider.pin.


+------------------------------------------------------------------------------------------+
; Fitter Resource Usage Summary                                                            ;
+-------------------------------------------------------------+--------------------+-------+
; Resource                                                    ; Usage              ; %     ;
+-------------------------------------------------------------+--------------------+-------+
; Logic utilization (ALMs needed / total ALMs on device)      ; 403 / 9,430        ; 4 %   ;
; ALMs needed [=A-B+C]                                        ; 403                ;       ;
;     [A] ALMs used in final placement [=a+b+c+d]             ; 405 / 9,430        ; 4 %   ;
;         [a] ALMs used for LUT logic and registers           ; 0                  ;       ;
;         [b] ALMs used for LUT logic                         ; 405                ;       ;
;         [c] ALMs used for registers                         ; 0                  ;       ;
;         [d] ALMs used for memory (up to half of total ALMs) ; 0                  ;       ;
;     [B] Estimate of ALMs recoverable by dense packing       ; 2 / 9,430          ; < 1 % ;
;     [C] Estimate of ALMs unavailable [=a+b+c+d]             ; 0 / 9,430          ; 0 %   ;
;         [a] Due to location constrained logic               ; 0                  ;       ;
;         [b] Due to LAB-wide signal conflicts                ; 0                  ;       ;
;         [c] Due to LAB input limits                         ; 0                  ;       ;
;         [d] Due to virtual I/Os                             ; 0                  ;       ;
;                                                             ;                    ;       ;
; Difficulty packing design                                   ; Low                ;       ;
;                                                             ;                    ;       ;
; Total LABs:  partially or completely used                   ; 43 / 943           ; 5 %   ;
;     -- Logic LABs                                           ; 43                 ;       ;
;     -- Memory LABs (up to half of total LABs)               ; 0                  ;       ;
;                                                             ;                    ;       ;
; Combinational ALUT usage for logic                          ; 636                ;       ;
;     -- 7 input functions                                    ; 1                  ;       ;
;     -- 6 input functions                                    ; 182                ;       ;
;     -- 5 input functions                                    ; 250                ;       ;
;     -- 4 input functions                                    ; 139                ;       ;
;     -- <=3 input functions                                  ; 64                 ;       ;
; Combinational ALUT usage for route-throughs                 ; 0                  ;       ;
;                                                             ;                    ;       ;
; Dedicated logic registers                                   ; 0                  ;       ;
;     -- By type:                                             ;                    ;       ;
;         -- Primary logic registers                          ; 0 / 18,860         ; 0 %   ;
;         -- Secondary logic registers                        ; 0 / 18,860         ; 0 %   ;
;     -- By function:                                         ;                    ;       ;
;         -- Design implementation registers                  ; 0                  ;       ;
;         -- Routing optimization registers                   ; 0                  ;       ;
;                                                             ;                    ;       ;
; Virtual pins                                                ; 0                  ;       ;
; I/O pins                                                    ; 66 / 128           ; 52 %  ;
;     -- Clock pins                                           ; 2 / 5              ; 40 %  ;
;     -- Dedicated input pins                                 ; 0 / 11             ; 0 %   ;
;                                                             ;                    ;       ;
; M10K blocks                                                 ; 0 / 176            ; 0 %   ;
; Total MLAB memory bits                                      ; 0                  ;       ;
; Total block memory bits                                     ; 0 / 1,802,240      ; 0 %   ;
; Total block memory implementation bits                      ; 0 / 1,802,240      ; 0 %   ;
;                                                             ;                    ;       ;
; Total DSP Blocks                                            ; 0 / 25             ; 0 %   ;
;                                                             ;                    ;       ;
; Fractional PLLs                                             ; 0 / 4              ; 0 %   ;
; Global signals                                              ; 0                  ;       ;
;     -- Global clocks                                        ; 0 / 16             ; 0 %   ;
;     -- Quadrant clocks                                      ; 0 / 88             ; 0 %   ;
; SERDES Transmitters                                         ; 0 / 68             ; 0 %   ;
; SERDES Receivers                                            ; 0 / 68             ; 0 %   ;
; JTAGs                                                       ; 0 / 1              ; 0 %   ;
; ASMI blocks                                                 ; 0 / 1              ; 0 %   ;
; CRC blocks                                                  ; 0 / 1              ; 0 %   ;
; Remote update blocks                                        ; 0 / 1              ; 0 %   ;
; Oscillator blocks                                           ; 0 / 1              ; 0 %   ;
; Impedance control blocks                                    ; 0 / 3              ; 0 %   ;
; Average interconnect usage (total/H/V)                      ; 0.5% / 0.5% / 0.5% ;       ;
; Peak interconnect usage (total/H/V)                         ; 6.6% / 7.2% / 4.8% ;       ;
; Maximum fan-out                                             ; 61                 ;       ;
; Highest non-global fan-out                                  ; 61                 ;       ;
; Total fan-out                                               ; 3174               ;       ;
; Average fan-out                                             ; 4.13               ;       ;
+-------------------------------------------------------------+--------------------+-------+


+-------------------------------------------------------------------------------------------------------------------+
; Fitter Partition Statistics                                                                                       ;
+-------------------------------------------------------------+--------------------+--------------------------------+
; Statistic                                                   ; Top                ; hard_block:auto_generated_inst ;
+-------------------------------------------------------------+--------------------+--------------------------------+
; Logic utilization (ALMs needed / total ALMs on device)      ; 403 / 9430 ( 4 % ) ; 0 / 9430 ( 0 % )               ;
; ALMs needed [=A-B+C]                                        ; 403                ; 0                              ;
;     [A] ALMs used in final placement [=a+b+c+d]             ; 405 / 9430 ( 4 % ) ; 0 / 9430 ( 0 % )               ;
;         [a] ALMs used for LUT logic and registers           ; 0                  ; 0                              ;
;         [b] ALMs used for LUT logic                         ; 405                ; 0                              ;
;         [c] ALMs used for registers                         ; 0                  ; 0                              ;
;         [d] ALMs used for memory (up to half of total ALMs) ; 0                  ; 0                              ;
;     [B] Estimate of ALMs recoverable by dense packing       ; 2 / 9430 ( < 1 % ) ; 0 / 9430 ( 0 % )               ;
;     [C] Estimate of ALMs unavailable [=a+b+c+d]             ; 0 / 9430 ( 0 % )   ; 0 / 9430 ( 0 % )               ;
;         [a] Due to location constrained logic               ; 0                  ; 0                              ;
;         [b] Due to LAB-wide signal conflicts                ; 0                  ; 0                              ;
;         [c] Due to LAB input limits                         ; 0                  ; 0                              ;
;         [d] Due to virtual I/Os                             ; 0                  ; 0                              ;
;                                                             ;                    ;                                ;
; Difficulty packing design                                   ; Low                ; Low                            ;
;                                                             ;                    ;                                ;
; Total LABs:  partially or completely used                   ; 43 / 943 ( 5 % )   ; 0 / 943 ( 0 % )                ;
;     -- Logic LABs                                           ; 43                 ; 0                              ;
;     -- Memory LABs (up to half of total LABs)               ; 0                  ; 0                              ;
;                                                             ;                    ;                                ;
; Combinational ALUT usage for logic                          ; 636                ; 0                              ;
;     -- 7 input functions                                    ; 1                  ; 0                              ;
;     -- 6 input functions                                    ; 182                ; 0                              ;
;     -- 5 input functions                                    ; 250                ; 0                              ;
;     -- 4 input functions                                    ; 139                ; 0                              ;
;     -- <=3 input functions                                  ; 64                 ; 0                              ;
; Combinational ALUT usage for route-throughs                 ; 0                  ; 0                              ;
; Memory ALUT usage                                           ; 0                  ; 0                              ;
;     -- 64-address deep                                      ; 0                  ; 0                              ;
;     -- 32-address deep                                      ; 0                  ; 0                              ;
;                                                             ;                    ;                                ;
; Dedicated logic registers                                   ; 0                  ; 0                              ;
;     -- By type:                                             ;                    ;                                ;
;         -- Primary logic registers                          ; 0 / 18860 ( 0 % )  ; 0 / 18860 ( 0 % )              ;
;         -- Secondary logic registers                        ; 0 / 18860 ( 0 % )  ; 0 / 18860 ( 0 % )              ;
;     -- By function:                                         ;                    ;                                ;
;         -- Design implementation registers                  ; 0                  ; 0                              ;
;         -- Routing optimization registers                   ; 0                  ; 0                              ;
;                                                             ;                    ;                                ;
;                                                             ;                    ;                                ;
; Virtual pins                                                ; 0                  ; 0                              ;
; I/O pins                                                    ; 66                 ; 0                              ;
; I/O registers                                               ; 0                  ; 0                              ;
; Total block memory bits                                     ; 0                  ; 0                              ;
; Total block memory implementation bits                      ; 0                  ; 0                              ;
;                                                             ;                    ;                                ;
; Connections                                                 ;                    ;                                ;
;     -- Input Connections                                    ; 0                  ; 0                              ;
;     -- Registered Input Connections                         ; 0                  ; 0                              ;
;     -- Output Connections                                   ; 0                  ; 0                              ;
;     -- Registered Output Connections                        ; 0                  ; 0                              ;
;                                                             ;                    ;                                ;
; Internal Connections                                        ;                    ;                                ;
;     -- Total Connections                                    ; 3174               ; 0                              ;
;     -- Registered Connections                               ; 0                  ; 0                              ;
;                                                             ;                    ;                                ;
; External Connections                                        ;                    ;                                ;
;     -- Top                                                  ; 0                  ; 0                              ;
;     -- hard_block:auto_generated_inst                       ; 0                  ; 0                              ;
;                                                             ;                    ;                                ;
; Partition Interface                                         ;                    ;                                ;
;     -- Input Ports                                          ; 32                 ; 0                              ;
;     -- Output Ports                                         ; 34                 ; 0                              ;
;     -- Bidir Ports                                          ; 0                  ; 0                              ;
;                                                             ;                    ;                                ;
; Registered Ports                                            ;                    ;                                ;
;     -- Registered Input Ports                               ; 0                  ; 0                              ;
;     -- Registered Output Ports                              ; 0                  ; 0                              ;
;                                                             ;                    ;                                ;
; Port Connectivity                                           ;                    ;                                ;
;     -- Input Ports driven by GND                            ; 0                  ; 0                              ;
;     -- Output Ports driven by GND                           ; 0                  ; 0                              ;
;     -- Input Ports driven by VCC                            ; 0                  ; 0                              ;
;     -- Output Ports driven by VCC                           ; 0                  ; 0                              ;
;     -- Input Ports with no Source                           ; 0                  ; 0                              ;
;     -- Output Ports with no Source                          ; 0                  ; 0                              ;
;     -- Input Ports with no Fanout                           ; 0                  ; 0                              ;
;     -- Output Ports with no Fanout                          ; 0                  ; 0                              ;
+-------------------------------------------------------------+--------------------+--------------------------------+


+--------------------------------------------------------------------------------------------------------------------------------------------------------------------------------------------------------------------------------------------------------------------------------------+
; Input Pins                                                                                                                                                                                                                                                                           ;
+-------+-------+----------+--------------+--------------+--------------+-----------------------+--------------------+--------+----------------+-----------------+----------+--------------+--------------+-------------+---------------------------+----------------------+-----------+
; Name  ; Pin # ; I/O Bank ; X coordinate ; Y coordinate ; Z coordinate ; Combinational Fan-Out ; Registered Fan-Out ; Global ; Input Register ; PCI I/O Enabled ; Bus Hold ; Weak Pull Up ; I/O Standard ; Termination ; Termination Control Block ; Location assigned by ; Slew Rate ;
+-------+-------+----------+--------------+--------------+--------------+-----------------------+--------------------+--------+----------------+-----------------+----------+--------------+--------------+-------------+---------------------------+----------------------+-----------+
; a[0]  ; T8    ; 3B       ; 24           ; 0            ; 34           ; 8                     ; 0                  ; no     ; no             ; no              ; no       ; Off          ; 2.5 V        ; Off         ; --                        ; Fitter               ; no        ;
; a[10] ; L9    ; 3B       ; 24           ; 0            ; 0            ; 2                     ; 0                  ; no     ; no             ; no              ; no       ; Off          ; 2.5 V        ; Off         ; --                        ; Fitter               ; no        ;
; a[11] ; M7    ; 3A       ; 11           ; 0            ; 17           ; 6                     ; 0                  ; no     ; no             ; no              ; no       ; Off          ; 2.5 V        ; Off         ; --                        ; Fitter               ; no        ;
; a[12] ; M12   ; 4A       ; 36           ; 0            ; 17           ; 5                     ; 0                  ; no     ; no             ; no              ; no       ; Off          ; 2.5 V        ; Off         ; --                        ; Fitter               ; no        ;
; a[13] ; P4    ; 3A       ; 10           ; 0            ; 40           ; 4                     ; 0                  ; no     ; no             ; no              ; no       ; Off          ; 2.5 V        ; Off         ; --                        ; Fitter               ; no        ;
; a[14] ; P14   ; 4A       ; 36           ; 0            ; 51           ; 2                     ; 0                  ; no     ; no             ; no              ; no       ; Off          ; 2.5 V        ; Off         ; --                        ; Fitter               ; no        ;
; a[15] ; R7    ; 3B       ; 23           ; 0            ; 57           ; 31                    ; 0                  ; no     ; no             ; no              ; no       ; Off          ; 2.5 V        ; Off         ; --                        ; Fitter               ; no        ;
; a[1]  ; L7    ; 3A       ; 11           ; 0            ; 0            ; 5                     ; 0                  ; no     ; no             ; no              ; no       ; Off          ; 2.5 V        ; Off         ; --                        ; Fitter               ; no        ;
; a[2]  ; F4    ; 2A       ; 0            ; 21           ; 37           ; 4                     ; 0                  ; no     ; no             ; no              ; no       ; Off          ; 2.5 V        ; Off         ; --                        ; Fitter               ; no        ;
; a[3]  ; N1    ; 3A       ; 10           ; 0            ; 91           ; 3                     ; 0                  ; no     ; no             ; no              ; no       ; Off          ; 2.5 V        ; Off         ; --                        ; Fitter               ; no        ;
; a[4]  ; J1    ; 2A       ; 0            ; 18           ; 77           ; 3                     ; 0                  ; no     ; no             ; no              ; no       ; Off          ; 2.5 V        ; Off         ; --                        ; Fitter               ; no        ;
; a[5]  ; P9    ; 3B       ; 29           ; 0            ; 0            ; 2                     ; 0                  ; no     ; no             ; no              ; no       ; Off          ; 2.5 V        ; Off         ; --                        ; Fitter               ; no        ;
; a[6]  ; R4    ; 3A       ; 14           ; 0            ; 34           ; 4                     ; 0                  ; no     ; no             ; no              ; no       ; Off          ; 2.5 V        ; Off         ; --                        ; Fitter               ; no        ;
; a[7]  ; T3    ; 3A       ; 14           ; 0            ; 51           ; 3                     ; 0                  ; no     ; no             ; no              ; no       ; Off          ; 2.5 V        ; Off         ; --                        ; Fitter               ; no        ;
; a[8]  ; R10   ; 3B       ; 29           ; 0            ; 34           ; 4                     ; 0                  ; no     ; no             ; no              ; no       ; Off          ; 2.5 V        ; Off         ; --                        ; Fitter               ; no        ;
; a[9]  ; R14   ; 4A       ; 38           ; 0            ; 34           ; 3                     ; 0                  ; no     ; no             ; no              ; no       ; Off          ; 2.5 V        ; Off         ; --                        ; Fitter               ; no        ;
; b[0]  ; N4    ; 3A       ; 10           ; 0            ; 57           ; 56                    ; 0                  ; no     ; no             ; no              ; no       ; Off          ; 2.5 V        ; Off         ; --                        ; Fitter               ; no        ;
; b[10] ; P1    ; 3A       ; 10           ; 0            ; 74           ; 3                     ; 0                  ; no     ; no             ; no              ; no       ; Off          ; 2.5 V        ; Off         ; --                        ; Fitter               ; no        ;
; b[11] ; G1    ; 2A       ; 0            ; 19           ; 54           ; 10                    ; 0                  ; no     ; no             ; no              ; no       ; Off          ; 2.5 V        ; Off         ; --                        ; Fitter               ; no        ;
; b[12] ; R15   ; 4A       ; 33           ; 0            ; 91           ; 9                     ; 0                  ; no     ; no             ; no              ; no       ; Off          ; 2.5 V        ; Off         ; --                        ; Fitter               ; no        ;
; b[13] ; P2    ; 3A       ; 11           ; 0            ; 34           ; 8                     ; 0                  ; no     ; no             ; no              ; no       ; Off          ; 2.5 V        ; Off         ; --                        ; Fitter               ; no        ;
; b[14] ; G3    ; 2A       ; 0            ; 21           ; 20           ; 7                     ; 0                  ; no     ; no             ; no              ; no       ; Off          ; 2.5 V        ; Off         ; --                        ; Fitter               ; no        ;
; b[15] ; P8    ; 3B       ; 23           ; 0            ; 40           ; 22                    ; 0                  ; no     ; no             ; no              ; no       ; Off          ; 2.5 V        ; Off         ; --                        ; Fitter               ; no        ;
; b[1]  ; P3    ; 3A       ; 12           ; 0            ; 17           ; 7                     ; 0                  ; no     ; no             ; no              ; no       ; Off          ; 2.5 V        ; Off         ; --                        ; Fitter               ; no        ;
; b[2]  ; G2    ; 2A       ; 0            ; 19           ; 37           ; 6                     ; 0                  ; no     ; no             ; no              ; no       ; Off          ; 2.5 V        ; Off         ; --                        ; Fitter               ; no        ;
; b[3]  ; T15   ; 4A       ; 33           ; 0            ; 57           ; 5                     ; 0                  ; no     ; no             ; no              ; no       ; Off          ; 2.5 V        ; Off         ; --                        ; Fitter               ; no        ;
; b[4]  ; H16   ; 5A       ; 54           ; 15           ; 37           ; 4                     ; 0                  ; no     ; no             ; no              ; no       ; Off          ; 2.5 V        ; Off         ; --                        ; Fitter               ; no        ;
; b[5]  ; R16   ; 4A       ; 33           ; 0            ; 40           ; 3                     ; 0                  ; no     ; no             ; no              ; no       ; Off          ; 2.5 V        ; Off         ; --                        ; Fitter               ; no        ;
; b[6]  ; H4    ; 2A       ; 0            ; 20           ; 20           ; 7                     ; 0                  ; no     ; no             ; no              ; no       ; Off          ; 2.5 V        ; Off         ; --                        ; Fitter               ; no        ;
; b[7]  ; N14   ; 4A       ; 34           ; 0            ; 34           ; 6                     ; 0                  ; no     ; no             ; no              ; no       ; Off          ; 2.5 V        ; Off         ; --                        ; Fitter               ; no        ;
; b[8]  ; P16   ; 4A       ; 33           ; 0            ; 74           ; 5                     ; 0                  ; no     ; no             ; no              ; no       ; Off          ; 2.5 V        ; Off         ; --                        ; Fitter               ; no        ;
; b[9]  ; F2    ; 2A       ; 0            ; 20           ; 37           ; 4                     ; 0                  ; no     ; no             ; no              ; no       ; Off          ; 2.5 V        ; Off         ; --                        ; Fitter               ; no        ;
+-------+-------+----------+--------------+--------------+--------------+-----------------------+--------------------+--------+----------------+-----------------+----------+--------------+--------------+-------------+---------------------------+----------------------+-----------+


+--------------------------------------------------------------------------------------------------------------------------------------------------------------------------------------------------------------------------------------------------------------------------------------------------------------------------------------------------------------------------------------------------------------------------------------------------------------------------------------------+
; Output Pins                                                                                                                                                                                                                                                                                                                                                                                                                                                                                ;
+-------+-------+----------+--------------+--------------+--------------+-----------------+------------------------+-----------+-----------------+------------+---------------+----------+--------------+--------------+------------------+-----------------------------------+---------------------------+----------------------------+-----------------------------+---------------------+-----------------------------+----------------------+----------------------+---------------------+
; Name  ; Pin # ; I/O Bank ; X coordinate ; Y coordinate ; Z coordinate ; Output Register ; Output Enable Register ; Slew Rate ; PCI I/O Enabled ; Open Drain ; TRI Primitive ; Bus Hold ; Weak Pull Up ; I/O Standard ; Current Strength ; Termination                       ; Termination Control Block ; Output Buffer Pre-emphasis ; Voltage Output Differential ; Output Buffer Delay ; Output Buffer Delay Control ; Location assigned by ; Output Enable Source ; Output Enable Group ;
+-------+-------+----------+--------------+--------------+--------------+-----------------+------------------------+-----------+-----------------+------------+---------------+----------+--------------+--------------+------------------+-----------------------------------+---------------------------+----------------------------+-----------------------------+---------------------+-----------------------------+----------------------+----------------------+---------------------+
; o     ; K4    ; 2A       ; 0            ; 18           ; 60           ; no              ; no                     ; 1         ; no              ; no         ; no            ; no       ; Off          ; 2.5 V        ; Default          ; Series 50 Ohm without Calibration ; --                        ; no                         ; no                          ; 0                   ; Off                         ; Fitter               ; -                    ; -                   ;
; q[0]  ; H3    ; 2A       ; 0            ; 21           ; 3            ; no              ; no                     ; 1         ; no              ; no         ; no            ; no       ; Off          ; 2.5 V        ; Default          ; Series 50 Ohm without Calibration ; --                        ; no                         ; no                          ; 0                   ; Off                         ; Fitter               ; -                    ; -                   ;
; q[10] ; K5    ; 2A       ; 0            ; 18           ; 43           ; no              ; no                     ; 1         ; no              ; no         ; no            ; no       ; Off          ; 2.5 V        ; Default          ; Series 50 Ohm without Calibration ; --                        ; no                         ; no                          ; 0                   ; Off                         ; Fitter               ; -                    ; -                   ;
; q[11] ; C3    ; 8A       ; 16           ; 45           ; 74           ; no              ; no                     ; 1         ; no              ; no         ; no            ; no       ; Off          ; 2.5 V        ; Default          ; Series 50 Ohm without Calibration ; --                        ; no                         ; no                          ; 0                   ; Off                         ; Fitter               ; -                    ; -                   ;
; q[12] ; B7    ; 8A       ; 16           ; 45           ; 40           ; no              ; no                     ; 1         ; no              ; no         ; no            ; no       ; Off          ; 2.5 V        ; Default          ; Series 50 Ohm without Calibration ; --                        ; no                         ; no                          ; 0                   ; Off                         ; Fitter               ; -                    ; -                   ;
; q[13] ; J2    ; 2A       ; 0            ; 19           ; 20           ; no              ; no                     ; 1         ; no              ; no         ; no            ; no       ; Off          ; 2.5 V        ; Default          ; Series 50 Ohm without Calibration ; --                        ; no                         ; no                          ; 0                   ; Off                         ; Fitter               ; -                    ; -                   ;
; q[14] ; P7    ; 3A       ; 14           ; 0            ; 0            ; no              ; no                     ; 1         ; no              ; no         ; no            ; no       ; Off          ; 2.5 V        ; Default          ; Series 50 Ohm without Calibration ; --                        ; no                         ; no                          ; 0                   ; Off                         ; Fitter               ; -                    ; -                   ;
; q[15] ; J3    ; 2A       ; 0            ; 19           ; 3            ; no              ; no                     ; 1         ; no              ; no         ; no            ; no       ; Off          ; 2.5 V        ; Default          ; Series 50 Ohm without Calibration ; --                        ; no                         ; no                          ; 0                   ; Off                         ; Fitter               ; -                    ; -                   ;
; q[1]  ; M8    ; 3B       ; 24           ; 0            ; 17           ; no              ; no                     ; 1         ; no              ; no         ; no            ; no       ; Off          ; 2.5 V        ; Default          ; Series 50 Ohm without Calibration ; --                        ; no                         ; no                          ; 0                   ; Off                         ; Fitter               ; -                    ; -                   ;
; q[2]  ; K14   ; 5A       ; 54           ; 14           ; 60           ; no              ; no                     ; 1         ; no              ; no         ; no            ; no       ; Off          ; 2.5 V        ; Default          ; Series 50 Ohm without Calibration ; --                        ; no                         ; no                          ; 0                   ; Off                         ; Fitter               ; -                    ; -                   ;
; q[3]  ; R1    ; 3A       ; 11           ; 0            ; 51           ; no              ; no                     ; 1         ; no              ; no         ; no            ; no       ; Off          ; 2.5 V        ; Default          ; Series 50 Ohm without Calibration ; --                        ; no                         ; no                          ; 0                   ; Off                         ; Fitter               ; -                    ; -                   ;
; q[4]  ; T2    ; 3A       ; 12           ; 0            ; 51           ; no              ; no                     ; 1         ; no              ; no         ; no            ; no       ; Off          ; 2.5 V        ; Default          ; Series 50 Ohm without Calibration ; --                        ; no                         ; no                          ; 0                   ; Off                         ; Fitter               ; -                    ; -                   ;
; q[5]  ; T4    ; 3B       ; 23           ; 0            ; 74           ; no              ; no                     ; 1         ; no              ; no         ; no            ; no       ; Off          ; 2.5 V        ; Default          ; Series 50 Ohm without Calibration ; --                        ; no                         ; no                          ; 0                   ; Off                         ; Fitter               ; -                    ; -                   ;
; q[6]  ; T10   ; 3B       ; 29           ; 0            ; 51           ; no              ; no                     ; 1         ; no              ; no         ; no            ; no       ; Off          ; 2.5 V        ; Default          ; Series 50 Ohm without Calibration ; --                        ; no                         ; no                          ; 0                   ; Off                         ; Fitter               ; -                    ; -                   ;
; q[7]  ; E2    ; 2A       ; 0            ; 20           ; 54           ; no              ; no                     ; 1         ; no              ; no         ; no            ; no       ; Off          ; 2.5 V        ; Default          ; Series 50 Ohm without Calibration ; --                        ; no                         ; no                          ; 0                   ; Off                         ; Fitter               ; -                    ; -                   ;
; q[8]  ; R9    ; 3B       ; 29           ; 0            ; 17           ; no              ; no                     ; 1         ; no              ; no         ; no            ; no       ; Off          ; 2.5 V        ; Default          ; Series 50 Ohm without Calibration ; --                        ; no                         ; no                          ; 0                   ; Off                         ; Fitter               ; -                    ; -                   ;
; q[9]  ; R2    ; 3A       ; 12           ; 0            ; 34           ; no              ; no                     ; 1         ; no              ; no         ; no            ; no       ; Off          ; 2.5 V        ; Default          ; Series 50 Ohm without Calibration ; --                        ; no                         ; no                          ; 0                   ; Off                         ; Fitter               ; -                    ; -                   ;
; r[0]  ; P11   ; 4A       ; 38           ; 0            ; 17           ; no              ; no                     ; 1         ; no              ; no         ; no            ; no       ; Off          ; 2.5 V        ; Default          ; Series 50 Ohm without Calibration ; --                        ; no                         ; no                          ; 0                   ; Off                         ; Fitter               ; -                    ; -                   ;
; r[10] ; M11   ; 4A       ; 36           ; 0            ; 0            ; no              ; no                     ; 1         ; no              ; no         ; no            ; no       ; Off          ; 2.5 V        ; Default          ; Series 50 Ohm without Calibration ; --                        ; no                         ; no                          ; 0                   ; Off                         ; Fitter               ; -                    ; -                   ;
; r[11] ; T5    ; 3B       ; 23           ; 0            ; 91           ; no              ; no                     ; 1         ; no              ; no         ; no            ; no       ; Off          ; 2.5 V        ; Default          ; Series 50 Ohm without Calibration ; --                        ; no                         ; no                          ; 0                   ; Off                         ; Fitter               ; -                    ; -                   ;
; r[12] ; T7    ; 3B       ; 24           ; 0            ; 51           ; no              ; no                     ; 1         ; no              ; no         ; no            ; no       ; Off          ; 2.5 V        ; Default          ; Series 50 Ohm without Calibration ; --                        ; no                         ; no                          ; 0                   ; Off                         ; Fitter               ; -                    ; -                   ;
; r[13] ; H5    ; 2A       ; 0            ; 20           ; 3            ; no              ; no                     ; 1         ; no              ; no         ; no            ; no       ; Off          ; 2.5 V        ; Default          ; Series 50 Ohm without Calibration ; --                        ; no                         ; no                          ; 0                   ; Off                         ; Fitter               ; -                    ; -                   ;
; r[14] ; N3    ; 3A       ; 12           ; 0            ; 0            ; no              ; no                     ; 1         ; no              ; no         ; no            ; no       ; Off          ; 2.5 V        ; Default          ; Series 50 Ohm without Calibration ; --                        ; no                         ; no                          ; 0                   ; Off                         ; Fitter               ; -                    ; -                   ;
; r[15] ; R12   ; 3B       ; 25           ; 0            ; 34           ; no              ; no                     ; 1         ; no              ; no         ; no            ; no       ; Off          ; 2.5 V        ; Default          ; Series 50 Ohm without Calibration ; --                        ; no                         ; no                          ; 0                   ; Off                         ; Fitter               ; -                    ; -                   ;
; r[1]  ; R6    ; 3A       ; 14           ; 0            ; 17           ; no              ; no                     ; 1         ; no              ; no         ; no            ; no       ; Off          ; 2.5 V        ; Default          ; Series 50 Ohm without Calibration ; --                        ; no                         ; no                          ; 0                   ; Off                         ; Fitter               ; -                    ; -                   ;
; r[2]  ; N11   ; 4A       ; 38           ; 0            ; 0            ; no              ; no                     ; 1         ; no              ; no         ; no            ; no       ; Off          ; 2.5 V        ; Default          ; Series 50 Ohm without Calibration ; --                        ; no                         ; no                          ; 0                   ; Off                         ; Fitter               ; -                    ; -                   ;
; r[3]  ; H15   ; 5A       ; 54           ; 17           ; 54           ; no              ; no                     ; 1         ; no              ; no         ; no            ; no       ; Off          ; 2.5 V        ; Default          ; Series 50 Ohm without Calibration ; --                        ; no                         ; no                          ; 0                   ; Off                         ; Fitter               ; -                    ; -                   ;
; r[4]  ; T13   ; 3B       ; 25           ; 0            ; 0            ; no              ; no                     ; 1         ; no              ; no         ; no            ; no       ; Off          ; 2.5 V        ; Default          ; Series 50 Ohm without Calibration ; --                        ; no                         ; no                          ; 0                   ; Off                         ; Fitter               ; -                    ; -                   ;
; r[5]  ; L10   ; 4A       ; 34           ; 0            ; 0            ; no              ; no                     ; 1         ; no              ; no         ; no            ; no       ; Off          ; 2.5 V        ; Default          ; Series 50 Ohm without Calibration ; --                        ; no                         ; no                          ; 0                   ; Off                         ; Fitter               ; -                    ; -                   ;
; r[6]  ; T14   ; 4A       ; 38           ; 0            ; 51           ; no              ; no                     ; 1         ; no              ; no         ; no            ; no       ; Off          ; 2.5 V        ; Default          ; Series 50 Ohm without Calibration ; --                        ; no                         ; no                          ; 0                   ; Off                         ; Fitter               ; -                    ; -                   ;
; r[7]  ; H1    ; 2A       ; 0            ; 18           ; 94           ; no              ; no                     ; 1         ; no              ; no         ; no            ; no       ; Off          ; 2.5 V        ; Default          ; Series 50 Ohm without Calibration ; --                        ; no                         ; no                          ; 0                   ; Off                         ; Fitter               ; -                    ; -                   ;
; r[8]  ; T12   ; 3B       ; 25           ; 0            ; 17           ; no              ; no                     ; 1         ; no              ; no         ; no            ; no       ; Off          ; 2.5 V        ; Default          ; Series 50 Ohm without Calibration ; --                        ; no                         ; no                          ; 0                   ; Off                         ; Fitter               ; -                    ; -                   ;
; r[9]  ; R11   ; 3B       ; 25           ; 0            ; 51           ; no              ; no                     ; 1         ; no              ; no         ; no            ; no       ; Off          ; 2.5 V        ; Default          ; Series 50 Ohm without Calibration ; --                        ; no                         ; no                          ; 0                   ; Off                         ; Fitter               ; -                    ; -                   ;
; z     ; A8    ; 8A       ; 22           ; 45           ; 34           ; no              ; no                     ; 1         ; no              ; no         ; no            ; no       ; Off          ; 2.5 V        ; Default          ; Series 50 Ohm without Calibration ; --                        ; no                         ; no                          ; 0                   ; Off                         ; Fitter               ; -                    ; -                   ;
+-------+-------+----------+--------------+--------------+--------------+-----------------+------------------------+-----------+-----------------+------------+---------------+----------+--------------+--------------+------------------+-----------------------------------+---------------------------+----------------------------+-----------------------------+---------------------+-----------------------------+----------------------+----------------------+---------------------+


+-----------------------------------------------------------------------------+
; I/O Bank Usage                                                              ;
+----------+-------------------+---------------+--------------+---------------+
; I/O Bank ; Usage             ; VCCIO Voltage ; VREF Voltage ; VCCPD Voltage ;
+----------+-------------------+---------------+--------------+---------------+
; 2A       ; 15 / 16 ( 94 % )  ; 2.5V          ; --           ; 2.5V          ;
; 3A       ; 16 / 16 ( 100 % ) ; 2.5V          ; --           ; 2.5V          ;
; 3B       ; 16 / 16 ( 100 % ) ; 2.5V          ; --           ; 2.5V          ;
; 4A       ; 13 / 16 ( 81 % )  ; 2.5V          ; --           ; 2.5V          ;
; 5A       ; 3 / 16 ( 19 % )   ; 2.5V          ; --           ; 2.5V          ;
; 5B       ; 0 / 16 ( 0 % )    ; 2.5V          ; --           ; 2.5V          ;
; 7A       ; 0 / 16 ( 0 % )    ; 2.5V          ; --           ; 2.5V          ;
; 8A       ; 3 / 16 ( 19 % )   ; 2.5V          ; --           ; 2.5V          ;
+----------+-------------------+---------------+--------------+---------------+


+-----------------------------------------------------------------------------------------------------------------------------------------------------------------------------+
; All Package Pins                                                                                                                                                            ;
+----------+------------+----------+---------------------------------+--------+--------------+---------------------+--------------+-----------------+----------+--------------+
; Location ; Pad Number ; I/O Bank ; Pin Name/Usage                  ; Dir.   ; I/O Standard ; Voltage             ; I/O Type     ; User Assignment ; Bus Hold ; Weak Pull Up ;
+----------+------------+----------+---------------------------------+--------+--------------+---------------------+--------------+-----------------+----------+--------------+
; A1       ;            ;          ; GND                             ;        ;              ;                     ; --           ;                 ; --       ; --           ;
; A2       ;            ;          ; DNU                             ;        ;              ;                     ; --           ;                 ; --       ; --           ;
; A3       ; 262        ; 8A       ; RESERVED_INPUT_WITH_WEAK_PULLUP ;        ;              ;                     ; Column I/O   ;                 ; no       ; On           ;
; A4       ; 258        ; 8A       ; RESERVED_INPUT_WITH_WEAK_PULLUP ;        ;              ;                     ; Column I/O   ;                 ; no       ; On           ;
; A5       ; 256        ; 8A       ; RESERVED_INPUT_WITH_WEAK_PULLUP ;        ;              ;                     ; Column I/O   ;                 ; no       ; On           ;
; A6       ;            ;          ; GND                             ; gnd    ;              ;                     ; --           ;                 ; --       ; --           ;
; A7       ; 257        ; 8A       ; RESERVED_INPUT_WITH_WEAK_PULLUP ;        ;              ;                     ; Column I/O   ;                 ; no       ; On           ;
; A8       ; 252        ; 8A       ; z                               ; output ; 2.5 V        ;                     ; Column I/O   ; N               ; no       ; Off          ;
; A9       ; 254        ; 8A       ; RESERVED_INPUT_WITH_WEAK_PULLUP ;        ;              ;                     ; Column I/O   ;                 ; no       ; On           ;
; A10      ; 250        ; 7A       ; RESERVED_INPUT_WITH_WEAK_PULLUP ;        ;              ;                     ; Column I/O   ;                 ; no       ; On           ;
; A11      ;            ;          ; GND                             ; gnd    ;              ;                     ; --           ;                 ; --       ; --           ;
; A12      ; 242        ; 7A       ; RESERVED_INPUT_WITH_WEAK_PULLUP ;        ;              ;                     ; Column I/O   ;                 ; no       ; On           ;
; A13      ; 240        ; 7A       ; RESERVED_INPUT_WITH_WEAK_PULLUP ;        ;              ;                     ; Column I/O   ;                 ; no       ; On           ;
; A14      ; 238        ; 7A       ; RESERVED_INPUT_WITH_WEAK_PULLUP ;        ;              ;                     ; Column I/O   ;                 ; no       ; On           ;
; A15      ; 236        ; 7A       ; RESERVED_INPUT_WITH_WEAK_PULLUP ;        ;              ;                     ; Column I/O   ;                 ; no       ; On           ;
; A16      ;            ;          ; GND                             ; gnd    ;              ;                     ; --           ;                 ; --       ; --           ;
; B1       ;            ;          ; GND                             ; gnd    ;              ;                     ; --           ;                 ; --       ; --           ;
; B2       ;            ;          ; DNU                             ;        ;              ;                     ; --           ;                 ; --       ; --           ;
; B3       ; 260        ; 8A       ; RESERVED_INPUT_WITH_WEAK_PULLUP ;        ;              ;                     ; Column I/O   ;                 ; no       ; On           ;
; B4       ;            ; 8A       ; VCCIO8A                         ; power  ;              ; 2.5V                ; --           ;                 ; --       ; --           ;
; B5       ;            ; 8A       ; VREFB8AN0                       ; power  ;              ;                     ; --           ;                 ; --       ; --           ;
; B6       ; 265        ; 8A       ; RESERVED_INPUT_WITH_WEAK_PULLUP ;        ;              ;                     ; Column I/O   ;                 ; no       ; On           ;
; B7       ; 263        ; 8A       ; q[12]                           ; output ; 2.5 V        ;                     ; Column I/O   ; N               ; no       ; Off          ;
; B8       ; 255        ; 8A       ; RESERVED_INPUT_WITH_WEAK_PULLUP ;        ;              ;                     ; Column I/O   ;                 ; no       ; On           ;
; B9       ;            ;          ; GND                             ; gnd    ;              ;                     ; --           ;                 ; --       ; --           ;
; B10      ; 248        ; 7A       ; RESERVED_INPUT_WITH_WEAK_PULLUP ;        ;              ;                     ; Column I/O   ;                 ; no       ; On           ;
; B11      ; 246        ; 7A       ; RESERVED_INPUT_WITH_WEAK_PULLUP ;        ;              ;                     ; Column I/O   ;                 ; no       ; On           ;
; B12      ; 244        ; 7A       ; RESERVED_INPUT_WITH_WEAK_PULLUP ;        ;              ;                     ; Column I/O   ;                 ; no       ; On           ;
; B13      ;            ; 7A       ; VREFB7AN0                       ; power  ;              ;                     ; --           ;                 ; --       ; --           ;
; B14      ;            ; 7A       ; VCCIO7A                         ; power  ;              ; 2.5V                ; --           ;                 ; --       ; --           ;
; B15      ; 179        ; 5B       ; RESERVED_INPUT_WITH_WEAK_PULLUP ;        ;              ;                     ; Row I/O      ;                 ; no       ; On           ;
; B16      ; 175        ; 5B       ; RESERVED_INPUT_WITH_WEAK_PULLUP ;        ;              ;                     ; Row I/O      ;                 ; no       ; On           ;
; C1       ; 284        ; 9A       ; ^CONF_DONE                      ;        ;              ;                     ; --           ;                 ; --       ; --           ;
; C2       ;            ;          ; GND                             ; gnd    ;              ;                     ; --           ;                 ; --       ; --           ;
; C3       ; 264        ; 8A       ; q[11]                           ; output ; 2.5 V        ;                     ; Column I/O   ; N               ; no       ; Off          ;
; C4       ; 266        ; 8A       ; RESERVED_INPUT_WITH_WEAK_PULLUP ;        ;              ;                     ; Column I/O   ;                 ; no       ; On           ;
; C5       ;            ; --       ; VCCBAT                          ; power  ;              ; 1.2V                ; --           ;                 ; --       ; --           ;
; C6       ;            ; --       ; VCCPGM                          ; power  ;              ; 1.8V/2.5V/3.0V/3.3V ; --           ;                 ; --       ; --           ;
; C7       ;            ; 8A       ; VCCIO8A                         ; power  ;              ; 2.5V                ; --           ;                 ; --       ; --           ;
; C8       ;            ;          ; DNU                             ;        ;              ;                     ; --           ;                 ; --       ; --           ;
; C9       ; 249        ; 7A       ; RESERVED_INPUT_WITH_WEAK_PULLUP ;        ;              ;                     ; Column I/O   ;                 ; no       ; On           ;
; C10      ; 247        ; 7A       ; RESERVED_INPUT_WITH_WEAK_PULLUP ;        ;              ;                     ; Column I/O   ;                 ; no       ; On           ;
; C11      ; 241        ; 7A       ; RESERVED_INPUT_WITH_WEAK_PULLUP ;        ;              ;                     ; Column I/O   ;                 ; no       ; On           ;
; C12      ;            ; 7A       ; VCCIO7A                         ; power  ;              ; 2.5V                ; --           ;                 ; --       ; --           ;
; C13      ;            ;          ; DNU                             ;        ;              ;                     ; --           ;                 ; --       ; --           ;
; C14      ; 202        ; 7A       ; ^GND                            ;        ;              ;                     ; --           ;                 ; --       ; --           ;
; C15      ; 181        ; 5B       ; RESERVED_INPUT_WITH_WEAK_PULLUP ;        ;              ;                     ; Row I/O      ;                 ; no       ; On           ;
; C16      ; 177        ; 5B       ; RESERVED_INPUT_WITH_WEAK_PULLUP ;        ;              ;                     ; Row I/O      ;                 ; no       ; On           ;
; D1       ; 286        ; 9A       ; ^nSTATUS                        ;        ;              ;                     ; --           ;                 ; --       ; --           ;
; D2       ; 288        ; 9A       ; ^MSEL2                          ;        ;              ;                     ; --           ;                 ; --       ; --           ;
; D3       ; 290        ; 9A       ; ^nCONFIG                        ;        ;              ;                     ; --           ;                 ; --       ; --           ;
; D4       ; 292        ; 9A       ; ^GND                            ;        ;              ;                     ; --           ;                 ; --       ; --           ;
; D5       ;            ;          ; GND                             ; gnd    ;              ;                     ; --           ;                 ; --       ; --           ;
; D6       ;            ; --       ; VCC_AUX                         ; power  ;              ; 2.5V                ; --           ;                 ; --       ; --           ;
; D7       ; 261        ; 8A       ; RESERVED_INPUT_WITH_WEAK_PULLUP ;        ;              ;                     ; Column I/O   ;                 ; no       ; On           ;
; D8       ; 259        ; 8A       ; RESERVED_INPUT_WITH_WEAK_PULLUP ;        ;              ;                     ; Column I/O   ;                 ; no       ; On           ;
; D9       ;            ; --       ; VCC_AUX                         ; power  ;              ; 2.5V                ; --           ;                 ; --       ; --           ;
; D10      ;            ;          ; GND                             ; gnd    ;              ;                     ; --           ;                 ; --       ; --           ;
; D11      ; 239        ; 7A       ; RESERVED_INPUT_WITH_WEAK_PULLUP ;        ;              ;                     ; Column I/O   ;                 ; no       ; On           ;
; D12      ;            ; --       ; VCC_AUX                         ; power  ;              ; 2.5V                ; --           ;                 ; --       ; --           ;
; D13      ; 176        ; 5B       ; RESERVED_INPUT_WITH_WEAK_PULLUP ;        ;              ;                     ; Row I/O      ;                 ; no       ; On           ;
; D14      ; 183        ; 5B       ; RESERVED_INPUT_WITH_WEAK_PULLUP ;        ;              ;                     ; Row I/O      ;                 ; no       ; On           ;
; D15      ;            ; 5B       ; VCCIO5B                         ; power  ;              ; 2.5V                ; --           ;                 ; --       ; --           ;
; D16      ; 173        ; 5B       ; RESERVED_INPUT_WITH_WEAK_PULLUP ;        ;              ;                     ; Row I/O      ;                 ; no       ; On           ;
; E1       ; 287        ; 9A       ; ^nCE                            ;        ;              ;                     ; --           ;                 ; --       ; --           ;
; E2       ; 21         ; 2A       ; q[7]                            ; output ; 2.5 V        ;                     ; Row I/O      ; N               ; no       ; Off          ;
; E3       ;            ;          ; GND                             ; gnd    ;              ;                     ; --           ;                 ; --       ; --           ;
; E4       ; 285        ; 9A       ; ^MSEL1                          ;        ;              ;                     ; --           ;                 ; --       ; --           ;
; E5       ; 283        ; 9A       ; ^MSEL0                          ;        ;              ;                     ; --           ;                 ; --       ; --           ;
; E6       ; 289        ; 9A       ; ^MSEL3                          ;        ;              ;                     ; --           ;                 ; --       ; --           ;
; E7       ;            ; 7A, 8A   ; VCCPD7A8A                       ; power  ;              ; 2.5V                ; --           ;                 ; --       ; --           ;
; E8       ;            ;          ; GND                             ; gnd    ;              ;                     ; --           ;                 ; --       ; --           ;
; E9       ; 245        ; 7A       ; RESERVED_INPUT_WITH_WEAK_PULLUP ;        ;              ;                     ; Column I/O   ;                 ; no       ; On           ;
; E10      ; 243        ; 7A       ; RESERVED_INPUT_WITH_WEAK_PULLUP ;        ;              ;                     ; Column I/O   ;                 ; no       ; On           ;
; E11      ;            ; 7A, 8A   ; VCCPD7A8A                       ; power  ;              ; 2.5V                ; --           ;                 ; --       ; --           ;
; E12      ; 174        ; 5B       ; RESERVED_INPUT_WITH_WEAK_PULLUP ;        ;              ;                     ; Row I/O      ;                 ; no       ; On           ;
; E13      ;            ;          ; GND                             ; gnd    ;              ;                     ; --           ;                 ; --       ; --           ;
; E14      ;            ; 5B       ; VREFB5BN0                       ; power  ;              ;                     ; --           ;                 ; --       ; --           ;
; E15      ; 185        ; 5B       ; RESERVED_INPUT_WITH_WEAK_PULLUP ;        ;              ;                     ; Row I/O      ;                 ; no       ; On           ;
; E16      ; 171        ; 5B       ; RESERVED_INPUT_WITH_WEAK_PULLUP ;        ;              ;                     ; Row I/O      ;                 ; no       ; On           ;
; F1       ;            ;          ; GND                             ; gnd    ;              ;                     ; --           ;                 ; --       ; --           ;
; F2       ; 23         ; 2A       ; b[9]                            ; input  ; 2.5 V        ;                     ; Row I/O      ; N               ; no       ; Off          ;
; F3       ; 16         ; 2A       ; RESERVED_INPUT_WITH_WEAK_PULLUP ;        ;              ;                     ; Row I/O      ;                 ; no       ; On           ;
; F4       ; 18         ; 2A       ; a[2]                            ; input  ; 2.5 V        ;                     ; Row I/O      ; N               ; no       ; Off          ;
; F5       ;            ; --       ; VCCA_FPLL                       ; power  ;              ; 2.5V                ; --           ;                 ; --       ; --           ;
; F6       ; 291        ; 9A       ; ^MSEL4                          ;        ;              ;                     ; --           ;                 ; --       ; --           ;
; F7       ; 253        ; 8A       ; RESERVED_INPUT_WITH_WEAK_PULLUP ;        ;              ;                     ; Column I/O   ;                 ; no       ; On           ;
; F8       ; 251        ; 8A       ; RESERVED_INPUT_WITH_WEAK_PULLUP ;        ;              ;                     ; Column I/O   ;                 ; no       ; On           ;
; F9       ;            ; --       ; VCC                             ; power  ;              ; 1.1V                ; --           ;                 ; --       ; --           ;
; F10      ; 237        ; 7A       ; RESERVED_INPUT_WITH_WEAK_PULLUP ;        ;              ;                     ; Column I/O   ;                 ; no       ; On           ;
; F11      ; 235        ; 7A       ; RESERVED_INPUT_WITH_WEAK_PULLUP ;        ;              ;                     ; Column I/O   ;                 ; no       ; On           ;
; F12      ; 170        ; 5B       ; RESERVED_INPUT_WITH_WEAK_PULLUP ;        ;              ;                     ; Row I/O      ;                 ; no       ; On           ;
; F13      ;            ; --       ; VCCA_FPLL                       ; power  ;              ; 2.5V                ; --           ;                 ; --       ; --           ;
; F14      ; 182        ; 5B       ; RESERVED_INPUT_WITH_WEAK_PULLUP ;        ;              ;                     ; Row I/O      ;                 ; no       ; On           ;
; F15      ; 184        ; 5B       ; RESERVED_INPUT_WITH_WEAK_PULLUP ;        ;              ;                     ; Row I/O      ;                 ; no       ; On           ;
; F16      ;            ;          ; GND                             ; gnd    ;              ;                     ; --           ;                 ; --       ; --           ;
; G1       ; 24         ; 2A       ; b[11]                           ; input  ; 2.5 V        ;                     ; Row I/O      ; N               ; no       ; Off          ;
; G2       ; 26         ; 2A       ; b[2]                            ; input  ; 2.5 V        ;                     ; Row I/O      ; N               ; no       ; Off          ;
; G3       ; 17         ; 2A       ; b[14]                           ; input  ; 2.5 V        ;                     ; Row I/O      ; N               ; no       ; Off          ;
; G4       ;            ;          ; GND                             ; gnd    ;              ;                     ; --           ;                 ; --       ; --           ;
; G5       ;            ; --       ; VCCA_FPLL                       ; power  ;              ; 2.5V                ; --           ;                 ; --       ; --           ;
; G6       ;            ; --       ; VCC                             ; power  ;              ; 1.1V                ; --           ;                 ; --       ; --           ;
; G7       ;            ;          ; GND                             ; gnd    ;              ;                     ; --           ;                 ; --       ; --           ;
; G8       ;            ; --       ; VCC                             ; power  ;              ; 1.1V                ; --           ;                 ; --       ; --           ;
; G9       ;            ;          ; GND                             ; gnd    ;              ;                     ; --           ;                 ; --       ; --           ;
; G10      ;            ; --       ; VCC                             ; power  ;              ; 1.1V                ; --           ;                 ; --       ; --           ;
; G11      ;            ;          ; GND                             ; gnd    ;              ;                     ; --           ;                 ; --       ; --           ;
; G12      ; 172        ; 5B       ; RESERVED_INPUT_WITH_WEAK_PULLUP ;        ;              ;                     ; Row I/O      ;                 ; no       ; On           ;
; G13      ; 180        ; 5B       ; RESERVED_INPUT_WITH_WEAK_PULLUP ;        ;              ;                     ; Row I/O      ;                 ; no       ; On           ;
; G14      ;            ; 5B       ; VCCIO5B                         ; power  ;              ; 2.5V                ; --           ;                 ; --       ; --           ;
; G15      ; 162        ; 5A       ; RESERVED_INPUT_WITH_WEAK_PULLUP ;        ;              ;                     ; Row I/O      ;                 ; no       ; On           ;
; G16      ; 164        ; 5A       ; RESERVED_INPUT_WITH_WEAK_PULLUP ;        ;              ;                     ; Row I/O      ;                 ; no       ; On           ;
; H1       ; 29         ; 2A       ; r[7]                            ; output ; 2.5 V        ;                     ; Row I/O      ; N               ; no       ; Off          ;
; H2       ;            ; 2A       ; VCCIO2A                         ; power  ;              ; 2.5V                ; --           ;                 ; --       ; --           ;
; H3       ; 19         ; 2A       ; q[0]                            ; output ; 2.5 V        ;                     ; Row I/O      ; N               ; no       ; Off          ;
; H4       ; 20         ; 2A       ; b[6]                            ; input  ; 2.5 V        ;                     ; Row I/O      ; N               ; no       ; Off          ;
; H5       ; 22         ; 2A       ; r[13]                           ; output ; 2.5 V        ;                     ; Row I/O      ; N               ; no       ; Off          ;
; H6       ;            ;          ; GND                             ; gnd    ;              ;                     ; --           ;                 ; --       ; --           ;
; H7       ;            ; --       ; VCC                             ; power  ;              ; 1.1V                ; --           ;                 ; --       ; --           ;
; H8       ;            ;          ; GND                             ; gnd    ;              ;                     ; --           ;                 ; --       ; --           ;
; H9       ;            ; --       ; VCC                             ; power  ;              ; 1.1V                ; --           ;                 ; --       ; --           ;
; H10      ;            ;          ; GND                             ; gnd    ;              ;                     ; --           ;                 ; --       ; --           ;
; H11      ;            ; --       ; VCC                             ; power  ;              ; 1.1V                ; --           ;                 ; --       ; --           ;
; H12      ;            ;          ; GND                             ; gnd    ;              ;                     ; --           ;                 ; --       ; --           ;
; H13      ; 178        ; 5B       ; RESERVED_INPUT_WITH_WEAK_PULLUP ;        ;              ;                     ; Row I/O      ;                 ; no       ; On           ;
; H14      ;            ; 5B       ; VCCPD5B                         ; power  ;              ; 2.5V                ; --           ;                 ; --       ; --           ;
; H15      ; 168        ; 5A       ; r[3]                            ; output ; 2.5 V        ;                     ; Row I/O      ; N               ; no       ; Off          ;
; H16      ; 158        ; 5A       ; b[4]                            ; input  ; 2.5 V        ;                     ; Row I/O      ; N               ; no       ; Off          ;
; J1       ; 31         ; 2A       ; a[4]                            ; input  ; 2.5 V        ;                     ; Row I/O      ; N               ; no       ; Off          ;
; J2       ; 25         ; 2A       ; q[13]                           ; output ; 2.5 V        ;                     ; Row I/O      ; N               ; no       ; Off          ;
; J3       ; 27         ; 2A       ; q[15]                           ; output ; 2.5 V        ;                     ; Row I/O      ; N               ; no       ; Off          ;
; J4       ;            ; 1A, 2A   ; VCCPD1A2A                       ; power  ;              ; 2.5V                ; --           ;                 ; --       ; --           ;
; J5       ;            ;          ; GND                             ; gnd    ;              ;                     ; --           ;                 ; --       ; --           ;
; J6       ;            ; --       ; VCC                             ; power  ;              ; 1.1V                ; --           ;                 ; --       ; --           ;
; J7       ;            ;          ; GND                             ; gnd    ;              ;                     ; --           ;                 ; --       ; --           ;
; J8       ;            ; --       ; VCC                             ; power  ;              ; 1.1V                ; --           ;                 ; --       ; --           ;
; J9       ;            ;          ; GND                             ; gnd    ;              ;                     ; --           ;                 ; --       ; --           ;
; J10      ;            ; --       ; VCC                             ; power  ;              ; 1.1V                ; --           ;                 ; --       ; --           ;
; J11      ;            ;          ; GND                             ; gnd    ;              ;                     ; --           ;                 ; --       ; --           ;
; J12      ; 165        ; 5A       ; RESERVED_INPUT_WITH_WEAK_PULLUP ;        ;              ;                     ; Row I/O      ;                 ; no       ; On           ;
; J13      ;            ; 5A       ; VCCPD5A                         ; power  ;              ; 2.5V                ; --           ;                 ; --       ; --           ;
; J14      ; 166        ; 5A       ; RESERVED_INPUT_WITH_WEAK_PULLUP ;        ;              ;                     ; Row I/O      ;                 ; no       ; On           ;
; J15      ;            ; 5A       ; VCCIO5A                         ; power  ;              ; 2.5V                ; --           ;                 ; --       ; --           ;
; J16      ; 160        ; 5A       ; RESERVED_INPUT_WITH_WEAK_PULLUP ;        ;              ;                     ; Row I/O      ;                 ; no       ; On           ;
; K1       ; 55         ; 3A       ; ^AS_DATA1, DATA1                ;        ;              ;                     ; Weak Pull Up ;                 ; --       ; On           ;
; K2       ;            ; 2A       ; VREFB2AN0                       ; power  ;              ;                     ; --           ;                 ; --       ; --           ;
; K3       ;            ; 2A       ; VCCIO2A                         ; power  ;              ; 2.5V                ; --           ;                 ; --       ; --           ;
; K4       ; 28         ; 2A       ; o                               ; output ; 2.5 V        ;                     ; Row I/O      ; N               ; no       ; Off          ;
; K5       ; 30         ; 2A       ; q[10]                           ; output ; 2.5 V        ;                     ; Row I/O      ; N               ; no       ; Off          ;
; K6       ;            ;          ; GND                             ; gnd    ;              ;                     ; --           ;                 ; --       ; --           ;
; K7       ;            ; --       ; VCC                             ; power  ;              ; 1.1V                ; --           ;                 ; --       ; --           ;
; K8       ;            ;          ; GND                             ; gnd    ;              ;                     ; --           ;                 ; --       ; --           ;
; K9       ;            ; --       ; VCC                             ; power  ;              ; 1.1V                ; --           ;                 ; --       ; --           ;
; K10      ;            ;          ; GND                             ; gnd    ;              ;                     ; --           ;                 ; --       ; --           ;
; K11      ;            ; --       ; VCC                             ; power  ;              ; 1.1V                ; --           ;                 ; --       ; --           ;
; K12      ; 163        ; 5A       ; RESERVED_INPUT_WITH_WEAK_PULLUP ;        ;              ;                     ; Row I/O      ;                 ; no       ; On           ;
; K13      ;            ;          ; GND                             ; gnd    ;              ;                     ; --           ;                 ; --       ; --           ;
; K14      ; 157        ; 5A       ; q[2]                            ; output ; 2.5 V        ;                     ; Row I/O      ; N               ; no       ; Off          ;
; K15      ; 167        ; 5A       ; RESERVED_INPUT_WITH_WEAK_PULLUP ;        ;              ;                     ; Row I/O      ;                 ; no       ; On           ;
; K16      ; 169        ; 5A       ; RESERVED_INPUT_WITH_WEAK_PULLUP ;        ;              ;                     ; Row I/O      ;                 ; no       ; On           ;
; L1       ;            ;          ; GND                             ; gnd    ;              ;                     ; --           ;                 ; --       ; --           ;
; L2       ; 53         ; 3A       ; ^AS_DATA2, DATA2                ;        ;              ;                     ; Weak Pull Up ;                 ; --       ; On           ;
; L3       ; 49         ; 3A       ; ^nCSO, DATA4                    ;        ;              ;                     ; Weak Pull Up ;                 ; --       ; On           ;
; L4       ; 54         ; 3A       ; #TDI                            ; input  ;              ;                     ; --           ;                 ; --       ; --           ;
; L5       ;            ; --       ; VCCA_FPLL                       ; power  ;              ; 2.5V                ; --           ;                 ; --       ; --           ;
; L6       ; 50         ; 3A       ; #TMS                            ; input  ;              ;                     ; --           ;                 ; --       ; --           ;
; L7       ; 64         ; 3A       ; a[1]                            ; input  ; 2.5 V        ;                     ; Column I/O   ; N               ; no       ; Off          ;
; L8       ;            ; --       ; VCC                             ; power  ;              ; 1.1V                ; --           ;                 ; --       ; --           ;
; L9       ; 96         ; 3B       ; a[10]                           ; input  ; 2.5 V        ;                     ; Column I/O   ; N               ; no       ; Off          ;
; L10      ; 112        ; 4A       ; r[5]                            ; output ; 2.5 V        ;                     ; Column I/O   ; N               ; no       ; Off          ;
; L11      ;            ;          ; GND                             ; gnd    ;              ;                     ; --           ;                 ; --       ; --           ;
; L12      ;            ; --       ; VCCA_FPLL                       ; power  ;              ; 2.5V                ; --           ;                 ; --       ; --           ;
; L13      ; 155        ; 5A       ; RESERVED_INPUT_WITH_WEAK_PULLUP ;        ;              ;                     ; Row I/O      ;                 ; no       ; On           ;
; L14      ; 159        ; 5A       ; RESERVED_INPUT_WITH_WEAK_PULLUP ;        ;              ;                     ; Row I/O      ;                 ; no       ; On           ;
; L15      ; 161        ; 5A       ; RESERVED_INPUT_WITH_WEAK_PULLUP ;        ;              ;                     ; Row I/O      ;                 ; no       ; On           ;
; L16      ;            ; 5A       ; VCCIO5A                         ; power  ;              ; 2.5V                ; --           ;                 ; --       ; --           ;
; M1       ; 57         ; 3A       ; ^AS_DATA0, ASDO, DATA0          ;        ;              ;                     ; Weak Pull Up ;                 ; --       ; On           ;
; M2       ; 51         ; 3A       ; ^AS_DATA3, DATA3                ;        ;              ;                     ; Weak Pull Up ;                 ; --       ; On           ;
; M3       ; 52         ; 3A       ; #TCK                            ; input  ;              ;                     ; --           ;                 ; --       ; --           ;
; M4       ;            ;          ; GND                             ; gnd    ;              ;                     ; --           ;                 ; --       ; --           ;
; M5       ; 56         ; 3A       ; ^DCLK                           ;        ;              ;                     ; Weak Pull Up ;                 ; --       ; On           ;
; M6       ; 48         ; 3A       ; #TDO                            ; output ;              ;                     ; --           ;                 ; --       ; --           ;
; M7       ; 62         ; 3A       ; a[11]                           ; input  ; 2.5 V        ;                     ; Column I/O   ; N               ; no       ; Off          ;
; M8       ; 94         ; 3B       ; q[1]                            ; output ; 2.5 V        ;                     ; Column I/O   ; N               ; no       ; Off          ;
; M9       ;            ;          ; GND                             ; gnd    ;              ;                     ; --           ;                 ; --       ; --           ;
; M10      ; 110        ; 4A       ; RESERVED_INPUT_WITH_WEAK_PULLUP ;        ;              ;                     ; Column I/O   ;                 ; no       ; On           ;
; M11      ; 117        ; 4A       ; r[10]                           ; output ; 2.5 V        ;                     ; Column I/O   ; N               ; no       ; Off          ;
; M12      ; 115        ; 4A       ; a[12]                           ; input  ; 2.5 V        ;                     ; Column I/O   ; N               ; no       ; Off          ;
; M13      ; 111        ; 4A       ; RESERVED_INPUT_WITH_WEAK_PULLUP ;        ;              ;                     ; Column I/O   ;                 ; no       ; On           ;
; M14      ;            ;          ; GND                             ; gnd    ;              ;                     ; --           ;                 ; --       ; --           ;
; M15      ;            ; --       ; VCCPGM                          ; power  ;              ; 1.8V/2.5V/3.0V/3.3V ; --           ;                 ; --       ; --           ;
; M16      ;            ; 5A       ; VREFB5AN0                       ; power  ;              ;                     ; --           ;                 ; --       ; --           ;
; N1       ; 59         ; 3A       ; a[3]                            ; input  ; 2.5 V        ;                     ; Column I/O   ; N               ; no       ; Off          ;
; N2       ;            ;          ; GND                             ; gnd    ;              ;                     ; --           ;                 ; --       ; --           ;
; N3       ; 68         ; 3A       ; r[14]                           ; output ; 2.5 V        ;                     ; Column I/O   ; N               ; no       ; Off          ;
; N4       ; 58         ; 3A       ; b[0]                            ; input  ; 2.5 V        ;                     ; Column I/O   ; N               ; no       ; Off          ;
; N5       ;            ; --       ; VCC_AUX                         ; power  ;              ; 2.5V                ; --           ;                 ; --       ; --           ;
; N6       ;            ; 3A       ; VCCPD3A                         ; power  ;              ; 2.5V                ; --           ;                 ; --       ; --           ;
; N7       ;            ; 3A       ; VCCIO3A                         ; power  ;              ; 2.5V                ; --           ;                 ; --       ; --           ;
; N8       ;            ; 3B, 4A   ; VCCPD3B4A                       ; power  ;              ; 2.5V                ; --           ;                 ; --       ; --           ;
; N9       ;            ; --       ; VCC_AUX                         ; power  ;              ; 2.5V                ; --           ;                 ; --       ; --           ;
; N10      ;            ; 3B, 4A   ; VCCPD3B4A                       ; power  ;              ; 2.5V                ; --           ;                 ; --       ; --           ;
; N11      ; 120        ; 4A       ; r[2]                            ; output ; 2.5 V        ;                     ; Column I/O   ; N               ; no       ; Off          ;
; N12      ;            ; 4A       ; VCCIO4A                         ; power  ;              ; 2.5V                ; --           ;                 ; --       ; --           ;
; N13      ;            ; --       ; VCC_AUX                         ; power  ;              ; 2.5V                ; --           ;                 ; --       ; --           ;
; N14      ; 113        ; 4A       ; b[7]                            ; input  ; 2.5 V        ;                     ; Column I/O   ; N               ; no       ; Off          ;
; N15      ; 154        ; 5A       ; RESERVED_INPUT_WITH_WEAK_PULLUP ;        ;              ;                     ; Row I/O      ;                 ; no       ; On           ;
; N16      ; 156        ; 5A       ; RESERVED_INPUT_WITH_WEAK_PULLUP ;        ;              ;                     ; Row I/O      ;                 ; no       ; On           ;
; P1       ; 61         ; 3A       ; b[10]                           ; input  ; 2.5 V        ;                     ; Column I/O   ; N               ; no       ; Off          ;
; P2       ; 65         ; 3A       ; b[13]                           ; input  ; 2.5 V        ;                     ; Column I/O   ; N               ; no       ; Off          ;
; P3       ; 66         ; 3A       ; b[1]                            ; input  ; 2.5 V        ;                     ; Column I/O   ; N               ; no       ; Off          ;
; P4       ; 60         ; 3A       ; a[13]                           ; input  ; 2.5 V        ;                     ; Column I/O   ; N               ; no       ; Off          ;
; P5       ;            ;          ; GND                             ; gnd    ;              ;                     ; --           ;                 ; --       ; --           ;
; P6       ;            ; --       ; VCCPGM                          ; power  ;              ; 1.8V/2.5V/3.0V/3.3V ; --           ;                 ; --       ; --           ;
; P7       ; 72         ; 3A       ; q[14]                           ; output ; 2.5 V        ;                     ; Column I/O   ; N               ; no       ; Off          ;
; P8       ; 93         ; 3B       ; b[15]                           ; input  ; 2.5 V        ;                     ; Column I/O   ; N               ; no       ; Off          ;
; P9       ; 104        ; 3B       ; a[5]                            ; input  ; 2.5 V        ;                     ; Column I/O   ; N               ; no       ; Off          ;
; P10      ;            ;          ; GND                             ; gnd    ;              ;                     ; --           ;                 ; --       ; --           ;
; P11      ; 118        ; 4A       ; r[0]                            ; output ; 2.5 V        ;                     ; Column I/O   ; N               ; no       ; Off          ;
; P12      ;            ; 4A       ; VREFB4AN0                       ; power  ;              ;                     ; --           ;                 ; --       ; --           ;
; P13      ; 116        ; 4A       ; RESERVED_INPUT_WITH_WEAK_PULLUP ;        ;              ;                     ; Column I/O   ;                 ; no       ; On           ;
; P14      ; 114        ; 4A       ; a[14]                           ; input  ; 2.5 V        ;                     ; Column I/O   ; N               ; no       ; Off          ;
; P15      ;            ; 4A       ; VCCIO4A                         ; power  ;              ; 2.5V                ; --           ;                 ; --       ; --           ;
; P16      ; 108        ; 4A       ; b[8]                            ; input  ; 2.5 V        ;                     ; Column I/O   ; N               ; no       ; Off          ;
; R1       ; 63         ; 3A       ; q[3]                            ; output ; 2.5 V        ;                     ; Column I/O   ; N               ; no       ; Off          ;
; R2       ; 69         ; 3A       ; q[9]                            ; output ; 2.5 V        ;                     ; Column I/O   ; N               ; no       ; Off          ;
; R3       ;            ; 3A       ; VCCIO3A                         ; power  ;              ; 2.5V                ; --           ;                 ; --       ; --           ;
; R4       ; 73         ; 3A       ; a[6]                            ; input  ; 2.5 V        ;                     ; Column I/O   ; N               ; no       ; Off          ;
; R5       ;            ; 3A       ; VREFB3AN0                       ; power  ;              ;                     ; --           ;                 ; --       ; --           ;
; R6       ; 70         ; 3A       ; r[1]                            ; output ; 2.5 V        ;                     ; Column I/O   ; N               ; no       ; Off          ;
; R7       ; 91         ; 3B       ; a[15]                           ; input  ; 2.5 V        ;                     ; Column I/O   ; N               ; no       ; Off          ;
; R8       ;            ; 3B       ; VCCIO3B                         ; power  ;              ; 2.5V                ; --           ;                 ; --       ; --           ;
; R9       ; 102        ; 3B       ; q[8]                            ; output ; 2.5 V        ;                     ; Column I/O   ; N               ; no       ; Off          ;
; R10      ; 105        ; 3B       ; a[8]                            ; input  ; 2.5 V        ;                     ; Column I/O   ; N               ; no       ; Off          ;
; R11      ; 98         ; 3B       ; r[9]                            ; output ; 2.5 V        ;                     ; Column I/O   ; N               ; no       ; Off          ;
; R12      ; 100        ; 3B       ; r[15]                           ; output ; 2.5 V        ;                     ; Column I/O   ; N               ; no       ; Off          ;
; R13      ;            ;          ; GND                             ; gnd    ;              ;                     ; --           ;                 ; --       ; --           ;
; R14      ; 121        ; 4A       ; a[9]                            ; input  ; 2.5 V        ;                     ; Column I/O   ; N               ; no       ; Off          ;
; R15      ; 106        ; 4A       ; b[12]                           ; input  ; 2.5 V        ;                     ; Column I/O   ; N               ; no       ; Off          ;
; R16      ; 109        ; 4A       ; b[5]                            ; input  ; 2.5 V        ;                     ; Column I/O   ; N               ; no       ; Off          ;
; T1       ;            ;          ; GND                             ; gnd    ;              ;                     ; --           ;                 ; --       ; --           ;
; T2       ; 67         ; 3A       ; q[4]                            ; output ; 2.5 V        ;                     ; Column I/O   ; N               ; no       ; Off          ;
; T3       ; 71         ; 3A       ; a[7]                            ; input  ; 2.5 V        ;                     ; Column I/O   ; N               ; no       ; Off          ;
; T4       ; 92         ; 3B       ; q[5]                            ; output ; 2.5 V        ;                     ; Column I/O   ; N               ; no       ; Off          ;
; T5       ; 90         ; 3B       ; r[11]                           ; output ; 2.5 V        ;                     ; Column I/O   ; N               ; no       ; Off          ;
; T6       ;            ;          ; GND                             ; gnd    ;              ;                     ; --           ;                 ; --       ; --           ;
; T7       ; 95         ; 3B       ; r[12]                           ; output ; 2.5 V        ;                     ; Column I/O   ; N               ; no       ; Off          ;
; T8       ; 97         ; 3B       ; a[0]                            ; input  ; 2.5 V        ;                     ; Column I/O   ; N               ; no       ; Off          ;
; T9       ;            ; 3B       ; VREFB3BN0                       ; power  ;              ;                     ; --           ;                 ; --       ; --           ;
; T10      ; 103        ; 3B       ; q[6]                            ; output ; 2.5 V        ;                     ; Column I/O   ; N               ; no       ; Off          ;
; T11      ;            ; 3B       ; VCCIO3B                         ; power  ;              ; 2.5V                ; --           ;                 ; --       ; --           ;
; T12      ; 99         ; 3B       ; r[8]                            ; output ; 2.5 V        ;                     ; Column I/O   ; N               ; no       ; Off          ;
; T13      ; 101        ; 3B       ; r[4]                            ; output ; 2.5 V        ;                     ; Column I/O   ; N               ; no       ; Off          ;
; T14      ; 119        ; 4A       ; r[6]                            ; output ; 2.5 V        ;                     ; Column I/O   ; N               ; no       ; Off          ;
; T15      ; 107        ; 4A       ; b[3]                            ; input  ; 2.5 V        ;                     ; Column I/O   ; N               ; no       ; Off          ;
; T16      ;            ;          ; GND                             ; gnd    ;              ;                     ; --           ;                 ; --       ; --           ;
+----------+------------+----------+---------------------------------+--------+--------------+---------------------+--------------+-----------------+----------+--------------+
Note: Pin directions (input, output or bidir) are based on device operating in user mode.


+------------------------------------------+
; I/O Assignment Warnings                  ;
+----------+-------------------------------+
; Pin Name ; Reason                        ;
+----------+-------------------------------+
; r[0]     ; Incomplete set of assignments ;
; r[1]     ; Incomplete set of assignments ;
; r[2]     ; Incomplete set of assignments ;
; r[3]     ; Incomplete set of assignments ;
; r[4]     ; Incomplete set of assignments ;
; r[5]     ; Incomplete set of assignments ;
; r[6]     ; Incomplete set of assignments ;
; r[7]     ; Incomplete set of assignments ;
; r[8]     ; Incomplete set of assignments ;
; r[9]     ; Incomplete set of assignments ;
; r[10]    ; Incomplete set of assignments ;
; r[11]    ; Incomplete set of assignments ;
; r[12]    ; Incomplete set of assignments ;
; r[13]    ; Incomplete set of assignments ;
; r[14]    ; Incomplete set of assignments ;
; r[15]    ; Incomplete set of assignments ;
; q[0]     ; Incomplete set of assignments ;
; q[1]     ; Incomplete set of assignments ;
; q[2]     ; Incomplete set of assignments ;
; q[3]     ; Incomplete set of assignments ;
; q[4]     ; Incomplete set of assignments ;
; q[5]     ; Incomplete set of assignments ;
; q[6]     ; Incomplete set of assignments ;
; q[7]     ; Incomplete set of assignments ;
; q[8]     ; Incomplete set of assignments ;
; q[9]     ; Incomplete set of assignments ;
; q[10]    ; Incomplete set of assignments ;
; q[11]    ; Incomplete set of assignments ;
; q[12]    ; Incomplete set of assignments ;
; q[13]    ; Incomplete set of assignments ;
; q[14]    ; Incomplete set of assignments ;
; q[15]    ; Incomplete set of assignments ;
; z        ; Incomplete set of assignments ;
; o        ; Incomplete set of assignments ;
; a[0]     ; Incomplete set of assignments ;
; b[0]     ; Incomplete set of assignments ;
; b[14]    ; Incomplete set of assignments ;
; b[15]    ; Incomplete set of assignments ;
; b[13]    ; Incomplete set of assignments ;
; b[12]    ; Incomplete set of assignments ;
; b[11]    ; Incomplete set of assignments ;
; b[10]    ; Incomplete set of assignments ;
; b[9]     ; Incomplete set of assignments ;
; b[8]     ; Incomplete set of assignments ;
; b[7]     ; Incomplete set of assignments ;
; b[6]     ; Incomplete set of assignments ;
; b[5]     ; Incomplete set of assignments ;
; b[4]     ; Incomplete set of assignments ;
; b[3]     ; Incomplete set of assignments ;
; b[2]     ; Incomplete set of assignments ;
; b[1]     ; Incomplete set of assignments ;
; a[15]    ; Incomplete set of assignments ;
; a[12]    ; Incomplete set of assignments ;
; a[11]    ; Incomplete set of assignments ;
; a[10]    ; Incomplete set of assignments ;
; a[9]     ; Incomplete set of assignments ;
; a[8]     ; Incomplete set of assignments ;
; a[7]     ; Incomplete set of assignments ;
; a[6]     ; Incomplete set of assignments ;
; a[5]     ; Incomplete set of assignments ;
; a[4]     ; Incomplete set of assignments ;
; a[3]     ; Incomplete set of assignments ;
; a[2]     ; Incomplete set of assignments ;
; a[1]     ; Incomplete set of assignments ;
; a[13]    ; Incomplete set of assignments ;
; a[14]    ; Incomplete set of assignments ;
; r[0]     ; Missing location assignment   ;
; r[1]     ; Missing location assignment   ;
; r[2]     ; Missing location assignment   ;
; r[3]     ; Missing location assignment   ;
; r[4]     ; Missing location assignment   ;
; r[5]     ; Missing location assignment   ;
; r[6]     ; Missing location assignment   ;
; r[7]     ; Missing location assignment   ;
; r[8]     ; Missing location assignment   ;
; r[9]     ; Missing location assignment   ;
; r[10]    ; Missing location assignment   ;
; r[11]    ; Missing location assignment   ;
; r[12]    ; Missing location assignment   ;
; r[13]    ; Missing location assignment   ;
; r[14]    ; Missing location assignment   ;
; r[15]    ; Missing location assignment   ;
; q[0]     ; Missing location assignment   ;
; q[1]     ; Missing location assignment   ;
; q[2]     ; Missing location assignment   ;
; q[3]     ; Missing location assignment   ;
; q[4]     ; Missing location assignment   ;
; q[5]     ; Missing location assignment   ;
; q[6]     ; Missing location assignment   ;
; q[7]     ; Missing location assignment   ;
; q[8]     ; Missing location assignment   ;
; q[9]     ; Missing location assignment   ;
; q[10]    ; Missing location assignment   ;
; q[11]    ; Missing location assignment   ;
; q[12]    ; Missing location assignment   ;
; q[13]    ; Missing location assignment   ;
; q[14]    ; Missing location assignment   ;
; q[15]    ; Missing location assignment   ;
; z        ; Missing location assignment   ;
; o        ; Missing location assignment   ;
; a[0]     ; Missing location assignment   ;
; b[0]     ; Missing location assignment   ;
; b[14]    ; Missing location assignment   ;
; b[15]    ; Missing location assignment   ;
; b[13]    ; Missing location assignment   ;
; b[12]    ; Missing location assignment   ;
; b[11]    ; Missing location assignment   ;
; b[10]    ; Missing location assignment   ;
; b[9]     ; Missing location assignment   ;
; b[8]     ; Missing location assignment   ;
; b[7]     ; Missing location assignment   ;
; b[6]     ; Missing location assignment   ;
; b[5]     ; Missing location assignment   ;
; b[4]     ; Missing location assignment   ;
; b[3]     ; Missing location assignment   ;
; b[2]     ; Missing location assignment   ;
; b[1]     ; Missing location assignment   ;
; a[15]    ; Missing location assignment   ;
; a[12]    ; Missing location assignment   ;
; a[11]    ; Missing location assignment   ;
; a[10]    ; Missing location assignment   ;
; a[9]     ; Missing location assignment   ;
; a[8]     ; Missing location assignment   ;
; a[7]     ; Missing location assignment   ;
; a[6]     ; Missing location assignment   ;
; a[5]     ; Missing location assignment   ;
; a[4]     ; Missing location assignment   ;
; a[3]     ; Missing location assignment   ;
; a[2]     ; Missing location assignment   ;
; a[1]     ; Missing location assignment   ;
; a[13]    ; Missing location assignment   ;
; a[14]    ; Missing location assignment   ;
+----------+-------------------------------+


+---------------------------------------------------------------------------------------------------------------------------------------------------------------------------------------------------------------------------------------------------------------------------------------------------------------------------------------------------------------------------------------------------------------------------------------+
; Fitter Resource Utilization by Entity                                                                                                                                                                                                                                                                                                                                                                                                 ;
+------------------------------+----------------------+----------------------------------+---------------------------------------------------+----------------------------------+----------------------+---------------------+---------------------------+---------------+-------------------+-------+------------+------+--------------+-----------------------------------------------------------------+--------------+--------------+
; Compilation Hierarchy Node   ; ALMs needed [=A-B+C] ; [A] ALMs used in final placement ; [B] Estimate of ALMs recoverable by dense packing ; [C] Estimate of ALMs unavailable ; ALMs used for memory ; Combinational ALUTs ; Dedicated Logic Registers ; I/O Registers ; Block Memory Bits ; M10Ks ; DSP Blocks ; Pins ; Virtual Pins ; Full Hierarchy Name                                             ; Entity Name  ; Library Name ;
+------------------------------+----------------------+----------------------------------+---------------------------------------------------+----------------------------------+----------------------+---------------------+---------------------------+---------------+-------------------+-------+------------+------+--------------+-----------------------------------------------------------------+--------------+--------------+
; |Divider                     ; 402.5 (10.5)         ; 404.5 (11.0)                     ; 2.0 (0.5)                                         ; 0.0 (0.0)                        ; 0.0 (0.0)            ; 636 (19)            ; 0 (0)                     ; 0 (0)         ; 0                 ; 0     ; 0          ; 66   ; 0            ; |Divider                                                        ; Divider      ; work         ;
;    |FAdder_16bit:v5|         ; 3.0 (0.0)            ; 3.0 (0.0)                        ; 0.0 (0.0)                                         ; 0.0 (0.0)                        ; 0.0 (0.0)            ; 4 (0)               ; 0 (0)                     ; 0 (0)         ; 0                 ; 0     ; 0          ; 0    ; 0            ; |Divider|FAdder_16bit:v5                                        ; FAdder_16bit ; work         ;
;       |FAdder_4bit:u1|       ; 1.0 (0.0)            ; 1.0 (0.0)                        ; 0.0 (0.0)                                         ; 0.0 (0.0)                        ; 0.0 (0.0)            ; 1 (0)               ; 0 (0)                     ; 0 (0)         ; 0                 ; 0     ; 0          ; 0    ; 0            ; |Divider|FAdder_16bit:v5|FAdder_4bit:u1                         ; FAdder_4bit  ; work         ;
;          |FAdder:u3|         ; 1.0 (1.0)            ; 1.0 (1.0)                        ; 0.0 (0.0)                                         ; 0.0 (0.0)                        ; 0.0 (0.0)            ; 1 (1)               ; 0 (0)                     ; 0 (0)         ; 0                 ; 0     ; 0          ; 0    ; 0            ; |Divider|FAdder_16bit:v5|FAdder_4bit:u1|FAdder:u3               ; FAdder       ; work         ;
;       |FAdder_4bit:u2|       ; 1.0 (0.0)            ; 1.0 (0.0)                        ; 0.0 (0.0)                                         ; 0.0 (0.0)                        ; 0.0 (0.0)            ; 2 (0)               ; 0 (0)                     ; 0 (0)         ; 0                 ; 0     ; 0          ; 0    ; 0            ; |Divider|FAdder_16bit:v5|FAdder_4bit:u2                         ; FAdder_4bit  ; work         ;
;          |FAdder:u2|         ; 0.0 (0.0)            ; 0.0 (0.0)                        ; 0.0 (0.0)                                         ; 0.0 (0.0)                        ; 0.0 (0.0)            ; 1 (1)               ; 0 (0)                     ; 0 (0)         ; 0                 ; 0     ; 0          ; 0    ; 0            ; |Divider|FAdder_16bit:v5|FAdder_4bit:u2|FAdder:u2               ; FAdder       ; work         ;
;          |FAdder:u4|         ; 1.0 (1.0)            ; 1.0 (1.0)                        ; 0.0 (0.0)                                         ; 0.0 (0.0)                        ; 0.0 (0.0)            ; 1 (1)               ; 0 (0)                     ; 0 (0)         ; 0                 ; 0     ; 0          ; 0    ; 0            ; |Divider|FAdder_16bit:v5|FAdder_4bit:u2|FAdder:u4               ; FAdder       ; work         ;
;       |FAdder_4bit:u3|       ; 1.0 (0.0)            ; 1.0 (0.0)                        ; 0.0 (0.0)                                         ; 0.0 (0.0)                        ; 0.0 (0.0)            ; 1 (0)               ; 0 (0)                     ; 0 (0)         ; 0                 ; 0     ; 0          ; 0    ; 0            ; |Divider|FAdder_16bit:v5|FAdder_4bit:u3                         ; FAdder_4bit  ; work         ;
;          |FAdder:u4|         ; 1.0 (1.0)            ; 1.0 (1.0)                        ; 0.0 (0.0)                                         ; 0.0 (0.0)                        ; 0.0 (0.0)            ; 1 (1)               ; 0 (0)                     ; 0 (0)         ; 0                 ; 0     ; 0          ; 0    ; 0            ; |Divider|FAdder_16bit:v5|FAdder_4bit:u3|FAdder:u4               ; FAdder       ; work         ;
;    |FAdder_16bit:v7|         ; 2.5 (0.0)            ; 2.5 (0.0)                        ; 0.0 (0.0)                                         ; 0.0 (0.0)                        ; 0.0 (0.0)            ; 5 (0)               ; 0 (0)                     ; 0 (0)         ; 0                 ; 0     ; 0          ; 0    ; 0            ; |Divider|FAdder_16bit:v7                                        ; FAdder_16bit ; work         ;
;       |FAdder_4bit:u1|       ; 0.0 (0.0)            ; 0.0 (0.0)                        ; 0.0 (0.0)                                         ; 0.0 (0.0)                        ; 0.0 (0.0)            ; 1 (0)               ; 0 (0)                     ; 0 (0)         ; 0                 ; 0     ; 0          ; 0    ; 0            ; |Divider|FAdder_16bit:v7|FAdder_4bit:u1                         ; FAdder_4bit  ; work         ;
;          |FAdder:u4|         ; 0.0 (0.0)            ; 0.0 (0.0)                        ; 0.0 (0.0)                                         ; 0.0 (0.0)                        ; 0.0 (0.0)            ; 1 (1)               ; 0 (0)                     ; 0 (0)         ; 0                 ; 0     ; 0          ; 0    ; 0            ; |Divider|FAdder_16bit:v7|FAdder_4bit:u1|FAdder:u4               ; FAdder       ; work         ;
;       |FAdder_4bit:u2|       ; 1.0 (0.0)            ; 1.0 (0.0)                        ; 0.0 (0.0)                                         ; 0.0 (0.0)                        ; 0.0 (0.0)            ; 1 (0)               ; 0 (0)                     ; 0 (0)         ; 0                 ; 0     ; 0          ; 0    ; 0            ; |Divider|FAdder_16bit:v7|FAdder_4bit:u2                         ; FAdder_4bit  ; work         ;
;          |FAdder:u2|         ; 1.0 (1.0)            ; 1.0 (1.0)                        ; 0.0 (0.0)                                         ; 0.0 (0.0)                        ; 0.0 (0.0)            ; 1 (1)               ; 0 (0)                     ; 0 (0)         ; 0                 ; 0     ; 0          ; 0    ; 0            ; |Divider|FAdder_16bit:v7|FAdder_4bit:u2|FAdder:u2               ; FAdder       ; work         ;
;       |FAdder_4bit:u3|       ; 1.0 (0.0)            ; 1.0 (0.0)                        ; 0.0 (0.0)                                         ; 0.0 (0.0)                        ; 0.0 (0.0)            ; 2 (0)               ; 0 (0)                     ; 0 (0)         ; 0                 ; 0     ; 0          ; 0    ; 0            ; |Divider|FAdder_16bit:v7|FAdder_4bit:u3                         ; FAdder_4bit  ; work         ;
;          |FAdder:u1|         ; 0.0 (0.0)            ; 0.0 (0.0)                        ; 0.0 (0.0)                                         ; 0.0 (0.0)                        ; 0.0 (0.0)            ; 1 (1)               ; 0 (0)                     ; 0 (0)         ; 0                 ; 0     ; 0          ; 0    ; 0            ; |Divider|FAdder_16bit:v7|FAdder_4bit:u3|FAdder:u1               ; FAdder       ; work         ;
;          |FAdder:u3|         ; 1.0 (1.0)            ; 1.0 (1.0)                        ; 0.0 (0.0)                                         ; 0.0 (0.0)                        ; 0.0 (0.0)            ; 1 (1)               ; 0 (0)                     ; 0 (0)         ; 0                 ; 0     ; 0          ; 0    ; 0            ; |Divider|FAdder_16bit:v7|FAdder_4bit:u3|FAdder:u3               ; FAdder       ; work         ;
;       |FAdder_4bit:u4|       ; 0.5 (0.0)            ; 0.5 (0.0)                        ; 0.0 (0.0)                                         ; 0.0 (0.0)                        ; 0.0 (0.0)            ; 1 (0)               ; 0 (0)                     ; 0 (0)         ; 0                 ; 0     ; 0          ; 0    ; 0            ; |Divider|FAdder_16bit:v7|FAdder_4bit:u4                         ; FAdder_4bit  ; work         ;
;          |FAdder:u2|         ; 0.5 (0.5)            ; 0.5 (0.5)                        ; 0.0 (0.0)                                         ; 0.0 (0.0)                        ; 0.0 (0.0)            ; 1 (1)               ; 0 (0)                     ; 0 (0)         ; 0                 ; 0     ; 0          ; 0    ; 0            ; |Divider|FAdder_16bit:v7|FAdder_4bit:u4|FAdder:u2               ; FAdder       ; work         ;
;    |mux2x1_16bit:v2|         ; 7.5 (7.5)            ; 7.5 (7.5)                        ; 0.0 (0.0)                                         ; 0.0 (0.0)                        ; 0.0 (0.0)            ; 14 (14)             ; 0 (0)                     ; 0 (0)         ; 0                 ; 0     ; 0          ; 0    ; 0            ; |Divider|mux2x1_16bit:v2                                        ; mux2x1_16bit ; work         ;
;    |mux2x1_16bit:v4|         ; 9.0 (9.0)            ; 9.5 (9.5)                        ; 0.5 (0.5)                                         ; 0.0 (0.0)                        ; 0.0 (0.0)            ; 14 (14)             ; 0 (0)                     ; 0 (0)         ; 0                 ; 0     ; 0          ; 0    ; 0            ; |Divider|mux2x1_16bit:v4                                        ; mux2x1_16bit ; work         ;
;    |mux2x1_16bit:v6|         ; 9.5 (9.5)            ; 9.5 (9.5)                        ; 0.0 (0.0)                                         ; 0.0 (0.0)                        ; 0.0 (0.0)            ; 15 (15)             ; 0 (0)                     ; 0 (0)         ; 0                 ; 0     ; 0          ; 0    ; 0            ; |Divider|mux2x1_16bit:v6                                        ; mux2x1_16bit ; work         ;
;    |mux2x1_16bit:v8|         ; 10.0 (10.0)          ; 10.0 (10.0)                      ; 0.0 (0.0)                                         ; 0.0 (0.0)                        ; 0.0 (0.0)            ; 15 (15)             ; 0 (0)                     ; 0 (0)         ; 0                 ; 0     ; 0          ; 0    ; 0            ; |Divider|mux2x1_16bit:v8                                        ; mux2x1_16bit ; work         ;
;    |pu4s:u1|                 ; 73.0 (0.0)           ; 73.0 (0.0)                       ; 0.0 (0.0)                                         ; 0.0 (0.0)                        ; 0.0 (0.0)            ; 111 (0)             ; 0 (0)                     ; 0 (0)         ; 0                 ; 0     ; 0          ; 0    ; 0            ; |Divider|pu4s:u1                                                ; pu4s         ; work         ;
;       |pu:u1|                ; 9.5 (0.0)            ; 9.5 (0.0)                        ; 0.0 (0.0)                                         ; 0.0 (0.0)                        ; 0.0 (0.0)            ; 16 (0)              ; 0 (0)                     ; 0 (0)         ; 0                 ; 0     ; 0          ; 0    ; 0            ; |Divider|pu4s:u1|pu:u1                                          ; pu           ; work         ;
;          |FAdder_16bit:u1|   ; 7.0 (0.0)            ; 7.0 (0.0)                        ; 0.0 (0.0)                                         ; 0.0 (0.0)                        ; 0.0 (0.0)            ; 10 (0)              ; 0 (0)                     ; 0 (0)         ; 0                 ; 0     ; 0          ; 0    ; 0            ; |Divider|pu4s:u1|pu:u1|FAdder_16bit:u1                          ; FAdder_16bit ; work         ;
;             |FAdder_4bit:u1| ; 1.5 (0.0)            ; 1.5 (0.0)                        ; 0.0 (0.0)                                         ; 0.0 (0.0)                        ; 0.0 (0.0)            ; 2 (0)               ; 0 (0)                     ; 0 (0)         ; 0                 ; 0     ; 0          ; 0    ; 0            ; |Divider|pu4s:u1|pu:u1|FAdder_16bit:u1|FAdder_4bit:u1           ; FAdder_4bit  ; work         ;
;                |FAdder:u1|   ; 1.0 (1.0)            ; 1.0 (1.0)                        ; 0.0 (0.0)                                         ; 0.0 (0.0)                        ; 0.0 (0.0)            ; 1 (1)               ; 0 (0)                     ; 0 (0)         ; 0                 ; 0     ; 0          ; 0    ; 0            ; |Divider|pu4s:u1|pu:u1|FAdder_16bit:u1|FAdder_4bit:u1|FAdder:u1 ; FAdder       ; work         ;
;                |FAdder:u3|   ; 0.5 (0.5)            ; 0.5 (0.5)                        ; 0.0 (0.0)                                         ; 0.0 (0.0)                        ; 0.0 (0.0)            ; 1 (1)               ; 0 (0)                     ; 0 (0)         ; 0                 ; 0     ; 0          ; 0    ; 0            ; |Divider|pu4s:u1|pu:u1|FAdder_16bit:u1|FAdder_4bit:u1|FAdder:u3 ; FAdder       ; work         ;
;             |FAdder_4bit:u2| ; 1.5 (0.0)            ; 1.5 (0.0)                        ; 0.0 (0.0)                                         ; 0.0 (0.0)                        ; 0.0 (0.0)            ; 2 (0)               ; 0 (0)                     ; 0 (0)         ; 0                 ; 0     ; 0          ; 0    ; 0            ; |Divider|pu4s:u1|pu:u1|FAdder_16bit:u1|FAdder_4bit:u2           ; FAdder_4bit  ; work         ;
;                |FAdder:u2|   ; 1.0 (1.0)            ; 1.0 (1.0)                        ; 0.0 (0.0)                                         ; 0.0 (0.0)                        ; 0.0 (0.0)            ; 1 (1)               ; 0 (0)                     ; 0 (0)         ; 0                 ; 0     ; 0          ; 0    ; 0            ; |Divider|pu4s:u1|pu:u1|FAdder_16bit:u1|FAdder_4bit:u2|FAdder:u2 ; FAdder       ; work         ;
;                |FAdder:u3|   ; 0.5 (0.5)            ; 0.5 (0.5)                        ; 0.0 (0.0)                                         ; 0.0 (0.0)                        ; 0.0 (0.0)            ; 1 (1)               ; 0 (0)                     ; 0 (0)         ; 0                 ; 0     ; 0          ; 0    ; 0            ; |Divider|pu4s:u1|pu:u1|FAdder_16bit:u1|FAdder_4bit:u2|FAdder:u3 ; FAdder       ; work         ;
;             |FAdder_4bit:u3| ; 1.5 (0.0)            ; 1.5 (0.0)                        ; 0.0 (0.0)                                         ; 0.0 (0.0)                        ; 0.0 (0.0)            ; 3 (0)               ; 0 (0)                     ; 0 (0)         ; 0                 ; 0     ; 0          ; 0    ; 0            ; |Divider|pu4s:u1|pu:u1|FAdder_16bit:u1|FAdder_4bit:u3           ; FAdder_4bit  ; work         ;
;                |FAdder:u1|   ; 0.5 (0.5)            ; 0.5 (0.5)                        ; 0.0 (0.0)                                         ; 0.0 (0.0)                        ; 0.0 (0.0)            ; 2 (2)               ; 0 (0)                     ; 0 (0)         ; 0                 ; 0     ; 0          ; 0    ; 0            ; |Divider|pu4s:u1|pu:u1|FAdder_16bit:u1|FAdder_4bit:u3|FAdder:u1 ; FAdder       ; work         ;
;                |FAdder:u2|   ; 1.0 (1.0)            ; 1.0 (1.0)                        ; 0.0 (0.0)                                         ; 0.0 (0.0)                        ; 0.0 (0.0)            ; 1 (1)               ; 0 (0)                     ; 0 (0)         ; 0                 ; 0     ; 0          ; 0    ; 0            ; |Divider|pu4s:u1|pu:u1|FAdder_16bit:u1|FAdder_4bit:u3|FAdder:u2 ; FAdder       ; work         ;
;             |FAdder_4bit:u4| ; 2.5 (0.0)            ; 2.5 (0.0)                        ; 0.0 (0.0)                                         ; 0.0 (0.0)                        ; 0.0 (0.0)            ; 3 (0)               ; 0 (0)                     ; 0 (0)         ; 0                 ; 0     ; 0          ; 0    ; 0            ; |Divider|pu4s:u1|pu:u1|FAdder_16bit:u1|FAdder_4bit:u4           ; FAdder_4bit  ; work         ;
;                |FAdder:u4|   ; 2.5 (2.5)            ; 2.5 (2.5)                        ; 0.0 (0.0)                                         ; 0.0 (0.0)                        ; 0.0 (0.0)            ; 3 (3)               ; 0 (0)                     ; 0 (0)         ; 0                 ; 0     ; 0          ; 0    ; 0            ; |Divider|pu4s:u1|pu:u1|FAdder_16bit:u1|FAdder_4bit:u4|FAdder:u4 ; FAdder       ; work         ;
;          |mux2x1_16bit:u2|   ; 2.5 (2.5)            ; 2.5 (2.5)                        ; 0.0 (0.0)                                         ; 0.0 (0.0)                        ; 0.0 (0.0)            ; 6 (6)               ; 0 (0)                     ; 0 (0)         ; 0                 ; 0     ; 0          ; 0    ; 0            ; |Divider|pu4s:u1|pu:u1|mux2x1_16bit:u2                          ; mux2x1_16bit ; work         ;
;       |pu:u2|                ; 19.0 (0.0)           ; 19.0 (0.0)                       ; 0.0 (0.0)                                         ; 0.0 (0.0)                        ; 0.0 (0.0)            ; 28 (0)              ; 0 (0)                     ; 0 (0)         ; 0                 ; 0     ; 0          ; 0    ; 0            ; |Divider|pu4s:u1|pu:u2                                          ; pu           ; work         ;
;          |FAdder_16bit:u1|   ; 11.5 (0.0)           ; 11.5 (0.0)                       ; 0.0 (0.0)                                         ; 0.0 (0.0)                        ; 0.0 (0.0)            ; 18 (0)              ; 0 (0)                     ; 0 (0)         ; 0                 ; 0     ; 0          ; 0    ; 0            ; |Divider|pu4s:u1|pu:u2|FAdder_16bit:u1                          ; FAdder_16bit ; work         ;
;             |FAdder_4bit:u1| ; 2.5 (0.0)            ; 2.5 (0.0)                        ; 0.0 (0.0)                                         ; 0.0 (0.0)                        ; 0.0 (0.0)            ; 4 (0)               ; 0 (0)                     ; 0 (0)         ; 0                 ; 0     ; 0          ; 0    ; 0            ; |Divider|pu4s:u1|pu:u2|FAdder_16bit:u1|FAdder_4bit:u1           ; FAdder_4bit  ; work         ;
;                |FAdder:u2|   ; 0.5 (0.5)            ; 0.5 (0.5)                        ; 0.0 (0.0)                                         ; 0.0 (0.0)                        ; 0.0 (0.0)            ; 1 (1)               ; 0 (0)                     ; 0 (0)         ; 0                 ; 0     ; 0          ; 0    ; 0            ; |Divider|pu4s:u1|pu:u2|FAdder_16bit:u1|FAdder_4bit:u1|FAdder:u2 ; FAdder       ; work         ;
;                |FAdder:u3|   ; 2.0 (2.0)            ; 2.0 (2.0)                        ; 0.0 (0.0)                                         ; 0.0 (0.0)                        ; 0.0 (0.0)            ; 2 (2)               ; 0 (0)                     ; 0 (0)         ; 0                 ; 0     ; 0          ; 0    ; 0            ; |Divider|pu4s:u1|pu:u2|FAdder_16bit:u1|FAdder_4bit:u1|FAdder:u3 ; FAdder       ; work         ;
;                |FAdder:u4|   ; 0.0 (0.0)            ; 0.0 (0.0)                        ; 0.0 (0.0)                                         ; 0.0 (0.0)                        ; 0.0 (0.0)            ; 1 (1)               ; 0 (0)                     ; 0 (0)         ; 0                 ; 0     ; 0          ; 0    ; 0            ; |Divider|pu4s:u1|pu:u2|FAdder_16bit:u1|FAdder_4bit:u1|FAdder:u4 ; FAdder       ; work         ;
;             |FAdder_4bit:u2| ; 6.0 (0.0)            ; 6.0 (0.0)                        ; 0.0 (0.0)                                         ; 0.0 (0.0)                        ; 0.0 (0.0)            ; 8 (0)               ; 0 (0)                     ; 0 (0)         ; 0                 ; 0     ; 0          ; 0    ; 0            ; |Divider|pu4s:u1|pu:u2|FAdder_16bit:u1|FAdder_4bit:u2           ; FAdder_4bit  ; work         ;
;                |FAdder:u1|   ; 0.5 (0.5)            ; 0.5 (0.5)                        ; 0.0 (0.0)                                         ; 0.0 (0.0)                        ; 0.0 (0.0)            ; 1 (1)               ; 0 (0)                     ; 0 (0)         ; 0                 ; 0     ; 0          ; 0    ; 0            ; |Divider|pu4s:u1|pu:u2|FAdder_16bit:u1|FAdder_4bit:u2|FAdder:u1 ; FAdder       ; work         ;
;                |FAdder:u2|   ; 3.5 (3.5)            ; 3.5 (3.5)                        ; 0.0 (0.0)                                         ; 0.0 (0.0)                        ; 0.0 (0.0)            ; 4 (4)               ; 0 (0)                     ; 0 (0)         ; 0                 ; 0     ; 0          ; 0    ; 0            ; |Divider|pu4s:u1|pu:u2|FAdder_16bit:u1|FAdder_4bit:u2|FAdder:u2 ; FAdder       ; work         ;
;                |FAdder:u3|   ; 0.0 (0.0)            ; 0.0 (0.0)                        ; 0.0 (0.0)                                         ; 0.0 (0.0)                        ; 0.0 (0.0)            ; 1 (1)               ; 0 (0)                     ; 0 (0)         ; 0                 ; 0     ; 0          ; 0    ; 0            ; |Divider|pu4s:u1|pu:u2|FAdder_16bit:u1|FAdder_4bit:u2|FAdder:u3 ; FAdder       ; work         ;
;                |FAdder:u4|   ; 2.0 (2.0)            ; 2.0 (2.0)                        ; 0.0 (0.0)                                         ; 0.0 (0.0)                        ; 0.0 (0.0)            ; 2 (2)               ; 0 (0)                     ; 0 (0)         ; 0                 ; 0     ; 0          ; 0    ; 0            ; |Divider|pu4s:u1|pu:u2|FAdder_16bit:u1|FAdder_4bit:u2|FAdder:u4 ; FAdder       ; work         ;
;             |FAdder_4bit:u3| ; 0.0 (0.0)            ; 0.0 (0.0)                        ; 0.0 (0.0)                                         ; 0.0 (0.0)                        ; 0.0 (0.0)            ; 2 (0)               ; 0 (0)                     ; 0 (0)         ; 0                 ; 0     ; 0          ; 0    ; 0            ; |Divider|pu4s:u1|pu:u2|FAdder_16bit:u1|FAdder_4bit:u3           ; FAdder_4bit  ; work         ;
;                |FAdder:u1|   ; 0.0 (0.0)            ; 0.0 (0.0)                        ; 0.0 (0.0)                                         ; 0.0 (0.0)                        ; 0.0 (0.0)            ; 1 (1)               ; 0 (0)                     ; 0 (0)         ; 0                 ; 0     ; 0          ; 0    ; 0            ; |Divider|pu4s:u1|pu:u2|FAdder_16bit:u1|FAdder_4bit:u3|FAdder:u1 ; FAdder       ; work         ;
;                |FAdder:u3|   ; 0.0 (0.0)            ; 0.0 (0.0)                        ; 0.0 (0.0)                                         ; 0.0 (0.0)                        ; 0.0 (0.0)            ; 1 (1)               ; 0 (0)                     ; 0 (0)         ; 0                 ; 0     ; 0          ; 0    ; 0            ; |Divider|pu4s:u1|pu:u2|FAdder_16bit:u1|FAdder_4bit:u3|FAdder:u3 ; FAdder       ; work         ;
;             |FAdder_4bit:u4| ; 3.0 (0.0)            ; 3.0 (0.0)                        ; 0.0 (0.0)                                         ; 0.0 (0.0)                        ; 0.0 (0.0)            ; 4 (0)               ; 0 (0)                     ; 0 (0)         ; 0                 ; 0     ; 0          ; 0    ; 0            ; |Divider|pu4s:u1|pu:u2|FAdder_16bit:u1|FAdder_4bit:u4           ; FAdder_4bit  ; work         ;
;                |FAdder:u4|   ; 3.0 (3.0)            ; 3.0 (3.0)                        ; 0.0 (0.0)                                         ; 0.0 (0.0)                        ; 0.0 (0.0)            ; 4 (4)               ; 0 (0)                     ; 0 (0)         ; 0                 ; 0     ; 0          ; 0    ; 0            ; |Divider|pu4s:u1|pu:u2|FAdder_16bit:u1|FAdder_4bit:u4|FAdder:u4 ; FAdder       ; work         ;
;          |mux2x1_16bit:u2|   ; 7.5 (7.5)            ; 7.5 (7.5)                        ; 0.0 (0.0)                                         ; 0.0 (0.0)                        ; 0.0 (0.0)            ; 10 (10)             ; 0 (0)                     ; 0 (0)         ; 0                 ; 0     ; 0          ; 0    ; 0            ; |Divider|pu4s:u1|pu:u2|mux2x1_16bit:u2                          ; mux2x1_16bit ; work         ;
;       |pu:u3|                ; 25.0 (0.0)           ; 25.0 (0.0)                       ; 0.0 (0.0)                                         ; 0.0 (0.0)                        ; 0.0 (0.0)            ; 37 (0)              ; 0 (0)                     ; 0 (0)         ; 0                 ; 0     ; 0          ; 0    ; 0            ; |Divider|pu4s:u1|pu:u3                                          ; pu           ; work         ;
;          |FAdder_16bit:u1|   ; 17.0 (0.0)           ; 17.0 (0.0)                       ; 0.0 (0.0)                                         ; 0.0 (0.0)                        ; 0.0 (0.0)            ; 24 (0)              ; 0 (0)                     ; 0 (0)         ; 0                 ; 0     ; 0          ; 0    ; 0            ; |Divider|pu4s:u1|pu:u3|FAdder_16bit:u1                          ; FAdder_16bit ; work         ;
;             |FAdder_4bit:u1| ; 2.0 (0.0)            ; 2.0 (0.0)                        ; 0.0 (0.0)                                         ; 0.0 (0.0)                        ; 0.0 (0.0)            ; 3 (0)               ; 0 (0)                     ; 0 (0)         ; 0                 ; 0     ; 0          ; 0    ; 0            ; |Divider|pu4s:u1|pu:u3|FAdder_16bit:u1|FAdder_4bit:u1           ; FAdder_4bit  ; work         ;
;                |FAdder:u2|   ; 0.5 (0.5)            ; 0.5 (0.5)                        ; 0.0 (0.0)                                         ; 0.0 (0.0)                        ; 0.0 (0.0)            ; 1 (1)               ; 0 (0)                     ; 0 (0)         ; 0                 ; 0     ; 0          ; 0    ; 0            ; |Divider|pu4s:u1|pu:u3|FAdder_16bit:u1|FAdder_4bit:u1|FAdder:u2 ; FAdder       ; work         ;
;                |FAdder:u3|   ; 1.0 (1.0)            ; 1.0 (1.0)                        ; 0.0 (0.0)                                         ; 0.0 (0.0)                        ; 0.0 (0.0)            ; 1 (1)               ; 0 (0)                     ; 0 (0)         ; 0                 ; 0     ; 0          ; 0    ; 0            ; |Divider|pu4s:u1|pu:u3|FAdder_16bit:u1|FAdder_4bit:u1|FAdder:u3 ; FAdder       ; work         ;
;                |FAdder:u4|   ; 0.5 (0.5)            ; 0.5 (0.5)                        ; 0.0 (0.0)                                         ; 0.0 (0.0)                        ; 0.0 (0.0)            ; 1 (1)               ; 0 (0)                     ; 0 (0)         ; 0                 ; 0     ; 0          ; 0    ; 0            ; |Divider|pu4s:u1|pu:u3|FAdder_16bit:u1|FAdder_4bit:u1|FAdder:u4 ; FAdder       ; work         ;
;             |FAdder_4bit:u2| ; 7.5 (0.0)            ; 7.5 (0.0)                        ; 0.0 (0.0)                                         ; 0.0 (0.0)                        ; 0.0 (0.0)            ; 12 (0)              ; 0 (0)                     ; 0 (0)         ; 0                 ; 0     ; 0          ; 0    ; 0            ; |Divider|pu4s:u1|pu:u3|FAdder_16bit:u1|FAdder_4bit:u2           ; FAdder_4bit  ; work         ;
;                |FAdder:u1|   ; 2.5 (2.5)            ; 2.5 (2.5)                        ; 0.0 (0.0)                                         ; 0.0 (0.0)                        ; 0.0 (0.0)            ; 4 (4)               ; 0 (0)                     ; 0 (0)         ; 0                 ; 0     ; 0          ; 0    ; 0            ; |Divider|pu4s:u1|pu:u3|FAdder_16bit:u1|FAdder_4bit:u2|FAdder:u1 ; FAdder       ; work         ;
;                |FAdder:u2|   ; 2.0 (2.0)            ; 2.0 (2.0)                        ; 0.0 (0.0)                                         ; 0.0 (0.0)                        ; 0.0 (0.0)            ; 3 (3)               ; 0 (0)                     ; 0 (0)         ; 0                 ; 0     ; 0          ; 0    ; 0            ; |Divider|pu4s:u1|pu:u3|FAdder_16bit:u1|FAdder_4bit:u2|FAdder:u2 ; FAdder       ; work         ;
;                |FAdder:u3|   ; 2.0 (2.0)            ; 2.0 (2.0)                        ; 0.0 (0.0)                                         ; 0.0 (0.0)                        ; 0.0 (0.0)            ; 4 (4)               ; 0 (0)                     ; 0 (0)         ; 0                 ; 0     ; 0          ; 0    ; 0            ; |Divider|pu4s:u1|pu:u3|FAdder_16bit:u1|FAdder_4bit:u2|FAdder:u3 ; FAdder       ; work         ;
;                |FAdder:u4|   ; 1.0 (1.0)            ; 1.0 (1.0)                        ; 0.0 (0.0)                                         ; 0.0 (0.0)                        ; 0.0 (0.0)            ; 1 (1)               ; 0 (0)                     ; 0 (0)         ; 0                 ; 0     ; 0          ; 0    ; 0            ; |Divider|pu4s:u1|pu:u3|FAdder_16bit:u1|FAdder_4bit:u2|FAdder:u4 ; FAdder       ; work         ;
;             |FAdder_4bit:u3| ; 5.0 (0.0)            ; 5.0 (0.0)                        ; 0.0 (0.0)                                         ; 0.0 (0.0)                        ; 0.0 (0.0)            ; 6 (0)               ; 0 (0)                     ; 0 (0)         ; 0                 ; 0     ; 0          ; 0    ; 0            ; |Divider|pu4s:u1|pu:u3|FAdder_16bit:u1|FAdder_4bit:u3           ; FAdder_4bit  ; work         ;
;                |FAdder:u1|   ; 0.5 (0.5)            ; 0.5 (0.5)                        ; 0.0 (0.0)                                         ; 0.0 (0.0)                        ; 0.0 (0.0)            ; 1 (1)               ; 0 (0)                     ; 0 (0)         ; 0                 ; 0     ; 0          ; 0    ; 0            ; |Divider|pu4s:u1|pu:u3|FAdder_16bit:u1|FAdder_4bit:u3|FAdder:u1 ; FAdder       ; work         ;
;                |FAdder:u2|   ; 1.0 (1.0)            ; 1.0 (1.0)                        ; 0.0 (0.0)                                         ; 0.0 (0.0)                        ; 0.0 (0.0)            ; 1 (1)               ; 0 (0)                     ; 0 (0)         ; 0                 ; 0     ; 0          ; 0    ; 0            ; |Divider|pu4s:u1|pu:u3|FAdder_16bit:u1|FAdder_4bit:u3|FAdder:u2 ; FAdder       ; work         ;
;                |FAdder:u3|   ; 3.5 (3.5)            ; 3.5 (3.5)                        ; 0.0 (0.0)                                         ; 0.0 (0.0)                        ; 0.0 (0.0)            ; 4 (4)               ; 0 (0)                     ; 0 (0)         ; 0                 ; 0     ; 0          ; 0    ; 0            ; |Divider|pu4s:u1|pu:u3|FAdder_16bit:u1|FAdder_4bit:u3|FAdder:u3 ; FAdder       ; work         ;
;             |FAdder_4bit:u4| ; 2.5 (0.0)            ; 2.5 (0.0)                        ; 0.0 (0.0)                                         ; 0.0 (0.0)                        ; 0.0 (0.0)            ; 3 (0)               ; 0 (0)                     ; 0 (0)         ; 0                 ; 0     ; 0          ; 0    ; 0            ; |Divider|pu4s:u1|pu:u3|FAdder_16bit:u1|FAdder_4bit:u4           ; FAdder_4bit  ; work         ;
;                |FAdder:u1|   ; 1.0 (1.0)            ; 1.0 (1.0)                        ; 0.0 (0.0)                                         ; 0.0 (0.0)                        ; 0.0 (0.0)            ; 1 (1)               ; 0 (0)                     ; 0 (0)         ; 0                 ; 0     ; 0          ; 0    ; 0            ; |Divider|pu4s:u1|pu:u3|FAdder_16bit:u1|FAdder_4bit:u4|FAdder:u1 ; FAdder       ; work         ;
;                |FAdder:u4|   ; 1.5 (1.5)            ; 1.5 (1.5)                        ; 0.0 (0.0)                                         ; 0.0 (0.0)                        ; 0.0 (0.0)            ; 2 (2)               ; 0 (0)                     ; 0 (0)         ; 0                 ; 0     ; 0          ; 0    ; 0            ; |Divider|pu4s:u1|pu:u3|FAdder_16bit:u1|FAdder_4bit:u4|FAdder:u4 ; FAdder       ; work         ;
;          |mux2x1_16bit:u2|   ; 8.0 (8.0)            ; 8.0 (8.0)                        ; 0.0 (0.0)                                         ; 0.0 (0.0)                        ; 0.0 (0.0)            ; 13 (13)             ; 0 (0)                     ; 0 (0)         ; 0                 ; 0     ; 0          ; 0    ; 0            ; |Divider|pu4s:u1|pu:u3|mux2x1_16bit:u2                          ; mux2x1_16bit ; work         ;
;       |pu:u4|                ; 19.0 (0.0)           ; 19.5 (0.0)                       ; 0.5 (0.0)                                         ; 0.0 (0.0)                        ; 0.0 (0.0)            ; 30 (0)              ; 0 (0)                     ; 0 (0)         ; 0                 ; 0     ; 0          ; 0    ; 0            ; |Divider|pu4s:u1|pu:u4                                          ; pu           ; work         ;
;          |FAdder_16bit:u1|   ; 13.0 (0.0)           ; 13.0 (0.0)                       ; 0.0 (0.0)                                         ; 0.0 (0.0)                        ; 0.0 (0.0)            ; 18 (0)              ; 0 (0)                     ; 0 (0)         ; 0                 ; 0     ; 0          ; 0    ; 0            ; |Divider|pu4s:u1|pu:u4|FAdder_16bit:u1                          ; FAdder_16bit ; work         ;
;             |FAdder_4bit:u1| ; 2.0 (0.0)            ; 2.0 (0.0)                        ; 0.0 (0.0)                                         ; 0.0 (0.0)                        ; 0.0 (0.0)            ; 3 (0)               ; 0 (0)                     ; 0 (0)         ; 0                 ; 0     ; 0          ; 0    ; 0            ; |Divider|pu4s:u1|pu:u4|FAdder_16bit:u1|FAdder_4bit:u1           ; FAdder_4bit  ; work         ;
;                |FAdder:u2|   ; 1.0 (1.0)            ; 1.0 (1.0)                        ; 0.0 (0.0)                                         ; 0.0 (0.0)                        ; 0.0 (0.0)            ; 1 (1)               ; 0 (0)                     ; 0 (0)         ; 0                 ; 0     ; 0          ; 0    ; 0            ; |Divider|pu4s:u1|pu:u4|FAdder_16bit:u1|FAdder_4bit:u1|FAdder:u2 ; FAdder       ; work         ;
;                |FAdder:u4|   ; 1.0 (1.0)            ; 1.0 (1.0)                        ; 0.0 (0.0)                                         ; 0.0 (0.0)                        ; 0.0 (0.0)            ; 2 (2)               ; 0 (0)                     ; 0 (0)         ; 0                 ; 0     ; 0          ; 0    ; 0            ; |Divider|pu4s:u1|pu:u4|FAdder_16bit:u1|FAdder_4bit:u1|FAdder:u4 ; FAdder       ; work         ;
;             |FAdder_4bit:u2| ; 4.0 (0.0)            ; 4.0 (0.0)                        ; 0.0 (0.0)                                         ; 0.0 (0.0)                        ; 0.0 (0.0)            ; 6 (0)               ; 0 (0)                     ; 0 (0)         ; 0                 ; 0     ; 0          ; 0    ; 0            ; |Divider|pu4s:u1|pu:u4|FAdder_16bit:u1|FAdder_4bit:u2           ; FAdder_4bit  ; work         ;
;                |FAdder:u1|   ; 2.0 (2.0)            ; 2.0 (2.0)                        ; 0.0 (0.0)                                         ; 0.0 (0.0)                        ; 0.0 (0.0)            ; 3 (3)               ; 0 (0)                     ; 0 (0)         ; 0                 ; 0     ; 0          ; 0    ; 0            ; |Divider|pu4s:u1|pu:u4|FAdder_16bit:u1|FAdder_4bit:u2|FAdder:u1 ; FAdder       ; work         ;
;                |FAdder:u2|   ; 0.5 (0.5)            ; 0.5 (0.5)                        ; 0.0 (0.0)                                         ; 0.0 (0.0)                        ; 0.0 (0.0)            ; 1 (1)               ; 0 (0)                     ; 0 (0)         ; 0                 ; 0     ; 0          ; 0    ; 0            ; |Divider|pu4s:u1|pu:u4|FAdder_16bit:u1|FAdder_4bit:u2|FAdder:u2 ; FAdder       ; work         ;
;                |FAdder:u3|   ; 1.0 (1.0)            ; 1.0 (1.0)                        ; 0.0 (0.0)                                         ; 0.0 (0.0)                        ; 0.0 (0.0)            ; 1 (1)               ; 0 (0)                     ; 0 (0)         ; 0                 ; 0     ; 0          ; 0    ; 0            ; |Divider|pu4s:u1|pu:u4|FAdder_16bit:u1|FAdder_4bit:u2|FAdder:u3 ; FAdder       ; work         ;
;                |FAdder:u4|   ; 0.5 (0.5)            ; 0.5 (0.5)                        ; 0.0 (0.0)                                         ; 0.0 (0.0)                        ; 0.0 (0.0)            ; 1 (1)               ; 0 (0)                     ; 0 (0)         ; 0                 ; 0     ; 0          ; 0    ; 0            ; |Divider|pu4s:u1|pu:u4|FAdder_16bit:u1|FAdder_4bit:u2|FAdder:u4 ; FAdder       ; work         ;
;             |FAdder_4bit:u3| ; 5.0 (0.0)            ; 5.0 (0.0)                        ; 0.0 (0.0)                                         ; 0.0 (0.0)                        ; 0.0 (0.0)            ; 6 (0)               ; 0 (0)                     ; 0 (0)         ; 0                 ; 0     ; 0          ; 0    ; 0            ; |Divider|pu4s:u1|pu:u4|FAdder_16bit:u1|FAdder_4bit:u3           ; FAdder_4bit  ; work         ;
;                |FAdder:u1|   ; 0.5 (0.5)            ; 0.5 (0.5)                        ; 0.0 (0.0)                                         ; 0.0 (0.0)                        ; 0.0 (0.0)            ; 1 (1)               ; 0 (0)                     ; 0 (0)         ; 0                 ; 0     ; 0          ; 0    ; 0            ; |Divider|pu4s:u1|pu:u4|FAdder_16bit:u1|FAdder_4bit:u3|FAdder:u1 ; FAdder       ; work         ;
;                |FAdder:u2|   ; 3.0 (3.0)            ; 3.0 (3.0)                        ; 0.0 (0.0)                                         ; 0.0 (0.0)                        ; 0.0 (0.0)            ; 3 (3)               ; 0 (0)                     ; 0 (0)         ; 0                 ; 0     ; 0          ; 0    ; 0            ; |Divider|pu4s:u1|pu:u4|FAdder_16bit:u1|FAdder_4bit:u3|FAdder:u2 ; FAdder       ; work         ;
;                |FAdder:u3|   ; 0.5 (0.5)            ; 0.5 (0.5)                        ; 0.0 (0.0)                                         ; 0.0 (0.0)                        ; 0.0 (0.0)            ; 1 (1)               ; 0 (0)                     ; 0 (0)         ; 0                 ; 0     ; 0          ; 0    ; 0            ; |Divider|pu4s:u1|pu:u4|FAdder_16bit:u1|FAdder_4bit:u3|FAdder:u3 ; FAdder       ; work         ;
;                |FAdder:u4|   ; 1.0 (1.0)            ; 1.0 (1.0)                        ; 0.0 (0.0)                                         ; 0.0 (0.0)                        ; 0.0 (0.0)            ; 1 (1)               ; 0 (0)                     ; 0 (0)         ; 0                 ; 0     ; 0          ; 0    ; 0            ; |Divider|pu4s:u1|pu:u4|FAdder_16bit:u1|FAdder_4bit:u3|FAdder:u4 ; FAdder       ; work         ;
;             |FAdder_4bit:u4| ; 2.0 (0.0)            ; 2.0 (0.0)                        ; 0.0 (0.0)                                         ; 0.0 (0.0)                        ; 0.0 (0.0)            ; 3 (0)               ; 0 (0)                     ; 0 (0)         ; 0                 ; 0     ; 0          ; 0    ; 0            ; |Divider|pu4s:u1|pu:u4|FAdder_16bit:u1|FAdder_4bit:u4           ; FAdder_4bit  ; work         ;
;                |FAdder:u1|   ; 0.5 (0.5)            ; 0.5 (0.5)                        ; 0.0 (0.0)                                         ; 0.0 (0.0)                        ; 0.0 (0.0)            ; 1 (1)               ; 0 (0)                     ; 0 (0)         ; 0                 ; 0     ; 0          ; 0    ; 0            ; |Divider|pu4s:u1|pu:u4|FAdder_16bit:u1|FAdder_4bit:u4|FAdder:u1 ; FAdder       ; work         ;
;                |FAdder:u4|   ; 1.5 (1.5)            ; 1.5 (1.5)                        ; 0.0 (0.0)                                         ; 0.0 (0.0)                        ; 0.0 (0.0)            ; 2 (2)               ; 0 (0)                     ; 0 (0)         ; 0                 ; 0     ; 0          ; 0    ; 0            ; |Divider|pu4s:u1|pu:u4|FAdder_16bit:u1|FAdder_4bit:u4|FAdder:u4 ; FAdder       ; work         ;
;          |mux2x1_16bit:u2|   ; 6.0 (6.0)            ; 6.5 (6.5)                        ; 0.5 (0.5)                                         ; 0.0 (0.0)                        ; 0.0 (0.0)            ; 12 (12)             ; 0 (0)                     ; 0 (0)         ; 0                 ; 0     ; 0          ; 0    ; 0            ; |Divider|pu4s:u1|pu:u4|mux2x1_16bit:u2                          ; mux2x1_16bit ; work         ;
;    |pu4s:u2|                 ; 90.0 (0.0)           ; 90.0 (0.0)                       ; 0.0 (0.0)                                         ; 0.0 (0.0)                        ; 0.0 (0.0)            ; 144 (0)             ; 0 (0)                     ; 0 (0)         ; 0                 ; 0     ; 0          ; 0    ; 0            ; |Divider|pu4s:u2                                                ; pu4s         ; work         ;
;       |pu:u1|                ; 23.0 (0.0)           ; 23.0 (0.0)                       ; 0.0 (0.0)                                         ; 0.0 (0.0)                        ; 0.0 (0.0)            ; 36 (0)              ; 0 (0)                     ; 0 (0)         ; 0                 ; 0     ; 0          ; 0    ; 0            ; |Divider|pu4s:u2|pu:u1                                          ; pu           ; work         ;
;          |FAdder_16bit:u1|   ; 12.0 (0.0)           ; 12.0 (0.0)                       ; 0.0 (0.0)                                         ; 0.0 (0.0)                        ; 0.0 (0.0)            ; 21 (0)              ; 0 (0)                     ; 0 (0)         ; 0                 ; 0     ; 0          ; 0    ; 0            ; |Divider|pu4s:u2|pu:u1|FAdder_16bit:u1                          ; FAdder_16bit ; work         ;
;             |FAdder_4bit:u1| ; 2.0 (0.0)            ; 2.0 (0.0)                        ; 0.0 (0.0)                                         ; 0.0 (0.0)                        ; 0.0 (0.0)            ; 3 (0)               ; 0 (0)                     ; 0 (0)         ; 0                 ; 0     ; 0          ; 0    ; 0            ; |Divider|pu4s:u2|pu:u1|FAdder_16bit:u1|FAdder_4bit:u1           ; FAdder_4bit  ; work         ;
;                |FAdder:u2|   ; 0.5 (0.5)            ; 0.5 (0.5)                        ; 0.0 (0.0)                                         ; 0.0 (0.0)                        ; 0.0 (0.0)            ; 1 (1)               ; 0 (0)                     ; 0 (0)         ; 0                 ; 0     ; 0          ; 0    ; 0            ; |Divider|pu4s:u2|pu:u1|FAdder_16bit:u1|FAdder_4bit:u1|FAdder:u2 ; FAdder       ; work         ;
;                |FAdder:u4|   ; 1.5 (1.5)            ; 1.5 (1.5)                        ; 0.0 (0.0)                                         ; 0.0 (0.0)                        ; 0.0 (0.0)            ; 2 (2)               ; 0 (0)                     ; 0 (0)         ; 0                 ; 0     ; 0          ; 0    ; 0            ; |Divider|pu4s:u2|pu:u1|FAdder_16bit:u1|FAdder_4bit:u1|FAdder:u4 ; FAdder       ; work         ;
;             |FAdder_4bit:u2| ; 3.5 (0.0)            ; 3.5 (0.0)                        ; 0.0 (0.0)                                         ; 0.0 (0.0)                        ; 0.0 (0.0)            ; 5 (0)               ; 0 (0)                     ; 0 (0)         ; 0                 ; 0     ; 0          ; 0    ; 0            ; |Divider|pu4s:u2|pu:u1|FAdder_16bit:u1|FAdder_4bit:u2           ; FAdder_4bit  ; work         ;
;                |FAdder:u1|   ; 2.0 (2.0)            ; 2.0 (2.0)                        ; 0.0 (0.0)                                         ; 0.0 (0.0)                        ; 0.0 (0.0)            ; 3 (3)               ; 0 (0)                     ; 0 (0)         ; 0                 ; 0     ; 0          ; 0    ; 0            ; |Divider|pu4s:u2|pu:u1|FAdder_16bit:u1|FAdder_4bit:u2|FAdder:u1 ; FAdder       ; work         ;
;                |FAdder:u2|   ; 0.5 (0.5)            ; 0.5 (0.5)                        ; 0.0 (0.0)                                         ; 0.0 (0.0)                        ; 0.0 (0.0)            ; 1 (1)               ; 0 (0)                     ; 0 (0)         ; 0                 ; 0     ; 0          ; 0    ; 0            ; |Divider|pu4s:u2|pu:u1|FAdder_16bit:u1|FAdder_4bit:u2|FAdder:u2 ; FAdder       ; work         ;
;                |FAdder:u3|   ; 1.0 (1.0)            ; 1.0 (1.0)                        ; 0.0 (0.0)                                         ; 0.0 (0.0)                        ; 0.0 (0.0)            ; 1 (1)               ; 0 (0)                     ; 0 (0)         ; 0                 ; 0     ; 0          ; 0    ; 0            ; |Divider|pu4s:u2|pu:u1|FAdder_16bit:u1|FAdder_4bit:u2|FAdder:u3 ; FAdder       ; work         ;
;             |FAdder_4bit:u3| ; 4.0 (0.0)            ; 4.0 (0.0)                        ; 0.0 (0.0)                                         ; 0.0 (0.0)                        ; 0.0 (0.0)            ; 7 (0)               ; 0 (0)                     ; 0 (0)         ; 0                 ; 0     ; 0          ; 0    ; 0            ; |Divider|pu4s:u2|pu:u1|FAdder_16bit:u1|FAdder_4bit:u3           ; FAdder_4bit  ; work         ;
;                |FAdder:u1|   ; 1.0 (1.0)            ; 1.0 (1.0)                        ; 0.0 (0.0)                                         ; 0.0 (0.0)                        ; 0.0 (0.0)            ; 2 (2)               ; 0 (0)                     ; 0 (0)         ; 0                 ; 0     ; 0          ; 0    ; 0            ; |Divider|pu4s:u2|pu:u1|FAdder_16bit:u1|FAdder_4bit:u3|FAdder:u1 ; FAdder       ; work         ;
;                |FAdder:u2|   ; 2.0 (2.0)            ; 2.0 (2.0)                        ; 0.0 (0.0)                                         ; 0.0 (0.0)                        ; 0.0 (0.0)            ; 3 (3)               ; 0 (0)                     ; 0 (0)         ; 0                 ; 0     ; 0          ; 0    ; 0            ; |Divider|pu4s:u2|pu:u1|FAdder_16bit:u1|FAdder_4bit:u3|FAdder:u2 ; FAdder       ; work         ;
;                |FAdder:u3|   ; 0.0 (0.0)            ; 0.0 (0.0)                        ; 0.0 (0.0)                                         ; 0.0 (0.0)                        ; 0.0 (0.0)            ; 1 (1)               ; 0 (0)                     ; 0 (0)         ; 0                 ; 0     ; 0          ; 0    ; 0            ; |Divider|pu4s:u2|pu:u1|FAdder_16bit:u1|FAdder_4bit:u3|FAdder:u3 ; FAdder       ; work         ;
;                |FAdder:u4|   ; 1.0 (1.0)            ; 1.0 (1.0)                        ; 0.0 (0.0)                                         ; 0.0 (0.0)                        ; 0.0 (0.0)            ; 1 (1)               ; 0 (0)                     ; 0 (0)         ; 0                 ; 0     ; 0          ; 0    ; 0            ; |Divider|pu4s:u2|pu:u1|FAdder_16bit:u1|FAdder_4bit:u3|FAdder:u4 ; FAdder       ; work         ;
;             |FAdder_4bit:u4| ; 2.5 (0.0)            ; 2.5 (0.0)                        ; 0.0 (0.0)                                         ; 0.0 (0.0)                        ; 0.0 (0.0)            ; 6 (0)               ; 0 (0)                     ; 0 (0)         ; 0                 ; 0     ; 0          ; 0    ; 0            ; |Divider|pu4s:u2|pu:u1|FAdder_16bit:u1|FAdder_4bit:u4           ; FAdder_4bit  ; work         ;
;                |FAdder:u1|   ; 0.0 (0.0)            ; 0.0 (0.0)                        ; 0.0 (0.0)                                         ; 0.0 (0.0)                        ; 0.0 (0.0)            ; 1 (1)               ; 0 (0)                     ; 0 (0)         ; 0                 ; 0     ; 0          ; 0    ; 0            ; |Divider|pu4s:u2|pu:u1|FAdder_16bit:u1|FAdder_4bit:u4|FAdder:u1 ; FAdder       ; work         ;
;                |FAdder:u2|   ; 0.5 (0.5)            ; 0.5 (0.5)                        ; 0.0 (0.0)                                         ; 0.0 (0.0)                        ; 0.0 (0.0)            ; 1 (1)               ; 0 (0)                     ; 0 (0)         ; 0                 ; 0     ; 0          ; 0    ; 0            ; |Divider|pu4s:u2|pu:u1|FAdder_16bit:u1|FAdder_4bit:u4|FAdder:u2 ; FAdder       ; work         ;
;                |FAdder:u4|   ; 2.0 (2.0)            ; 2.0 (2.0)                        ; 0.0 (0.0)                                         ; 0.0 (0.0)                        ; 0.0 (0.0)            ; 4 (4)               ; 0 (0)                     ; 0 (0)         ; 0                 ; 0     ; 0          ; 0    ; 0            ; |Divider|pu4s:u2|pu:u1|FAdder_16bit:u1|FAdder_4bit:u4|FAdder:u4 ; FAdder       ; work         ;
;          |mux2x1_16bit:u2|   ; 11.0 (11.0)          ; 11.0 (11.0)                      ; 0.0 (0.0)                                         ; 0.0 (0.0)                        ; 0.0 (0.0)            ; 15 (15)             ; 0 (0)                     ; 0 (0)         ; 0                 ; 0     ; 0          ; 0    ; 0            ; |Divider|pu4s:u2|pu:u1|mux2x1_16bit:u2                          ; mux2x1_16bit ; work         ;
;       |pu:u2|                ; 22.5 (0.0)           ; 22.5 (0.0)                       ; 0.0 (0.0)                                         ; 0.0 (0.0)                        ; 0.0 (0.0)            ; 36 (0)              ; 0 (0)                     ; 0 (0)         ; 0                 ; 0     ; 0          ; 0    ; 0            ; |Divider|pu4s:u2|pu:u2                                          ; pu           ; work         ;
;          |FAdder_16bit:u1|   ; 13.5 (0.0)           ; 13.5 (0.0)                       ; 0.0 (0.0)                                         ; 0.0 (0.0)                        ; 0.0 (0.0)            ; 21 (0)              ; 0 (0)                     ; 0 (0)         ; 0                 ; 0     ; 0          ; 0    ; 0            ; |Divider|pu4s:u2|pu:u2|FAdder_16bit:u1                          ; FAdder_16bit ; work         ;
;             |FAdder_4bit:u1| ; 2.5 (0.0)            ; 2.5 (0.0)                        ; 0.0 (0.0)                                         ; 0.0 (0.0)                        ; 0.0 (0.0)            ; 3 (0)               ; 0 (0)                     ; 0 (0)         ; 0                 ; 0     ; 0          ; 0    ; 0            ; |Divider|pu4s:u2|pu:u2|FAdder_16bit:u1|FAdder_4bit:u1           ; FAdder_4bit  ; work         ;
;                |FAdder:u2|   ; 1.0 (1.0)            ; 1.0 (1.0)                        ; 0.0 (0.0)                                         ; 0.0 (0.0)                        ; 0.0 (0.0)            ; 1 (1)               ; 0 (0)                     ; 0 (0)         ; 0                 ; 0     ; 0          ; 0    ; 0            ; |Divider|pu4s:u2|pu:u2|FAdder_16bit:u1|FAdder_4bit:u1|FAdder:u2 ; FAdder       ; work         ;
;                |FAdder:u4|   ; 1.5 (1.5)            ; 1.5 (1.5)                        ; 0.0 (0.0)                                         ; 0.0 (0.0)                        ; 0.0 (0.0)            ; 2 (2)               ; 0 (0)                     ; 0 (0)         ; 0                 ; 0     ; 0          ; 0    ; 0            ; |Divider|pu4s:u2|pu:u2|FAdder_16bit:u1|FAdder_4bit:u1|FAdder:u4 ; FAdder       ; work         ;
;             |FAdder_4bit:u2| ; 3.5 (0.0)            ; 3.5 (0.0)                        ; 0.0 (0.0)                                         ; 0.0 (0.0)                        ; 0.0 (0.0)            ; 5 (0)               ; 0 (0)                     ; 0 (0)         ; 0                 ; 0     ; 0          ; 0    ; 0            ; |Divider|pu4s:u2|pu:u2|FAdder_16bit:u1|FAdder_4bit:u2           ; FAdder_4bit  ; work         ;
;                |FAdder:u1|   ; 2.0 (2.0)            ; 2.0 (2.0)                        ; 0.0 (0.0)                                         ; 0.0 (0.0)                        ; 0.0 (0.0)            ; 3 (3)               ; 0 (0)                     ; 0 (0)         ; 0                 ; 0     ; 0          ; 0    ; 0            ; |Divider|pu4s:u2|pu:u2|FAdder_16bit:u1|FAdder_4bit:u2|FAdder:u1 ; FAdder       ; work         ;
;                |FAdder:u2|   ; 0.5 (0.5)            ; 0.5 (0.5)                        ; 0.0 (0.0)                                         ; 0.0 (0.0)                        ; 0.0 (0.0)            ; 1 (1)               ; 0 (0)                     ; 0 (0)         ; 0                 ; 0     ; 0          ; 0    ; 0            ; |Divider|pu4s:u2|pu:u2|FAdder_16bit:u1|FAdder_4bit:u2|FAdder:u2 ; FAdder       ; work         ;
;                |FAdder:u3|   ; 1.0 (1.0)            ; 1.0 (1.0)                        ; 0.0 (0.0)                                         ; 0.0 (0.0)                        ; 0.0 (0.0)            ; 1 (1)               ; 0 (0)                     ; 0 (0)         ; 0                 ; 0     ; 0          ; 0    ; 0            ; |Divider|pu4s:u2|pu:u2|FAdder_16bit:u1|FAdder_4bit:u2|FAdder:u3 ; FAdder       ; work         ;
;             |FAdder_4bit:u3| ; 4.5 (0.0)            ; 4.5 (0.0)                        ; 0.0 (0.0)                                         ; 0.0 (0.0)                        ; 0.0 (0.0)            ; 7 (0)               ; 0 (0)                     ; 0 (0)         ; 0                 ; 0     ; 0          ; 0    ; 0            ; |Divider|pu4s:u2|pu:u2|FAdder_16bit:u1|FAdder_4bit:u3           ; FAdder_4bit  ; work         ;
;                |FAdder:u1|   ; 1.0 (1.0)            ; 1.0 (1.0)                        ; 0.0 (0.0)                                         ; 0.0 (0.0)                        ; 0.0 (0.0)            ; 2 (2)               ; 0 (0)                     ; 0 (0)         ; 0                 ; 0     ; 0          ; 0    ; 0            ; |Divider|pu4s:u2|pu:u2|FAdder_16bit:u1|FAdder_4bit:u3|FAdder:u1 ; FAdder       ; work         ;
;                |FAdder:u2|   ; 2.0 (2.0)            ; 2.0 (2.0)                        ; 0.0 (0.0)                                         ; 0.0 (0.0)                        ; 0.0 (0.0)            ; 3 (3)               ; 0 (0)                     ; 0 (0)         ; 0                 ; 0     ; 0          ; 0    ; 0            ; |Divider|pu4s:u2|pu:u2|FAdder_16bit:u1|FAdder_4bit:u3|FAdder:u2 ; FAdder       ; work         ;
;                |FAdder:u3|   ; 0.5 (0.5)            ; 0.5 (0.5)                        ; 0.0 (0.0)                                         ; 0.0 (0.0)                        ; 0.0 (0.0)            ; 1 (1)               ; 0 (0)                     ; 0 (0)         ; 0                 ; 0     ; 0          ; 0    ; 0            ; |Divider|pu4s:u2|pu:u2|FAdder_16bit:u1|FAdder_4bit:u3|FAdder:u3 ; FAdder       ; work         ;
;                |FAdder:u4|   ; 1.0 (1.0)            ; 1.0 (1.0)                        ; 0.0 (0.0)                                         ; 0.0 (0.0)                        ; 0.0 (0.0)            ; 1 (1)               ; 0 (0)                     ; 0 (0)         ; 0                 ; 0     ; 0          ; 0    ; 0            ; |Divider|pu4s:u2|pu:u2|FAdder_16bit:u1|FAdder_4bit:u3|FAdder:u4 ; FAdder       ; work         ;
;             |FAdder_4bit:u4| ; 3.0 (0.0)            ; 3.0 (0.0)                        ; 0.0 (0.0)                                         ; 0.0 (0.0)                        ; 0.0 (0.0)            ; 6 (0)               ; 0 (0)                     ; 0 (0)         ; 0                 ; 0     ; 0          ; 0    ; 0            ; |Divider|pu4s:u2|pu:u2|FAdder_16bit:u1|FAdder_4bit:u4           ; FAdder_4bit  ; work         ;
;                |FAdder:u1|   ; 0.5 (0.5)            ; 0.5 (0.5)                        ; 0.0 (0.0)                                         ; 0.0 (0.0)                        ; 0.0 (0.0)            ; 1 (1)               ; 0 (0)                     ; 0 (0)         ; 0                 ; 0     ; 0          ; 0    ; 0            ; |Divider|pu4s:u2|pu:u2|FAdder_16bit:u1|FAdder_4bit:u4|FAdder:u1 ; FAdder       ; work         ;
;                |FAdder:u2|   ; 0.5 (0.5)            ; 0.5 (0.5)                        ; 0.0 (0.0)                                         ; 0.0 (0.0)                        ; 0.0 (0.0)            ; 1 (1)               ; 0 (0)                     ; 0 (0)         ; 0                 ; 0     ; 0          ; 0    ; 0            ; |Divider|pu4s:u2|pu:u2|FAdder_16bit:u1|FAdder_4bit:u4|FAdder:u2 ; FAdder       ; work         ;
;                |FAdder:u4|   ; 2.0 (2.0)            ; 2.0 (2.0)                        ; 0.0 (0.0)                                         ; 0.0 (0.0)                        ; 0.0 (0.0)            ; 4 (4)               ; 0 (0)                     ; 0 (0)         ; 0                 ; 0     ; 0          ; 0    ; 0            ; |Divider|pu4s:u2|pu:u2|FAdder_16bit:u1|FAdder_4bit:u4|FAdder:u4 ; FAdder       ; work         ;
;          |mux2x1_16bit:u2|   ; 9.0 (9.0)            ; 9.0 (9.0)                        ; 0.0 (0.0)                                         ; 0.0 (0.0)                        ; 0.0 (0.0)            ; 15 (15)             ; 0 (0)                     ; 0 (0)         ; 0                 ; 0     ; 0          ; 0    ; 0            ; |Divider|pu4s:u2|pu:u2|mux2x1_16bit:u2                          ; mux2x1_16bit ; work         ;
;       |pu:u3|                ; 22.5 (0.0)           ; 22.5 (0.0)                       ; 0.0 (0.0)                                         ; 0.0 (0.0)                        ; 0.0 (0.0)            ; 36 (0)              ; 0 (0)                     ; 0 (0)         ; 0                 ; 0     ; 0          ; 0    ; 0            ; |Divider|pu4s:u2|pu:u3                                          ; pu           ; work         ;
;          |FAdder_16bit:u1|   ; 13.0 (0.0)           ; 13.0 (0.0)                       ; 0.0 (0.0)                                         ; 0.0 (0.0)                        ; 0.0 (0.0)            ; 21 (0)              ; 0 (0)                     ; 0 (0)         ; 0                 ; 0     ; 0          ; 0    ; 0            ; |Divider|pu4s:u2|pu:u3|FAdder_16bit:u1                          ; FAdder_16bit ; work         ;
;             |FAdder_4bit:u1| ; 2.0 (0.0)            ; 2.0 (0.0)                        ; 0.0 (0.0)                                         ; 0.0 (0.0)                        ; 0.0 (0.0)            ; 3 (0)               ; 0 (0)                     ; 0 (0)         ; 0                 ; 0     ; 0          ; 0    ; 0            ; |Divider|pu4s:u2|pu:u3|FAdder_16bit:u1|FAdder_4bit:u1           ; FAdder_4bit  ; work         ;
;                |FAdder:u2|   ; 1.0 (1.0)            ; 1.0 (1.0)                        ; 0.0 (0.0)                                         ; 0.0 (0.0)                        ; 0.0 (0.0)            ; 1 (1)               ; 0 (0)                     ; 0 (0)         ; 0                 ; 0     ; 0          ; 0    ; 0            ; |Divider|pu4s:u2|pu:u3|FAdder_16bit:u1|FAdder_4bit:u1|FAdder:u2 ; FAdder       ; work         ;
;                |FAdder:u4|   ; 1.0 (1.0)            ; 1.0 (1.0)                        ; 0.0 (0.0)                                         ; 0.0 (0.0)                        ; 0.0 (0.0)            ; 2 (2)               ; 0 (0)                     ; 0 (0)         ; 0                 ; 0     ; 0          ; 0    ; 0            ; |Divider|pu4s:u2|pu:u3|FAdder_16bit:u1|FAdder_4bit:u1|FAdder:u4 ; FAdder       ; work         ;
;             |FAdder_4bit:u2| ; 3.5 (0.0)            ; 3.5 (0.0)                        ; 0.0 (0.0)                                         ; 0.0 (0.0)                        ; 0.0 (0.0)            ; 5 (0)               ; 0 (0)                     ; 0 (0)         ; 0                 ; 0     ; 0          ; 0    ; 0            ; |Divider|pu4s:u2|pu:u3|FAdder_16bit:u1|FAdder_4bit:u2           ; FAdder_4bit  ; work         ;
;                |FAdder:u1|   ; 2.0 (2.0)            ; 2.0 (2.0)                        ; 0.0 (0.0)                                         ; 0.0 (0.0)                        ; 0.0 (0.0)            ; 3 (3)               ; 0 (0)                     ; 0 (0)         ; 0                 ; 0     ; 0          ; 0    ; 0            ; |Divider|pu4s:u2|pu:u3|FAdder_16bit:u1|FAdder_4bit:u2|FAdder:u1 ; FAdder       ; work         ;
;                |FAdder:u2|   ; 0.5 (0.5)            ; 0.5 (0.5)                        ; 0.0 (0.0)                                         ; 0.0 (0.0)                        ; 0.0 (0.0)            ; 1 (1)               ; 0 (0)                     ; 0 (0)         ; 0                 ; 0     ; 0          ; 0    ; 0            ; |Divider|pu4s:u2|pu:u3|FAdder_16bit:u1|FAdder_4bit:u2|FAdder:u2 ; FAdder       ; work         ;
;                |FAdder:u3|   ; 1.0 (1.0)            ; 1.0 (1.0)                        ; 0.0 (0.0)                                         ; 0.0 (0.0)                        ; 0.0 (0.0)            ; 1 (1)               ; 0 (0)                     ; 0 (0)         ; 0                 ; 0     ; 0          ; 0    ; 0            ; |Divider|pu4s:u2|pu:u3|FAdder_16bit:u1|FAdder_4bit:u2|FAdder:u3 ; FAdder       ; work         ;
;             |FAdder_4bit:u3| ; 4.5 (0.0)            ; 4.5 (0.0)                        ; 0.0 (0.0)                                         ; 0.0 (0.0)                        ; 0.0 (0.0)            ; 7 (0)               ; 0 (0)                     ; 0 (0)         ; 0                 ; 0     ; 0          ; 0    ; 0            ; |Divider|pu4s:u2|pu:u3|FAdder_16bit:u1|FAdder_4bit:u3           ; FAdder_4bit  ; work         ;
;                |FAdder:u1|   ; 1.0 (1.0)            ; 1.0 (1.0)                        ; 0.0 (0.0)                                         ; 0.0 (0.0)                        ; 0.0 (0.0)            ; 2 (2)               ; 0 (0)                     ; 0 (0)         ; 0                 ; 0     ; 0          ; 0    ; 0            ; |Divider|pu4s:u2|pu:u3|FAdder_16bit:u1|FAdder_4bit:u3|FAdder:u1 ; FAdder       ; work         ;
;                |FAdder:u2|   ; 2.0 (2.0)            ; 2.0 (2.0)                        ; 0.0 (0.0)                                         ; 0.0 (0.0)                        ; 0.0 (0.0)            ; 3 (3)               ; 0 (0)                     ; 0 (0)         ; 0                 ; 0     ; 0          ; 0    ; 0            ; |Divider|pu4s:u2|pu:u3|FAdder_16bit:u1|FAdder_4bit:u3|FAdder:u2 ; FAdder       ; work         ;
;                |FAdder:u3|   ; 0.5 (0.5)            ; 0.5 (0.5)                        ; 0.0 (0.0)                                         ; 0.0 (0.0)                        ; 0.0 (0.0)            ; 1 (1)               ; 0 (0)                     ; 0 (0)         ; 0                 ; 0     ; 0          ; 0    ; 0            ; |Divider|pu4s:u2|pu:u3|FAdder_16bit:u1|FAdder_4bit:u3|FAdder:u3 ; FAdder       ; work         ;
;                |FAdder:u4|   ; 1.0 (1.0)            ; 1.0 (1.0)                        ; 0.0 (0.0)                                         ; 0.0 (0.0)                        ; 0.0 (0.0)            ; 1 (1)               ; 0 (0)                     ; 0 (0)         ; 0                 ; 0     ; 0          ; 0    ; 0            ; |Divider|pu4s:u2|pu:u3|FAdder_16bit:u1|FAdder_4bit:u3|FAdder:u4 ; FAdder       ; work         ;
;             |FAdder_4bit:u4| ; 3.0 (0.0)            ; 3.0 (0.0)                        ; 0.0 (0.0)                                         ; 0.0 (0.0)                        ; 0.0 (0.0)            ; 6 (0)               ; 0 (0)                     ; 0 (0)         ; 0                 ; 0     ; 0          ; 0    ; 0            ; |Divider|pu4s:u2|pu:u3|FAdder_16bit:u1|FAdder_4bit:u4           ; FAdder_4bit  ; work         ;
;                |FAdder:u1|   ; 0.5 (0.5)            ; 0.5 (0.5)                        ; 0.0 (0.0)                                         ; 0.0 (0.0)                        ; 0.0 (0.0)            ; 1 (1)               ; 0 (0)                     ; 0 (0)         ; 0                 ; 0     ; 0          ; 0    ; 0            ; |Divider|pu4s:u2|pu:u3|FAdder_16bit:u1|FAdder_4bit:u4|FAdder:u1 ; FAdder       ; work         ;
;                |FAdder:u2|   ; 0.5 (0.5)            ; 0.5 (0.5)                        ; 0.0 (0.0)                                         ; 0.0 (0.0)                        ; 0.0 (0.0)            ; 1 (1)               ; 0 (0)                     ; 0 (0)         ; 0                 ; 0     ; 0          ; 0    ; 0            ; |Divider|pu4s:u2|pu:u3|FAdder_16bit:u1|FAdder_4bit:u4|FAdder:u2 ; FAdder       ; work         ;
;                |FAdder:u4|   ; 2.0 (2.0)            ; 2.0 (2.0)                        ; 0.0 (0.0)                                         ; 0.0 (0.0)                        ; 0.0 (0.0)            ; 4 (4)               ; 0 (0)                     ; 0 (0)         ; 0                 ; 0     ; 0          ; 0    ; 0            ; |Divider|pu4s:u2|pu:u3|FAdder_16bit:u1|FAdder_4bit:u4|FAdder:u4 ; FAdder       ; work         ;
;          |mux2x1_16bit:u2|   ; 9.5 (9.5)            ; 9.5 (9.5)                        ; 0.0 (0.0)                                         ; 0.0 (0.0)                        ; 0.0 (0.0)            ; 15 (15)             ; 0 (0)                     ; 0 (0)         ; 0                 ; 0     ; 0          ; 0    ; 0            ; |Divider|pu4s:u2|pu:u3|mux2x1_16bit:u2                          ; mux2x1_16bit ; work         ;
;       |pu:u4|                ; 22.0 (0.0)           ; 22.0 (0.0)                       ; 0.0 (0.0)                                         ; 0.0 (0.0)                        ; 0.0 (0.0)            ; 36 (0)              ; 0 (0)                     ; 0 (0)         ; 0                 ; 0     ; 0          ; 0    ; 0            ; |Divider|pu4s:u2|pu:u4                                          ; pu           ; work         ;
;          |FAdder_16bit:u1|   ; 13.0 (0.0)           ; 13.0 (0.0)                       ; 0.0 (0.0)                                         ; 0.0 (0.0)                        ; 0.0 (0.0)            ; 21 (0)              ; 0 (0)                     ; 0 (0)         ; 0                 ; 0     ; 0          ; 0    ; 0            ; |Divider|pu4s:u2|pu:u4|FAdder_16bit:u1                          ; FAdder_16bit ; work         ;
;             |FAdder_4bit:u1| ; 2.0 (0.0)            ; 2.0 (0.0)                        ; 0.0 (0.0)                                         ; 0.0 (0.0)                        ; 0.0 (0.0)            ; 3 (0)               ; 0 (0)                     ; 0 (0)         ; 0                 ; 0     ; 0          ; 0    ; 0            ; |Divider|pu4s:u2|pu:u4|FAdder_16bit:u1|FAdder_4bit:u1           ; FAdder_4bit  ; work         ;
;                |FAdder:u2|   ; 1.0 (1.0)            ; 1.0 (1.0)                        ; 0.0 (0.0)                                         ; 0.0 (0.0)                        ; 0.0 (0.0)            ; 1 (1)               ; 0 (0)                     ; 0 (0)         ; 0                 ; 0     ; 0          ; 0    ; 0            ; |Divider|pu4s:u2|pu:u4|FAdder_16bit:u1|FAdder_4bit:u1|FAdder:u2 ; FAdder       ; work         ;
;                |FAdder:u4|   ; 1.0 (1.0)            ; 1.0 (1.0)                        ; 0.0 (0.0)                                         ; 0.0 (0.0)                        ; 0.0 (0.0)            ; 2 (2)               ; 0 (0)                     ; 0 (0)         ; 0                 ; 0     ; 0          ; 0    ; 0            ; |Divider|pu4s:u2|pu:u4|FAdder_16bit:u1|FAdder_4bit:u1|FAdder:u4 ; FAdder       ; work         ;
;             |FAdder_4bit:u2| ; 3.5 (0.0)            ; 3.5 (0.0)                        ; 0.0 (0.0)                                         ; 0.0 (0.0)                        ; 0.0 (0.0)            ; 5 (0)               ; 0 (0)                     ; 0 (0)         ; 0                 ; 0     ; 0          ; 0    ; 0            ; |Divider|pu4s:u2|pu:u4|FAdder_16bit:u1|FAdder_4bit:u2           ; FAdder_4bit  ; work         ;
;                |FAdder:u1|   ; 2.0 (2.0)            ; 2.0 (2.0)                        ; 0.0 (0.0)                                         ; 0.0 (0.0)                        ; 0.0 (0.0)            ; 3 (3)               ; 0 (0)                     ; 0 (0)         ; 0                 ; 0     ; 0          ; 0    ; 0            ; |Divider|pu4s:u2|pu:u4|FAdder_16bit:u1|FAdder_4bit:u2|FAdder:u1 ; FAdder       ; work         ;
;                |FAdder:u2|   ; 0.5 (0.5)            ; 0.5 (0.5)                        ; 0.0 (0.0)                                         ; 0.0 (0.0)                        ; 0.0 (0.0)            ; 1 (1)               ; 0 (0)                     ; 0 (0)         ; 0                 ; 0     ; 0          ; 0    ; 0            ; |Divider|pu4s:u2|pu:u4|FAdder_16bit:u1|FAdder_4bit:u2|FAdder:u2 ; FAdder       ; work         ;
;                |FAdder:u3|   ; 1.0 (1.0)            ; 1.0 (1.0)                        ; 0.0 (0.0)                                         ; 0.0 (0.0)                        ; 0.0 (0.0)            ; 1 (1)               ; 0 (0)                     ; 0 (0)         ; 0                 ; 0     ; 0          ; 0    ; 0            ; |Divider|pu4s:u2|pu:u4|FAdder_16bit:u1|FAdder_4bit:u2|FAdder:u3 ; FAdder       ; work         ;
;             |FAdder_4bit:u3| ; 4.5 (0.0)            ; 4.5 (0.0)                        ; 0.0 (0.0)                                         ; 0.0 (0.0)                        ; 0.0 (0.0)            ; 7 (0)               ; 0 (0)                     ; 0 (0)         ; 0                 ; 0     ; 0          ; 0    ; 0            ; |Divider|pu4s:u2|pu:u4|FAdder_16bit:u1|FAdder_4bit:u3           ; FAdder_4bit  ; work         ;
;                |FAdder:u1|   ; 1.0 (1.0)            ; 1.0 (1.0)                        ; 0.0 (0.0)                                         ; 0.0 (0.0)                        ; 0.0 (0.0)            ; 2 (2)               ; 0 (0)                     ; 0 (0)         ; 0                 ; 0     ; 0          ; 0    ; 0            ; |Divider|pu4s:u2|pu:u4|FAdder_16bit:u1|FAdder_4bit:u3|FAdder:u1 ; FAdder       ; work         ;
;                |FAdder:u2|   ; 2.0 (2.0)            ; 2.0 (2.0)                        ; 0.0 (0.0)                                         ; 0.0 (0.0)                        ; 0.0 (0.0)            ; 3 (3)               ; 0 (0)                     ; 0 (0)         ; 0                 ; 0     ; 0          ; 0    ; 0            ; |Divider|pu4s:u2|pu:u4|FAdder_16bit:u1|FAdder_4bit:u3|FAdder:u2 ; FAdder       ; work         ;
;                |FAdder:u3|   ; 0.5 (0.5)            ; 0.5 (0.5)                        ; 0.0 (0.0)                                         ; 0.0 (0.0)                        ; 0.0 (0.0)            ; 1 (1)               ; 0 (0)                     ; 0 (0)         ; 0                 ; 0     ; 0          ; 0    ; 0            ; |Divider|pu4s:u2|pu:u4|FAdder_16bit:u1|FAdder_4bit:u3|FAdder:u3 ; FAdder       ; work         ;
;                |FAdder:u4|   ; 1.0 (1.0)            ; 1.0 (1.0)                        ; 0.0 (0.0)                                         ; 0.0 (0.0)                        ; 0.0 (0.0)            ; 1 (1)               ; 0 (0)                     ; 0 (0)         ; 0                 ; 0     ; 0          ; 0    ; 0            ; |Divider|pu4s:u2|pu:u4|FAdder_16bit:u1|FAdder_4bit:u3|FAdder:u4 ; FAdder       ; work         ;
;             |FAdder_4bit:u4| ; 3.0 (0.0)            ; 3.0 (0.0)                        ; 0.0 (0.0)                                         ; 0.0 (0.0)                        ; 0.0 (0.0)            ; 6 (0)               ; 0 (0)                     ; 0 (0)         ; 0                 ; 0     ; 0          ; 0    ; 0            ; |Divider|pu4s:u2|pu:u4|FAdder_16bit:u1|FAdder_4bit:u4           ; FAdder_4bit  ; work         ;
;                |FAdder:u1|   ; 0.0 (0.0)            ; 0.0 (0.0)                        ; 0.0 (0.0)                                         ; 0.0 (0.0)                        ; 0.0 (0.0)            ; 1 (1)               ; 0 (0)                     ; 0 (0)         ; 0                 ; 0     ; 0          ; 0    ; 0            ; |Divider|pu4s:u2|pu:u4|FAdder_16bit:u1|FAdder_4bit:u4|FAdder:u1 ; FAdder       ; work         ;
;                |FAdder:u2|   ; 1.0 (1.0)            ; 1.0 (1.0)                        ; 0.0 (0.0)                                         ; 0.0 (0.0)                        ; 0.0 (0.0)            ; 1 (1)               ; 0 (0)                     ; 0 (0)         ; 0                 ; 0     ; 0          ; 0    ; 0            ; |Divider|pu4s:u2|pu:u4|FAdder_16bit:u1|FAdder_4bit:u4|FAdder:u2 ; FAdder       ; work         ;
;                |FAdder:u4|   ; 2.0 (2.0)            ; 2.0 (2.0)                        ; 0.0 (0.0)                                         ; 0.0 (0.0)                        ; 0.0 (0.0)            ; 4 (4)               ; 0 (0)                     ; 0 (0)         ; 0                 ; 0     ; 0          ; 0    ; 0            ; |Divider|pu4s:u2|pu:u4|FAdder_16bit:u1|FAdder_4bit:u4|FAdder:u4 ; FAdder       ; work         ;
;          |mux2x1_16bit:u2|   ; 9.0 (9.0)            ; 9.0 (9.0)                        ; 0.0 (0.0)                                         ; 0.0 (0.0)                        ; 0.0 (0.0)            ; 15 (15)             ; 0 (0)                     ; 0 (0)         ; 0                 ; 0     ; 0          ; 0    ; 0            ; |Divider|pu4s:u2|pu:u4|mux2x1_16bit:u2                          ; mux2x1_16bit ; work         ;
;    |pu4s:u3|                 ; 90.0 (0.0)           ; 91.5 (0.0)                       ; 1.5 (0.0)                                         ; 0.0 (0.0)                        ; 0.0 (0.0)            ; 144 (0)             ; 0 (0)                     ; 0 (0)         ; 0                 ; 0     ; 0          ; 0    ; 0            ; |Divider|pu4s:u3                                                ; pu4s         ; work         ;
;       |pu:u1|                ; 23.5 (0.0)           ; 23.5 (0.0)                       ; 0.0 (0.0)                                         ; 0.0 (0.0)                        ; 0.0 (0.0)            ; 36 (0)              ; 0 (0)                     ; 0 (0)         ; 0                 ; 0     ; 0          ; 0    ; 0            ; |Divider|pu4s:u3|pu:u1                                          ; pu           ; work         ;
;          |FAdder_16bit:u1|   ; 14.5 (0.0)           ; 14.5 (0.0)                       ; 0.0 (0.0)                                         ; 0.0 (0.0)                        ; 0.0 (0.0)            ; 21 (0)              ; 0 (0)                     ; 0 (0)         ; 0                 ; 0     ; 0          ; 0    ; 0            ; |Divider|pu4s:u3|pu:u1|FAdder_16bit:u1                          ; FAdder_16bit ; work         ;
;             |FAdder_4bit:u1| ; 2.0 (0.0)            ; 2.0 (0.0)                        ; 0.0 (0.0)                                         ; 0.0 (0.0)                        ; 0.0 (0.0)            ; 3 (0)               ; 0 (0)                     ; 0 (0)         ; 0                 ; 0     ; 0          ; 0    ; 0            ; |Divider|pu4s:u3|pu:u1|FAdder_16bit:u1|FAdder_4bit:u1           ; FAdder_4bit  ; work         ;
;                |FAdder:u2|   ; 1.0 (1.0)            ; 1.0 (1.0)                        ; 0.0 (0.0)                                         ; 0.0 (0.0)                        ; 0.0 (0.0)            ; 1 (1)               ; 0 (0)                     ; 0 (0)         ; 0                 ; 0     ; 0          ; 0    ; 0            ; |Divider|pu4s:u3|pu:u1|FAdder_16bit:u1|FAdder_4bit:u1|FAdder:u2 ; FAdder       ; work         ;
;                |FAdder:u4|   ; 1.0 (1.0)            ; 1.0 (1.0)                        ; 0.0 (0.0)                                         ; 0.0 (0.0)                        ; 0.0 (0.0)            ; 2 (2)               ; 0 (0)                     ; 0 (0)         ; 0                 ; 0     ; 0          ; 0    ; 0            ; |Divider|pu4s:u3|pu:u1|FAdder_16bit:u1|FAdder_4bit:u1|FAdder:u4 ; FAdder       ; work         ;
;             |FAdder_4bit:u2| ; 4.0 (0.0)            ; 4.0 (0.0)                        ; 0.0 (0.0)                                         ; 0.0 (0.0)                        ; 0.0 (0.0)            ; 5 (0)               ; 0 (0)                     ; 0 (0)         ; 0                 ; 0     ; 0          ; 0    ; 0            ; |Divider|pu4s:u3|pu:u1|FAdder_16bit:u1|FAdder_4bit:u2           ; FAdder_4bit  ; work         ;
;                |FAdder:u1|   ; 2.5 (2.5)            ; 2.5 (2.5)                        ; 0.0 (0.0)                                         ; 0.0 (0.0)                        ; 0.0 (0.0)            ; 3 (3)               ; 0 (0)                     ; 0 (0)         ; 0                 ; 0     ; 0          ; 0    ; 0            ; |Divider|pu4s:u3|pu:u1|FAdder_16bit:u1|FAdder_4bit:u2|FAdder:u1 ; FAdder       ; work         ;
;                |FAdder:u2|   ; 0.5 (0.5)            ; 0.5 (0.5)                        ; 0.0 (0.0)                                         ; 0.0 (0.0)                        ; 0.0 (0.0)            ; 1 (1)               ; 0 (0)                     ; 0 (0)         ; 0                 ; 0     ; 0          ; 0    ; 0            ; |Divider|pu4s:u3|pu:u1|FAdder_16bit:u1|FAdder_4bit:u2|FAdder:u2 ; FAdder       ; work         ;
;                |FAdder:u3|   ; 1.0 (1.0)            ; 1.0 (1.0)                        ; 0.0 (0.0)                                         ; 0.0 (0.0)                        ; 0.0 (0.0)            ; 1 (1)               ; 0 (0)                     ; 0 (0)         ; 0                 ; 0     ; 0          ; 0    ; 0            ; |Divider|pu4s:u3|pu:u1|FAdder_16bit:u1|FAdder_4bit:u2|FAdder:u3 ; FAdder       ; work         ;
;             |FAdder_4bit:u3| ; 5.5 (0.0)            ; 5.5 (0.0)                        ; 0.0 (0.0)                                         ; 0.0 (0.0)                        ; 0.0 (0.0)            ; 7 (0)               ; 0 (0)                     ; 0 (0)         ; 0                 ; 0     ; 0          ; 0    ; 0            ; |Divider|pu4s:u3|pu:u1|FAdder_16bit:u1|FAdder_4bit:u3           ; FAdder_4bit  ; work         ;
;                |FAdder:u1|   ; 1.5 (1.5)            ; 1.5 (1.5)                        ; 0.0 (0.0)                                         ; 0.0 (0.0)                        ; 0.0 (0.0)            ; 2 (2)               ; 0 (0)                     ; 0 (0)         ; 0                 ; 0     ; 0          ; 0    ; 0            ; |Divider|pu4s:u3|pu:u1|FAdder_16bit:u1|FAdder_4bit:u3|FAdder:u1 ; FAdder       ; work         ;
;                |FAdder:u2|   ; 2.5 (2.5)            ; 2.5 (2.5)                        ; 0.0 (0.0)                                         ; 0.0 (0.0)                        ; 0.0 (0.0)            ; 3 (3)               ; 0 (0)                     ; 0 (0)         ; 0                 ; 0     ; 0          ; 0    ; 0            ; |Divider|pu4s:u3|pu:u1|FAdder_16bit:u1|FAdder_4bit:u3|FAdder:u2 ; FAdder       ; work         ;
;                |FAdder:u3|   ; 0.5 (0.5)            ; 0.5 (0.5)                        ; 0.0 (0.0)                                         ; 0.0 (0.0)                        ; 0.0 (0.0)            ; 1 (1)               ; 0 (0)                     ; 0 (0)         ; 0                 ; 0     ; 0          ; 0    ; 0            ; |Divider|pu4s:u3|pu:u1|FAdder_16bit:u1|FAdder_4bit:u3|FAdder:u3 ; FAdder       ; work         ;
;                |FAdder:u4|   ; 1.0 (1.0)            ; 1.0 (1.0)                        ; 0.0 (0.0)                                         ; 0.0 (0.0)                        ; 0.0 (0.0)            ; 1 (1)               ; 0 (0)                     ; 0 (0)         ; 0                 ; 0     ; 0          ; 0    ; 0            ; |Divider|pu4s:u3|pu:u1|FAdder_16bit:u1|FAdder_4bit:u3|FAdder:u4 ; FAdder       ; work         ;
;             |FAdder_4bit:u4| ; 3.0 (0.0)            ; 3.0 (0.0)                        ; 0.0 (0.0)                                         ; 0.0 (0.0)                        ; 0.0 (0.0)            ; 6 (0)               ; 0 (0)                     ; 0 (0)         ; 0                 ; 0     ; 0          ; 0    ; 0            ; |Divider|pu4s:u3|pu:u1|FAdder_16bit:u1|FAdder_4bit:u4           ; FAdder_4bit  ; work         ;
;                |FAdder:u1|   ; 0.0 (0.0)            ; 0.0 (0.0)                        ; 0.0 (0.0)                                         ; 0.0 (0.0)                        ; 0.0 (0.0)            ; 1 (1)               ; 0 (0)                     ; 0 (0)         ; 0                 ; 0     ; 0          ; 0    ; 0            ; |Divider|pu4s:u3|pu:u1|FAdder_16bit:u1|FAdder_4bit:u4|FAdder:u1 ; FAdder       ; work         ;
;                |FAdder:u2|   ; 1.0 (1.0)            ; 1.0 (1.0)                        ; 0.0 (0.0)                                         ; 0.0 (0.0)                        ; 0.0 (0.0)            ; 1 (1)               ; 0 (0)                     ; 0 (0)         ; 0                 ; 0     ; 0          ; 0    ; 0            ; |Divider|pu4s:u3|pu:u1|FAdder_16bit:u1|FAdder_4bit:u4|FAdder:u2 ; FAdder       ; work         ;
;                |FAdder:u4|   ; 2.0 (2.0)            ; 2.0 (2.0)                        ; 0.0 (0.0)                                         ; 0.0 (0.0)                        ; 0.0 (0.0)            ; 4 (4)               ; 0 (0)                     ; 0 (0)         ; 0                 ; 0     ; 0          ; 0    ; 0            ; |Divider|pu4s:u3|pu:u1|FAdder_16bit:u1|FAdder_4bit:u4|FAdder:u4 ; FAdder       ; work         ;
;          |mux2x1_16bit:u2|   ; 9.0 (9.0)            ; 9.0 (9.0)                        ; 0.0 (0.0)                                         ; 0.0 (0.0)                        ; 0.0 (0.0)            ; 15 (15)             ; 0 (0)                     ; 0 (0)         ; 0                 ; 0     ; 0          ; 0    ; 0            ; |Divider|pu4s:u3|pu:u1|mux2x1_16bit:u2                          ; mux2x1_16bit ; work         ;
;       |pu:u2|                ; 22.0 (0.0)           ; 22.5 (0.0)                       ; 0.5 (0.0)                                         ; 0.0 (0.0)                        ; 0.0 (0.0)            ; 36 (0)              ; 0 (0)                     ; 0 (0)         ; 0                 ; 0     ; 0          ; 0    ; 0            ; |Divider|pu4s:u3|pu:u2                                          ; pu           ; work         ;
;          |FAdder_16bit:u1|   ; 12.5 (0.0)           ; 13.0 (0.0)                       ; 0.5 (0.0)                                         ; 0.0 (0.0)                        ; 0.0 (0.0)            ; 21 (0)              ; 0 (0)                     ; 0 (0)         ; 0                 ; 0     ; 0          ; 0    ; 0            ; |Divider|pu4s:u3|pu:u2|FAdder_16bit:u1                          ; FAdder_16bit ; work         ;
;             |FAdder_4bit:u1| ; 2.0 (0.0)            ; 2.0 (0.0)                        ; 0.0 (0.0)                                         ; 0.0 (0.0)                        ; 0.0 (0.0)            ; 3 (0)               ; 0 (0)                     ; 0 (0)         ; 0                 ; 0     ; 0          ; 0    ; 0            ; |Divider|pu4s:u3|pu:u2|FAdder_16bit:u1|FAdder_4bit:u1           ; FAdder_4bit  ; work         ;
;                |FAdder:u2|   ; 1.0 (1.0)            ; 1.0 (1.0)                        ; 0.0 (0.0)                                         ; 0.0 (0.0)                        ; 0.0 (0.0)            ; 1 (1)               ; 0 (0)                     ; 0 (0)         ; 0                 ; 0     ; 0          ; 0    ; 0            ; |Divider|pu4s:u3|pu:u2|FAdder_16bit:u1|FAdder_4bit:u1|FAdder:u2 ; FAdder       ; work         ;
;                |FAdder:u4|   ; 1.0 (1.0)            ; 1.0 (1.0)                        ; 0.0 (0.0)                                         ; 0.0 (0.0)                        ; 0.0 (0.0)            ; 2 (2)               ; 0 (0)                     ; 0 (0)         ; 0                 ; 0     ; 0          ; 0    ; 0            ; |Divider|pu4s:u3|pu:u2|FAdder_16bit:u1|FAdder_4bit:u1|FAdder:u4 ; FAdder       ; work         ;
;             |FAdder_4bit:u2| ; 3.5 (0.0)            ; 4.0 (0.0)                        ; 0.5 (0.0)                                         ; 0.0 (0.0)                        ; 0.0 (0.0)            ; 5 (0)               ; 0 (0)                     ; 0 (0)         ; 0                 ; 0     ; 0          ; 0    ; 0            ; |Divider|pu4s:u3|pu:u2|FAdder_16bit:u1|FAdder_4bit:u2           ; FAdder_4bit  ; work         ;
;                |FAdder:u1|   ; 2.0 (2.0)            ; 2.5 (2.5)                        ; 0.5 (0.5)                                         ; 0.0 (0.0)                        ; 0.0 (0.0)            ; 3 (3)               ; 0 (0)                     ; 0 (0)         ; 0                 ; 0     ; 0          ; 0    ; 0            ; |Divider|pu4s:u3|pu:u2|FAdder_16bit:u1|FAdder_4bit:u2|FAdder:u1 ; FAdder       ; work         ;
;                |FAdder:u2|   ; 0.5 (0.5)            ; 0.5 (0.5)                        ; 0.0 (0.0)                                         ; 0.0 (0.0)                        ; 0.0 (0.0)            ; 1 (1)               ; 0 (0)                     ; 0 (0)         ; 0                 ; 0     ; 0          ; 0    ; 0            ; |Divider|pu4s:u3|pu:u2|FAdder_16bit:u1|FAdder_4bit:u2|FAdder:u2 ; FAdder       ; work         ;
;                |FAdder:u3|   ; 1.0 (1.0)            ; 1.0 (1.0)                        ; 0.0 (0.0)                                         ; 0.0 (0.0)                        ; 0.0 (0.0)            ; 1 (1)               ; 0 (0)                     ; 0 (0)         ; 0                 ; 0     ; 0          ; 0    ; 0            ; |Divider|pu4s:u3|pu:u2|FAdder_16bit:u1|FAdder_4bit:u2|FAdder:u3 ; FAdder       ; work         ;
;             |FAdder_4bit:u3| ; 4.5 (0.0)            ; 4.5 (0.0)                        ; 0.0 (0.0)                                         ; 0.0 (0.0)                        ; 0.0 (0.0)            ; 7 (0)               ; 0 (0)                     ; 0 (0)         ; 0                 ; 0     ; 0          ; 0    ; 0            ; |Divider|pu4s:u3|pu:u2|FAdder_16bit:u1|FAdder_4bit:u3           ; FAdder_4bit  ; work         ;
;                |FAdder:u1|   ; 1.0 (1.0)            ; 1.0 (1.0)                        ; 0.0 (0.0)                                         ; 0.0 (0.0)                        ; 0.0 (0.0)            ; 2 (2)               ; 0 (0)                     ; 0 (0)         ; 0                 ; 0     ; 0          ; 0    ; 0            ; |Divider|pu4s:u3|pu:u2|FAdder_16bit:u1|FAdder_4bit:u3|FAdder:u1 ; FAdder       ; work         ;
;                |FAdder:u2|   ; 2.0 (2.0)            ; 2.0 (2.0)                        ; 0.0 (0.0)                                         ; 0.0 (0.0)                        ; 0.0 (0.0)            ; 3 (3)               ; 0 (0)                     ; 0 (0)         ; 0                 ; 0     ; 0          ; 0    ; 0            ; |Divider|pu4s:u3|pu:u2|FAdder_16bit:u1|FAdder_4bit:u3|FAdder:u2 ; FAdder       ; work         ;
;                |FAdder:u3|   ; 0.5 (0.5)            ; 0.5 (0.5)                        ; 0.0 (0.0)                                         ; 0.0 (0.0)                        ; 0.0 (0.0)            ; 1 (1)               ; 0 (0)                     ; 0 (0)         ; 0                 ; 0     ; 0          ; 0    ; 0            ; |Divider|pu4s:u3|pu:u2|FAdder_16bit:u1|FAdder_4bit:u3|FAdder:u3 ; FAdder       ; work         ;
;                |FAdder:u4|   ; 1.0 (1.0)            ; 1.0 (1.0)                        ; 0.0 (0.0)                                         ; 0.0 (0.0)                        ; 0.0 (0.0)            ; 1 (1)               ; 0 (0)                     ; 0 (0)         ; 0                 ; 0     ; 0          ; 0    ; 0            ; |Divider|pu4s:u3|pu:u2|FAdder_16bit:u1|FAdder_4bit:u3|FAdder:u4 ; FAdder       ; work         ;
;             |FAdder_4bit:u4| ; 2.5 (0.0)            ; 2.5 (0.0)                        ; 0.0 (0.0)                                         ; 0.0 (0.0)                        ; 0.0 (0.0)            ; 6 (0)               ; 0 (0)                     ; 0 (0)         ; 0                 ; 0     ; 0          ; 0    ; 0            ; |Divider|pu4s:u3|pu:u2|FAdder_16bit:u1|FAdder_4bit:u4           ; FAdder_4bit  ; work         ;
;                |FAdder:u1|   ; 0.0 (0.0)            ; 0.0 (0.0)                        ; 0.0 (0.0)                                         ; 0.0 (0.0)                        ; 0.0 (0.0)            ; 1 (1)               ; 0 (0)                     ; 0 (0)         ; 0                 ; 0     ; 0          ; 0    ; 0            ; |Divider|pu4s:u3|pu:u2|FAdder_16bit:u1|FAdder_4bit:u4|FAdder:u1 ; FAdder       ; work         ;
;                |FAdder:u2|   ; 0.5 (0.5)            ; 0.5 (0.5)                        ; 0.0 (0.0)                                         ; 0.0 (0.0)                        ; 0.0 (0.0)            ; 1 (1)               ; 0 (0)                     ; 0 (0)         ; 0                 ; 0     ; 0          ; 0    ; 0            ; |Divider|pu4s:u3|pu:u2|FAdder_16bit:u1|FAdder_4bit:u4|FAdder:u2 ; FAdder       ; work         ;
;                |FAdder:u4|   ; 2.0 (2.0)            ; 2.0 (2.0)                        ; 0.0 (0.0)                                         ; 0.0 (0.0)                        ; 0.0 (0.0)            ; 4 (4)               ; 0 (0)                     ; 0 (0)         ; 0                 ; 0     ; 0          ; 0    ; 0            ; |Divider|pu4s:u3|pu:u2|FAdder_16bit:u1|FAdder_4bit:u4|FAdder:u4 ; FAdder       ; work         ;
;          |mux2x1_16bit:u2|   ; 9.5 (9.5)            ; 9.5 (9.5)                        ; 0.0 (0.0)                                         ; 0.0 (0.0)                        ; 0.0 (0.0)            ; 15 (15)             ; 0 (0)                     ; 0 (0)         ; 0                 ; 0     ; 0          ; 0    ; 0            ; |Divider|pu4s:u3|pu:u2|mux2x1_16bit:u2                          ; mux2x1_16bit ; work         ;
;       |pu:u3|                ; 22.5 (0.0)           ; 22.5 (0.0)                       ; 0.0 (0.0)                                         ; 0.0 (0.0)                        ; 0.0 (0.0)            ; 36 (0)              ; 0 (0)                     ; 0 (0)         ; 0                 ; 0     ; 0          ; 0    ; 0            ; |Divider|pu4s:u3|pu:u3                                          ; pu           ; work         ;
;          |FAdder_16bit:u1|   ; 13.0 (0.0)           ; 13.0 (0.0)                       ; 0.0 (0.0)                                         ; 0.0 (0.0)                        ; 0.0 (0.0)            ; 21 (0)              ; 0 (0)                     ; 0 (0)         ; 0                 ; 0     ; 0          ; 0    ; 0            ; |Divider|pu4s:u3|pu:u3|FAdder_16bit:u1                          ; FAdder_16bit ; work         ;
;             |FAdder_4bit:u1| ; 2.0 (0.0)            ; 2.0 (0.0)                        ; 0.0 (0.0)                                         ; 0.0 (0.0)                        ; 0.0 (0.0)            ; 3 (0)               ; 0 (0)                     ; 0 (0)         ; 0                 ; 0     ; 0          ; 0    ; 0            ; |Divider|pu4s:u3|pu:u3|FAdder_16bit:u1|FAdder_4bit:u1           ; FAdder_4bit  ; work         ;
;                |FAdder:u2|   ; 1.0 (1.0)            ; 1.0 (1.0)                        ; 0.0 (0.0)                                         ; 0.0 (0.0)                        ; 0.0 (0.0)            ; 1 (1)               ; 0 (0)                     ; 0 (0)         ; 0                 ; 0     ; 0          ; 0    ; 0            ; |Divider|pu4s:u3|pu:u3|FAdder_16bit:u1|FAdder_4bit:u1|FAdder:u2 ; FAdder       ; work         ;
;                |FAdder:u4|   ; 1.0 (1.0)            ; 1.0 (1.0)                        ; 0.0 (0.0)                                         ; 0.0 (0.0)                        ; 0.0 (0.0)            ; 2 (2)               ; 0 (0)                     ; 0 (0)         ; 0                 ; 0     ; 0          ; 0    ; 0            ; |Divider|pu4s:u3|pu:u3|FAdder_16bit:u1|FAdder_4bit:u1|FAdder:u4 ; FAdder       ; work         ;
;             |FAdder_4bit:u2| ; 4.0 (0.0)            ; 4.0 (0.0)                        ; 0.0 (0.0)                                         ; 0.0 (0.0)                        ; 0.0 (0.0)            ; 5 (0)               ; 0 (0)                     ; 0 (0)         ; 0                 ; 0     ; 0          ; 0    ; 0            ; |Divider|pu4s:u3|pu:u3|FAdder_16bit:u1|FAdder_4bit:u2           ; FAdder_4bit  ; work         ;
;                |FAdder:u1|   ; 2.5 (2.5)            ; 2.5 (2.5)                        ; 0.0 (0.0)                                         ; 0.0 (0.0)                        ; 0.0 (0.0)            ; 3 (3)               ; 0 (0)                     ; 0 (0)         ; 0                 ; 0     ; 0          ; 0    ; 0            ; |Divider|pu4s:u3|pu:u3|FAdder_16bit:u1|FAdder_4bit:u2|FAdder:u1 ; FAdder       ; work         ;
;                |FAdder:u2|   ; 0.5 (0.5)            ; 0.5 (0.5)                        ; 0.0 (0.0)                                         ; 0.0 (0.0)                        ; 0.0 (0.0)            ; 1 (1)               ; 0 (0)                     ; 0 (0)         ; 0                 ; 0     ; 0          ; 0    ; 0            ; |Divider|pu4s:u3|pu:u3|FAdder_16bit:u1|FAdder_4bit:u2|FAdder:u2 ; FAdder       ; work         ;
;                |FAdder:u3|   ; 1.0 (1.0)            ; 1.0 (1.0)                        ; 0.0 (0.0)                                         ; 0.0 (0.0)                        ; 0.0 (0.0)            ; 1 (1)               ; 0 (0)                     ; 0 (0)         ; 0                 ; 0     ; 0          ; 0    ; 0            ; |Divider|pu4s:u3|pu:u3|FAdder_16bit:u1|FAdder_4bit:u2|FAdder:u3 ; FAdder       ; work         ;
;             |FAdder_4bit:u3| ; 4.5 (0.0)            ; 4.5 (0.0)                        ; 0.0 (0.0)                                         ; 0.0 (0.0)                        ; 0.0 (0.0)            ; 7 (0)               ; 0 (0)                     ; 0 (0)         ; 0                 ; 0     ; 0          ; 0    ; 0            ; |Divider|pu4s:u3|pu:u3|FAdder_16bit:u1|FAdder_4bit:u3           ; FAdder_4bit  ; work         ;
;                |FAdder:u1|   ; 1.0 (1.0)            ; 1.0 (1.0)                        ; 0.0 (0.0)                                         ; 0.0 (0.0)                        ; 0.0 (0.0)            ; 2 (2)               ; 0 (0)                     ; 0 (0)         ; 0                 ; 0     ; 0          ; 0    ; 0            ; |Divider|pu4s:u3|pu:u3|FAdder_16bit:u1|FAdder_4bit:u3|FAdder:u1 ; FAdder       ; work         ;
;                |FAdder:u2|   ; 2.0 (2.0)            ; 2.0 (2.0)                        ; 0.0 (0.0)                                         ; 0.0 (0.0)                        ; 0.0 (0.0)            ; 3 (3)               ; 0 (0)                     ; 0 (0)         ; 0                 ; 0     ; 0          ; 0    ; 0            ; |Divider|pu4s:u3|pu:u3|FAdder_16bit:u1|FAdder_4bit:u3|FAdder:u2 ; FAdder       ; work         ;
;                |FAdder:u3|   ; 0.5 (0.5)            ; 0.5 (0.5)                        ; 0.0 (0.0)                                         ; 0.0 (0.0)                        ; 0.0 (0.0)            ; 1 (1)               ; 0 (0)                     ; 0 (0)         ; 0                 ; 0     ; 0          ; 0    ; 0            ; |Divider|pu4s:u3|pu:u3|FAdder_16bit:u1|FAdder_4bit:u3|FAdder:u3 ; FAdder       ; work         ;
;                |FAdder:u4|   ; 1.0 (1.0)            ; 1.0 (1.0)                        ; 0.0 (0.0)                                         ; 0.0 (0.0)                        ; 0.0 (0.0)            ; 1 (1)               ; 0 (0)                     ; 0 (0)         ; 0                 ; 0     ; 0          ; 0    ; 0            ; |Divider|pu4s:u3|pu:u3|FAdder_16bit:u1|FAdder_4bit:u3|FAdder:u4 ; FAdder       ; work         ;
;             |FAdder_4bit:u4| ; 2.5 (0.0)            ; 2.5 (0.0)                        ; 0.0 (0.0)                                         ; 0.0 (0.0)                        ; 0.0 (0.0)            ; 6 (0)               ; 0 (0)                     ; 0 (0)         ; 0                 ; 0     ; 0          ; 0    ; 0            ; |Divider|pu4s:u3|pu:u3|FAdder_16bit:u1|FAdder_4bit:u4           ; FAdder_4bit  ; work         ;
;                |FAdder:u1|   ; 0.0 (0.0)            ; 0.0 (0.0)                        ; 0.0 (0.0)                                         ; 0.0 (0.0)                        ; 0.0 (0.0)            ; 1 (1)               ; 0 (0)                     ; 0 (0)         ; 0                 ; 0     ; 0          ; 0    ; 0            ; |Divider|pu4s:u3|pu:u3|FAdder_16bit:u1|FAdder_4bit:u4|FAdder:u1 ; FAdder       ; work         ;
;                |FAdder:u2|   ; 0.5 (0.5)            ; 0.5 (0.5)                        ; 0.0 (0.0)                                         ; 0.0 (0.0)                        ; 0.0 (0.0)            ; 1 (1)               ; 0 (0)                     ; 0 (0)         ; 0                 ; 0     ; 0          ; 0    ; 0            ; |Divider|pu4s:u3|pu:u3|FAdder_16bit:u1|FAdder_4bit:u4|FAdder:u2 ; FAdder       ; work         ;
;                |FAdder:u4|   ; 2.0 (2.0)            ; 2.0 (2.0)                        ; 0.0 (0.0)                                         ; 0.0 (0.0)                        ; 0.0 (0.0)            ; 4 (4)               ; 0 (0)                     ; 0 (0)         ; 0                 ; 0     ; 0          ; 0    ; 0            ; |Divider|pu4s:u3|pu:u3|FAdder_16bit:u1|FAdder_4bit:u4|FAdder:u4 ; FAdder       ; work         ;
;          |mux2x1_16bit:u2|   ; 9.5 (9.5)            ; 9.5 (9.5)                        ; 0.0 (0.0)                                         ; 0.0 (0.0)                        ; 0.0 (0.0)            ; 15 (15)             ; 0 (0)                     ; 0 (0)         ; 0                 ; 0     ; 0          ; 0    ; 0            ; |Divider|pu4s:u3|pu:u3|mux2x1_16bit:u2                          ; mux2x1_16bit ; work         ;
;       |pu:u4|                ; 22.0 (0.0)           ; 23.0 (0.0)                       ; 1.0 (0.0)                                         ; 0.0 (0.0)                        ; 0.0 (0.0)            ; 36 (0)              ; 0 (0)                     ; 0 (0)         ; 0                 ; 0     ; 0          ; 0    ; 0            ; |Divider|pu4s:u3|pu:u4                                          ; pu           ; work         ;
;          |FAdder_16bit:u1|   ; 13.5 (0.0)           ; 13.5 (0.0)                       ; 0.0 (0.0)                                         ; 0.0 (0.0)                        ; 0.0 (0.0)            ; 21 (0)              ; 0 (0)                     ; 0 (0)         ; 0                 ; 0     ; 0          ; 0    ; 0            ; |Divider|pu4s:u3|pu:u4|FAdder_16bit:u1                          ; FAdder_16bit ; work         ;
;             |FAdder_4bit:u1| ; 2.0 (0.0)            ; 2.0 (0.0)                        ; 0.0 (0.0)                                         ; 0.0 (0.0)                        ; 0.0 (0.0)            ; 3 (0)               ; 0 (0)                     ; 0 (0)         ; 0                 ; 0     ; 0          ; 0    ; 0            ; |Divider|pu4s:u3|pu:u4|FAdder_16bit:u1|FAdder_4bit:u1           ; FAdder_4bit  ; work         ;
;                |FAdder:u2|   ; 1.0 (1.0)            ; 1.0 (1.0)                        ; 0.0 (0.0)                                         ; 0.0 (0.0)                        ; 0.0 (0.0)            ; 1 (1)               ; 0 (0)                     ; 0 (0)         ; 0                 ; 0     ; 0          ; 0    ; 0            ; |Divider|pu4s:u3|pu:u4|FAdder_16bit:u1|FAdder_4bit:u1|FAdder:u2 ; FAdder       ; work         ;
;                |FAdder:u4|   ; 1.0 (1.0)            ; 1.0 (1.0)                        ; 0.0 (0.0)                                         ; 0.0 (0.0)                        ; 0.0 (0.0)            ; 2 (2)               ; 0 (0)                     ; 0 (0)         ; 0                 ; 0     ; 0          ; 0    ; 0            ; |Divider|pu4s:u3|pu:u4|FAdder_16bit:u1|FAdder_4bit:u1|FAdder:u4 ; FAdder       ; work         ;
;             |FAdder_4bit:u2| ; 3.5 (0.0)            ; 3.5 (0.0)                        ; 0.0 (0.0)                                         ; 0.0 (0.0)                        ; 0.0 (0.0)            ; 5 (0)               ; 0 (0)                     ; 0 (0)         ; 0                 ; 0     ; 0          ; 0    ; 0            ; |Divider|pu4s:u3|pu:u4|FAdder_16bit:u1|FAdder_4bit:u2           ; FAdder_4bit  ; work         ;
;                |FAdder:u1|   ; 2.0 (2.0)            ; 2.0 (2.0)                        ; 0.0 (0.0)                                         ; 0.0 (0.0)                        ; 0.0 (0.0)            ; 3 (3)               ; 0 (0)                     ; 0 (0)         ; 0                 ; 0     ; 0          ; 0    ; 0            ; |Divider|pu4s:u3|pu:u4|FAdder_16bit:u1|FAdder_4bit:u2|FAdder:u1 ; FAdder       ; work         ;
;                |FAdder:u2|   ; 0.5 (0.5)            ; 0.5 (0.5)                        ; 0.0 (0.0)                                         ; 0.0 (0.0)                        ; 0.0 (0.0)            ; 1 (1)               ; 0 (0)                     ; 0 (0)         ; 0                 ; 0     ; 0          ; 0    ; 0            ; |Divider|pu4s:u3|pu:u4|FAdder_16bit:u1|FAdder_4bit:u2|FAdder:u2 ; FAdder       ; work         ;
;                |FAdder:u3|   ; 1.0 (1.0)            ; 1.0 (1.0)                        ; 0.0 (0.0)                                         ; 0.0 (0.0)                        ; 0.0 (0.0)            ; 1 (1)               ; 0 (0)                     ; 0 (0)         ; 0                 ; 0     ; 0          ; 0    ; 0            ; |Divider|pu4s:u3|pu:u4|FAdder_16bit:u1|FAdder_4bit:u2|FAdder:u3 ; FAdder       ; work         ;
;             |FAdder_4bit:u3| ; 4.5 (0.0)            ; 4.5 (0.0)                        ; 0.0 (0.0)                                         ; 0.0 (0.0)                        ; 0.0 (0.0)            ; 7 (0)               ; 0 (0)                     ; 0 (0)         ; 0                 ; 0     ; 0          ; 0    ; 0            ; |Divider|pu4s:u3|pu:u4|FAdder_16bit:u1|FAdder_4bit:u3           ; FAdder_4bit  ; work         ;
;                |FAdder:u1|   ; 1.0 (1.0)            ; 1.0 (1.0)                        ; 0.0 (0.0)                                         ; 0.0 (0.0)                        ; 0.0 (0.0)            ; 2 (2)               ; 0 (0)                     ; 0 (0)         ; 0                 ; 0     ; 0          ; 0    ; 0            ; |Divider|pu4s:u3|pu:u4|FAdder_16bit:u1|FAdder_4bit:u3|FAdder:u1 ; FAdder       ; work         ;
;                |FAdder:u2|   ; 2.0 (2.0)            ; 2.0 (2.0)                        ; 0.0 (0.0)                                         ; 0.0 (0.0)                        ; 0.0 (0.0)            ; 3 (3)               ; 0 (0)                     ; 0 (0)         ; 0                 ; 0     ; 0          ; 0    ; 0            ; |Divider|pu4s:u3|pu:u4|FAdder_16bit:u1|FAdder_4bit:u3|FAdder:u2 ; FAdder       ; work         ;
;                |FAdder:u3|   ; 0.5 (0.5)            ; 0.5 (0.5)                        ; 0.0 (0.0)                                         ; 0.0 (0.0)                        ; 0.0 (0.0)            ; 1 (1)               ; 0 (0)                     ; 0 (0)         ; 0                 ; 0     ; 0          ; 0    ; 0            ; |Divider|pu4s:u3|pu:u4|FAdder_16bit:u1|FAdder_4bit:u3|FAdder:u3 ; FAdder       ; work         ;
;                |FAdder:u4|   ; 1.0 (1.0)            ; 1.0 (1.0)                        ; 0.0 (0.0)                                         ; 0.0 (0.0)                        ; 0.0 (0.0)            ; 1 (1)               ; 0 (0)                     ; 0 (0)         ; 0                 ; 0     ; 0          ; 0    ; 0            ; |Divider|pu4s:u3|pu:u4|FAdder_16bit:u1|FAdder_4bit:u3|FAdder:u4 ; FAdder       ; work         ;
;             |FAdder_4bit:u4| ; 3.5 (0.0)            ; 3.5 (0.0)                        ; 0.0 (0.0)                                         ; 0.0 (0.0)                        ; 0.0 (0.0)            ; 6 (0)               ; 0 (0)                     ; 0 (0)         ; 0                 ; 0     ; 0          ; 0    ; 0            ; |Divider|pu4s:u3|pu:u4|FAdder_16bit:u1|FAdder_4bit:u4           ; FAdder_4bit  ; work         ;
;                |FAdder:u1|   ; 0.5 (0.5)            ; 0.5 (0.5)                        ; 0.0 (0.0)                                         ; 0.0 (0.0)                        ; 0.0 (0.0)            ; 1 (1)               ; 0 (0)                     ; 0 (0)         ; 0                 ; 0     ; 0          ; 0    ; 0            ; |Divider|pu4s:u3|pu:u4|FAdder_16bit:u1|FAdder_4bit:u4|FAdder:u1 ; FAdder       ; work         ;
;                |FAdder:u2|   ; 0.5 (0.5)            ; 0.5 (0.5)                        ; 0.0 (0.0)                                         ; 0.0 (0.0)                        ; 0.0 (0.0)            ; 1 (1)               ; 0 (0)                     ; 0 (0)         ; 0                 ; 0     ; 0          ; 0    ; 0            ; |Divider|pu4s:u3|pu:u4|FAdder_16bit:u1|FAdder_4bit:u4|FAdder:u2 ; FAdder       ; work         ;
;                |FAdder:u4|   ; 2.5 (2.5)            ; 2.5 (2.5)                        ; 0.0 (0.0)                                         ; 0.0 (0.0)                        ; 0.0 (0.0)            ; 4 (4)               ; 0 (0)                     ; 0 (0)         ; 0                 ; 0     ; 0          ; 0    ; 0            ; |Divider|pu4s:u3|pu:u4|FAdder_16bit:u1|FAdder_4bit:u4|FAdder:u4 ; FAdder       ; work         ;
;          |mux2x1_16bit:u2|   ; 8.5 (8.5)            ; 9.5 (9.5)                        ; 1.0 (1.0)                                         ; 0.0 (0.0)                        ; 0.0 (0.0)            ; 15 (15)             ; 0 (0)                     ; 0 (0)         ; 0                 ; 0     ; 0          ; 0    ; 0            ; |Divider|pu4s:u3|pu:u4|mux2x1_16bit:u2                          ; mux2x1_16bit ; work         ;
;    |pu4s:u4|                 ; 97.0 (0.0)           ; 97.0 (0.0)                       ; 0.0 (0.0)                                         ; 0.0 (0.0)                        ; 0.0 (0.0)            ; 151 (0)             ; 0 (0)                     ; 0 (0)         ; 0                 ; 0     ; 0          ; 0    ; 0            ; |Divider|pu4s:u4                                                ; pu4s         ; work         ;
;       |pu:u1|                ; 23.0 (0.0)           ; 23.0 (0.0)                       ; 0.0 (0.0)                                         ; 0.0 (0.0)                        ; 0.0 (0.0)            ; 36 (0)              ; 0 (0)                     ; 0 (0)         ; 0                 ; 0     ; 0          ; 0    ; 0            ; |Divider|pu4s:u4|pu:u1                                          ; pu           ; work         ;
;          |FAdder_16bit:u1|   ; 14.0 (0.0)           ; 14.0 (0.0)                       ; 0.0 (0.0)                                         ; 0.0 (0.0)                        ; 0.0 (0.0)            ; 21 (0)              ; 0 (0)                     ; 0 (0)         ; 0                 ; 0     ; 0          ; 0    ; 0            ; |Divider|pu4s:u4|pu:u1|FAdder_16bit:u1                          ; FAdder_16bit ; work         ;
;             |FAdder_4bit:u1| ; 2.0 (0.0)            ; 2.0 (0.0)                        ; 0.0 (0.0)                                         ; 0.0 (0.0)                        ; 0.0 (0.0)            ; 3 (0)               ; 0 (0)                     ; 0 (0)         ; 0                 ; 0     ; 0          ; 0    ; 0            ; |Divider|pu4s:u4|pu:u1|FAdder_16bit:u1|FAdder_4bit:u1           ; FAdder_4bit  ; work         ;
;                |FAdder:u2|   ; 1.0 (1.0)            ; 1.0 (1.0)                        ; 0.0 (0.0)                                         ; 0.0 (0.0)                        ; 0.0 (0.0)            ; 1 (1)               ; 0 (0)                     ; 0 (0)         ; 0                 ; 0     ; 0          ; 0    ; 0            ; |Divider|pu4s:u4|pu:u1|FAdder_16bit:u1|FAdder_4bit:u1|FAdder:u2 ; FAdder       ; work         ;
;                |FAdder:u4|   ; 1.0 (1.0)            ; 1.0 (1.0)                        ; 0.0 (0.0)                                         ; 0.0 (0.0)                        ; 0.0 (0.0)            ; 2 (2)               ; 0 (0)                     ; 0 (0)         ; 0                 ; 0     ; 0          ; 0    ; 0            ; |Divider|pu4s:u4|pu:u1|FAdder_16bit:u1|FAdder_4bit:u1|FAdder:u4 ; FAdder       ; work         ;
;             |FAdder_4bit:u2| ; 4.0 (0.0)            ; 4.0 (0.0)                        ; 0.0 (0.0)                                         ; 0.0 (0.0)                        ; 0.0 (0.0)            ; 5 (0)               ; 0 (0)                     ; 0 (0)         ; 0                 ; 0     ; 0          ; 0    ; 0            ; |Divider|pu4s:u4|pu:u1|FAdder_16bit:u1|FAdder_4bit:u2           ; FAdder_4bit  ; work         ;
;                |FAdder:u1|   ; 2.5 (2.5)            ; 2.5 (2.5)                        ; 0.0 (0.0)                                         ; 0.0 (0.0)                        ; 0.0 (0.0)            ; 3 (3)               ; 0 (0)                     ; 0 (0)         ; 0                 ; 0     ; 0          ; 0    ; 0            ; |Divider|pu4s:u4|pu:u1|FAdder_16bit:u1|FAdder_4bit:u2|FAdder:u1 ; FAdder       ; work         ;
;                |FAdder:u2|   ; 0.5 (0.5)            ; 0.5 (0.5)                        ; 0.0 (0.0)                                         ; 0.0 (0.0)                        ; 0.0 (0.0)            ; 1 (1)               ; 0 (0)                     ; 0 (0)         ; 0                 ; 0     ; 0          ; 0    ; 0            ; |Divider|pu4s:u4|pu:u1|FAdder_16bit:u1|FAdder_4bit:u2|FAdder:u2 ; FAdder       ; work         ;
;                |FAdder:u3|   ; 1.0 (1.0)            ; 1.0 (1.0)                        ; 0.0 (0.0)                                         ; 0.0 (0.0)                        ; 0.0 (0.0)            ; 1 (1)               ; 0 (0)                     ; 0 (0)         ; 0                 ; 0     ; 0          ; 0    ; 0            ; |Divider|pu4s:u4|pu:u1|FAdder_16bit:u1|FAdder_4bit:u2|FAdder:u3 ; FAdder       ; work         ;
;             |FAdder_4bit:u3| ; 4.5 (0.0)            ; 4.5 (0.0)                        ; 0.0 (0.0)                                         ; 0.0 (0.0)                        ; 0.0 (0.0)            ; 7 (0)               ; 0 (0)                     ; 0 (0)         ; 0                 ; 0     ; 0          ; 0    ; 0            ; |Divider|pu4s:u4|pu:u1|FAdder_16bit:u1|FAdder_4bit:u3           ; FAdder_4bit  ; work         ;
;                |FAdder:u1|   ; 1.0 (1.0)            ; 1.0 (1.0)                        ; 0.0 (0.0)                                         ; 0.0 (0.0)                        ; 0.0 (0.0)            ; 2 (2)               ; 0 (0)                     ; 0 (0)         ; 0                 ; 0     ; 0          ; 0    ; 0            ; |Divider|pu4s:u4|pu:u1|FAdder_16bit:u1|FAdder_4bit:u3|FAdder:u1 ; FAdder       ; work         ;
;                |FAdder:u2|   ; 2.0 (2.0)            ; 2.0 (2.0)                        ; 0.0 (0.0)                                         ; 0.0 (0.0)                        ; 0.0 (0.0)            ; 3 (3)               ; 0 (0)                     ; 0 (0)         ; 0                 ; 0     ; 0          ; 0    ; 0            ; |Divider|pu4s:u4|pu:u1|FAdder_16bit:u1|FAdder_4bit:u3|FAdder:u2 ; FAdder       ; work         ;
;                |FAdder:u3|   ; 0.5 (0.5)            ; 0.5 (0.5)                        ; 0.0 (0.0)                                         ; 0.0 (0.0)                        ; 0.0 (0.0)            ; 1 (1)               ; 0 (0)                     ; 0 (0)         ; 0                 ; 0     ; 0          ; 0    ; 0            ; |Divider|pu4s:u4|pu:u1|FAdder_16bit:u1|FAdder_4bit:u3|FAdder:u3 ; FAdder       ; work         ;
;                |FAdder:u4|   ; 1.0 (1.0)            ; 1.0 (1.0)                        ; 0.0 (0.0)                                         ; 0.0 (0.0)                        ; 0.0 (0.0)            ; 1 (1)               ; 0 (0)                     ; 0 (0)         ; 0                 ; 0     ; 0          ; 0    ; 0            ; |Divider|pu4s:u4|pu:u1|FAdder_16bit:u1|FAdder_4bit:u3|FAdder:u4 ; FAdder       ; work         ;
;             |FAdder_4bit:u4| ; 3.5 (0.0)            ; 3.5 (0.0)                        ; 0.0 (0.0)                                         ; 0.0 (0.0)                        ; 0.0 (0.0)            ; 6 (0)               ; 0 (0)                     ; 0 (0)         ; 0                 ; 0     ; 0          ; 0    ; 0            ; |Divider|pu4s:u4|pu:u1|FAdder_16bit:u1|FAdder_4bit:u4           ; FAdder_4bit  ; work         ;
;                |FAdder:u1|   ; 0.0 (0.0)            ; 0.0 (0.0)                        ; 0.0 (0.0)                                         ; 0.0 (0.0)                        ; 0.0 (0.0)            ; 1 (1)               ; 0 (0)                     ; 0 (0)         ; 0                 ; 0     ; 0          ; 0    ; 0            ; |Divider|pu4s:u4|pu:u1|FAdder_16bit:u1|FAdder_4bit:u4|FAdder:u1 ; FAdder       ; work         ;
;                |FAdder:u2|   ; 1.0 (1.0)            ; 1.0 (1.0)                        ; 0.0 (0.0)                                         ; 0.0 (0.0)                        ; 0.0 (0.0)            ; 1 (1)               ; 0 (0)                     ; 0 (0)         ; 0                 ; 0     ; 0          ; 0    ; 0            ; |Divider|pu4s:u4|pu:u1|FAdder_16bit:u1|FAdder_4bit:u4|FAdder:u2 ; FAdder       ; work         ;
;                |FAdder:u4|   ; 2.5 (2.5)            ; 2.5 (2.5)                        ; 0.0 (0.0)                                         ; 0.0 (0.0)                        ; 0.0 (0.0)            ; 4 (4)               ; 0 (0)                     ; 0 (0)         ; 0                 ; 0     ; 0          ; 0    ; 0            ; |Divider|pu4s:u4|pu:u1|FAdder_16bit:u1|FAdder_4bit:u4|FAdder:u4 ; FAdder       ; work         ;
;          |mux2x1_16bit:u2|   ; 9.0 (9.0)            ; 9.0 (9.0)                        ; 0.0 (0.0)                                         ; 0.0 (0.0)                        ; 0.0 (0.0)            ; 15 (15)             ; 0 (0)                     ; 0 (0)         ; 0                 ; 0     ; 0          ; 0    ; 0            ; |Divider|pu4s:u4|pu:u1|mux2x1_16bit:u2                          ; mux2x1_16bit ; work         ;
;       |pu:u2|                ; 21.5 (0.0)           ; 21.5 (0.0)                       ; 0.0 (0.0)                                         ; 0.0 (0.0)                        ; 0.0 (0.0)            ; 36 (0)              ; 0 (0)                     ; 0 (0)         ; 0                 ; 0     ; 0          ; 0    ; 0            ; |Divider|pu4s:u4|pu:u2                                          ; pu           ; work         ;
;          |FAdder_16bit:u1|   ; 13.5 (0.0)           ; 13.5 (0.0)                       ; 0.0 (0.0)                                         ; 0.0 (0.0)                        ; 0.0 (0.0)            ; 21 (0)              ; 0 (0)                     ; 0 (0)         ; 0                 ; 0     ; 0          ; 0    ; 0            ; |Divider|pu4s:u4|pu:u2|FAdder_16bit:u1                          ; FAdder_16bit ; work         ;
;             |FAdder_4bit:u1| ; 2.0 (0.0)            ; 2.0 (0.0)                        ; 0.0 (0.0)                                         ; 0.0 (0.0)                        ; 0.0 (0.0)            ; 3 (0)               ; 0 (0)                     ; 0 (0)         ; 0                 ; 0     ; 0          ; 0    ; 0            ; |Divider|pu4s:u4|pu:u2|FAdder_16bit:u1|FAdder_4bit:u1           ; FAdder_4bit  ; work         ;
;                |FAdder:u2|   ; 1.0 (1.0)            ; 1.0 (1.0)                        ; 0.0 (0.0)                                         ; 0.0 (0.0)                        ; 0.0 (0.0)            ; 1 (1)               ; 0 (0)                     ; 0 (0)         ; 0                 ; 0     ; 0          ; 0    ; 0            ; |Divider|pu4s:u4|pu:u2|FAdder_16bit:u1|FAdder_4bit:u1|FAdder:u2 ; FAdder       ; work         ;
;                |FAdder:u4|   ; 1.0 (1.0)            ; 1.0 (1.0)                        ; 0.0 (0.0)                                         ; 0.0 (0.0)                        ; 0.0 (0.0)            ; 2 (2)               ; 0 (0)                     ; 0 (0)         ; 0                 ; 0     ; 0          ; 0    ; 0            ; |Divider|pu4s:u4|pu:u2|FAdder_16bit:u1|FAdder_4bit:u1|FAdder:u4 ; FAdder       ; work         ;
;             |FAdder_4bit:u2| ; 3.5 (0.0)            ; 3.5 (0.0)                        ; 0.0 (0.0)                                         ; 0.0 (0.0)                        ; 0.0 (0.0)            ; 5 (0)               ; 0 (0)                     ; 0 (0)         ; 0                 ; 0     ; 0          ; 0    ; 0            ; |Divider|pu4s:u4|pu:u2|FAdder_16bit:u1|FAdder_4bit:u2           ; FAdder_4bit  ; work         ;
;                |FAdder:u1|   ; 2.0 (2.0)            ; 2.0 (2.0)                        ; 0.0 (0.0)                                         ; 0.0 (0.0)                        ; 0.0 (0.0)            ; 3 (3)               ; 0 (0)                     ; 0 (0)         ; 0                 ; 0     ; 0          ; 0    ; 0            ; |Divider|pu4s:u4|pu:u2|FAdder_16bit:u1|FAdder_4bit:u2|FAdder:u1 ; FAdder       ; work         ;
;                |FAdder:u2|   ; 0.5 (0.5)            ; 0.5 (0.5)                        ; 0.0 (0.0)                                         ; 0.0 (0.0)                        ; 0.0 (0.0)            ; 1 (1)               ; 0 (0)                     ; 0 (0)         ; 0                 ; 0     ; 0          ; 0    ; 0            ; |Divider|pu4s:u4|pu:u2|FAdder_16bit:u1|FAdder_4bit:u2|FAdder:u2 ; FAdder       ; work         ;
;                |FAdder:u3|   ; 1.0 (1.0)            ; 1.0 (1.0)                        ; 0.0 (0.0)                                         ; 0.0 (0.0)                        ; 0.0 (0.0)            ; 1 (1)               ; 0 (0)                     ; 0 (0)         ; 0                 ; 0     ; 0          ; 0    ; 0            ; |Divider|pu4s:u4|pu:u2|FAdder_16bit:u1|FAdder_4bit:u2|FAdder:u3 ; FAdder       ; work         ;
;             |FAdder_4bit:u3| ; 4.5 (0.0)            ; 4.5 (0.0)                        ; 0.0 (0.0)                                         ; 0.0 (0.0)                        ; 0.0 (0.0)            ; 7 (0)               ; 0 (0)                     ; 0 (0)         ; 0                 ; 0     ; 0          ; 0    ; 0            ; |Divider|pu4s:u4|pu:u2|FAdder_16bit:u1|FAdder_4bit:u3           ; FAdder_4bit  ; work         ;
;                |FAdder:u1|   ; 1.0 (1.0)            ; 1.0 (1.0)                        ; 0.0 (0.0)                                         ; 0.0 (0.0)                        ; 0.0 (0.0)            ; 2 (2)               ; 0 (0)                     ; 0 (0)         ; 0                 ; 0     ; 0          ; 0    ; 0            ; |Divider|pu4s:u4|pu:u2|FAdder_16bit:u1|FAdder_4bit:u3|FAdder:u1 ; FAdder       ; work         ;
;                |FAdder:u2|   ; 2.0 (2.0)            ; 2.0 (2.0)                        ; 0.0 (0.0)                                         ; 0.0 (0.0)                        ; 0.0 (0.0)            ; 3 (3)               ; 0 (0)                     ; 0 (0)         ; 0                 ; 0     ; 0          ; 0    ; 0            ; |Divider|pu4s:u4|pu:u2|FAdder_16bit:u1|FAdder_4bit:u3|FAdder:u2 ; FAdder       ; work         ;
;                |FAdder:u3|   ; 0.5 (0.5)            ; 0.5 (0.5)                        ; 0.0 (0.0)                                         ; 0.0 (0.0)                        ; 0.0 (0.0)            ; 1 (1)               ; 0 (0)                     ; 0 (0)         ; 0                 ; 0     ; 0          ; 0    ; 0            ; |Divider|pu4s:u4|pu:u2|FAdder_16bit:u1|FAdder_4bit:u3|FAdder:u3 ; FAdder       ; work         ;
;                |FAdder:u4|   ; 1.0 (1.0)            ; 1.0 (1.0)                        ; 0.0 (0.0)                                         ; 0.0 (0.0)                        ; 0.0 (0.0)            ; 1 (1)               ; 0 (0)                     ; 0 (0)         ; 0                 ; 0     ; 0          ; 0    ; 0            ; |Divider|pu4s:u4|pu:u2|FAdder_16bit:u1|FAdder_4bit:u3|FAdder:u4 ; FAdder       ; work         ;
;             |FAdder_4bit:u4| ; 3.5 (0.0)            ; 3.5 (0.0)                        ; 0.0 (0.0)                                         ; 0.0 (0.0)                        ; 0.0 (0.0)            ; 6 (0)               ; 0 (0)                     ; 0 (0)         ; 0                 ; 0     ; 0          ; 0    ; 0            ; |Divider|pu4s:u4|pu:u2|FAdder_16bit:u1|FAdder_4bit:u4           ; FAdder_4bit  ; work         ;
;                |FAdder:u1|   ; 0.5 (0.5)            ; 0.5 (0.5)                        ; 0.0 (0.0)                                         ; 0.0 (0.0)                        ; 0.0 (0.0)            ; 1 (1)               ; 0 (0)                     ; 0 (0)         ; 0                 ; 0     ; 0          ; 0    ; 0            ; |Divider|pu4s:u4|pu:u2|FAdder_16bit:u1|FAdder_4bit:u4|FAdder:u1 ; FAdder       ; work         ;
;                |FAdder:u2|   ; 0.5 (0.5)            ; 0.5 (0.5)                        ; 0.0 (0.0)                                         ; 0.0 (0.0)                        ; 0.0 (0.0)            ; 1 (1)               ; 0 (0)                     ; 0 (0)         ; 0                 ; 0     ; 0          ; 0    ; 0            ; |Divider|pu4s:u4|pu:u2|FAdder_16bit:u1|FAdder_4bit:u4|FAdder:u2 ; FAdder       ; work         ;
;                |FAdder:u4|   ; 2.5 (2.5)            ; 2.5 (2.5)                        ; 0.0 (0.0)                                         ; 0.0 (0.0)                        ; 0.0 (0.0)            ; 4 (4)               ; 0 (0)                     ; 0 (0)         ; 0                 ; 0     ; 0          ; 0    ; 0            ; |Divider|pu4s:u4|pu:u2|FAdder_16bit:u1|FAdder_4bit:u4|FAdder:u4 ; FAdder       ; work         ;
;          |mux2x1_16bit:u2|   ; 8.0 (8.0)            ; 8.0 (8.0)                        ; 0.0 (0.0)                                         ; 0.0 (0.0)                        ; 0.0 (0.0)            ; 15 (15)             ; 0 (0)                     ; 0 (0)         ; 0                 ; 0     ; 0          ; 0    ; 0            ; |Divider|pu4s:u4|pu:u2|mux2x1_16bit:u2                          ; mux2x1_16bit ; work         ;
;       |pu:u3|                ; 23.5 (0.0)           ; 23.5 (0.0)                       ; 0.0 (0.0)                                         ; 0.0 (0.0)                        ; 0.0 (0.0)            ; 36 (0)              ; 0 (0)                     ; 0 (0)         ; 0                 ; 0     ; 0          ; 0    ; 0            ; |Divider|pu4s:u4|pu:u3                                          ; pu           ; work         ;
;          |FAdder_16bit:u1|   ; 14.5 (0.0)           ; 14.5 (0.0)                       ; 0.0 (0.0)                                         ; 0.0 (0.0)                        ; 0.0 (0.0)            ; 21 (0)              ; 0 (0)                     ; 0 (0)         ; 0                 ; 0     ; 0          ; 0    ; 0            ; |Divider|pu4s:u4|pu:u3|FAdder_16bit:u1                          ; FAdder_16bit ; work         ;
;             |FAdder_4bit:u1| ; 2.0 (0.0)            ; 2.0 (0.0)                        ; 0.0 (0.0)                                         ; 0.0 (0.0)                        ; 0.0 (0.0)            ; 3 (0)               ; 0 (0)                     ; 0 (0)         ; 0                 ; 0     ; 0          ; 0    ; 0            ; |Divider|pu4s:u4|pu:u3|FAdder_16bit:u1|FAdder_4bit:u1           ; FAdder_4bit  ; work         ;
;                |FAdder:u2|   ; 1.0 (1.0)            ; 1.0 (1.0)                        ; 0.0 (0.0)                                         ; 0.0 (0.0)                        ; 0.0 (0.0)            ; 1 (1)               ; 0 (0)                     ; 0 (0)         ; 0                 ; 0     ; 0          ; 0    ; 0            ; |Divider|pu4s:u4|pu:u3|FAdder_16bit:u1|FAdder_4bit:u1|FAdder:u2 ; FAdder       ; work         ;
;                |FAdder:u4|   ; 1.0 (1.0)            ; 1.0 (1.0)                        ; 0.0 (0.0)                                         ; 0.0 (0.0)                        ; 0.0 (0.0)            ; 2 (2)               ; 0 (0)                     ; 0 (0)         ; 0                 ; 0     ; 0          ; 0    ; 0            ; |Divider|pu4s:u4|pu:u3|FAdder_16bit:u1|FAdder_4bit:u1|FAdder:u4 ; FAdder       ; work         ;
;             |FAdder_4bit:u2| ; 4.0 (0.0)            ; 4.0 (0.0)                        ; 0.0 (0.0)                                         ; 0.0 (0.0)                        ; 0.0 (0.0)            ; 5 (0)               ; 0 (0)                     ; 0 (0)         ; 0                 ; 0     ; 0          ; 0    ; 0            ; |Divider|pu4s:u4|pu:u3|FAdder_16bit:u1|FAdder_4bit:u2           ; FAdder_4bit  ; work         ;
;                |FAdder:u1|   ; 2.5 (2.5)            ; 2.5 (2.5)                        ; 0.0 (0.0)                                         ; 0.0 (0.0)                        ; 0.0 (0.0)            ; 3 (3)               ; 0 (0)                     ; 0 (0)         ; 0                 ; 0     ; 0          ; 0    ; 0            ; |Divider|pu4s:u4|pu:u3|FAdder_16bit:u1|FAdder_4bit:u2|FAdder:u1 ; FAdder       ; work         ;
;                |FAdder:u2|   ; 0.5 (0.5)            ; 0.5 (0.5)                        ; 0.0 (0.0)                                         ; 0.0 (0.0)                        ; 0.0 (0.0)            ; 1 (1)               ; 0 (0)                     ; 0 (0)         ; 0                 ; 0     ; 0          ; 0    ; 0            ; |Divider|pu4s:u4|pu:u3|FAdder_16bit:u1|FAdder_4bit:u2|FAdder:u2 ; FAdder       ; work         ;
;                |FAdder:u3|   ; 1.0 (1.0)            ; 1.0 (1.0)                        ; 0.0 (0.0)                                         ; 0.0 (0.0)                        ; 0.0 (0.0)            ; 1 (1)               ; 0 (0)                     ; 0 (0)         ; 0                 ; 0     ; 0          ; 0    ; 0            ; |Divider|pu4s:u4|pu:u3|FAdder_16bit:u1|FAdder_4bit:u2|FAdder:u3 ; FAdder       ; work         ;
;             |FAdder_4bit:u3| ; 5.0 (0.0)            ; 5.0 (0.0)                        ; 0.0 (0.0)                                         ; 0.0 (0.0)                        ; 0.0 (0.0)            ; 7 (0)               ; 0 (0)                     ; 0 (0)         ; 0                 ; 0     ; 0          ; 0    ; 0            ; |Divider|pu4s:u4|pu:u3|FAdder_16bit:u1|FAdder_4bit:u3           ; FAdder_4bit  ; work         ;
;                |FAdder:u1|   ; 1.0 (1.0)            ; 1.0 (1.0)                        ; 0.0 (0.0)                                         ; 0.0 (0.0)                        ; 0.0 (0.0)            ; 2 (2)               ; 0 (0)                     ; 0 (0)         ; 0                 ; 0     ; 0          ; 0    ; 0            ; |Divider|pu4s:u4|pu:u3|FAdder_16bit:u1|FAdder_4bit:u3|FAdder:u1 ; FAdder       ; work         ;
;                |FAdder:u2|   ; 2.5 (2.5)            ; 2.5 (2.5)                        ; 0.0 (0.0)                                         ; 0.0 (0.0)                        ; 0.0 (0.0)            ; 3 (3)               ; 0 (0)                     ; 0 (0)         ; 0                 ; 0     ; 0          ; 0    ; 0            ; |Divider|pu4s:u4|pu:u3|FAdder_16bit:u1|FAdder_4bit:u3|FAdder:u2 ; FAdder       ; work         ;
;                |FAdder:u3|   ; 0.5 (0.5)            ; 0.5 (0.5)                        ; 0.0 (0.0)                                         ; 0.0 (0.0)                        ; 0.0 (0.0)            ; 1 (1)               ; 0 (0)                     ; 0 (0)         ; 0                 ; 0     ; 0          ; 0    ; 0            ; |Divider|pu4s:u4|pu:u3|FAdder_16bit:u1|FAdder_4bit:u3|FAdder:u3 ; FAdder       ; work         ;
;                |FAdder:u4|   ; 1.0 (1.0)            ; 1.0 (1.0)                        ; 0.0 (0.0)                                         ; 0.0 (0.0)                        ; 0.0 (0.0)            ; 1 (1)               ; 0 (0)                     ; 0 (0)         ; 0                 ; 0     ; 0          ; 0    ; 0            ; |Divider|pu4s:u4|pu:u3|FAdder_16bit:u1|FAdder_4bit:u3|FAdder:u4 ; FAdder       ; work         ;
;             |FAdder_4bit:u4| ; 3.5 (0.0)            ; 3.5 (0.0)                        ; 0.0 (0.0)                                         ; 0.0 (0.0)                        ; 0.0 (0.0)            ; 6 (0)               ; 0 (0)                     ; 0 (0)         ; 0                 ; 0     ; 0          ; 0    ; 0            ; |Divider|pu4s:u4|pu:u3|FAdder_16bit:u1|FAdder_4bit:u4           ; FAdder_4bit  ; work         ;
;                |FAdder:u1|   ; 0.5 (0.5)            ; 0.5 (0.5)                        ; 0.0 (0.0)                                         ; 0.0 (0.0)                        ; 0.0 (0.0)            ; 1 (1)               ; 0 (0)                     ; 0 (0)         ; 0                 ; 0     ; 0          ; 0    ; 0            ; |Divider|pu4s:u4|pu:u3|FAdder_16bit:u1|FAdder_4bit:u4|FAdder:u1 ; FAdder       ; work         ;
;                |FAdder:u2|   ; 0.5 (0.5)            ; 0.5 (0.5)                        ; 0.0 (0.0)                                         ; 0.0 (0.0)                        ; 0.0 (0.0)            ; 1 (1)               ; 0 (0)                     ; 0 (0)         ; 0                 ; 0     ; 0          ; 0    ; 0            ; |Divider|pu4s:u4|pu:u3|FAdder_16bit:u1|FAdder_4bit:u4|FAdder:u2 ; FAdder       ; work         ;
;                |FAdder:u4|   ; 2.5 (2.5)            ; 2.5 (2.5)                        ; 0.0 (0.0)                                         ; 0.0 (0.0)                        ; 0.0 (0.0)            ; 4 (4)               ; 0 (0)                     ; 0 (0)         ; 0                 ; 0     ; 0          ; 0    ; 0            ; |Divider|pu4s:u4|pu:u3|FAdder_16bit:u1|FAdder_4bit:u4|FAdder:u4 ; FAdder       ; work         ;
;          |mux2x1_16bit:u2|   ; 9.0 (9.0)            ; 9.0 (9.0)                        ; 0.0 (0.0)                                         ; 0.0 (0.0)                        ; 0.0 (0.0)            ; 15 (15)             ; 0 (0)                     ; 0 (0)         ; 0                 ; 0     ; 0          ; 0    ; 0            ; |Divider|pu4s:u4|pu:u3|mux2x1_16bit:u2                          ; mux2x1_16bit ; work         ;
;       |pu:u4|                ; 29.0 (0.0)           ; 29.0 (0.0)                       ; 0.0 (0.0)                                         ; 0.0 (0.0)                        ; 0.0 (0.0)            ; 43 (0)              ; 0 (0)                     ; 0 (0)         ; 0                 ; 0     ; 0          ; 0    ; 0            ; |Divider|pu4s:u4|pu:u4                                          ; pu           ; work         ;
;          |FAdder_16bit:u1|   ; 20.0 (0.0)           ; 20.0 (0.0)                       ; 0.0 (0.0)                                         ; 0.0 (0.0)                        ; 0.0 (0.0)            ; 27 (0)              ; 0 (0)                     ; 0 (0)         ; 0                 ; 0     ; 0          ; 0    ; 0            ; |Divider|pu4s:u4|pu:u4|FAdder_16bit:u1                          ; FAdder_16bit ; work         ;
;             |FAdder_4bit:u1| ; 3.0 (0.0)            ; 3.0 (0.0)                        ; 0.0 (0.0)                                         ; 0.0 (0.0)                        ; 0.0 (0.0)            ; 4 (0)               ; 0 (0)                     ; 0 (0)         ; 0                 ; 0     ; 0          ; 0    ; 0            ; |Divider|pu4s:u4|pu:u4|FAdder_16bit:u1|FAdder_4bit:u1           ; FAdder_4bit  ; work         ;
;                |FAdder:u2|   ; 2.0 (2.0)            ; 2.0 (2.0)                        ; 0.0 (0.0)                                         ; 0.0 (0.0)                        ; 0.0 (0.0)            ; 2 (2)               ; 0 (0)                     ; 0 (0)         ; 0                 ; 0     ; 0          ; 0    ; 0            ; |Divider|pu4s:u4|pu:u4|FAdder_16bit:u1|FAdder_4bit:u1|FAdder:u2 ; FAdder       ; work         ;
;                |FAdder:u3|   ; 0.5 (0.5)            ; 0.5 (0.5)                        ; 0.0 (0.0)                                         ; 0.0 (0.0)                        ; 0.0 (0.0)            ; 1 (1)               ; 0 (0)                     ; 0 (0)         ; 0                 ; 0     ; 0          ; 0    ; 0            ; |Divider|pu4s:u4|pu:u4|FAdder_16bit:u1|FAdder_4bit:u1|FAdder:u3 ; FAdder       ; work         ;
;                |FAdder:u4|   ; 0.5 (0.5)            ; 0.5 (0.5)                        ; 0.0 (0.0)                                         ; 0.0 (0.0)                        ; 0.0 (0.0)            ; 1 (1)               ; 0 (0)                     ; 0 (0)         ; 0                 ; 0     ; 0          ; 0    ; 0            ; |Divider|pu4s:u4|pu:u4|FAdder_16bit:u1|FAdder_4bit:u1|FAdder:u4 ; FAdder       ; work         ;
;             |FAdder_4bit:u2| ; 6.0 (0.0)            ; 6.0 (0.0)                        ; 0.0 (0.0)                                         ; 0.0 (0.0)                        ; 0.0 (0.0)            ; 8 (0)               ; 0 (0)                     ; 0 (0)         ; 0                 ; 0     ; 0          ; 0    ; 0            ; |Divider|pu4s:u4|pu:u4|FAdder_16bit:u1|FAdder_4bit:u2           ; FAdder_4bit  ; work         ;
;                |FAdder:u1|   ; 3.0 (3.0)            ; 3.0 (3.0)                        ; 0.0 (0.0)                                         ; 0.0 (0.0)                        ; 0.0 (0.0)            ; 4 (4)               ; 0 (0)                     ; 0 (0)         ; 0                 ; 0     ; 0          ; 0    ; 0            ; |Divider|pu4s:u4|pu:u4|FAdder_16bit:u1|FAdder_4bit:u2|FAdder:u1 ; FAdder       ; work         ;
;                |FAdder:u2|   ; 0.5 (0.5)            ; 0.5 (0.5)                        ; 0.0 (0.0)                                         ; 0.0 (0.0)                        ; 0.0 (0.0)            ; 1 (1)               ; 0 (0)                     ; 0 (0)         ; 0                 ; 0     ; 0          ; 0    ; 0            ; |Divider|pu4s:u4|pu:u4|FAdder_16bit:u1|FAdder_4bit:u2|FAdder:u2 ; FAdder       ; work         ;
;                |FAdder:u3|   ; 2.0 (2.0)            ; 2.0 (2.0)                        ; 0.0 (0.0)                                         ; 0.0 (0.0)                        ; 0.0 (0.0)            ; 2 (2)               ; 0 (0)                     ; 0 (0)         ; 0                 ; 0     ; 0          ; 0    ; 0            ; |Divider|pu4s:u4|pu:u4|FAdder_16bit:u1|FAdder_4bit:u2|FAdder:u3 ; FAdder       ; work         ;
;                |FAdder:u4|   ; 0.5 (0.5)            ; 0.5 (0.5)                        ; 0.0 (0.0)                                         ; 0.0 (0.0)                        ; 0.0 (0.0)            ; 1 (1)               ; 0 (0)                     ; 0 (0)         ; 0                 ; 0     ; 0          ; 0    ; 0            ; |Divider|pu4s:u4|pu:u4|FAdder_16bit:u1|FAdder_4bit:u2|FAdder:u4 ; FAdder       ; work         ;
;             |FAdder_4bit:u3| ; 6.0 (0.0)            ; 6.0 (0.0)                        ; 0.0 (0.0)                                         ; 0.0 (0.0)                        ; 0.0 (0.0)            ; 8 (0)               ; 0 (0)                     ; 0 (0)         ; 0                 ; 0     ; 0          ; 0    ; 0            ; |Divider|pu4s:u4|pu:u4|FAdder_16bit:u1|FAdder_4bit:u3           ; FAdder_4bit  ; work         ;
;                |FAdder:u1|   ; 0.5 (0.5)            ; 0.5 (0.5)                        ; 0.0 (0.0)                                         ; 0.0 (0.0)                        ; 0.0 (0.0)            ; 1 (1)               ; 0 (0)                     ; 0 (0)         ; 0                 ; 0     ; 0          ; 0    ; 0            ; |Divider|pu4s:u4|pu:u4|FAdder_16bit:u1|FAdder_4bit:u3|FAdder:u1 ; FAdder       ; work         ;
;                |FAdder:u2|   ; 3.0 (3.0)            ; 3.0 (3.0)                        ; 0.0 (0.0)                                         ; 0.0 (0.0)                        ; 0.0 (0.0)            ; 4 (4)               ; 0 (0)                     ; 0 (0)         ; 0                 ; 0     ; 0          ; 0    ; 0            ; |Divider|pu4s:u4|pu:u4|FAdder_16bit:u1|FAdder_4bit:u3|FAdder:u2 ; FAdder       ; work         ;
;                |FAdder:u3|   ; 0.5 (0.5)            ; 0.5 (0.5)                        ; 0.0 (0.0)                                         ; 0.0 (0.0)                        ; 0.0 (0.0)            ; 1 (1)               ; 0 (0)                     ; 0 (0)         ; 0                 ; 0     ; 0          ; 0    ; 0            ; |Divider|pu4s:u4|pu:u4|FAdder_16bit:u1|FAdder_4bit:u3|FAdder:u3 ; FAdder       ; work         ;
;                |FAdder:u4|   ; 2.0 (2.0)            ; 2.0 (2.0)                        ; 0.0 (0.0)                                         ; 0.0 (0.0)                        ; 0.0 (0.0)            ; 2 (2)               ; 0 (0)                     ; 0 (0)         ; 0                 ; 0     ; 0          ; 0    ; 0            ; |Divider|pu4s:u4|pu:u4|FAdder_16bit:u1|FAdder_4bit:u3|FAdder:u4 ; FAdder       ; work         ;
;             |FAdder_4bit:u4| ; 5.0 (0.0)            ; 5.0 (0.0)                        ; 0.0 (0.0)                                         ; 0.0 (0.0)                        ; 0.0 (0.0)            ; 7 (0)               ; 0 (0)                     ; 0 (0)         ; 0                 ; 0     ; 0          ; 0    ; 0            ; |Divider|pu4s:u4|pu:u4|FAdder_16bit:u1|FAdder_4bit:u4           ; FAdder_4bit  ; work         ;
;                |FAdder:u1|   ; 0.5 (0.5)            ; 0.5 (0.5)                        ; 0.0 (0.0)                                         ; 0.0 (0.0)                        ; 0.0 (0.0)            ; 1 (1)               ; 0 (0)                     ; 0 (0)         ; 0                 ; 0     ; 0          ; 0    ; 0            ; |Divider|pu4s:u4|pu:u4|FAdder_16bit:u1|FAdder_4bit:u4|FAdder:u1 ; FAdder       ; work         ;
;                |FAdder:u2|   ; 1.0 (1.0)            ; 1.0 (1.0)                        ; 0.0 (0.0)                                         ; 0.0 (0.0)                        ; 0.0 (0.0)            ; 2 (2)               ; 0 (0)                     ; 0 (0)         ; 0                 ; 0     ; 0          ; 0    ; 0            ; |Divider|pu4s:u4|pu:u4|FAdder_16bit:u1|FAdder_4bit:u4|FAdder:u2 ; FAdder       ; work         ;
;                |FAdder:u3|   ; 3.0 (3.0)            ; 3.0 (3.0)                        ; 0.0 (0.0)                                         ; 0.0 (0.0)                        ; 0.0 (0.0)            ; 3 (3)               ; 0 (0)                     ; 0 (0)         ; 0                 ; 0     ; 0          ; 0    ; 0            ; |Divider|pu4s:u4|pu:u4|FAdder_16bit:u1|FAdder_4bit:u4|FAdder:u3 ; FAdder       ; work         ;
;                |FAdder:u4|   ; 0.5 (0.5)            ; 0.5 (0.5)                        ; 0.0 (0.0)                                         ; 0.0 (0.0)                        ; 0.0 (0.0)            ; 1 (1)               ; 0 (0)                     ; 0 (0)         ; 0                 ; 0     ; 0          ; 0    ; 0            ; |Divider|pu4s:u4|pu:u4|FAdder_16bit:u1|FAdder_4bit:u4|FAdder:u4 ; FAdder       ; work         ;
;          |mux2x1_16bit:u2|   ; 9.0 (9.0)            ; 9.0 (9.0)                        ; 0.0 (0.0)                                         ; 0.0 (0.0)                        ; 0.0 (0.0)            ; 16 (16)             ; 0 (0)                     ; 0 (0)         ; 0                 ; 0     ; 0          ; 0    ; 0            ; |Divider|pu4s:u4|pu:u4|mux2x1_16bit:u2                          ; mux2x1_16bit ; work         ;
+------------------------------+----------------------+----------------------------------+---------------------------------------------------+----------------------------------+----------------------+---------------------+---------------------------+---------------+-------------------+-------+------------+------+--------------+-----------------------------------------------------------------+--------------+--------------+
Note: For table entries with two numbers listed, the numbers in parentheses indicate the number of resources of the given type used by the specific entity alone. The numbers listed outside of parentheses indicate the total resources of the given type used by the specific entity and all of its sub-entities in the hierarchy.


+----------------------------------------------------------------------------------------------------------------------+
; Delay Chain Summary                                                                                                  ;
+-------+----------+----+------+------+----+------+-------+--------+------------------------+--------------------------+
; Name  ; Pin Type ; D1 ; D3_0 ; D3_1 ; D4 ; D5   ; D5 OE ; D5 OCT ; T11 (Postamble Gating) ; T11 (Postamble Ungating) ;
+-------+----------+----+------+------+----+------+-------+--------+------------------------+--------------------------+
; r[0]  ; Output   ; -- ; --   ; --   ; -- ; (0)  ; (31)  ; --     ; --                     ; --                       ;
; r[1]  ; Output   ; -- ; --   ; --   ; -- ; (0)  ; (31)  ; --     ; --                     ; --                       ;
; r[2]  ; Output   ; -- ; --   ; --   ; -- ; (0)  ; (31)  ; --     ; --                     ; --                       ;
; r[3]  ; Output   ; -- ; --   ; --   ; -- ; (0)  ; (31)  ; --     ; --                     ; --                       ;
; r[4]  ; Output   ; -- ; --   ; --   ; -- ; (0)  ; (31)  ; --     ; --                     ; --                       ;
; r[5]  ; Output   ; -- ; --   ; --   ; -- ; (0)  ; (31)  ; --     ; --                     ; --                       ;
; r[6]  ; Output   ; -- ; --   ; --   ; -- ; (0)  ; (31)  ; --     ; --                     ; --                       ;
; r[7]  ; Output   ; -- ; --   ; --   ; -- ; (0)  ; (31)  ; --     ; --                     ; --                       ;
; r[8]  ; Output   ; -- ; --   ; --   ; -- ; (0)  ; (31)  ; --     ; --                     ; --                       ;
; r[9]  ; Output   ; -- ; --   ; --   ; -- ; (0)  ; (31)  ; --     ; --                     ; --                       ;
; r[10] ; Output   ; -- ; --   ; --   ; -- ; (0)  ; (31)  ; --     ; --                     ; --                       ;
; r[11] ; Output   ; -- ; --   ; --   ; -- ; (0)  ; (31)  ; --     ; --                     ; --                       ;
; r[12] ; Output   ; -- ; --   ; --   ; -- ; (0)  ; (31)  ; --     ; --                     ; --                       ;
; r[13] ; Output   ; -- ; --   ; --   ; -- ; (0)  ; (31)  ; --     ; --                     ; --                       ;
; r[14] ; Output   ; -- ; --   ; --   ; -- ; (0)  ; (31)  ; --     ; --                     ; --                       ;
; r[15] ; Output   ; -- ; --   ; --   ; -- ; (0)  ; (31)  ; --     ; --                     ; --                       ;
; q[0]  ; Output   ; -- ; --   ; --   ; -- ; (0)  ; (31)  ; --     ; --                     ; --                       ;
; q[1]  ; Output   ; -- ; --   ; --   ; -- ; (0)  ; (31)  ; --     ; --                     ; --                       ;
; q[2]  ; Output   ; -- ; --   ; --   ; -- ; (0)  ; (31)  ; --     ; --                     ; --                       ;
; q[3]  ; Output   ; -- ; --   ; --   ; -- ; (0)  ; (31)  ; --     ; --                     ; --                       ;
; q[4]  ; Output   ; -- ; --   ; --   ; -- ; (0)  ; (31)  ; --     ; --                     ; --                       ;
; q[5]  ; Output   ; -- ; --   ; --   ; -- ; (0)  ; (31)  ; --     ; --                     ; --                       ;
; q[6]  ; Output   ; -- ; --   ; --   ; -- ; (0)  ; (31)  ; --     ; --                     ; --                       ;
; q[7]  ; Output   ; -- ; --   ; --   ; -- ; (0)  ; (31)  ; --     ; --                     ; --                       ;
; q[8]  ; Output   ; -- ; --   ; --   ; -- ; (0)  ; (31)  ; --     ; --                     ; --                       ;
; q[9]  ; Output   ; -- ; --   ; --   ; -- ; (0)  ; (31)  ; --     ; --                     ; --                       ;
; q[10] ; Output   ; -- ; --   ; --   ; -- ; (0)  ; (31)  ; --     ; --                     ; --                       ;
; q[11] ; Output   ; -- ; --   ; --   ; -- ; (0)  ; (31)  ; --     ; --                     ; --                       ;
; q[12] ; Output   ; -- ; --   ; --   ; -- ; (0)  ; (31)  ; --     ; --                     ; --                       ;
; q[13] ; Output   ; -- ; --   ; --   ; -- ; (0)  ; (31)  ; --     ; --                     ; --                       ;
; q[14] ; Output   ; -- ; --   ; --   ; -- ; (0)  ; (31)  ; --     ; --                     ; --                       ;
; q[15] ; Output   ; -- ; --   ; --   ; -- ; (0)  ; (31)  ; --     ; --                     ; --                       ;
; z     ; Output   ; -- ; --   ; --   ; -- ; (0)  ; (31)  ; --     ; --                     ; --                       ;
; o     ; Output   ; -- ; --   ; --   ; -- ; (0)  ; (31)  ; --     ; --                     ; --                       ;
; a[0]  ; Input    ; -- ; (0)  ; --   ; -- ; --   ; --    ; --     ; --                     ; --                       ;
; b[0]  ; Input    ; -- ; (0)  ; --   ; -- ; --   ; --    ; --     ; --                     ; --                       ;
; b[14] ; Input    ; -- ; (0)  ; --   ; -- ; --   ; --    ; --     ; --                     ; --                       ;
; b[15] ; Input    ; -- ; --   ; (0)  ; -- ; --   ; --    ; --     ; --                     ; --                       ;
; b[13] ; Input    ; -- ; --   ; (0)  ; -- ; --   ; --    ; --     ; --                     ; --                       ;
; b[12] ; Input    ; -- ; --   ; (0)  ; -- ; --   ; --    ; --     ; --                     ; --                       ;
; b[11] ; Input    ; -- ; --   ; (0)  ; -- ; --   ; --    ; --     ; --                     ; --                       ;
; b[10] ; Input    ; -- ; (0)  ; --   ; -- ; --   ; --    ; --     ; --                     ; --                       ;
; b[9]  ; Input    ; -- ; (0)  ; --   ; -- ; --   ; --    ; --     ; --                     ; --                       ;
; b[8]  ; Input    ; -- ; (0)  ; --   ; -- ; --   ; --    ; --     ; --                     ; --                       ;
; b[7]  ; Input    ; -- ; (0)  ; --   ; -- ; --   ; --    ; --     ; --                     ; --                       ;
; b[6]  ; Input    ; -- ; (0)  ; --   ; -- ; --   ; --    ; --     ; --                     ; --                       ;
; b[5]  ; Input    ; -- ; --   ; (0)  ; -- ; --   ; --    ; --     ; --                     ; --                       ;
; b[4]  ; Input    ; -- ; --   ; (0)  ; -- ; --   ; --    ; --     ; --                     ; --                       ;
; b[3]  ; Input    ; -- ; (0)  ; --   ; -- ; --   ; --    ; --     ; --                     ; --                       ;
; b[2]  ; Input    ; -- ; (0)  ; --   ; -- ; --   ; --    ; --     ; --                     ; --                       ;
; b[1]  ; Input    ; -- ; --   ; (0)  ; -- ; --   ; --    ; --     ; --                     ; --                       ;
; a[15] ; Input    ; -- ; (0)  ; --   ; -- ; --   ; --    ; --     ; --                     ; --                       ;
; a[12] ; Input    ; -- ; (0)  ; --   ; -- ; --   ; --    ; --     ; --                     ; --                       ;
; a[11] ; Input    ; -- ; --   ; (0)  ; -- ; --   ; --    ; --     ; --                     ; --                       ;
; a[10] ; Input    ; -- ; (0)  ; --   ; -- ; --   ; --    ; --     ; --                     ; --                       ;
; a[9]  ; Input    ; -- ; --   ; (0)  ; -- ; --   ; --    ; --     ; --                     ; --                       ;
; a[8]  ; Input    ; -- ; (0)  ; --   ; -- ; --   ; --    ; --     ; --                     ; --                       ;
; a[7]  ; Input    ; -- ; (0)  ; --   ; -- ; --   ; --    ; --     ; --                     ; --                       ;
; a[6]  ; Input    ; -- ; (0)  ; --   ; -- ; --   ; --    ; --     ; --                     ; --                       ;
; a[5]  ; Input    ; -- ; --   ; (0)  ; -- ; --   ; --    ; --     ; --                     ; --                       ;
; a[4]  ; Input    ; -- ; (0)  ; --   ; -- ; --   ; --    ; --     ; --                     ; --                       ;
; a[3]  ; Input    ; -- ; (0)  ; --   ; -- ; --   ; --    ; --     ; --                     ; --                       ;
; a[2]  ; Input    ; -- ; (0)  ; --   ; -- ; --   ; --    ; --     ; --                     ; --                       ;
; a[1]  ; Input    ; -- ; --   ; (0)  ; -- ; --   ; --    ; --     ; --                     ; --                       ;
; a[13] ; Input    ; -- ; (0)  ; --   ; -- ; --   ; --    ; --     ; --                     ; --                       ;
; a[14] ; Input    ; -- ; (0)  ; --   ; -- ; --   ; --    ; --     ; --                     ; --                       ;
+-------+----------+----+------+------+----+------+-------+--------+------------------------+--------------------------+


+--------------------------------------------------------------------------------------------------+
; Pad To Core Delay Chain Fanout                                                                   ;
+--------------------------------------------------------------------+-------------------+---------+
; Source Pin / Fanout                                                ; Pad To Core Index ; Setting ;
+--------------------------------------------------------------------+-------------------+---------+
; a[0]                                                               ;                   ;         ;
;      - o~0                                                         ; 0                 ; 0       ;
;      - o~5                                                         ; 0                 ; 0       ;
;      - mux2x1_16bit:v2|m[3]~11                                     ; 0                 ; 0       ;
;      - mux2x1_16bit:v2|m[2]~12                                     ; 0                 ; 0       ;
;      - mux2x1_16bit:v2|m[1]~13                                     ; 0                 ; 0       ;
;      - pu4s:u4|pu:u4|FAdder_16bit:u1|FAdder_4bit:u1|FAdder:u2|co   ; 0                 ; 0       ;
;      - pu4s:u4|pu:u4|mux2x1_16bit:u2|m[0]~0                        ; 0                 ; 0       ;
;      - pu4s:u4|pu:u4|FAdder_16bit:u1|FAdder_4bit:u1|FAdder:u2|s    ; 0                 ; 0       ;
; b[0]                                                               ;                   ;         ;
;      - Equal0~0                                                    ; 0                 ; 0       ;
;      - Equal0~3                                                    ; 0                 ; 0       ;
;      - mux2x1_16bit:v4|m[4]~9                                      ; 0                 ; 0       ;
;      - mux2x1_16bit:v4|m[2]~10                                     ; 0                 ; 0       ;
;      - mux2x1_16bit:v4|m[1]~11                                     ; 0                 ; 0       ;
;      - mux2x1_16bit:v4|m[3]~12                                     ; 0                 ; 0       ;
;      - pu4s:u1|pu:u1|FAdder_16bit:u1|FAdder_4bit:u1|FAdder:u1|co~0 ; 0                 ; 0       ;
;      - pu4s:u1|pu:u2|FAdder_16bit:u1|FAdder_4bit:u1|FAdder:u3|co   ; 0                 ; 0       ;
;      - pu4s:u1|pu:u2|FAdder_16bit:u1|FAdder_4bit:u1|FAdder:u3|s    ; 0                 ; 0       ;
;      - pu4s:u1|pu:u1|mux2x1_16bit:u2|m[0]~4                        ; 0                 ; 0       ;
;      - pu4s:u1|pu:u2|FAdder_16bit:u1|FAdder_4bit:u1|FAdder:u2|s    ; 0                 ; 0       ;
;      - pu4s:u1|pu:u2|mux2x1_16bit:u2|m[0]~7                        ; 0                 ; 0       ;
;      - pu4s:u1|pu:u3|FAdder_16bit:u1|FAdder_4bit:u1|FAdder:u3|co   ; 0                 ; 0       ;
;      - pu4s:u1|pu:u3|FAdder_16bit:u1|FAdder_4bit:u1|FAdder:u2|co   ; 0                 ; 0       ;
;      - pu4s:u1|pu:u3|mux2x1_16bit:u2|m[1]~8                        ; 0                 ; 0       ;
;      - pu4s:u1|pu:u4|FAdder_16bit:u1|FAdder_4bit:u1|FAdder:u2|co   ; 0                 ; 0       ;
;      - pu4s:u1|pu:u4|mux2x1_16bit:u2|m[0]~0                        ; 0                 ; 0       ;
;      - pu4s:u1|pu:u3|mux2x1_16bit:u2|m[0]~11                       ; 0                 ; 0       ;
;      - pu4s:u1|pu:u4|mux2x1_16bit:u2|m[1]~8                        ; 0                 ; 0       ;
;      - pu4s:u2|pu:u1|FAdder_16bit:u1|FAdder_4bit:u1|FAdder:u2|co   ; 0                 ; 0       ;
;      - pu4s:u2|pu:u1|mux2x1_16bit:u2|m[1]~0                        ; 0                 ; 0       ;
;      - pu4s:u2|pu:u2|FAdder_16bit:u1|FAdder_4bit:u1|FAdder:u2|co   ; 0                 ; 0       ;
;      - pu4s:u2|pu:u1|mux2x1_16bit:u2|m[0]~12                       ; 0                 ; 0       ;
;      - pu4s:u2|pu:u2|mux2x1_16bit:u2|m[1]~9                        ; 0                 ; 0       ;
;      - pu4s:u2|pu:u3|FAdder_16bit:u1|FAdder_4bit:u1|FAdder:u2|co   ; 0                 ; 0       ;
;      - pu4s:u2|pu:u2|mux2x1_16bit:u2|m[0]~12                       ; 0                 ; 0       ;
;      - pu4s:u2|pu:u3|mux2x1_16bit:u2|m[1]~2                        ; 0                 ; 0       ;
;      - pu4s:u2|pu:u4|FAdder_16bit:u1|FAdder_4bit:u1|FAdder:u2|co   ; 0                 ; 0       ;
;      - pu4s:u3|pu:u1|FAdder_16bit:u1|FAdder_4bit:u1|FAdder:u2|co   ; 0                 ; 0       ;
;      - pu4s:u2|pu:u3|mux2x1_16bit:u2|m[0]~13                       ; 0                 ; 0       ;
;      - pu4s:u2|pu:u4|mux2x1_16bit:u2|m[1]~1                        ; 0                 ; 0       ;
;      - pu4s:u2|pu:u4|mux2x1_16bit:u2|m[0]~13                       ; 0                 ; 0       ;
;      - pu4s:u3|pu:u1|mux2x1_16bit:u2|m[1]~3                        ; 0                 ; 0       ;
;      - pu4s:u3|pu:u2|FAdder_16bit:u1|FAdder_4bit:u1|FAdder:u2|co   ; 0                 ; 0       ;
;      - pu4s:u3|pu:u1|mux2x1_16bit:u2|m[0]~13                       ; 0                 ; 0       ;
;      - pu4s:u3|pu:u2|mux2x1_16bit:u2|m[1]~3                        ; 0                 ; 0       ;
;      - pu4s:u3|pu:u3|FAdder_16bit:u1|FAdder_4bit:u1|FAdder:u2|co   ; 0                 ; 0       ;
;      - pu4s:u3|pu:u2|mux2x1_16bit:u2|m[0]~13                       ; 0                 ; 0       ;
;      - pu4s:u3|pu:u3|mux2x1_16bit:u2|m[1]~5                        ; 0                 ; 0       ;
;      - pu4s:u3|pu:u4|FAdder_16bit:u1|FAdder_4bit:u1|FAdder:u2|co   ; 0                 ; 0       ;
;      - pu4s:u3|pu:u3|mux2x1_16bit:u2|m[0]~13                       ; 0                 ; 0       ;
;      - pu4s:u3|pu:u4|mux2x1_16bit:u2|m[1]~5                        ; 0                 ; 0       ;
;      - pu4s:u4|pu:u1|FAdder_16bit:u1|FAdder_4bit:u1|FAdder:u2|co   ; 0                 ; 0       ;
;      - pu4s:u3|pu:u4|mux2x1_16bit:u2|m[0]~14                       ; 0                 ; 0       ;
;      - pu4s:u4|pu:u1|mux2x1_16bit:u2|m[1]~7                        ; 0                 ; 0       ;
;      - pu4s:u4|pu:u2|FAdder_16bit:u1|FAdder_4bit:u1|FAdder:u2|co   ; 0                 ; 0       ;
;      - pu4s:u4|pu:u1|mux2x1_16bit:u2|m[0]~14                       ; 0                 ; 0       ;
;      - pu4s:u4|pu:u2|mux2x1_16bit:u2|m[1]~9                        ; 0                 ; 0       ;
;      - pu4s:u4|pu:u3|FAdder_16bit:u1|FAdder_4bit:u1|FAdder:u2|co   ; 0                 ; 0       ;
;      - pu4s:u4|pu:u2|mux2x1_16bit:u2|m[0]~14                       ; 0                 ; 0       ;
;      - pu4s:u4|pu:u3|mux2x1_16bit:u2|m[1]~10                       ; 0                 ; 0       ;
;      - pu4s:u4|pu:u4|FAdder_16bit:u1|FAdder_4bit:u1|FAdder:u2|co   ; 0                 ; 0       ;
;      - pu4s:u4|pu:u4|mux2x1_16bit:u2|m[0]~0                        ; 0                 ; 0       ;
;      - pu4s:u4|pu:u3|mux2x1_16bit:u2|m[0]~11                       ; 0                 ; 0       ;
;      - pu4s:u4|pu:u4|FAdder_16bit:u1|FAdder_4bit:u1|FAdder:u2|s    ; 0                 ; 0       ;
;      - o~7                                                         ; 0                 ; 0       ;
; b[14]                                                              ;                   ;         ;
;      - pu4s:u1|pu:u2|FAdder_16bit:u1|FAdder_4bit:u4|FAdder:u4|co~0 ; 0                 ; 0       ;
;      - mux2x1_16bit:v4|m[14]~0                                     ; 0                 ; 0       ;
;      - pu4s:u1|pu:u1|FAdder_16bit:u1|FAdder_4bit:u4|FAdder:u4|co~1 ; 0                 ; 0       ;
;      - pu4s:u1|pu:u2|FAdder_16bit:u1|FAdder_4bit:u4|FAdder:u4|co~1 ; 0                 ; 0       ;
;      - pu4s:u1|pu:u3|FAdder_16bit:u1|FAdder_4bit:u4|FAdder:u4|co~0 ; 0                 ; 0       ;
;      - Equal0~5                                                    ; 0                 ; 0       ;
;      - o~8                                                         ; 0                 ; 0       ;
; b[15]                                                              ;                   ;         ;
;      - pu4s:u1|pu:u2|FAdder_16bit:u1|FAdder_4bit:u4|FAdder:u4|co~0 ; 1                 ; 0       ;
;      - mux2x1_16bit:v4|m[14]~0                                     ; 1                 ; 0       ;
;      - mux2x1_16bit:v4|m[13]~1                                     ; 1                 ; 0       ;
;      - mux2x1_16bit:v4|m[12]~2                                     ; 1                 ; 0       ;
;      - mux2x1_16bit:v4|m[11]~3                                     ; 1                 ; 0       ;
;      - mux2x1_16bit:v4|m[10]~4                                     ; 1                 ; 0       ;
;      - mux2x1_16bit:v4|m[9]~5                                      ; 1                 ; 0       ;
;      - mux2x1_16bit:v4|m[7]~6                                      ; 1                 ; 0       ;
;      - mux2x1_16bit:v4|m[6]~7                                      ; 1                 ; 0       ;
;      - mux2x1_16bit:v4|m[5]~8                                      ; 1                 ; 0       ;
;      - mux2x1_16bit:v4|m[4]~9                                      ; 1                 ; 0       ;
;      - mux2x1_16bit:v4|m[2]~10                                     ; 1                 ; 0       ;
;      - mux2x1_16bit:v4|m[1]~11                                     ; 1                 ; 0       ;
;      - mux2x1_16bit:v4|m[3]~12                                     ; 1                 ; 0       ;
;      - mux2x1_16bit:v4|m[8]~13                                     ; 1                 ; 0       ;
;      - pu4s:u1|pu:u1|FAdder_16bit:u1|FAdder_4bit:u4|FAdder:u4|co~0 ; 1                 ; 0       ;
;      - pu4s:u1|pu:u1|FAdder_16bit:u1|FAdder_4bit:u4|FAdder:u4|co~1 ; 1                 ; 0       ;
;      - pu4s:u1|pu:u2|FAdder_16bit:u1|FAdder_4bit:u4|FAdder:u4|co~1 ; 1                 ; 0       ;
;      - pu4s:u1|pu:u3|FAdder_16bit:u1|FAdder_4bit:u4|FAdder:u4|co~0 ; 1                 ; 0       ;
;      - comb~0                                                      ; 1                 ; 0       ;
;      - Equal0~5                                                    ; 1                 ; 0       ;
;      - o~8                                                         ; 1                 ; 0       ;
; b[13]                                                              ;                   ;         ;
;      - pu4s:u1|pu:u2|FAdder_16bit:u1|FAdder_4bit:u4|FAdder:u4|co~0 ; 1                 ; 0       ;
;      - mux2x1_16bit:v4|m[14]~0                                     ; 1                 ; 0       ;
;      - mux2x1_16bit:v4|m[13]~1                                     ; 1                 ; 0       ;
;      - Equal0~4                                                    ; 1                 ; 0       ;
;      - pu4s:u1|pu:u1|FAdder_16bit:u1|FAdder_4bit:u4|FAdder:u4|co~0 ; 1                 ; 0       ;
;      - pu4s:u1|pu:u2|FAdder_16bit:u1|FAdder_4bit:u4|FAdder:u4|co~1 ; 1                 ; 0       ;
;      - pu4s:u1|pu:u3|FAdder_16bit:u1|FAdder_4bit:u4|FAdder:u4|co~0 ; 1                 ; 0       ;
;      - o~8                                                         ; 1                 ; 0       ;
; b[12]                                                              ;                   ;         ;
;      - pu4s:u1|pu:u2|FAdder_16bit:u1|FAdder_4bit:u4|FAdder:u4|co~0 ; 1                 ; 0       ;
;      - mux2x1_16bit:v4|m[14]~0                                     ; 1                 ; 0       ;
;      - mux2x1_16bit:v4|m[13]~1                                     ; 1                 ; 0       ;
;      - mux2x1_16bit:v4|m[12]~2                                     ; 1                 ; 0       ;
;      - Equal0~4                                                    ; 1                 ; 0       ;
;      - pu4s:u1|pu:u1|FAdder_16bit:u1|FAdder_4bit:u4|FAdder:u4|co~0 ; 1                 ; 0       ;
;      - pu4s:u1|pu:u2|FAdder_16bit:u1|FAdder_4bit:u4|FAdder:u4|co~1 ; 1                 ; 0       ;
;      - pu4s:u1|pu:u3|FAdder_16bit:u1|FAdder_4bit:u4|FAdder:u4|co~0 ; 1                 ; 0       ;
;      - o~8                                                         ; 1                 ; 0       ;
; b[11]                                                              ;                   ;         ;
;      - pu4s:u1|pu:u2|FAdder_16bit:u1|FAdder_4bit:u4|FAdder:u4|co~0 ; 1                 ; 0       ;
;      - mux2x1_16bit:v4|m[14]~0                                     ; 1                 ; 0       ;
;      - mux2x1_16bit:v4|m[13]~1                                     ; 1                 ; 0       ;
;      - mux2x1_16bit:v4|m[12]~2                                     ; 1                 ; 0       ;
;      - mux2x1_16bit:v4|m[11]~3                                     ; 1                 ; 0       ;
;      - Equal0~4                                                    ; 1                 ; 0       ;
;      - pu4s:u1|pu:u1|FAdder_16bit:u1|FAdder_4bit:u4|FAdder:u4|co~0 ; 1                 ; 0       ;
;      - pu4s:u1|pu:u2|FAdder_16bit:u1|FAdder_4bit:u4|FAdder:u4|co~1 ; 1                 ; 0       ;
;      - pu4s:u1|pu:u3|FAdder_16bit:u1|FAdder_4bit:u4|FAdder:u4|co~0 ; 1                 ; 0       ;
;      - o~10                                                        ; 1                 ; 0       ;
; b[10]                                                              ;                   ;         ;
;      - Equal0~1                                                    ; 0                 ; 0       ;
;      - mux2x1_16bit:v4|m[10]~4                                     ; 0                 ; 0       ;
;      - o~10                                                        ; 0                 ; 0       ;
; b[9]                                                               ;                   ;         ;
;      - Equal0~1                                                    ; 0                 ; 0       ;
;      - mux2x1_16bit:v4|m[10]~4                                     ; 0                 ; 0       ;
;      - mux2x1_16bit:v4|m[9]~5                                      ; 0                 ; 0       ;
;      - o~6                                                         ; 0                 ; 0       ;
; b[8]                                                               ;                   ;         ;
;      - Equal0~1                                                    ; 0                 ; 0       ;
;      - Equal0~2                                                    ; 0                 ; 0       ;
;      - mux2x1_16bit:v4|m[9]~5                                      ; 0                 ; 0       ;
;      - mux2x1_16bit:v4|m[8]~13                                     ; 0                 ; 0       ;
;      - o~6                                                         ; 0                 ; 0       ;
; b[7]                                                               ;                   ;         ;
;      - Equal0~1                                                    ; 0                 ; 0       ;
;      - Equal0~2                                                    ; 0                 ; 0       ;
;      - mux2x1_16bit:v4|m[9]~5                                      ; 0                 ; 0       ;
;      - mux2x1_16bit:v4|m[7]~6                                      ; 0                 ; 0       ;
;      - mux2x1_16bit:v4|m[8]~13                                     ; 0                 ; 0       ;
;      - o~6                                                         ; 0                 ; 0       ;
; b[6]                                                               ;                   ;         ;
;      - Equal0~1                                                    ; 0                 ; 0       ;
;      - Equal0~2                                                    ; 0                 ; 0       ;
;      - mux2x1_16bit:v4|m[9]~5                                      ; 0                 ; 0       ;
;      - mux2x1_16bit:v4|m[7]~6                                      ; 0                 ; 0       ;
;      - mux2x1_16bit:v4|m[6]~7                                      ; 0                 ; 0       ;
;      - mux2x1_16bit:v4|m[8]~13                                     ; 0                 ; 0       ;
;      - o~6                                                         ; 0                 ; 0       ;
; b[5]                                                               ;                   ;         ;
;      - Equal0~0                                                    ; 1                 ; 0       ;
;      - mux2x1_16bit:v4|m[5]~8                                      ; 1                 ; 0       ;
;      - o~9                                                         ; 1                 ; 0       ;
; b[4]                                                               ;                   ;         ;
;      - Equal0~0                                                    ; 1                 ; 0       ;
;      - mux2x1_16bit:v4|m[5]~8                                      ; 1                 ; 0       ;
;      - mux2x1_16bit:v4|m[4]~9                                      ; 1                 ; 0       ;
;      - o~9                                                         ; 1                 ; 0       ;
; b[3]                                                               ;                   ;         ;
;      - Equal0~0                                                    ; 0                 ; 0       ;
;      - Equal0~3                                                    ; 0                 ; 0       ;
;      - mux2x1_16bit:v4|m[4]~9                                      ; 0                 ; 0       ;
;      - mux2x1_16bit:v4|m[3]~12                                     ; 0                 ; 0       ;
;      - o~7                                                         ; 0                 ; 0       ;
; b[2]                                                               ;                   ;         ;
;      - Equal0~0                                                    ; 0                 ; 0       ;
;      - Equal0~3                                                    ; 0                 ; 0       ;
;      - mux2x1_16bit:v4|m[4]~9                                      ; 0                 ; 0       ;
;      - mux2x1_16bit:v4|m[2]~10                                     ; 0                 ; 0       ;
;      - mux2x1_16bit:v4|m[3]~12                                     ; 0                 ; 0       ;
;      - o~7                                                         ; 0                 ; 0       ;
; b[1]                                                               ;                   ;         ;
;      - Equal0~0                                                    ; 1                 ; 0       ;
;      - Equal0~3                                                    ; 1                 ; 0       ;
;      - mux2x1_16bit:v4|m[4]~9                                      ; 1                 ; 0       ;
;      - mux2x1_16bit:v4|m[2]~10                                     ; 1                 ; 0       ;
;      - mux2x1_16bit:v4|m[1]~11                                     ; 1                 ; 0       ;
;      - mux2x1_16bit:v4|m[3]~12                                     ; 1                 ; 0       ;
;      - o~7                                                         ; 1                 ; 0       ;
; a[15]                                                              ;                   ;         ;
;      - mux2x1_16bit:v2|m[12]~0                                     ; 0                 ; 0       ;
;      - o~2                                                         ; 0                 ; 0       ;
;      - mux2x1_16bit:v2|m[14]~1                                     ; 0                 ; 0       ;
;      - mux2x1_16bit:v2|m[13]~2                                     ; 0                 ; 0       ;
;      - mux2x1_16bit:v2|m[11]~3                                     ; 0                 ; 0       ;
;      - mux2x1_16bit:v2|m[10]~4                                     ; 0                 ; 0       ;
;      - mux2x1_16bit:v2|m[9]~5                                      ; 0                 ; 0       ;
;      - mux2x1_16bit:v2|m[8]~6                                      ; 0                 ; 0       ;
;      - mux2x1_16bit:v2|m[7]~7                                      ; 0                 ; 0       ;
;      - mux2x1_16bit:v2|m[6]~8                                      ; 0                 ; 0       ;
;      - mux2x1_16bit:v2|m[5]~9                                      ; 0                 ; 0       ;
;      - mux2x1_16bit:v2|m[4]~10                                     ; 0                 ; 0       ;
;      - mux2x1_16bit:v2|m[3]~11                                     ; 0                 ; 0       ;
;      - mux2x1_16bit:v2|m[2]~12                                     ; 0                 ; 0       ;
;      - mux2x1_16bit:v2|m[1]~13                                     ; 0                 ; 0       ;
;      - mux2x1_16bit:v8|m[1]~0                                      ; 0                 ; 0       ;
;      - mux2x1_16bit:v8|m[2]~1                                      ; 0                 ; 0       ;
;      - mux2x1_16bit:v8|m[3]~2                                      ; 0                 ; 0       ;
;      - mux2x1_16bit:v8|m[4]~3                                      ; 0                 ; 0       ;
;      - mux2x1_16bit:v8|m[5]~4                                      ; 0                 ; 0       ;
;      - mux2x1_16bit:v8|m[6]~5                                      ; 0                 ; 0       ;
;      - mux2x1_16bit:v8|m[7]~6                                      ; 0                 ; 0       ;
;      - mux2x1_16bit:v8|m[8]~7                                      ; 0                 ; 0       ;
;      - mux2x1_16bit:v8|m[9]~8                                      ; 0                 ; 0       ;
;      - mux2x1_16bit:v8|m[10]~9                                     ; 0                 ; 0       ;
;      - mux2x1_16bit:v8|m[11]~10                                    ; 0                 ; 0       ;
;      - mux2x1_16bit:v8|m[12]~11                                    ; 0                 ; 0       ;
;      - mux2x1_16bit:v8|m[13]~12                                    ; 0                 ; 0       ;
;      - mux2x1_16bit:v8|m[14]~13                                    ; 0                 ; 0       ;
;      - mux2x1_16bit:v8|m[15]~14                                    ; 0                 ; 0       ;
;      - comb~0                                                      ; 0                 ; 0       ;
; a[12]                                                              ;                   ;         ;
;      - mux2x1_16bit:v2|m[12]~0                                     ; 0                 ; 0       ;
;      - pu4s:u1|pu:u1|FAdder_16bit:u1|FAdder_4bit:u1|FAdder:u1|co~0 ; 0                 ; 0       ;
;      - o~3                                                         ; 0                 ; 0       ;
;      - mux2x1_16bit:v2|m[14]~1                                     ; 0                 ; 0       ;
;      - mux2x1_16bit:v2|m[13]~2                                     ; 0                 ; 0       ;
; a[11]                                                              ;                   ;         ;
;      - mux2x1_16bit:v2|m[12]~0                                     ; 1                 ; 0       ;
;      - pu4s:u1|pu:u1|FAdder_16bit:u1|FAdder_4bit:u1|FAdder:u1|co~0 ; 1                 ; 0       ;
;      - o~3                                                         ; 1                 ; 0       ;
;      - mux2x1_16bit:v2|m[14]~1                                     ; 1                 ; 0       ;
;      - mux2x1_16bit:v2|m[13]~2                                     ; 1                 ; 0       ;
;      - mux2x1_16bit:v2|m[11]~3                                     ; 1                 ; 0       ;
; a[10]                                                              ;                   ;         ;
;      - o~1                                                         ; 0                 ; 0       ;
;      - mux2x1_16bit:v2|m[10]~4                                     ; 0                 ; 0       ;
; a[9]                                                               ;                   ;         ;
;      - o~1                                                         ; 1                 ; 0       ;
;      - mux2x1_16bit:v2|m[10]~4                                     ; 1                 ; 0       ;
;      - mux2x1_16bit:v2|m[9]~5                                      ; 1                 ; 0       ;
; a[8]                                                               ;                   ;         ;
;      - o~1                                                         ; 0                 ; 0       ;
;      - mux2x1_16bit:v2|m[10]~4                                     ; 0                 ; 0       ;
;      - mux2x1_16bit:v2|m[9]~5                                      ; 0                 ; 0       ;
;      - mux2x1_16bit:v2|m[8]~6                                      ; 0                 ; 0       ;
; a[7]                                                               ;                   ;         ;
;      - o~1                                                         ; 0                 ; 0       ;
;      - o~4                                                         ; 0                 ; 0       ;
;      - mux2x1_16bit:v2|m[7]~7                                      ; 0                 ; 0       ;
; a[6]                                                               ;                   ;         ;
;      - o~1                                                         ; 0                 ; 0       ;
;      - o~4                                                         ; 0                 ; 0       ;
;      - mux2x1_16bit:v2|m[7]~7                                      ; 0                 ; 0       ;
;      - mux2x1_16bit:v2|m[6]~8                                      ; 0                 ; 0       ;
; a[5]                                                               ;                   ;         ;
;      - o~0                                                         ; 1                 ; 0       ;
;      - mux2x1_16bit:v2|m[5]~9                                      ; 1                 ; 0       ;
; a[4]                                                               ;                   ;         ;
;      - o~0                                                         ; 0                 ; 0       ;
;      - mux2x1_16bit:v2|m[5]~9                                      ; 0                 ; 0       ;
;      - mux2x1_16bit:v2|m[4]~10                                     ; 0                 ; 0       ;
; a[3]                                                               ;                   ;         ;
;      - o~0                                                         ; 0                 ; 0       ;
;      - o~5                                                         ; 0                 ; 0       ;
;      - mux2x1_16bit:v2|m[3]~11                                     ; 0                 ; 0       ;
; a[2]                                                               ;                   ;         ;
;      - o~0                                                         ; 0                 ; 0       ;
;      - o~5                                                         ; 0                 ; 0       ;
;      - mux2x1_16bit:v2|m[3]~11                                     ; 0                 ; 0       ;
;      - mux2x1_16bit:v2|m[2]~12                                     ; 0                 ; 0       ;
; a[1]                                                               ;                   ;         ;
;      - o~0                                                         ; 1                 ; 0       ;
;      - o~5                                                         ; 1                 ; 0       ;
;      - mux2x1_16bit:v2|m[3]~11                                     ; 1                 ; 0       ;
;      - mux2x1_16bit:v2|m[2]~12                                     ; 1                 ; 0       ;
;      - mux2x1_16bit:v2|m[1]~13                                     ; 1                 ; 0       ;
; a[13]                                                              ;                   ;         ;
;      - pu4s:u1|pu:u1|FAdder_16bit:u1|FAdder_4bit:u1|FAdder:u1|co~0 ; 0                 ; 0       ;
;      - o~3                                                         ; 0                 ; 0       ;
;      - mux2x1_16bit:v2|m[14]~1                                     ; 0                 ; 0       ;
;      - mux2x1_16bit:v2|m[13]~2                                     ; 0                 ; 0       ;
; a[14]                                                              ;                   ;         ;
;      - o~2                                                         ; 0                 ; 0       ;
;      - mux2x1_16bit:v2|m[14]~1                                     ; 0                 ; 0       ;
+--------------------------------------------------------------------+-------------------+---------+


+--------------------------------------------------------+
; Routing Usage Summary                                  ;
+------------------------------+-------------------------+
; Routing Resource Type        ; Usage                   ;
+------------------------------+-------------------------+
; Block interconnects          ; 966 / 140,056 ( < 1 % ) ;
; C12 interconnects            ; 30 / 6,048 ( < 1 % )    ;
; C2 interconnects             ; 231 / 54,648 ( < 1 % )  ;
; C4 interconnects             ; 169 / 25,920 ( < 1 % )  ;
; DQS bus muxes                ; 0 / 17 ( 0 % )          ;
; DQS-18 I/O buses             ; 0 / 17 ( 0 % )          ;
; DQS-9 I/O buses              ; 0 / 17 ( 0 % )          ;
; Direct links                 ; 80 / 140,056 ( < 1 % )  ;
; Global clocks                ; 0 / 16 ( 0 % )          ;
; Local interconnects          ; 287 / 36,960 ( < 1 % )  ;
; Quadrant clocks              ; 0 / 88 ( 0 % )          ;
; R14 interconnects            ; 32 / 5,984 ( < 1 % )    ;
; R14/C12 interconnect drivers ; 41 / 9,504 ( < 1 % )    ;
; R3 interconnects             ; 351 / 60,192 ( < 1 % )  ;
; R6 interconnects             ; 518 / 127,072 ( < 1 % ) ;
; Spine clocks                 ; 0 / 120 ( 0 % )         ;
; Wire stub REs                ; 0 / 7,344 ( 0 % )       ;
+------------------------------+-------------------------+


+------------------------------------------+
; I/O Rules Summary                        ;
+----------------------------------+-------+
; I/O Rules Statistic              ; Total ;
+----------------------------------+-------+
; Total I/O Rules                  ; 28    ;
; Number of I/O Rules Passed       ; 6     ;
; Number of I/O Rules Failed       ; 0     ;
; Number of I/O Rules Unchecked    ; 0     ;
; Number of I/O Rules Inapplicable ; 22    ;
+----------------------------------+-------+


+-----------------------------------------------------------------------------------------------------------------------------------------------------------------------------------------------------------------------------------------------------------------------------------+
; I/O Rules Details                                                                                                                                                                                                                                                                 ;
+--------------+-----------+-----------------------------------+------------------------------------------------------------------------------------+----------+--------------------------------------------------------------------------+---------------------+-------------------+
; Status       ; ID        ; Category                          ; Rule Description                                                                   ; Severity ; Information                                                              ; Area                ; Extra Information ;
+--------------+-----------+-----------------------------------+------------------------------------------------------------------------------------+----------+--------------------------------------------------------------------------+---------------------+-------------------+
; Inapplicable ; IO_000001 ; Capacity Checks                   ; Number of pins in an I/O bank should not exceed the number of locations available. ; Critical ; No Location assignments found.                                           ; I/O                 ;                   ;
; Inapplicable ; IO_000002 ; Capacity Checks                   ; Number of clocks in an I/O bank should not exceed the number of clocks available.  ; Critical ; No Global Signal assignments found.                                      ; I/O                 ;                   ;
; Inapplicable ; IO_000003 ; Capacity Checks                   ; Number of pins in a Vrefgroup should not exceed the number of locations available. ; Critical ; No Location assignments found.                                           ; I/O                 ;                   ;
; Inapplicable ; IO_000004 ; Voltage Compatibility Checks      ; The I/O bank should support the requested VCCIO.                                   ; Critical ; No IOBANK_VCCIO assignments found.                                       ; I/O                 ;                   ;
; Inapplicable ; IO_000005 ; Voltage Compatibility Checks      ; The I/O bank should not have competing VREF values.                                ; Critical ; No VREF I/O Standard assignments found.                                  ; I/O                 ;                   ;
; Pass         ; IO_000006 ; Voltage Compatibility Checks      ; The I/O bank should not have competing VCCIO values.                               ; Critical ; 0 such failures found.                                                   ; I/O                 ;                   ;
; Inapplicable ; IO_000007 ; Valid Location Checks             ; Checks for unavailable locations.                                                  ; Critical ; No Location assignments found.                                           ; I/O                 ;                   ;
; Inapplicable ; IO_000008 ; Valid Location Checks             ; Checks for reserved locations.                                                     ; Critical ; No reserved LogicLock region found.                                      ; I/O                 ;                   ;
; Pass         ; IO_000009 ; I/O Properties Checks for One I/O ; The location should support the requested I/O standard.                            ; Critical ; 0 such failures found.                                                   ; I/O                 ;                   ;
; Pass         ; IO_000010 ; I/O Properties Checks for One I/O ; The location should support the requested I/O direction.                           ; Critical ; 0 such failures found.                                                   ; I/O                 ;                   ;
; Inapplicable ; IO_000011 ; I/O Properties Checks for One I/O ; The location should support the requested Current Strength.                        ; Critical ; No Current Strength assignments found.                                   ; I/O                 ;                   ;
; Pass         ; IO_000012 ; I/O Properties Checks for One I/O ; The location should support the requested On Chip Termination value.               ; Critical ; 0 such failures found.                                                   ; I/O                 ;                   ;
; Inapplicable ; IO_000013 ; I/O Properties Checks for One I/O ; The location should support the requested Bus Hold value.                          ; Critical ; No Enable Bus-Hold Circuitry assignments found.                          ; I/O                 ;                   ;
; Inapplicable ; IO_000014 ; I/O Properties Checks for One I/O ; The location should support the requested Weak Pull Up value.                      ; Critical ; No Weak Pull-Up Resistor assignments found.                              ; I/O                 ;                   ;
; Inapplicable ; IO_000015 ; I/O Properties Checks for One I/O ; The location should support the requested PCI Clamp Diode.                         ; Critical ; No Clamping Diode assignments found.                                     ; I/O                 ;                   ;
; Inapplicable ; IO_000018 ; I/O Properties Checks for One I/O ; The I/O standard should support the requested Current Strength.                    ; Critical ; No Current Strength assignments found.                                   ; I/O                 ;                   ;
; Pass         ; IO_000019 ; I/O Properties Checks for One I/O ; The I/O standard should support the requested On Chip Termination value.           ; Critical ; 0 such failures found.                                                   ; I/O                 ;                   ;
; Inapplicable ; IO_000020 ; I/O Properties Checks for One I/O ; The I/O standard should support the requested PCI Clamp Diode.                     ; Critical ; No Clamping Diode assignments found.                                     ; I/O                 ;                   ;
; Inapplicable ; IO_000021 ; I/O Properties Checks for One I/O ; The I/O standard should support the requested Weak Pull Up value.                  ; Critical ; No Weak Pull-Up Resistor assignments found.                              ; I/O                 ;                   ;
; Inapplicable ; IO_000022 ; I/O Properties Checks for One I/O ; The I/O standard should support the requested Bus Hold value.                      ; Critical ; No Enable Bus-Hold Circuitry assignments found.                          ; I/O                 ;                   ;
; Inapplicable ; IO_000023 ; I/O Properties Checks for One I/O ; The I/O standard should support the Open Drain value.                              ; Critical ; No open drain assignments found.                                         ; I/O                 ;                   ;
; Pass         ; IO_000024 ; I/O Properties Checks for One I/O ; The I/O direction should support the On Chip Termination value.                    ; Critical ; 0 such failures found.                                                   ; I/O                 ;                   ;
; Inapplicable ; IO_000026 ; I/O Properties Checks for One I/O ; On Chip Termination and Current Strength should not be used at the same time.      ; Critical ; No Current Strength assignments found.                                   ; I/O                 ;                   ;
; Inapplicable ; IO_000027 ; I/O Properties Checks for One I/O ; Weak Pull Up and Bus Hold should not be used at the same time.                     ; Critical ; No Enable Bus-Hold Circuitry or Weak Pull-Up Resistor assignments found. ; I/O                 ;                   ;
; Inapplicable ; IO_000045 ; I/O Properties Checks for One I/O ; The I/O standard should support the requested Slew Rate value.                     ; Critical ; No Slew Rate assignments found.                                          ; I/O                 ;                   ;
; Inapplicable ; IO_000046 ; I/O Properties Checks for One I/O ; The location should support the requested Slew Rate value.                         ; Critical ; No Slew Rate assignments found.                                          ; I/O                 ;                   ;
; Inapplicable ; IO_000047 ; I/O Properties Checks for One I/O ; On Chip Termination and Slew Rate should not be used at the same time.             ; Critical ; No Slew Rate assignments found.                                          ; I/O                 ;                   ;
; Inapplicable ; IO_000034 ; SI Related Distance Checks        ; Single-ended outputs should be 0 LAB row(s) away from a differential I/O.          ; High     ; No Differential I/O Standard assignments found.                          ; I/O                 ;                   ;
; ----         ; ----      ; Disclaimer                        ; OCT rules are checked but not reported.                                            ; None     ; ----                                                                     ; On Chip Termination ;                   ;
+--------------+-----------+-----------------------------------+------------------------------------------------------------------------------------+----------+--------------------------------------------------------------------------+---------------------+-------------------+


+-----------------------------------------------------------------------------------------------------------------------------------------------------------------------------------------------------------------------------------------------------------------------------------------------------------------------------------------------------------------------------------------------------------------------------------------------+
; I/O Rules Matrix                                                                                                                                                                                                                                                                                                                                                                                                                              ;
+--------------------+--------------+--------------+--------------+--------------+--------------+-----------+--------------+--------------+-----------+-----------+--------------+--------------+--------------+--------------+--------------+--------------+--------------+--------------+--------------+--------------+--------------+--------------+--------------+--------------+--------------+--------------+--------------+--------------+
; Pin/Rules          ; IO_000001    ; IO_000002    ; IO_000003    ; IO_000004    ; IO_000005    ; IO_000006 ; IO_000007    ; IO_000008    ; IO_000009 ; IO_000010 ; IO_000011    ; IO_000012    ; IO_000013    ; IO_000014    ; IO_000015    ; IO_000018    ; IO_000019    ; IO_000020    ; IO_000021    ; IO_000022    ; IO_000023    ; IO_000024    ; IO_000026    ; IO_000027    ; IO_000045    ; IO_000046    ; IO_000047    ; IO_000034    ;
+--------------------+--------------+--------------+--------------+--------------+--------------+-----------+--------------+--------------+-----------+-----------+--------------+--------------+--------------+--------------+--------------+--------------+--------------+--------------+--------------+--------------+--------------+--------------+--------------+--------------+--------------+--------------+--------------+--------------+
; Total Pass         ; 0            ; 0            ; 0            ; 0            ; 0            ; 66        ; 0            ; 0            ; 66        ; 66        ; 0            ; 34           ; 0            ; 0            ; 0            ; 0            ; 34           ; 0            ; 0            ; 0            ; 0            ; 34           ; 0            ; 0            ; 0            ; 0            ; 0            ; 0            ;
; Total Unchecked    ; 0            ; 0            ; 0            ; 0            ; 0            ; 0         ; 0            ; 0            ; 0         ; 0         ; 0            ; 0            ; 0            ; 0            ; 0            ; 0            ; 0            ; 0            ; 0            ; 0            ; 0            ; 0            ; 0            ; 0            ; 0            ; 0            ; 0            ; 0            ;
; Total Inapplicable ; 66           ; 66           ; 66           ; 66           ; 66           ; 0         ; 66           ; 66           ; 0         ; 0         ; 66           ; 32           ; 66           ; 66           ; 66           ; 66           ; 32           ; 66           ; 66           ; 66           ; 66           ; 32           ; 66           ; 66           ; 66           ; 66           ; 66           ; 66           ;
; Total Fail         ; 0            ; 0            ; 0            ; 0            ; 0            ; 0         ; 0            ; 0            ; 0         ; 0         ; 0            ; 0            ; 0            ; 0            ; 0            ; 0            ; 0            ; 0            ; 0            ; 0            ; 0            ; 0            ; 0            ; 0            ; 0            ; 0            ; 0            ; 0            ;
; r[0]               ; Inapplicable ; Inapplicable ; Inapplicable ; Inapplicable ; Inapplicable ; Pass      ; Inapplicable ; Inapplicable ; Pass      ; Pass      ; Inapplicable ; Pass         ; Inapplicable ; Inapplicable ; Inapplicable ; Inapplicable ; Pass         ; Inapplicable ; Inapplicable ; Inapplicable ; Inapplicable ; Pass         ; Inapplicable ; Inapplicable ; Inapplicable ; Inapplicable ; Inapplicable ; Inapplicable ;
; r[1]               ; Inapplicable ; Inapplicable ; Inapplicable ; Inapplicable ; Inapplicable ; Pass      ; Inapplicable ; Inapplicable ; Pass      ; Pass      ; Inapplicable ; Pass         ; Inapplicable ; Inapplicable ; Inapplicable ; Inapplicable ; Pass         ; Inapplicable ; Inapplicable ; Inapplicable ; Inapplicable ; Pass         ; Inapplicable ; Inapplicable ; Inapplicable ; Inapplicable ; Inapplicable ; Inapplicable ;
; r[2]               ; Inapplicable ; Inapplicable ; Inapplicable ; Inapplicable ; Inapplicable ; Pass      ; Inapplicable ; Inapplicable ; Pass      ; Pass      ; Inapplicable ; Pass         ; Inapplicable ; Inapplicable ; Inapplicable ; Inapplicable ; Pass         ; Inapplicable ; Inapplicable ; Inapplicable ; Inapplicable ; Pass         ; Inapplicable ; Inapplicable ; Inapplicable ; Inapplicable ; Inapplicable ; Inapplicable ;
; r[3]               ; Inapplicable ; Inapplicable ; Inapplicable ; Inapplicable ; Inapplicable ; Pass      ; Inapplicable ; Inapplicable ; Pass      ; Pass      ; Inapplicable ; Pass         ; Inapplicable ; Inapplicable ; Inapplicable ; Inapplicable ; Pass         ; Inapplicable ; Inapplicable ; Inapplicable ; Inapplicable ; Pass         ; Inapplicable ; Inapplicable ; Inapplicable ; Inapplicable ; Inapplicable ; Inapplicable ;
; r[4]               ; Inapplicable ; Inapplicable ; Inapplicable ; Inapplicable ; Inapplicable ; Pass      ; Inapplicable ; Inapplicable ; Pass      ; Pass      ; Inapplicable ; Pass         ; Inapplicable ; Inapplicable ; Inapplicable ; Inapplicable ; Pass         ; Inapplicable ; Inapplicable ; Inapplicable ; Inapplicable ; Pass         ; Inapplicable ; Inapplicable ; Inapplicable ; Inapplicable ; Inapplicable ; Inapplicable ;
; r[5]               ; Inapplicable ; Inapplicable ; Inapplicable ; Inapplicable ; Inapplicable ; Pass      ; Inapplicable ; Inapplicable ; Pass      ; Pass      ; Inapplicable ; Pass         ; Inapplicable ; Inapplicable ; Inapplicable ; Inapplicable ; Pass         ; Inapplicable ; Inapplicable ; Inapplicable ; Inapplicable ; Pass         ; Inapplicable ; Inapplicable ; Inapplicable ; Inapplicable ; Inapplicable ; Inapplicable ;
; r[6]               ; Inapplicable ; Inapplicable ; Inapplicable ; Inapplicable ; Inapplicable ; Pass      ; Inapplicable ; Inapplicable ; Pass      ; Pass      ; Inapplicable ; Pass         ; Inapplicable ; Inapplicable ; Inapplicable ; Inapplicable ; Pass         ; Inapplicable ; Inapplicable ; Inapplicable ; Inapplicable ; Pass         ; Inapplicable ; Inapplicable ; Inapplicable ; Inapplicable ; Inapplicable ; Inapplicable ;
; r[7]               ; Inapplicable ; Inapplicable ; Inapplicable ; Inapplicable ; Inapplicable ; Pass      ; Inapplicable ; Inapplicable ; Pass      ; Pass      ; Inapplicable ; Pass         ; Inapplicable ; Inapplicable ; Inapplicable ; Inapplicable ; Pass         ; Inapplicable ; Inapplicable ; Inapplicable ; Inapplicable ; Pass         ; Inapplicable ; Inapplicable ; Inapplicable ; Inapplicable ; Inapplicable ; Inapplicable ;
; r[8]               ; Inapplicable ; Inapplicable ; Inapplicable ; Inapplicable ; Inapplicable ; Pass      ; Inapplicable ; Inapplicable ; Pass      ; Pass      ; Inapplicable ; Pass         ; Inapplicable ; Inapplicable ; Inapplicable ; Inapplicable ; Pass         ; Inapplicable ; Inapplicable ; Inapplicable ; Inapplicable ; Pass         ; Inapplicable ; Inapplicable ; Inapplicable ; Inapplicable ; Inapplicable ; Inapplicable ;
; r[9]               ; Inapplicable ; Inapplicable ; Inapplicable ; Inapplicable ; Inapplicable ; Pass      ; Inapplicable ; Inapplicable ; Pass      ; Pass      ; Inapplicable ; Pass         ; Inapplicable ; Inapplicable ; Inapplicable ; Inapplicable ; Pass         ; Inapplicable ; Inapplicable ; Inapplicable ; Inapplicable ; Pass         ; Inapplicable ; Inapplicable ; Inapplicable ; Inapplicable ; Inapplicable ; Inapplicable ;
; r[10]              ; Inapplicable ; Inapplicable ; Inapplicable ; Inapplicable ; Inapplicable ; Pass      ; Inapplicable ; Inapplicable ; Pass      ; Pass      ; Inapplicable ; Pass         ; Inapplicable ; Inapplicable ; Inapplicable ; Inapplicable ; Pass         ; Inapplicable ; Inapplicable ; Inapplicable ; Inapplicable ; Pass         ; Inapplicable ; Inapplicable ; Inapplicable ; Inapplicable ; Inapplicable ; Inapplicable ;
; r[11]              ; Inapplicable ; Inapplicable ; Inapplicable ; Inapplicable ; Inapplicable ; Pass      ; Inapplicable ; Inapplicable ; Pass      ; Pass      ; Inapplicable ; Pass         ; Inapplicable ; Inapplicable ; Inapplicable ; Inapplicable ; Pass         ; Inapplicable ; Inapplicable ; Inapplicable ; Inapplicable ; Pass         ; Inapplicable ; Inapplicable ; Inapplicable ; Inapplicable ; Inapplicable ; Inapplicable ;
; r[12]              ; Inapplicable ; Inapplicable ; Inapplicable ; Inapplicable ; Inapplicable ; Pass      ; Inapplicable ; Inapplicable ; Pass      ; Pass      ; Inapplicable ; Pass         ; Inapplicable ; Inapplicable ; Inapplicable ; Inapplicable ; Pass         ; Inapplicable ; Inapplicable ; Inapplicable ; Inapplicable ; Pass         ; Inapplicable ; Inapplicable ; Inapplicable ; Inapplicable ; Inapplicable ; Inapplicable ;
; r[13]              ; Inapplicable ; Inapplicable ; Inapplicable ; Inapplicable ; Inapplicable ; Pass      ; Inapplicable ; Inapplicable ; Pass      ; Pass      ; Inapplicable ; Pass         ; Inapplicable ; Inapplicable ; Inapplicable ; Inapplicable ; Pass         ; Inapplicable ; Inapplicable ; Inapplicable ; Inapplicable ; Pass         ; Inapplicable ; Inapplicable ; Inapplicable ; Inapplicable ; Inapplicable ; Inapplicable ;
; r[14]              ; Inapplicable ; Inapplicable ; Inapplicable ; Inapplicable ; Inapplicable ; Pass      ; Inapplicable ; Inapplicable ; Pass      ; Pass      ; Inapplicable ; Pass         ; Inapplicable ; Inapplicable ; Inapplicable ; Inapplicable ; Pass         ; Inapplicable ; Inapplicable ; Inapplicable ; Inapplicable ; Pass         ; Inapplicable ; Inapplicable ; Inapplicable ; Inapplicable ; Inapplicable ; Inapplicable ;
; r[15]              ; Inapplicable ; Inapplicable ; Inapplicable ; Inapplicable ; Inapplicable ; Pass      ; Inapplicable ; Inapplicable ; Pass      ; Pass      ; Inapplicable ; Pass         ; Inapplicable ; Inapplicable ; Inapplicable ; Inapplicable ; Pass         ; Inapplicable ; Inapplicable ; Inapplicable ; Inapplicable ; Pass         ; Inapplicable ; Inapplicable ; Inapplicable ; Inapplicable ; Inapplicable ; Inapplicable ;
; q[0]               ; Inapplicable ; Inapplicable ; Inapplicable ; Inapplicable ; Inapplicable ; Pass      ; Inapplicable ; Inapplicable ; Pass      ; Pass      ; Inapplicable ; Pass         ; Inapplicable ; Inapplicable ; Inapplicable ; Inapplicable ; Pass         ; Inapplicable ; Inapplicable ; Inapplicable ; Inapplicable ; Pass         ; Inapplicable ; Inapplicable ; Inapplicable ; Inapplicable ; Inapplicable ; Inapplicable ;
; q[1]               ; Inapplicable ; Inapplicable ; Inapplicable ; Inapplicable ; Inapplicable ; Pass      ; Inapplicable ; Inapplicable ; Pass      ; Pass      ; Inapplicable ; Pass         ; Inapplicable ; Inapplicable ; Inapplicable ; Inapplicable ; Pass         ; Inapplicable ; Inapplicable ; Inapplicable ; Inapplicable ; Pass         ; Inapplicable ; Inapplicable ; Inapplicable ; Inapplicable ; Inapplicable ; Inapplicable ;
; q[2]               ; Inapplicable ; Inapplicable ; Inapplicable ; Inapplicable ; Inapplicable ; Pass      ; Inapplicable ; Inapplicable ; Pass      ; Pass      ; Inapplicable ; Pass         ; Inapplicable ; Inapplicable ; Inapplicable ; Inapplicable ; Pass         ; Inapplicable ; Inapplicable ; Inapplicable ; Inapplicable ; Pass         ; Inapplicable ; Inapplicable ; Inapplicable ; Inapplicable ; Inapplicable ; Inapplicable ;
; q[3]               ; Inapplicable ; Inapplicable ; Inapplicable ; Inapplicable ; Inapplicable ; Pass      ; Inapplicable ; Inapplicable ; Pass      ; Pass      ; Inapplicable ; Pass         ; Inapplicable ; Inapplicable ; Inapplicable ; Inapplicable ; Pass         ; Inapplicable ; Inapplicable ; Inapplicable ; Inapplicable ; Pass         ; Inapplicable ; Inapplicable ; Inapplicable ; Inapplicable ; Inapplicable ; Inapplicable ;
; q[4]               ; Inapplicable ; Inapplicable ; Inapplicable ; Inapplicable ; Inapplicable ; Pass      ; Inapplicable ; Inapplicable ; Pass      ; Pass      ; Inapplicable ; Pass         ; Inapplicable ; Inapplicable ; Inapplicable ; Inapplicable ; Pass         ; Inapplicable ; Inapplicable ; Inapplicable ; Inapplicable ; Pass         ; Inapplicable ; Inapplicable ; Inapplicable ; Inapplicable ; Inapplicable ; Inapplicable ;
; q[5]               ; Inapplicable ; Inapplicable ; Inapplicable ; Inapplicable ; Inapplicable ; Pass      ; Inapplicable ; Inapplicable ; Pass      ; Pass      ; Inapplicable ; Pass         ; Inapplicable ; Inapplicable ; Inapplicable ; Inapplicable ; Pass         ; Inapplicable ; Inapplicable ; Inapplicable ; Inapplicable ; Pass         ; Inapplicable ; Inapplicable ; Inapplicable ; Inapplicable ; Inapplicable ; Inapplicable ;
; q[6]               ; Inapplicable ; Inapplicable ; Inapplicable ; Inapplicable ; Inapplicable ; Pass      ; Inapplicable ; Inapplicable ; Pass      ; Pass      ; Inapplicable ; Pass         ; Inapplicable ; Inapplicable ; Inapplicable ; Inapplicable ; Pass         ; Inapplicable ; Inapplicable ; Inapplicable ; Inapplicable ; Pass         ; Inapplicable ; Inapplicable ; Inapplicable ; Inapplicable ; Inapplicable ; Inapplicable ;
; q[7]               ; Inapplicable ; Inapplicable ; Inapplicable ; Inapplicable ; Inapplicable ; Pass      ; Inapplicable ; Inapplicable ; Pass      ; Pass      ; Inapplicable ; Pass         ; Inapplicable ; Inapplicable ; Inapplicable ; Inapplicable ; Pass         ; Inapplicable ; Inapplicable ; Inapplicable ; Inapplicable ; Pass         ; Inapplicable ; Inapplicable ; Inapplicable ; Inapplicable ; Inapplicable ; Inapplicable ;
; q[8]               ; Inapplicable ; Inapplicable ; Inapplicable ; Inapplicable ; Inapplicable ; Pass      ; Inapplicable ; Inapplicable ; Pass      ; Pass      ; Inapplicable ; Pass         ; Inapplicable ; Inapplicable ; Inapplicable ; Inapplicable ; Pass         ; Inapplicable ; Inapplicable ; Inapplicable ; Inapplicable ; Pass         ; Inapplicable ; Inapplicable ; Inapplicable ; Inapplicable ; Inapplicable ; Inapplicable ;
; q[9]               ; Inapplicable ; Inapplicable ; Inapplicable ; Inapplicable ; Inapplicable ; Pass      ; Inapplicable ; Inapplicable ; Pass      ; Pass      ; Inapplicable ; Pass         ; Inapplicable ; Inapplicable ; Inapplicable ; Inapplicable ; Pass         ; Inapplicable ; Inapplicable ; Inapplicable ; Inapplicable ; Pass         ; Inapplicable ; Inapplicable ; Inapplicable ; Inapplicable ; Inapplicable ; Inapplicable ;
; q[10]              ; Inapplicable ; Inapplicable ; Inapplicable ; Inapplicable ; Inapplicable ; Pass      ; Inapplicable ; Inapplicable ; Pass      ; Pass      ; Inapplicable ; Pass         ; Inapplicable ; Inapplicable ; Inapplicable ; Inapplicable ; Pass         ; Inapplicable ; Inapplicable ; Inapplicable ; Inapplicable ; Pass         ; Inapplicable ; Inapplicable ; Inapplicable ; Inapplicable ; Inapplicable ; Inapplicable ;
; q[11]              ; Inapplicable ; Inapplicable ; Inapplicable ; Inapplicable ; Inapplicable ; Pass      ; Inapplicable ; Inapplicable ; Pass      ; Pass      ; Inapplicable ; Pass         ; Inapplicable ; Inapplicable ; Inapplicable ; Inapplicable ; Pass         ; Inapplicable ; Inapplicable ; Inapplicable ; Inapplicable ; Pass         ; Inapplicable ; Inapplicable ; Inapplicable ; Inapplicable ; Inapplicable ; Inapplicable ;
; q[12]              ; Inapplicable ; Inapplicable ; Inapplicable ; Inapplicable ; Inapplicable ; Pass      ; Inapplicable ; Inapplicable ; Pass      ; Pass      ; Inapplicable ; Pass         ; Inapplicable ; Inapplicable ; Inapplicable ; Inapplicable ; Pass         ; Inapplicable ; Inapplicable ; Inapplicable ; Inapplicable ; Pass         ; Inapplicable ; Inapplicable ; Inapplicable ; Inapplicable ; Inapplicable ; Inapplicable ;
; q[13]              ; Inapplicable ; Inapplicable ; Inapplicable ; Inapplicable ; Inapplicable ; Pass      ; Inapplicable ; Inapplicable ; Pass      ; Pass      ; Inapplicable ; Pass         ; Inapplicable ; Inapplicable ; Inapplicable ; Inapplicable ; Pass         ; Inapplicable ; Inapplicable ; Inapplicable ; Inapplicable ; Pass         ; Inapplicable ; Inapplicable ; Inapplicable ; Inapplicable ; Inapplicable ; Inapplicable ;
; q[14]              ; Inapplicable ; Inapplicable ; Inapplicable ; Inapplicable ; Inapplicable ; Pass      ; Inapplicable ; Inapplicable ; Pass      ; Pass      ; Inapplicable ; Pass         ; Inapplicable ; Inapplicable ; Inapplicable ; Inapplicable ; Pass         ; Inapplicable ; Inapplicable ; Inapplicable ; Inapplicable ; Pass         ; Inapplicable ; Inapplicable ; Inapplicable ; Inapplicable ; Inapplicable ; Inapplicable ;
; q[15]              ; Inapplicable ; Inapplicable ; Inapplicable ; Inapplicable ; Inapplicable ; Pass      ; Inapplicable ; Inapplicable ; Pass      ; Pass      ; Inapplicable ; Pass         ; Inapplicable ; Inapplicable ; Inapplicable ; Inapplicable ; Pass         ; Inapplicable ; Inapplicable ; Inapplicable ; Inapplicable ; Pass         ; Inapplicable ; Inapplicable ; Inapplicable ; Inapplicable ; Inapplicable ; Inapplicable ;
; z                  ; Inapplicable ; Inapplicable ; Inapplicable ; Inapplicable ; Inapplicable ; Pass      ; Inapplicable ; Inapplicable ; Pass      ; Pass      ; Inapplicable ; Pass         ; Inapplicable ; Inapplicable ; Inapplicable ; Inapplicable ; Pass         ; Inapplicable ; Inapplicable ; Inapplicable ; Inapplicable ; Pass         ; Inapplicable ; Inapplicable ; Inapplicable ; Inapplicable ; Inapplicable ; Inapplicable ;
; o                  ; Inapplicable ; Inapplicable ; Inapplicable ; Inapplicable ; Inapplicable ; Pass      ; Inapplicable ; Inapplicable ; Pass      ; Pass      ; Inapplicable ; Pass         ; Inapplicable ; Inapplicable ; Inapplicable ; Inapplicable ; Pass         ; Inapplicable ; Inapplicable ; Inapplicable ; Inapplicable ; Pass         ; Inapplicable ; Inapplicable ; Inapplicable ; Inapplicable ; Inapplicable ; Inapplicable ;
; a[0]               ; Inapplicable ; Inapplicable ; Inapplicable ; Inapplicable ; Inapplicable ; Pass      ; Inapplicable ; Inapplicable ; Pass      ; Pass      ; Inapplicable ; Inapplicable ; Inapplicable ; Inapplicable ; Inapplicable ; Inapplicable ; Inapplicable ; Inapplicable ; Inapplicable ; Inapplicable ; Inapplicable ; Inapplicable ; Inapplicable ; Inapplicable ; Inapplicable ; Inapplicable ; Inapplicable ; Inapplicable ;
; b[0]               ; Inapplicable ; Inapplicable ; Inapplicable ; Inapplicable ; Inapplicable ; Pass      ; Inapplicable ; Inapplicable ; Pass      ; Pass      ; Inapplicable ; Inapplicable ; Inapplicable ; Inapplicable ; Inapplicable ; Inapplicable ; Inapplicable ; Inapplicable ; Inapplicable ; Inapplicable ; Inapplicable ; Inapplicable ; Inapplicable ; Inapplicable ; Inapplicable ; Inapplicable ; Inapplicable ; Inapplicable ;
; b[14]              ; Inapplicable ; Inapplicable ; Inapplicable ; Inapplicable ; Inapplicable ; Pass      ; Inapplicable ; Inapplicable ; Pass      ; Pass      ; Inapplicable ; Inapplicable ; Inapplicable ; Inapplicable ; Inapplicable ; Inapplicable ; Inapplicable ; Inapplicable ; Inapplicable ; Inapplicable ; Inapplicable ; Inapplicable ; Inapplicable ; Inapplicable ; Inapplicable ; Inapplicable ; Inapplicable ; Inapplicable ;
; b[15]              ; Inapplicable ; Inapplicable ; Inapplicable ; Inapplicable ; Inapplicable ; Pass      ; Inapplicable ; Inapplicable ; Pass      ; Pass      ; Inapplicable ; Inapplicable ; Inapplicable ; Inapplicable ; Inapplicable ; Inapplicable ; Inapplicable ; Inapplicable ; Inapplicable ; Inapplicable ; Inapplicable ; Inapplicable ; Inapplicable ; Inapplicable ; Inapplicable ; Inapplicable ; Inapplicable ; Inapplicable ;
; b[13]              ; Inapplicable ; Inapplicable ; Inapplicable ; Inapplicable ; Inapplicable ; Pass      ; Inapplicable ; Inapplicable ; Pass      ; Pass      ; Inapplicable ; Inapplicable ; Inapplicable ; Inapplicable ; Inapplicable ; Inapplicable ; Inapplicable ; Inapplicable ; Inapplicable ; Inapplicable ; Inapplicable ; Inapplicable ; Inapplicable ; Inapplicable ; Inapplicable ; Inapplicable ; Inapplicable ; Inapplicable ;
; b[12]              ; Inapplicable ; Inapplicable ; Inapplicable ; Inapplicable ; Inapplicable ; Pass      ; Inapplicable ; Inapplicable ; Pass      ; Pass      ; Inapplicable ; Inapplicable ; Inapplicable ; Inapplicable ; Inapplicable ; Inapplicable ; Inapplicable ; Inapplicable ; Inapplicable ; Inapplicable ; Inapplicable ; Inapplicable ; Inapplicable ; Inapplicable ; Inapplicable ; Inapplicable ; Inapplicable ; Inapplicable ;
; b[11]              ; Inapplicable ; Inapplicable ; Inapplicable ; Inapplicable ; Inapplicable ; Pass      ; Inapplicable ; Inapplicable ; Pass      ; Pass      ; Inapplicable ; Inapplicable ; Inapplicable ; Inapplicable ; Inapplicable ; Inapplicable ; Inapplicable ; Inapplicable ; Inapplicable ; Inapplicable ; Inapplicable ; Inapplicable ; Inapplicable ; Inapplicable ; Inapplicable ; Inapplicable ; Inapplicable ; Inapplicable ;
; b[10]              ; Inapplicable ; Inapplicable ; Inapplicable ; Inapplicable ; Inapplicable ; Pass      ; Inapplicable ; Inapplicable ; Pass      ; Pass      ; Inapplicable ; Inapplicable ; Inapplicable ; Inapplicable ; Inapplicable ; Inapplicable ; Inapplicable ; Inapplicable ; Inapplicable ; Inapplicable ; Inapplicable ; Inapplicable ; Inapplicable ; Inapplicable ; Inapplicable ; Inapplicable ; Inapplicable ; Inapplicable ;
; b[9]               ; Inapplicable ; Inapplicable ; Inapplicable ; Inapplicable ; Inapplicable ; Pass      ; Inapplicable ; Inapplicable ; Pass      ; Pass      ; Inapplicable ; Inapplicable ; Inapplicable ; Inapplicable ; Inapplicable ; Inapplicable ; Inapplicable ; Inapplicable ; Inapplicable ; Inapplicable ; Inapplicable ; Inapplicable ; Inapplicable ; Inapplicable ; Inapplicable ; Inapplicable ; Inapplicable ; Inapplicable ;
; b[8]               ; Inapplicable ; Inapplicable ; Inapplicable ; Inapplicable ; Inapplicable ; Pass      ; Inapplicable ; Inapplicable ; Pass      ; Pass      ; Inapplicable ; Inapplicable ; Inapplicable ; Inapplicable ; Inapplicable ; Inapplicable ; Inapplicable ; Inapplicable ; Inapplicable ; Inapplicable ; Inapplicable ; Inapplicable ; Inapplicable ; Inapplicable ; Inapplicable ; Inapplicable ; Inapplicable ; Inapplicable ;
; b[7]               ; Inapplicable ; Inapplicable ; Inapplicable ; Inapplicable ; Inapplicable ; Pass      ; Inapplicable ; Inapplicable ; Pass      ; Pass      ; Inapplicable ; Inapplicable ; Inapplicable ; Inapplicable ; Inapplicable ; Inapplicable ; Inapplicable ; Inapplicable ; Inapplicable ; Inapplicable ; Inapplicable ; Inapplicable ; Inapplicable ; Inapplicable ; Inapplicable ; Inapplicable ; Inapplicable ; Inapplicable ;
; b[6]               ; Inapplicable ; Inapplicable ; Inapplicable ; Inapplicable ; Inapplicable ; Pass      ; Inapplicable ; Inapplicable ; Pass      ; Pass      ; Inapplicable ; Inapplicable ; Inapplicable ; Inapplicable ; Inapplicable ; Inapplicable ; Inapplicable ; Inapplicable ; Inapplicable ; Inapplicable ; Inapplicable ; Inapplicable ; Inapplicable ; Inapplicable ; Inapplicable ; Inapplicable ; Inapplicable ; Inapplicable ;
; b[5]               ; Inapplicable ; Inapplicable ; Inapplicable ; Inapplicable ; Inapplicable ; Pass      ; Inapplicable ; Inapplicable ; Pass      ; Pass      ; Inapplicable ; Inapplicable ; Inapplicable ; Inapplicable ; Inapplicable ; Inapplicable ; Inapplicable ; Inapplicable ; Inapplicable ; Inapplicable ; Inapplicable ; Inapplicable ; Inapplicable ; Inapplicable ; Inapplicable ; Inapplicable ; Inapplicable ; Inapplicable ;
; b[4]               ; Inapplicable ; Inapplicable ; Inapplicable ; Inapplicable ; Inapplicable ; Pass      ; Inapplicable ; Inapplicable ; Pass      ; Pass      ; Inapplicable ; Inapplicable ; Inapplicable ; Inapplicable ; Inapplicable ; Inapplicable ; Inapplicable ; Inapplicable ; Inapplicable ; Inapplicable ; Inapplicable ; Inapplicable ; Inapplicable ; Inapplicable ; Inapplicable ; Inapplicable ; Inapplicable ; Inapplicable ;
; b[3]               ; Inapplicable ; Inapplicable ; Inapplicable ; Inapplicable ; Inapplicable ; Pass      ; Inapplicable ; Inapplicable ; Pass      ; Pass      ; Inapplicable ; Inapplicable ; Inapplicable ; Inapplicable ; Inapplicable ; Inapplicable ; Inapplicable ; Inapplicable ; Inapplicable ; Inapplicable ; Inapplicable ; Inapplicable ; Inapplicable ; Inapplicable ; Inapplicable ; Inapplicable ; Inapplicable ; Inapplicable ;
; b[2]               ; Inapplicable ; Inapplicable ; Inapplicable ; Inapplicable ; Inapplicable ; Pass      ; Inapplicable ; Inapplicable ; Pass      ; Pass      ; Inapplicable ; Inapplicable ; Inapplicable ; Inapplicable ; Inapplicable ; Inapplicable ; Inapplicable ; Inapplicable ; Inapplicable ; Inapplicable ; Inapplicable ; Inapplicable ; Inapplicable ; Inapplicable ; Inapplicable ; Inapplicable ; Inapplicable ; Inapplicable ;
; b[1]               ; Inapplicable ; Inapplicable ; Inapplicable ; Inapplicable ; Inapplicable ; Pass      ; Inapplicable ; Inapplicable ; Pass      ; Pass      ; Inapplicable ; Inapplicable ; Inapplicable ; Inapplicable ; Inapplicable ; Inapplicable ; Inapplicable ; Inapplicable ; Inapplicable ; Inapplicable ; Inapplicable ; Inapplicable ; Inapplicable ; Inapplicable ; Inapplicable ; Inapplicable ; Inapplicable ; Inapplicable ;
; a[15]              ; Inapplicable ; Inapplicable ; Inapplicable ; Inapplicable ; Inapplicable ; Pass      ; Inapplicable ; Inapplicable ; Pass      ; Pass      ; Inapplicable ; Inapplicable ; Inapplicable ; Inapplicable ; Inapplicable ; Inapplicable ; Inapplicable ; Inapplicable ; Inapplicable ; Inapplicable ; Inapplicable ; Inapplicable ; Inapplicable ; Inapplicable ; Inapplicable ; Inapplicable ; Inapplicable ; Inapplicable ;
; a[12]              ; Inapplicable ; Inapplicable ; Inapplicable ; Inapplicable ; Inapplicable ; Pass      ; Inapplicable ; Inapplicable ; Pass      ; Pass      ; Inapplicable ; Inapplicable ; Inapplicable ; Inapplicable ; Inapplicable ; Inapplicable ; Inapplicable ; Inapplicable ; Inapplicable ; Inapplicable ; Inapplicable ; Inapplicable ; Inapplicable ; Inapplicable ; Inapplicable ; Inapplicable ; Inapplicable ; Inapplicable ;
; a[11]              ; Inapplicable ; Inapplicable ; Inapplicable ; Inapplicable ; Inapplicable ; Pass      ; Inapplicable ; Inapplicable ; Pass      ; Pass      ; Inapplicable ; Inapplicable ; Inapplicable ; Inapplicable ; Inapplicable ; Inapplicable ; Inapplicable ; Inapplicable ; Inapplicable ; Inapplicable ; Inapplicable ; Inapplicable ; Inapplicable ; Inapplicable ; Inapplicable ; Inapplicable ; Inapplicable ; Inapplicable ;
; a[10]              ; Inapplicable ; Inapplicable ; Inapplicable ; Inapplicable ; Inapplicable ; Pass      ; Inapplicable ; Inapplicable ; Pass      ; Pass      ; Inapplicable ; Inapplicable ; Inapplicable ; Inapplicable ; Inapplicable ; Inapplicable ; Inapplicable ; Inapplicable ; Inapplicable ; Inapplicable ; Inapplicable ; Inapplicable ; Inapplicable ; Inapplicable ; Inapplicable ; Inapplicable ; Inapplicable ; Inapplicable ;
; a[9]               ; Inapplicable ; Inapplicable ; Inapplicable ; Inapplicable ; Inapplicable ; Pass      ; Inapplicable ; Inapplicable ; Pass      ; Pass      ; Inapplicable ; Inapplicable ; Inapplicable ; Inapplicable ; Inapplicable ; Inapplicable ; Inapplicable ; Inapplicable ; Inapplicable ; Inapplicable ; Inapplicable ; Inapplicable ; Inapplicable ; Inapplicable ; Inapplicable ; Inapplicable ; Inapplicable ; Inapplicable ;
; a[8]               ; Inapplicable ; Inapplicable ; Inapplicable ; Inapplicable ; Inapplicable ; Pass      ; Inapplicable ; Inapplicable ; Pass      ; Pass      ; Inapplicable ; Inapplicable ; Inapplicable ; Inapplicable ; Inapplicable ; Inapplicable ; Inapplicable ; Inapplicable ; Inapplicable ; Inapplicable ; Inapplicable ; Inapplicable ; Inapplicable ; Inapplicable ; Inapplicable ; Inapplicable ; Inapplicable ; Inapplicable ;
; a[7]               ; Inapplicable ; Inapplicable ; Inapplicable ; Inapplicable ; Inapplicable ; Pass      ; Inapplicable ; Inapplicable ; Pass      ; Pass      ; Inapplicable ; Inapplicable ; Inapplicable ; Inapplicable ; Inapplicable ; Inapplicable ; Inapplicable ; Inapplicable ; Inapplicable ; Inapplicable ; Inapplicable ; Inapplicable ; Inapplicable ; Inapplicable ; Inapplicable ; Inapplicable ; Inapplicable ; Inapplicable ;
; a[6]               ; Inapplicable ; Inapplicable ; Inapplicable ; Inapplicable ; Inapplicable ; Pass      ; Inapplicable ; Inapplicable ; Pass      ; Pass      ; Inapplicable ; Inapplicable ; Inapplicable ; Inapplicable ; Inapplicable ; Inapplicable ; Inapplicable ; Inapplicable ; Inapplicable ; Inapplicable ; Inapplicable ; Inapplicable ; Inapplicable ; Inapplicable ; Inapplicable ; Inapplicable ; Inapplicable ; Inapplicable ;
; a[5]               ; Inapplicable ; Inapplicable ; Inapplicable ; Inapplicable ; Inapplicable ; Pass      ; Inapplicable ; Inapplicable ; Pass      ; Pass      ; Inapplicable ; Inapplicable ; Inapplicable ; Inapplicable ; Inapplicable ; Inapplicable ; Inapplicable ; Inapplicable ; Inapplicable ; Inapplicable ; Inapplicable ; Inapplicable ; Inapplicable ; Inapplicable ; Inapplicable ; Inapplicable ; Inapplicable ; Inapplicable ;
; a[4]               ; Inapplicable ; Inapplicable ; Inapplicable ; Inapplicable ; Inapplicable ; Pass      ; Inapplicable ; Inapplicable ; Pass      ; Pass      ; Inapplicable ; Inapplicable ; Inapplicable ; Inapplicable ; Inapplicable ; Inapplicable ; Inapplicable ; Inapplicable ; Inapplicable ; Inapplicable ; Inapplicable ; Inapplicable ; Inapplicable ; Inapplicable ; Inapplicable ; Inapplicable ; Inapplicable ; Inapplicable ;
; a[3]               ; Inapplicable ; Inapplicable ; Inapplicable ; Inapplicable ; Inapplicable ; Pass      ; Inapplicable ; Inapplicable ; Pass      ; Pass      ; Inapplicable ; Inapplicable ; Inapplicable ; Inapplicable ; Inapplicable ; Inapplicable ; Inapplicable ; Inapplicable ; Inapplicable ; Inapplicable ; Inapplicable ; Inapplicable ; Inapplicable ; Inapplicable ; Inapplicable ; Inapplicable ; Inapplicable ; Inapplicable ;
; a[2]               ; Inapplicable ; Inapplicable ; Inapplicable ; Inapplicable ; Inapplicable ; Pass      ; Inapplicable ; Inapplicable ; Pass      ; Pass      ; Inapplicable ; Inapplicable ; Inapplicable ; Inapplicable ; Inapplicable ; Inapplicable ; Inapplicable ; Inapplicable ; Inapplicable ; Inapplicable ; Inapplicable ; Inapplicable ; Inapplicable ; Inapplicable ; Inapplicable ; Inapplicable ; Inapplicable ; Inapplicable ;
; a[1]               ; Inapplicable ; Inapplicable ; Inapplicable ; Inapplicable ; Inapplicable ; Pass      ; Inapplicable ; Inapplicable ; Pass      ; Pass      ; Inapplicable ; Inapplicable ; Inapplicable ; Inapplicable ; Inapplicable ; Inapplicable ; Inapplicable ; Inapplicable ; Inapplicable ; Inapplicable ; Inapplicable ; Inapplicable ; Inapplicable ; Inapplicable ; Inapplicable ; Inapplicable ; Inapplicable ; Inapplicable ;
; a[13]              ; Inapplicable ; Inapplicable ; Inapplicable ; Inapplicable ; Inapplicable ; Pass      ; Inapplicable ; Inapplicable ; Pass      ; Pass      ; Inapplicable ; Inapplicable ; Inapplicable ; Inapplicable ; Inapplicable ; Inapplicable ; Inapplicable ; Inapplicable ; Inapplicable ; Inapplicable ; Inapplicable ; Inapplicable ; Inapplicable ; Inapplicable ; Inapplicable ; Inapplicable ; Inapplicable ; Inapplicable ;
; a[14]              ; Inapplicable ; Inapplicable ; Inapplicable ; Inapplicable ; Inapplicable ; Pass      ; Inapplicable ; Inapplicable ; Pass      ; Pass      ; Inapplicable ; Inapplicable ; Inapplicable ; Inapplicable ; Inapplicable ; Inapplicable ; Inapplicable ; Inapplicable ; Inapplicable ; Inapplicable ; Inapplicable ; Inapplicable ; Inapplicable ; Inapplicable ; Inapplicable ; Inapplicable ; Inapplicable ; Inapplicable ;
+--------------------+--------------+--------------+--------------+--------------+--------------+-----------+--------------+--------------+-----------+-----------+--------------+--------------+--------------+--------------+--------------+--------------+--------------+--------------+--------------+--------------+--------------+--------------+--------------+--------------+--------------+--------------+--------------+--------------+


+------------------------------------------------------------------------------------------------+
; Fitter Device Options                                                                          ;
+------------------------------------------------------------------+-----------------------------+
; Option                                                           ; Setting                     ;
+------------------------------------------------------------------+-----------------------------+
; Enable user-supplied start-up clock (CLKUSR)                     ; Off                         ;
; Enable device-wide reset (DEV_CLRn)                              ; Off                         ;
; Enable device-wide output enable (DEV_OE)                        ; Off                         ;
; Enable INIT_DONE output                                          ; Off                         ;
; Configuration scheme                                             ; Passive Serial              ;
; Enable Error Detection CRC_ERROR pin                             ; Off                         ;
; Enable CvP_CONFDONE pin                                          ; Off                         ;
; Enable open drain on CRC_ERROR pin                               ; On                          ;
; Enable open drain on CvP_CONFDONE pin                            ; On                          ;
; Enable open drain on INIT_DONE pin                               ; On                          ;
; Enable open drain on Partial Reconfiguration pins                ; Off                         ;
; Enable open drain on nCEO pin                                    ; On                          ;
; Enable Partial Reconfiguration pins                              ; Off                         ;
; Enable input tri-state on active configuration pins in user mode ; Off                         ;
; Enable internal scrubbing                                        ; Off                         ;
; Active Serial clock source                                       ; 100 MHz Internal Oscillator ;
; Device initialization clock source                               ; Internal Oscillator         ;
; Configuration via Protocol                                       ; Off                         ;
; Configuration Voltage Level                                      ; Auto                        ;
; Force Configuration Voltage Level                                ; Off                         ;
; Enable nCEO output                                               ; Off                         ;
; Data[15..8]                                                      ; Unreserved                  ;
; Data[7..5]                                                       ; Unreserved                  ;
; Base pin-out file on sameframe device                            ; Off                         ;
+------------------------------------------------------------------+-----------------------------+


+------------------------------------+
; Operating Settings and Conditions  ;
+---------------------------+--------+
; Setting                   ; Value  ;
+---------------------------+--------+
; Nominal Core Voltage      ; 1.10 V ;
; Low Junction Temperature  ; -40 °C ;
; High Junction Temperature ; 125 °C ;
+---------------------------+--------+


+-----------------+
; Fitter Messages ;
+-----------------+
Warning (18236): Number of processors has not been specified which may cause overloading on shared machines.  Set the global assignment NUM_PARALLEL_PROCESSORS in your QSF to an appropriate value for best performance.
Info (20030): Parallel compilation is enabled and will use 2 of the 2 processors detected
Info (119006): Selected device 5CEBA2F17A7 for design "Divider"
Info (21077): Low junction temperature is -40 degrees C
Info (21077): High junction temperature is 125 degrees C
Info (171003): Fitter is performing an Auto Fit compilation, which may decrease Fitter effort to reduce compilation time
Warning (292013): Feature LogicLock is only available with a valid subscription license. You can purchase a software subscription to gain full access to this feature.
Warning (15714): Some pins have incomplete I/O assignments. Refer to the I/O Assignment Warnings report for details
Critical Warning (169085): No exact pin location assignment(s) for 66 pins of 66 total pins. For the list of pins please refer to the I/O Assignment Warnings table in the fitter report.
Info (184020): Starting Fitter periphery placement operations
Info (184021): Fitter periphery placement operations ending: elapsed time is 00:00:00
Info (176233): Starting register packing
Info (176235): Finished register packing
    Extra Info (176219): No registers were packed into other blocks
Info (11798): Fitter preparation operations ending: elapsed time is 00:00:08
Critical Warning (332012): Synopsys Design Constraints File file not found: 'Divider.sdc'. A Synopsys Design Constraints File is required by the Timing Analyzer to get proper timing constraints. Without it, the Compiler will not properly optimize the design.
Info (332144): No user constrained base clocks found in the design
Info (332096): The command derive_clocks did not find any clocks to derive.  No clocks were created or changed.
Warning (332068): No clocks defined in design.
Info (332143): No user constrained clock uncertainty found in the design. Calling "derive_clock_uncertainty"
Info (332154): The derive_clock_uncertainty command did not apply clock uncertainty to any clock-to-clock transfers.
Info (332130): Timing requirements not specified -- quality metrics such as performance may be sacrificed to reduce compilation time.
Info (170189): Fitter placement preparation operations beginning
Info (14951): The Fitter is using Advanced Physical Optimization.
Info (170190): Fitter placement preparation operations ending: elapsed time is 00:01:25
Info (170191): Fitter placement operations beginning
Info (170137): Fitter placement was successful
Info (170192): Fitter placement operations ending: elapsed time is 00:00:01
Info (170193): Fitter routing operations beginning
Info (170195): Router estimated average interconnect usage is 0% of the available device resources
    Info (170196): Router estimated peak interconnect usage is 5% of the available device resources in the region that extends from location X0_Y0 to location X10_Y10
Info (170199): The Fitter performed an Auto Fit compilation.  Optimizations were skipped to reduce compilation time.
    Info (170201): Optimizations that may affect the design's routability were skipped
    Info (170200): Optimizations that may affect the design's timing were skipped
Info (170194): Fitter routing operations ending: elapsed time is 00:00:02
Info (11888): Total time spent on timing analysis during the Fitter is 0.59 seconds.
Info (334003): Started post-fitting delay annotation
Info (334004): Delay annotation completed successfully
Info (334003): Started post-fitting delay annotation
Info (334004): Delay annotation completed successfully
Info (11801): Fitter post-fit operations ending: elapsed time is 00:00:11
Info (144001): Generated suppressed messages file C:/Users/Kidus/Documents/GitHub/First_DSD/16-bit Calculator/Divider/output_files/Divider.fit.smsg
Info: Quartus Prime Fitter was successful. 0 errors, 6 warnings
    Info: Peak virtual memory: 5845 megabytes
    Info: Processing ended: Wed May 27 18:12:13 2026
    Info: Elapsed time: 00:03:32
    Info: Total CPU time (on all processors): 00:01:43


+----------------------------+
; Fitter Suppressed Messages ;
+----------------------------+
The suppressed messages can be found in C:/Users/Kidus/Documents/GitHub/First_DSD/16-bit Calculator/Divider/output_files/Divider.fit.smsg.


