Analysis & Synthesis report for Multiplier
Mon Jun 15 09:49:08 2026
Quartus Prime Version 23.1std.0 Build 991 11/28/2023 SC Lite Edition


---------------------
; Table of Contents ;
---------------------
  1. Legal Notice
  2. Analysis & Synthesis Summary
  3. Analysis & Synthesis Settings
  4. Parallel Compilation
  5. Analysis & Synthesis Source Files Read
  6. Analysis & Synthesis Resource Usage Summary
  7. Analysis & Synthesis Resource Utilization by Entity
  8. General Register Statistics
  9. Port Connectivity Checks: "FAdder_32bit:v5"
 10. Port Connectivity Checks: "FAdder_32bit:u7"
 11. Port Connectivity Checks: "FAdder_32bit:u6"
 12. Port Connectivity Checks: "FAdder_32bit:u5"
 13. Port Connectivity Checks: "Mul_4bit:u1|altAdder:u7"
 14. Port Connectivity Checks: "Mul_4bit:u1|altAdder:u5"
 15. Port Connectivity Checks: "Mul_4bit:u1|altAdder:u3"
 16. Port Connectivity Checks: "FAdder:v2"
 17. Port Connectivity Checks: "FAdder:v1"
 18. Post-Synthesis Netlist Statistics for Top Partition
 19. Elapsed Time Per Partition
 20. Analysis & Synthesis Messages



----------------
; Legal Notice ;
----------------
Copyright (C) 2023  Intel Corporation. All rights reserved.
Your use of Intel Corporation's design tools, logic functions 
and other software and tools, and any partner logic 
functions, and any output files from any of the foregoing 
(including device programming or simulation files), and any 
associated documentation or information are expressly subject 
to the terms and conditions of the Intel Program License 
Subscription Agreement, the Intel Quartus Prime License Agreement,
the Intel FPGA IP License Agreement, or other applicable license
agreement, including, without limitation, that your use is for
the sole purpose of programming logic devices manufactured by
Intel and sold by Intel or its authorized distributors.  Please
refer to the applicable agreement for further details, at
https://fpgasoftware.intel.com/eula.



+----------------------------------------------------------------------------------+
; Analysis & Synthesis Summary                                                     ;
+---------------------------------+------------------------------------------------+
; Analysis & Synthesis Status     ; Successful - Mon Jun 15 09:49:07 2026          ;
; Quartus Prime Version           ; 23.1std.0 Build 991 11/28/2023 SC Lite Edition ;
; Revision Name                   ; Multiplier                                     ;
; Top-level Entity Name           ; Multiplier                                     ;
; Family                          ; Cyclone V                                      ;
; Logic utilization (in ALMs)     ; N/A                                            ;
; Total registers                 ; 0                                              ;
; Total pins                      ; 64                                             ;
; Total virtual pins              ; 0                                              ;
; Total block memory bits         ; 0                                              ;
; Total DSP Blocks                ; 0                                              ;
; Total HSSI RX PCSs              ; 0                                              ;
; Total HSSI PMA RX Deserializers ; 0                                              ;
; Total HSSI TX PCSs              ; 0                                              ;
; Total HSSI PMA TX Serializers   ; 0                                              ;
; Total PLLs                      ; 0                                              ;
; Total DLLs                      ; 0                                              ;
+---------------------------------+------------------------------------------------+


+---------------------------------------------------------------------------------------------------------------------------+
; Analysis & Synthesis Settings                                                                                             ;
+---------------------------------------------------------------------------------+--------------------+--------------------+
; Option                                                                          ; Setting            ; Default Value      ;
+---------------------------------------------------------------------------------+--------------------+--------------------+
; Device                                                                          ; 5CSEMA5F31C6       ;                    ;
; Top-level entity name                                                           ; Multiplier         ; Multiplier         ;
; Family name                                                                     ; Cyclone V          ; Cyclone V          ;
; VHDL Show LMF Mapping Messages                                                  ; Off                ;                    ;
; VHDL Version                                                                    ; VHDL_2008          ; VHDL_1993          ;
; Use smart compilation                                                           ; Off                ; Off                ;
; Enable parallel Assembler and Timing Analyzer during compilation                ; On                 ; On                 ;
; Enable compact report table                                                     ; Off                ; Off                ;
; Restructure Multiplexers                                                        ; Auto               ; Auto               ;
; MLAB Add Timing Constraints For Mixed-Port Feed-Through Mode Setting Don't Care ; Off                ; Off                ;
; Create Debugging Nodes for IP Cores                                             ; Off                ; Off                ;
; Preserve fewer node names                                                       ; On                 ; On                 ;
; Intel FPGA IP Evaluation Mode                                                   ; Enable             ; Enable             ;
; Verilog Version                                                                 ; Verilog_2001       ; Verilog_2001       ;
; State Machine Processing                                                        ; Auto               ; Auto               ;
; Safe State Machine                                                              ; Off                ; Off                ;
; Extract Verilog State Machines                                                  ; On                 ; On                 ;
; Extract VHDL State Machines                                                     ; On                 ; On                 ;
; Ignore Verilog initial constructs                                               ; Off                ; Off                ;
; Iteration limit for constant Verilog loops                                      ; 5000               ; 5000               ;
; Iteration limit for non-constant Verilog loops                                  ; 250                ; 250                ;
; Add Pass-Through Logic to Inferred RAMs                                         ; On                 ; On                 ;
; Infer RAMs from Raw Logic                                                       ; On                 ; On                 ;
; Parallel Synthesis                                                              ; On                 ; On                 ;
; DSP Block Balancing                                                             ; Auto               ; Auto               ;
; NOT Gate Push-Back                                                              ; On                 ; On                 ;
; Power-Up Don't Care                                                             ; On                 ; On                 ;
; Remove Redundant Logic Cells                                                    ; Off                ; Off                ;
; Remove Duplicate Registers                                                      ; On                 ; On                 ;
; Ignore CARRY Buffers                                                            ; Off                ; Off                ;
; Ignore CASCADE Buffers                                                          ; Off                ; Off                ;
; Ignore GLOBAL Buffers                                                           ; Off                ; Off                ;
; Ignore ROW GLOBAL Buffers                                                       ; Off                ; Off                ;
; Ignore LCELL Buffers                                                            ; Off                ; Off                ;
; Ignore SOFT Buffers                                                             ; On                 ; On                 ;
; Limit AHDL Integers to 32 Bits                                                  ; Off                ; Off                ;
; Optimization Technique                                                          ; Balanced           ; Balanced           ;
; Carry Chain Length                                                              ; 70                 ; 70                 ;
; Auto Carry Chains                                                               ; On                 ; On                 ;
; Auto Open-Drain Pins                                                            ; On                 ; On                 ;
; Perform WYSIWYG Primitive Resynthesis                                           ; Off                ; Off                ;
; Auto ROM Replacement                                                            ; On                 ; On                 ;
; Auto RAM Replacement                                                            ; On                 ; On                 ;
; Auto DSP Block Replacement                                                      ; On                 ; On                 ;
; Auto Shift Register Replacement                                                 ; Auto               ; Auto               ;
; Allow Shift Register Merging across Hierarchies                                 ; Auto               ; Auto               ;
; Auto Clock Enable Replacement                                                   ; On                 ; On                 ;
; Strict RAM Replacement                                                          ; Off                ; Off                ;
; Allow Synchronous Control Signals                                               ; On                 ; On                 ;
; Force Use of Synchronous Clear Signals                                          ; Off                ; Off                ;
; Auto Resource Sharing                                                           ; Off                ; Off                ;
; Allow Any RAM Size For Recognition                                              ; Off                ; Off                ;
; Allow Any ROM Size For Recognition                                              ; Off                ; Off                ;
; Allow Any Shift Register Size For Recognition                                   ; Off                ; Off                ;
; Use LogicLock Constraints during Resource Balancing                             ; On                 ; On                 ;
; Ignore translate_off and synthesis_off directives                               ; Off                ; Off                ;
; Timing-Driven Synthesis                                                         ; On                 ; On                 ;
; Report Parameter Settings                                                       ; On                 ; On                 ;
; Report Source Assignments                                                       ; On                 ; On                 ;
; Report Connectivity Checks                                                      ; On                 ; On                 ;
; Ignore Maximum Fan-Out Assignments                                              ; Off                ; Off                ;
; Synchronization Register Chain Length                                           ; 3                  ; 3                  ;
; Power Optimization During Synthesis                                             ; Normal compilation ; Normal compilation ;
; HDL message level                                                               ; Level2             ; Level2             ;
; Suppress Register Optimization Related Messages                                 ; Off                ; Off                ;
; Number of Removed Registers Reported in Synthesis Report                        ; 5000               ; 5000               ;
; Number of Swept Nodes Reported in Synthesis Report                              ; 5000               ; 5000               ;
; Number of Inverted Registers Reported in Synthesis Report                       ; 100                ; 100                ;
; Clock MUX Protection                                                            ; On                 ; On                 ;
; Auto Gated Clock Conversion                                                     ; Off                ; Off                ;
; Block Design Naming                                                             ; Auto               ; Auto               ;
; SDC constraint protection                                                       ; Off                ; Off                ;
; Synthesis Effort                                                                ; Auto               ; Auto               ;
; Shift Register Replacement - Allow Asynchronous Clear Signal                    ; On                 ; On                 ;
; Pre-Mapping Resynthesis Optimization                                            ; Off                ; Off                ;
; Analysis & Synthesis Message Level                                              ; Medium             ; Medium             ;
; Disable Register Merging Across Hierarchies                                     ; Auto               ; Auto               ;
; Resource Aware Inference For Block RAM                                          ; On                 ; On                 ;
; Automatic Parallel Synthesis                                                    ; On                 ; On                 ;
; Partial Reconfiguration Bitstream ID                                            ; Off                ; Off                ;
+---------------------------------------------------------------------------------+--------------------+--------------------+


+------------------------------------------+
; Parallel Compilation                     ;
+----------------------------+-------------+
; Processors                 ; Number      ;
+----------------------------+-------------+
; Number detected on machine ; 4           ;
; Maximum allowed            ; 2           ;
;                            ;             ;
; Average used               ; 1.00        ;
; Maximum used               ; 1           ;
;                            ;             ;
; Usage by Processor         ; % Time Used ;
;     Processor 1            ; 100.0%      ;
+----------------------------+-------------+


+------------------------------------------------------------------------------------------------------------------------------------------------------------------------+
; Analysis & Synthesis Source Files Read                                                                                                                                 ;
+----------------------------------+-----------------+-----------------+---------------------------------------------------------------------------------------+---------+
; File Name with User-Entered Path ; Used in Netlist ; File Type       ; File Name with Absolute Path                                                          ; Library ;
+----------------------------------+-----------------+-----------------+---------------------------------------------------------------------------------------+---------+
; Multiplier.vhd                   ; yes             ; User VHDL File  ; C:/Users/Kidus/Documents/GitHub/First_DSD/16-bit Calculator/Multiplier/Multiplier.vhd ;         ;
+----------------------------------+-----------------+-----------------+---------------------------------------------------------------------------------------+---------+


+----------------------------------------------------------+
; Analysis & Synthesis Resource Usage Summary              ;
+---------------------------------------------+------------+
; Resource                                    ; Usage      ;
+---------------------------------------------+------------+
; Estimate of Logic utilization (ALMs needed) ; 387        ;
;                                             ;            ;
; Combinational ALUT usage for logic          ; 566        ;
;     -- 7 input functions                    ; 0          ;
;     -- 6 input functions                    ; 207        ;
;     -- 5 input functions                    ; 83         ;
;     -- 4 input functions                    ; 118        ;
;     -- <=3 input functions                  ; 158        ;
;                                             ;            ;
; Dedicated logic registers                   ; 0          ;
;                                             ;            ;
; I/O pins                                    ; 64         ;
;                                             ;            ;
; Total DSP Blocks                            ; 0          ;
;                                             ;            ;
; Maximum fan-out node                        ; a[0]~input ;
; Maximum fan-out                             ; 42         ;
; Total fan-out                               ; 2604       ;
; Average fan-out                             ; 3.75       ;
+---------------------------------------------+------------+


+------------------------------------------------------------------------------------------------------------------------------------------------------------------------------------------------------------------------------------------------------+
; Analysis & Synthesis Resource Utilization by Entity                                                                                                                                                                                                  ;
+---------------------------------+---------------------+---------------------------+-------------------+------------+------+--------------+-----------------------------------------------------------------------------+--------------+--------------+
; Compilation Hierarchy Node      ; Combinational ALUTs ; Dedicated Logic Registers ; Block Memory Bits ; DSP Blocks ; Pins ; Virtual Pins ; Full Hierarchy Name                                                         ; Entity Name  ; Library Name ;
+---------------------------------+---------------------+---------------------------+-------------------+------------+------+--------------+-----------------------------------------------------------------------------+--------------+--------------+
; |Multiplier                     ; 566 (1)             ; 0 (0)                     ; 0                 ; 0          ; 64   ; 0            ; |Multiplier                                                                 ; Multiplier   ; work         ;
;    |FAdder:v1|                  ; 4 (0)               ; 0 (0)                     ; 0                 ; 0          ; 0    ; 0            ; |Multiplier|FAdder:v1                                                       ; FAdder       ; work         ;
;       |FAdder_4bit:u1|          ; 2 (0)               ; 0 (0)                     ; 0                 ; 0          ; 0    ; 0            ; |Multiplier|FAdder:v1|FAdder_4bit:u1                                        ; FAdder_4bit  ; work         ;
;          |FAdder_1bit:u0|       ; 1 (1)               ; 0 (0)                     ; 0                 ; 0          ; 0    ; 0            ; |Multiplier|FAdder:v1|FAdder_4bit:u1|FAdder_1bit:u0                         ; FAdder_1bit  ; work         ;
;          |FAdder_1bit:u3|       ; 1 (1)               ; 0 (0)                     ; 0                 ; 0          ; 0    ; 0            ; |Multiplier|FAdder:v1|FAdder_4bit:u1|FAdder_1bit:u3                         ; FAdder_1bit  ; work         ;
;       |FAdder_4bit:u2|          ; 1 (0)               ; 0 (0)                     ; 0                 ; 0          ; 0    ; 0            ; |Multiplier|FAdder:v1|FAdder_4bit:u2                                        ; FAdder_4bit  ; work         ;
;          |FAdder_1bit:u2|       ; 1 (1)               ; 0 (0)                     ; 0                 ; 0          ; 0    ; 0            ; |Multiplier|FAdder:v1|FAdder_4bit:u2|FAdder_1bit:u2                         ; FAdder_1bit  ; work         ;
;       |FAdder_4bit:u3|          ; 1 (0)               ; 0 (0)                     ; 0                 ; 0          ; 0    ; 0            ; |Multiplier|FAdder:v1|FAdder_4bit:u3                                        ; FAdder_4bit  ; work         ;
;          |FAdder_1bit:u1|       ; 1 (1)               ; 0 (0)                     ; 0                 ; 0          ; 0    ; 0            ; |Multiplier|FAdder:v1|FAdder_4bit:u3|FAdder_1bit:u1                         ; FAdder_1bit  ; work         ;
;    |FAdder:v2|                  ; 3 (0)               ; 0 (0)                     ; 0                 ; 0          ; 0    ; 0            ; |Multiplier|FAdder:v2                                                       ; FAdder       ; work         ;
;       |FAdder_4bit:u1|          ; 2 (0)               ; 0 (0)                     ; 0                 ; 0          ; 0    ; 0            ; |Multiplier|FAdder:v2|FAdder_4bit:u1                                        ; FAdder_4bit  ; work         ;
;          |FAdder_1bit:u0|       ; 1 (1)               ; 0 (0)                     ; 0                 ; 0          ; 0    ; 0            ; |Multiplier|FAdder:v2|FAdder_4bit:u1|FAdder_1bit:u0                         ; FAdder_1bit  ; work         ;
;          |FAdder_1bit:u3|       ; 1 (1)               ; 0 (0)                     ; 0                 ; 0          ; 0    ; 0            ; |Multiplier|FAdder:v2|FAdder_4bit:u1|FAdder_1bit:u3                         ; FAdder_1bit  ; work         ;
;       |FAdder_4bit:u2|          ; 1 (0)               ; 0 (0)                     ; 0                 ; 0          ; 0    ; 0            ; |Multiplier|FAdder:v2|FAdder_4bit:u2                                        ; FAdder_4bit  ; work         ;
;          |FAdder_1bit:u2|       ; 1 (1)               ; 0 (0)                     ; 0                 ; 0          ; 0    ; 0            ; |Multiplier|FAdder:v2|FAdder_4bit:u2|FAdder_1bit:u2                         ; FAdder_1bit  ; work         ;
;    |FAdder_32bit:u5|            ; 26 (0)              ; 0 (0)                     ; 0                 ; 0          ; 0    ; 0            ; |Multiplier|FAdder_32bit:u5                                                 ; FAdder_32bit ; work         ;
;       |FAdder:u0|               ; 16 (0)              ; 0 (0)                     ; 0                 ; 0          ; 0    ; 0            ; |Multiplier|FAdder_32bit:u5|FAdder:u0                                       ; FAdder       ; work         ;
;          |FAdder_4bit:u1|       ; 4 (0)               ; 0 (0)                     ; 0                 ; 0          ; 0    ; 0            ; |Multiplier|FAdder_32bit:u5|FAdder:u0|FAdder_4bit:u1                        ; FAdder_4bit  ; work         ;
;             |FAdder_1bit:u0|    ; 1 (1)               ; 0 (0)                     ; 0                 ; 0          ; 0    ; 0            ; |Multiplier|FAdder_32bit:u5|FAdder:u0|FAdder_4bit:u1|FAdder_1bit:u0         ; FAdder_1bit  ; work         ;
;             |FAdder_1bit:u1|    ; 1 (1)               ; 0 (0)                     ; 0                 ; 0          ; 0    ; 0            ; |Multiplier|FAdder_32bit:u5|FAdder:u0|FAdder_4bit:u1|FAdder_1bit:u1         ; FAdder_1bit  ; work         ;
;             |FAdder_1bit:u2|    ; 1 (1)               ; 0 (0)                     ; 0                 ; 0          ; 0    ; 0            ; |Multiplier|FAdder_32bit:u5|FAdder:u0|FAdder_4bit:u1|FAdder_1bit:u2         ; FAdder_1bit  ; work         ;
;             |FAdder_1bit:u3|    ; 1 (1)               ; 0 (0)                     ; 0                 ; 0          ; 0    ; 0            ; |Multiplier|FAdder_32bit:u5|FAdder:u0|FAdder_4bit:u1|FAdder_1bit:u3         ; FAdder_1bit  ; work         ;
;          |FAdder_4bit:u2|       ; 6 (0)               ; 0 (0)                     ; 0                 ; 0          ; 0    ; 0            ; |Multiplier|FAdder_32bit:u5|FAdder:u0|FAdder_4bit:u2                        ; FAdder_4bit  ; work         ;
;             |FAdder_1bit:u0|    ; 2 (2)               ; 0 (0)                     ; 0                 ; 0          ; 0    ; 0            ; |Multiplier|FAdder_32bit:u5|FAdder:u0|FAdder_4bit:u2|FAdder_1bit:u0         ; FAdder_1bit  ; work         ;
;             |FAdder_1bit:u1|    ; 1 (1)               ; 0 (0)                     ; 0                 ; 0          ; 0    ; 0            ; |Multiplier|FAdder_32bit:u5|FAdder:u0|FAdder_4bit:u2|FAdder_1bit:u1         ; FAdder_1bit  ; work         ;
;             |FAdder_1bit:u2|    ; 2 (2)               ; 0 (0)                     ; 0                 ; 0          ; 0    ; 0            ; |Multiplier|FAdder_32bit:u5|FAdder:u0|FAdder_4bit:u2|FAdder_1bit:u2         ; FAdder_1bit  ; work         ;
;             |FAdder_1bit:u3|    ; 1 (1)               ; 0 (0)                     ; 0                 ; 0          ; 0    ; 0            ; |Multiplier|FAdder_32bit:u5|FAdder:u0|FAdder_4bit:u2|FAdder_1bit:u3         ; FAdder_1bit  ; work         ;
;          |FAdder_4bit:u3|       ; 6 (0)               ; 0 (0)                     ; 0                 ; 0          ; 0    ; 0            ; |Multiplier|FAdder_32bit:u5|FAdder:u0|FAdder_4bit:u3                        ; FAdder_4bit  ; work         ;
;             |FAdder_1bit:u0|    ; 2 (2)               ; 0 (0)                     ; 0                 ; 0          ; 0    ; 0            ; |Multiplier|FAdder_32bit:u5|FAdder:u0|FAdder_4bit:u3|FAdder_1bit:u0         ; FAdder_1bit  ; work         ;
;             |FAdder_1bit:u1|    ; 1 (1)               ; 0 (0)                     ; 0                 ; 0          ; 0    ; 0            ; |Multiplier|FAdder_32bit:u5|FAdder:u0|FAdder_4bit:u3|FAdder_1bit:u1         ; FAdder_1bit  ; work         ;
;             |FAdder_1bit:u2|    ; 2 (2)               ; 0 (0)                     ; 0                 ; 0          ; 0    ; 0            ; |Multiplier|FAdder_32bit:u5|FAdder:u0|FAdder_4bit:u3|FAdder_1bit:u2         ; FAdder_1bit  ; work         ;
;             |FAdder_1bit:u3|    ; 1 (1)               ; 0 (0)                     ; 0                 ; 0          ; 0    ; 0            ; |Multiplier|FAdder_32bit:u5|FAdder:u0|FAdder_4bit:u3|FAdder_1bit:u3         ; FAdder_1bit  ; work         ;
;       |FAdder:u1|               ; 10 (0)              ; 0 (0)                     ; 0                 ; 0          ; 0    ; 0            ; |Multiplier|FAdder_32bit:u5|FAdder:u1                                       ; FAdder       ; work         ;
;          |FAdder_4bit:u0|       ; 7 (0)               ; 0 (0)                     ; 0                 ; 0          ; 0    ; 0            ; |Multiplier|FAdder_32bit:u5|FAdder:u1|FAdder_4bit:u0                        ; FAdder_4bit  ; work         ;
;             |FAdder_1bit:u0|    ; 2 (2)               ; 0 (0)                     ; 0                 ; 0          ; 0    ; 0            ; |Multiplier|FAdder_32bit:u5|FAdder:u1|FAdder_4bit:u0|FAdder_1bit:u0         ; FAdder_1bit  ; work         ;
;             |FAdder_1bit:u1|    ; 1 (1)               ; 0 (0)                     ; 0                 ; 0          ; 0    ; 0            ; |Multiplier|FAdder_32bit:u5|FAdder:u1|FAdder_4bit:u0|FAdder_1bit:u1         ; FAdder_1bit  ; work         ;
;             |FAdder_1bit:u2|    ; 2 (2)               ; 0 (0)                     ; 0                 ; 0          ; 0    ; 0            ; |Multiplier|FAdder_32bit:u5|FAdder:u1|FAdder_4bit:u0|FAdder_1bit:u2         ; FAdder_1bit  ; work         ;
;             |FAdder_1bit:u3|    ; 2 (2)               ; 0 (0)                     ; 0                 ; 0          ; 0    ; 0            ; |Multiplier|FAdder_32bit:u5|FAdder:u1|FAdder_4bit:u0|FAdder_1bit:u3         ; FAdder_1bit  ; work         ;
;          |FAdder_4bit:u1|       ; 3 (0)               ; 0 (0)                     ; 0                 ; 0          ; 0    ; 0            ; |Multiplier|FAdder_32bit:u5|FAdder:u1|FAdder_4bit:u1                        ; FAdder_4bit  ; work         ;
;             |FAdder_1bit:u0|    ; 2 (2)               ; 0 (0)                     ; 0                 ; 0          ; 0    ; 0            ; |Multiplier|FAdder_32bit:u5|FAdder:u1|FAdder_4bit:u1|FAdder_1bit:u0         ; FAdder_1bit  ; work         ;
;             |FAdder_1bit:u3|    ; 1 (1)               ; 0 (0)                     ; 0                 ; 0          ; 0    ; 0            ; |Multiplier|FAdder_32bit:u5|FAdder:u1|FAdder_4bit:u1|FAdder_1bit:u3         ; FAdder_1bit  ; work         ;
;    |FAdder_32bit:u6|            ; 29 (0)              ; 0 (0)                     ; 0                 ; 0          ; 0    ; 0            ; |Multiplier|FAdder_32bit:u6                                                 ; FAdder_32bit ; work         ;
;       |FAdder:u0|               ; 7 (0)               ; 0 (0)                     ; 0                 ; 0          ; 0    ; 0            ; |Multiplier|FAdder_32bit:u6|FAdder:u0                                       ; FAdder       ; work         ;
;          |FAdder_4bit:u3|       ; 7 (0)               ; 0 (0)                     ; 0                 ; 0          ; 0    ; 0            ; |Multiplier|FAdder_32bit:u6|FAdder:u0|FAdder_4bit:u3                        ; FAdder_4bit  ; work         ;
;             |FAdder_1bit:u0|    ; 2 (2)               ; 0 (0)                     ; 0                 ; 0          ; 0    ; 0            ; |Multiplier|FAdder_32bit:u6|FAdder:u0|FAdder_4bit:u3|FAdder_1bit:u0         ; FAdder_1bit  ; work         ;
;             |FAdder_1bit:u1|    ; 2 (2)               ; 0 (0)                     ; 0                 ; 0          ; 0    ; 0            ; |Multiplier|FAdder_32bit:u6|FAdder:u0|FAdder_4bit:u3|FAdder_1bit:u1         ; FAdder_1bit  ; work         ;
;             |FAdder_1bit:u2|    ; 1 (1)               ; 0 (0)                     ; 0                 ; 0          ; 0    ; 0            ; |Multiplier|FAdder_32bit:u6|FAdder:u0|FAdder_4bit:u3|FAdder_1bit:u2         ; FAdder_1bit  ; work         ;
;             |FAdder_1bit:u3|    ; 2 (2)               ; 0 (0)                     ; 0                 ; 0          ; 0    ; 0            ; |Multiplier|FAdder_32bit:u6|FAdder:u0|FAdder_4bit:u3|FAdder_1bit:u3         ; FAdder_1bit  ; work         ;
;       |FAdder:u1|               ; 22 (0)              ; 0 (0)                     ; 0                 ; 0          ; 0    ; 0            ; |Multiplier|FAdder_32bit:u6|FAdder:u1                                       ; FAdder       ; work         ;
;          |FAdder_4bit:u0|       ; 6 (0)               ; 0 (0)                     ; 0                 ; 0          ; 0    ; 0            ; |Multiplier|FAdder_32bit:u6|FAdder:u1|FAdder_4bit:u0                        ; FAdder_4bit  ; work         ;
;             |FAdder_1bit:u0|    ; 1 (1)               ; 0 (0)                     ; 0                 ; 0          ; 0    ; 0            ; |Multiplier|FAdder_32bit:u6|FAdder:u1|FAdder_4bit:u0|FAdder_1bit:u0         ; FAdder_1bit  ; work         ;
;             |FAdder_1bit:u1|    ; 2 (2)               ; 0 (0)                     ; 0                 ; 0          ; 0    ; 0            ; |Multiplier|FAdder_32bit:u6|FAdder:u1|FAdder_4bit:u0|FAdder_1bit:u1         ; FAdder_1bit  ; work         ;
;             |FAdder_1bit:u2|    ; 1 (1)               ; 0 (0)                     ; 0                 ; 0          ; 0    ; 0            ; |Multiplier|FAdder_32bit:u6|FAdder:u1|FAdder_4bit:u0|FAdder_1bit:u2         ; FAdder_1bit  ; work         ;
;             |FAdder_1bit:u3|    ; 2 (2)               ; 0 (0)                     ; 0                 ; 0          ; 0    ; 0            ; |Multiplier|FAdder_32bit:u6|FAdder:u1|FAdder_4bit:u0|FAdder_1bit:u3         ; FAdder_1bit  ; work         ;
;          |FAdder_4bit:u1|       ; 6 (0)               ; 0 (0)                     ; 0                 ; 0          ; 0    ; 0            ; |Multiplier|FAdder_32bit:u6|FAdder:u1|FAdder_4bit:u1                        ; FAdder_4bit  ; work         ;
;             |FAdder_1bit:u0|    ; 1 (1)               ; 0 (0)                     ; 0                 ; 0          ; 0    ; 0            ; |Multiplier|FAdder_32bit:u6|FAdder:u1|FAdder_4bit:u1|FAdder_1bit:u0         ; FAdder_1bit  ; work         ;
;             |FAdder_1bit:u1|    ; 2 (2)               ; 0 (0)                     ; 0                 ; 0          ; 0    ; 0            ; |Multiplier|FAdder_32bit:u6|FAdder:u1|FAdder_4bit:u1|FAdder_1bit:u1         ; FAdder_1bit  ; work         ;
;             |FAdder_1bit:u2|    ; 1 (1)               ; 0 (0)                     ; 0                 ; 0          ; 0    ; 0            ; |Multiplier|FAdder_32bit:u6|FAdder:u1|FAdder_4bit:u1|FAdder_1bit:u2         ; FAdder_1bit  ; work         ;
;             |FAdder_1bit:u3|    ; 2 (2)               ; 0 (0)                     ; 0                 ; 0          ; 0    ; 0            ; |Multiplier|FAdder_32bit:u6|FAdder:u1|FAdder_4bit:u1|FAdder_1bit:u3         ; FAdder_1bit  ; work         ;
;          |FAdder_4bit:u2|       ; 6 (0)               ; 0 (0)                     ; 0                 ; 0          ; 0    ; 0            ; |Multiplier|FAdder_32bit:u6|FAdder:u1|FAdder_4bit:u2                        ; FAdder_4bit  ; work         ;
;             |FAdder_1bit:u0|    ; 2 (2)               ; 0 (0)                     ; 0                 ; 0          ; 0    ; 0            ; |Multiplier|FAdder_32bit:u6|FAdder:u1|FAdder_4bit:u2|FAdder_1bit:u0         ; FAdder_1bit  ; work         ;
;             |FAdder_1bit:u1|    ; 2 (2)               ; 0 (0)                     ; 0                 ; 0          ; 0    ; 0            ; |Multiplier|FAdder_32bit:u6|FAdder:u1|FAdder_4bit:u2|FAdder_1bit:u1         ; FAdder_1bit  ; work         ;
;             |FAdder_1bit:u2|    ; 1 (1)               ; 0 (0)                     ; 0                 ; 0          ; 0    ; 0            ; |Multiplier|FAdder_32bit:u6|FAdder:u1|FAdder_4bit:u2|FAdder_1bit:u2         ; FAdder_1bit  ; work         ;
;             |FAdder_1bit:u3|    ; 1 (1)               ; 0 (0)                     ; 0                 ; 0          ; 0    ; 0            ; |Multiplier|FAdder_32bit:u6|FAdder:u1|FAdder_4bit:u2|FAdder_1bit:u3         ; FAdder_1bit  ; work         ;
;          |FAdder_4bit:u3|       ; 4 (0)               ; 0 (0)                     ; 0                 ; 0          ; 0    ; 0            ; |Multiplier|FAdder_32bit:u6|FAdder:u1|FAdder_4bit:u3                        ; FAdder_4bit  ; work         ;
;             |FAdder_1bit:u0|    ; 2 (2)               ; 0 (0)                     ; 0                 ; 0          ; 0    ; 0            ; |Multiplier|FAdder_32bit:u6|FAdder:u1|FAdder_4bit:u3|FAdder_1bit:u0         ; FAdder_1bit  ; work         ;
;             |FAdder_1bit:u1|    ; 1 (1)               ; 0 (0)                     ; 0                 ; 0          ; 0    ; 0            ; |Multiplier|FAdder_32bit:u6|FAdder:u1|FAdder_4bit:u3|FAdder_1bit:u1         ; FAdder_1bit  ; work         ;
;             |FAdder_1bit:u2|    ; 1 (1)               ; 0 (0)                     ; 0                 ; 0          ; 0    ; 0            ; |Multiplier|FAdder_32bit:u6|FAdder:u1|FAdder_4bit:u3|FAdder_1bit:u2         ; FAdder_1bit  ; work         ;
;    |FAdder_32bit:u7|            ; 24 (0)              ; 0 (0)                     ; 0                 ; 0          ; 0    ; 0            ; |Multiplier|FAdder_32bit:u7                                                 ; FAdder_32bit ; work         ;
;       |FAdder:u0|               ; 11 (0)              ; 0 (0)                     ; 0                 ; 0          ; 0    ; 0            ; |Multiplier|FAdder_32bit:u7|FAdder:u0                                       ; FAdder       ; work         ;
;          |FAdder_4bit:u2|       ; 5 (0)               ; 0 (0)                     ; 0                 ; 0          ; 0    ; 0            ; |Multiplier|FAdder_32bit:u7|FAdder:u0|FAdder_4bit:u2                        ; FAdder_4bit  ; work         ;
;             |FAdder_1bit:u0|    ; 1 (1)               ; 0 (0)                     ; 0                 ; 0          ; 0    ; 0            ; |Multiplier|FAdder_32bit:u7|FAdder:u0|FAdder_4bit:u2|FAdder_1bit:u0         ; FAdder_1bit  ; work         ;
;             |FAdder_1bit:u1|    ; 1 (1)               ; 0 (0)                     ; 0                 ; 0          ; 0    ; 0            ; |Multiplier|FAdder_32bit:u7|FAdder:u0|FAdder_4bit:u2|FAdder_1bit:u1         ; FAdder_1bit  ; work         ;
;             |FAdder_1bit:u2|    ; 2 (2)               ; 0 (0)                     ; 0                 ; 0          ; 0    ; 0            ; |Multiplier|FAdder_32bit:u7|FAdder:u0|FAdder_4bit:u2|FAdder_1bit:u2         ; FAdder_1bit  ; work         ;
;             |FAdder_1bit:u3|    ; 1 (1)               ; 0 (0)                     ; 0                 ; 0          ; 0    ; 0            ; |Multiplier|FAdder_32bit:u7|FAdder:u0|FAdder_4bit:u2|FAdder_1bit:u3         ; FAdder_1bit  ; work         ;
;          |FAdder_4bit:u3|       ; 6 (0)               ; 0 (0)                     ; 0                 ; 0          ; 0    ; 0            ; |Multiplier|FAdder_32bit:u7|FAdder:u0|FAdder_4bit:u3                        ; FAdder_4bit  ; work         ;
;             |FAdder_1bit:u0|    ; 2 (2)               ; 0 (0)                     ; 0                 ; 0          ; 0    ; 0            ; |Multiplier|FAdder_32bit:u7|FAdder:u0|FAdder_4bit:u3|FAdder_1bit:u0         ; FAdder_1bit  ; work         ;
;             |FAdder_1bit:u1|    ; 1 (1)               ; 0 (0)                     ; 0                 ; 0          ; 0    ; 0            ; |Multiplier|FAdder_32bit:u7|FAdder:u0|FAdder_4bit:u3|FAdder_1bit:u1         ; FAdder_1bit  ; work         ;
;             |FAdder_1bit:u2|    ; 2 (2)               ; 0 (0)                     ; 0                 ; 0          ; 0    ; 0            ; |Multiplier|FAdder_32bit:u7|FAdder:u0|FAdder_4bit:u3|FAdder_1bit:u2         ; FAdder_1bit  ; work         ;
;             |FAdder_1bit:u3|    ; 1 (1)               ; 0 (0)                     ; 0                 ; 0          ; 0    ; 0            ; |Multiplier|FAdder_32bit:u7|FAdder:u0|FAdder_4bit:u3|FAdder_1bit:u3         ; FAdder_1bit  ; work         ;
;       |FAdder:u1|               ; 13 (0)              ; 0 (0)                     ; 0                 ; 0          ; 0    ; 0            ; |Multiplier|FAdder_32bit:u7|FAdder:u1                                       ; FAdder       ; work         ;
;          |FAdder_4bit:u0|       ; 4 (0)               ; 0 (0)                     ; 0                 ; 0          ; 0    ; 0            ; |Multiplier|FAdder_32bit:u7|FAdder:u1|FAdder_4bit:u0                        ; FAdder_4bit  ; work         ;
;             |FAdder_1bit:u0|    ; 2 (2)               ; 0 (0)                     ; 0                 ; 0          ; 0    ; 0            ; |Multiplier|FAdder_32bit:u7|FAdder:u1|FAdder_4bit:u0|FAdder_1bit:u0         ; FAdder_1bit  ; work         ;
;             |FAdder_1bit:u2|    ; 2 (2)               ; 0 (0)                     ; 0                 ; 0          ; 0    ; 0            ; |Multiplier|FAdder_32bit:u7|FAdder:u1|FAdder_4bit:u0|FAdder_1bit:u2         ; FAdder_1bit  ; work         ;
;          |FAdder_4bit:u1|       ; 6 (0)               ; 0 (0)                     ; 0                 ; 0          ; 0    ; 0            ; |Multiplier|FAdder_32bit:u7|FAdder:u1|FAdder_4bit:u1                        ; FAdder_4bit  ; work         ;
;             |FAdder_1bit:u0|    ; 2 (2)               ; 0 (0)                     ; 0                 ; 0          ; 0    ; 0            ; |Multiplier|FAdder_32bit:u7|FAdder:u1|FAdder_4bit:u1|FAdder_1bit:u0         ; FAdder_1bit  ; work         ;
;             |FAdder_1bit:u1|    ; 1 (1)               ; 0 (0)                     ; 0                 ; 0          ; 0    ; 0            ; |Multiplier|FAdder_32bit:u7|FAdder:u1|FAdder_4bit:u1|FAdder_1bit:u1         ; FAdder_1bit  ; work         ;
;             |FAdder_1bit:u2|    ; 3 (3)               ; 0 (0)                     ; 0                 ; 0          ; 0    ; 0            ; |Multiplier|FAdder_32bit:u7|FAdder:u1|FAdder_4bit:u1|FAdder_1bit:u2         ; FAdder_1bit  ; work         ;
;          |FAdder_4bit:u2|       ; 2 (0)               ; 0 (0)                     ; 0                 ; 0          ; 0    ; 0            ; |Multiplier|FAdder_32bit:u7|FAdder:u1|FAdder_4bit:u2                        ; FAdder_4bit  ; work         ;
;             |FAdder_1bit:u0|    ; 1 (1)               ; 0 (0)                     ; 0                 ; 0          ; 0    ; 0            ; |Multiplier|FAdder_32bit:u7|FAdder:u1|FAdder_4bit:u2|FAdder_1bit:u0         ; FAdder_1bit  ; work         ;
;             |FAdder_1bit:u2|    ; 1 (1)               ; 0 (0)                     ; 0                 ; 0          ; 0    ; 0            ; |Multiplier|FAdder_32bit:u7|FAdder:u1|FAdder_4bit:u2|FAdder_1bit:u2         ; FAdder_1bit  ; work         ;
;          |FAdder_4bit:u3|       ; 1 (0)               ; 0 (0)                     ; 0                 ; 0          ; 0    ; 0            ; |Multiplier|FAdder_32bit:u7|FAdder:u1|FAdder_4bit:u3                        ; FAdder_4bit  ; work         ;
;             |FAdder_1bit:u0|    ; 1 (1)               ; 0 (0)                     ; 0                 ; 0          ; 0    ; 0            ; |Multiplier|FAdder_32bit:u7|FAdder:u1|FAdder_4bit:u3|FAdder_1bit:u0         ; FAdder_1bit  ; work         ;
;    |FAdder_32bit:v5|            ; 17 (0)              ; 0 (0)                     ; 0                 ; 0          ; 0    ; 0            ; |Multiplier|FAdder_32bit:v5                                                 ; FAdder_32bit ; work         ;
;       |FAdder:u0|               ; 10 (0)              ; 0 (0)                     ; 0                 ; 0          ; 0    ; 0            ; |Multiplier|FAdder_32bit:v5|FAdder:u0                                       ; FAdder       ; work         ;
;          |FAdder_4bit:u0|       ; 3 (0)               ; 0 (0)                     ; 0                 ; 0          ; 0    ; 0            ; |Multiplier|FAdder_32bit:v5|FAdder:u0|FAdder_4bit:u0                        ; FAdder_4bit  ; work         ;
;             |FAdder_1bit:u1|    ; 1 (1)               ; 0 (0)                     ; 0                 ; 0          ; 0    ; 0            ; |Multiplier|FAdder_32bit:v5|FAdder:u0|FAdder_4bit:u0|FAdder_1bit:u1         ; FAdder_1bit  ; work         ;
;             |FAdder_1bit:u2|    ; 1 (1)               ; 0 (0)                     ; 0                 ; 0          ; 0    ; 0            ; |Multiplier|FAdder_32bit:v5|FAdder:u0|FAdder_4bit:u0|FAdder_1bit:u2         ; FAdder_1bit  ; work         ;
;             |FAdder_1bit:u3|    ; 1 (1)               ; 0 (0)                     ; 0                 ; 0          ; 0    ; 0            ; |Multiplier|FAdder_32bit:v5|FAdder:u0|FAdder_4bit:u0|FAdder_1bit:u3         ; FAdder_1bit  ; work         ;
;          |FAdder_4bit:u1|       ; 3 (0)               ; 0 (0)                     ; 0                 ; 0          ; 0    ; 0            ; |Multiplier|FAdder_32bit:v5|FAdder:u0|FAdder_4bit:u1                        ; FAdder_4bit  ; work         ;
;             |FAdder_1bit:u1|    ; 1 (1)               ; 0 (0)                     ; 0                 ; 0          ; 0    ; 0            ; |Multiplier|FAdder_32bit:v5|FAdder:u0|FAdder_4bit:u1|FAdder_1bit:u1         ; FAdder_1bit  ; work         ;
;             |FAdder_1bit:u2|    ; 1 (1)               ; 0 (0)                     ; 0                 ; 0          ; 0    ; 0            ; |Multiplier|FAdder_32bit:v5|FAdder:u0|FAdder_4bit:u1|FAdder_1bit:u2         ; FAdder_1bit  ; work         ;
;             |FAdder_1bit:u3|    ; 1 (1)               ; 0 (0)                     ; 0                 ; 0          ; 0    ; 0            ; |Multiplier|FAdder_32bit:v5|FAdder:u0|FAdder_4bit:u1|FAdder_1bit:u3         ; FAdder_1bit  ; work         ;
;          |FAdder_4bit:u2|       ; 2 (0)               ; 0 (0)                     ; 0                 ; 0          ; 0    ; 0            ; |Multiplier|FAdder_32bit:v5|FAdder:u0|FAdder_4bit:u2                        ; FAdder_4bit  ; work         ;
;             |FAdder_1bit:u0|    ; 1 (1)               ; 0 (0)                     ; 0                 ; 0          ; 0    ; 0            ; |Multiplier|FAdder_32bit:v5|FAdder:u0|FAdder_4bit:u2|FAdder_1bit:u0         ; FAdder_1bit  ; work         ;
;             |FAdder_1bit:u2|    ; 1 (1)               ; 0 (0)                     ; 0                 ; 0          ; 0    ; 0            ; |Multiplier|FAdder_32bit:v5|FAdder:u0|FAdder_4bit:u2|FAdder_1bit:u2         ; FAdder_1bit  ; work         ;
;          |FAdder_4bit:u3|       ; 2 (0)               ; 0 (0)                     ; 0                 ; 0          ; 0    ; 0            ; |Multiplier|FAdder_32bit:v5|FAdder:u0|FAdder_4bit:u3                        ; FAdder_4bit  ; work         ;
;             |FAdder_1bit:u0|    ; 1 (1)               ; 0 (0)                     ; 0                 ; 0          ; 0    ; 0            ; |Multiplier|FAdder_32bit:v5|FAdder:u0|FAdder_4bit:u3|FAdder_1bit:u0         ; FAdder_1bit  ; work         ;
;             |FAdder_1bit:u2|    ; 1 (1)               ; 0 (0)                     ; 0                 ; 0          ; 0    ; 0            ; |Multiplier|FAdder_32bit:v5|FAdder:u0|FAdder_4bit:u3|FAdder_1bit:u2         ; FAdder_1bit  ; work         ;
;       |FAdder:u1|               ; 7 (0)               ; 0 (0)                     ; 0                 ; 0          ; 0    ; 0            ; |Multiplier|FAdder_32bit:v5|FAdder:u1                                       ; FAdder       ; work         ;
;          |FAdder_4bit:u0|       ; 2 (0)               ; 0 (0)                     ; 0                 ; 0          ; 0    ; 0            ; |Multiplier|FAdder_32bit:v5|FAdder:u1|FAdder_4bit:u0                        ; FAdder_4bit  ; work         ;
;             |FAdder_1bit:u0|    ; 1 (1)               ; 0 (0)                     ; 0                 ; 0          ; 0    ; 0            ; |Multiplier|FAdder_32bit:v5|FAdder:u1|FAdder_4bit:u0|FAdder_1bit:u0         ; FAdder_1bit  ; work         ;
;             |FAdder_1bit:u2|    ; 1 (1)               ; 0 (0)                     ; 0                 ; 0          ; 0    ; 0            ; |Multiplier|FAdder_32bit:v5|FAdder:u1|FAdder_4bit:u0|FAdder_1bit:u2         ; FAdder_1bit  ; work         ;
;          |FAdder_4bit:u1|       ; 2 (0)               ; 0 (0)                     ; 0                 ; 0          ; 0    ; 0            ; |Multiplier|FAdder_32bit:v5|FAdder:u1|FAdder_4bit:u1                        ; FAdder_4bit  ; work         ;
;             |FAdder_1bit:u0|    ; 1 (1)               ; 0 (0)                     ; 0                 ; 0          ; 0    ; 0            ; |Multiplier|FAdder_32bit:v5|FAdder:u1|FAdder_4bit:u1|FAdder_1bit:u0         ; FAdder_1bit  ; work         ;
;             |FAdder_1bit:u2|    ; 1 (1)               ; 0 (0)                     ; 0                 ; 0          ; 0    ; 0            ; |Multiplier|FAdder_32bit:v5|FAdder:u1|FAdder_4bit:u1|FAdder_1bit:u2         ; FAdder_1bit  ; work         ;
;          |FAdder_4bit:u2|       ; 2 (0)               ; 0 (0)                     ; 0                 ; 0          ; 0    ; 0            ; |Multiplier|FAdder_32bit:v5|FAdder:u1|FAdder_4bit:u2                        ; FAdder_4bit  ; work         ;
;             |FAdder_1bit:u0|    ; 1 (1)               ; 0 (0)                     ; 0                 ; 0          ; 0    ; 0            ; |Multiplier|FAdder_32bit:v5|FAdder:u1|FAdder_4bit:u2|FAdder_1bit:u0         ; FAdder_1bit  ; work         ;
;             |FAdder_1bit:u2|    ; 1 (1)               ; 0 (0)                     ; 0                 ; 0          ; 0    ; 0            ; |Multiplier|FAdder_32bit:v5|FAdder:u1|FAdder_4bit:u2|FAdder_1bit:u2         ; FAdder_1bit  ; work         ;
;          |FAdder_4bit:u3|       ; 1 (0)               ; 0 (0)                     ; 0                 ; 0          ; 0    ; 0            ; |Multiplier|FAdder_32bit:v5|FAdder:u1|FAdder_4bit:u3                        ; FAdder_4bit  ; work         ;
;             |FAdder_1bit:u0|    ; 1 (1)               ; 0 (0)                     ; 0                 ; 0          ; 0    ; 0            ; |Multiplier|FAdder_32bit:v5|FAdder:u1|FAdder_4bit:u3|FAdder_1bit:u0         ; FAdder_1bit  ; work         ;
;    |Mul_4bit:u1|                ; 125 (0)             ; 0 (0)                     ; 0                 ; 0          ; 0    ; 0            ; |Multiplier|Mul_4bit:u1                                                     ; Mul_4bit     ; work         ;
;       |Mul_1bit:u1|             ; 7 (7)               ; 0 (0)                     ; 0                 ; 0          ; 0    ; 0            ; |Multiplier|Mul_4bit:u1|Mul_1bit:u1                                         ; Mul_1bit     ; work         ;
;       |Mul_1bit:u2|             ; 6 (6)               ; 0 (0)                     ; 0                 ; 0          ; 0    ; 0            ; |Multiplier|Mul_4bit:u1|Mul_1bit:u2                                         ; Mul_1bit     ; work         ;
;       |Mul_1bit:u4|             ; 14 (14)             ; 0 (0)                     ; 0                 ; 0          ; 0    ; 0            ; |Multiplier|Mul_4bit:u1|Mul_1bit:u4                                         ; Mul_1bit     ; work         ;
;       |Mul_1bit:u6|             ; 11 (11)             ; 0 (0)                     ; 0                 ; 0          ; 0    ; 0            ; |Multiplier|Mul_4bit:u1|Mul_1bit:u6                                         ; Mul_1bit     ; work         ;
;       |altAdder:u3|             ; 34 (0)              ; 0 (0)                     ; 0                 ; 0          ; 0    ; 0            ; |Multiplier|Mul_4bit:u1|altAdder:u3                                         ; altAdder     ; work         ;
;          |FAdder:u1|            ; 34 (0)              ; 0 (0)                     ; 0                 ; 0          ; 0    ; 0            ; |Multiplier|Mul_4bit:u1|altAdder:u3|FAdder:u1                               ; FAdder       ; work         ;
;             |FAdder_4bit:u0|    ; 4 (0)               ; 0 (0)                     ; 0                 ; 0          ; 0    ; 0            ; |Multiplier|Mul_4bit:u1|altAdder:u3|FAdder:u1|FAdder_4bit:u0                ; FAdder_4bit  ; work         ;
;                |FAdder_1bit:u1| ; 1 (1)               ; 0 (0)                     ; 0                 ; 0          ; 0    ; 0            ; |Multiplier|Mul_4bit:u1|altAdder:u3|FAdder:u1|FAdder_4bit:u0|FAdder_1bit:u1 ; FAdder_1bit  ; work         ;
;                |FAdder_1bit:u2| ; 2 (2)               ; 0 (0)                     ; 0                 ; 0          ; 0    ; 0            ; |Multiplier|Mul_4bit:u1|altAdder:u3|FAdder:u1|FAdder_4bit:u0|FAdder_1bit:u2 ; FAdder_1bit  ; work         ;
;                |FAdder_1bit:u3| ; 1 (1)               ; 0 (0)                     ; 0                 ; 0          ; 0    ; 0            ; |Multiplier|Mul_4bit:u1|altAdder:u3|FAdder:u1|FAdder_4bit:u0|FAdder_1bit:u3 ; FAdder_1bit  ; work         ;
;             |FAdder_4bit:u1|    ; 12 (0)              ; 0 (0)                     ; 0                 ; 0          ; 0    ; 0            ; |Multiplier|Mul_4bit:u1|altAdder:u3|FAdder:u1|FAdder_4bit:u1                ; FAdder_4bit  ; work         ;
;                |FAdder_1bit:u0| ; 2 (2)               ; 0 (0)                     ; 0                 ; 0          ; 0    ; 0            ; |Multiplier|Mul_4bit:u1|altAdder:u3|FAdder:u1|FAdder_4bit:u1|FAdder_1bit:u0 ; FAdder_1bit  ; work         ;
;                |FAdder_1bit:u1| ; 4 (4)               ; 0 (0)                     ; 0                 ; 0          ; 0    ; 0            ; |Multiplier|Mul_4bit:u1|altAdder:u3|FAdder:u1|FAdder_4bit:u1|FAdder_1bit:u1 ; FAdder_1bit  ; work         ;
;                |FAdder_1bit:u2| ; 2 (2)               ; 0 (0)                     ; 0                 ; 0          ; 0    ; 0            ; |Multiplier|Mul_4bit:u1|altAdder:u3|FAdder:u1|FAdder_4bit:u1|FAdder_1bit:u2 ; FAdder_1bit  ; work         ;
;                |FAdder_1bit:u3| ; 4 (4)               ; 0 (0)                     ; 0                 ; 0          ; 0    ; 0            ; |Multiplier|Mul_4bit:u1|altAdder:u3|FAdder:u1|FAdder_4bit:u1|FAdder_1bit:u3 ; FAdder_1bit  ; work         ;
;             |FAdder_4bit:u2|    ; 10 (0)              ; 0 (0)                     ; 0                 ; 0          ; 0    ; 0            ; |Multiplier|Mul_4bit:u1|altAdder:u3|FAdder:u1|FAdder_4bit:u2                ; FAdder_4bit  ; work         ;
;                |FAdder_1bit:u0| ; 3 (3)               ; 0 (0)                     ; 0                 ; 0          ; 0    ; 0            ; |Multiplier|Mul_4bit:u1|altAdder:u3|FAdder:u1|FAdder_4bit:u2|FAdder_1bit:u0 ; FAdder_1bit  ; work         ;
;                |FAdder_1bit:u1| ; 2 (2)               ; 0 (0)                     ; 0                 ; 0          ; 0    ; 0            ; |Multiplier|Mul_4bit:u1|altAdder:u3|FAdder:u1|FAdder_4bit:u2|FAdder_1bit:u1 ; FAdder_1bit  ; work         ;
;                |FAdder_1bit:u2| ; 4 (4)               ; 0 (0)                     ; 0                 ; 0          ; 0    ; 0            ; |Multiplier|Mul_4bit:u1|altAdder:u3|FAdder:u1|FAdder_4bit:u2|FAdder_1bit:u2 ; FAdder_1bit  ; work         ;
;                |FAdder_1bit:u3| ; 1 (1)               ; 0 (0)                     ; 0                 ; 0          ; 0    ; 0            ; |Multiplier|Mul_4bit:u1|altAdder:u3|FAdder:u1|FAdder_4bit:u2|FAdder_1bit:u3 ; FAdder_1bit  ; work         ;
;             |FAdder_4bit:u3|    ; 8 (0)               ; 0 (0)                     ; 0                 ; 0          ; 0    ; 0            ; |Multiplier|Mul_4bit:u1|altAdder:u3|FAdder:u1|FAdder_4bit:u3                ; FAdder_4bit  ; work         ;
;                |FAdder_1bit:u0| ; 3 (3)               ; 0 (0)                     ; 0                 ; 0          ; 0    ; 0            ; |Multiplier|Mul_4bit:u1|altAdder:u3|FAdder:u1|FAdder_4bit:u3|FAdder_1bit:u0 ; FAdder_1bit  ; work         ;
;                |FAdder_1bit:u1| ; 2 (2)               ; 0 (0)                     ; 0                 ; 0          ; 0    ; 0            ; |Multiplier|Mul_4bit:u1|altAdder:u3|FAdder:u1|FAdder_4bit:u3|FAdder_1bit:u1 ; FAdder_1bit  ; work         ;
;                |FAdder_1bit:u2| ; 2 (2)               ; 0 (0)                     ; 0                 ; 0          ; 0    ; 0            ; |Multiplier|Mul_4bit:u1|altAdder:u3|FAdder:u1|FAdder_4bit:u3|FAdder_1bit:u2 ; FAdder_1bit  ; work         ;
;                |FAdder_1bit:u3| ; 1 (1)               ; 0 (0)                     ; 0                 ; 0          ; 0    ; 0            ; |Multiplier|Mul_4bit:u1|altAdder:u3|FAdder:u1|FAdder_4bit:u3|FAdder_1bit:u3 ; FAdder_1bit  ; work         ;
;       |altAdder:u5|             ; 26 (0)              ; 0 (0)                     ; 0                 ; 0          ; 0    ; 0            ; |Multiplier|Mul_4bit:u1|altAdder:u5                                         ; altAdder     ; work         ;
;          |FAdder:u1|            ; 26 (0)              ; 0 (0)                     ; 0                 ; 0          ; 0    ; 0            ; |Multiplier|Mul_4bit:u1|altAdder:u5|FAdder:u1                               ; FAdder       ; work         ;
;             |FAdder_4bit:u0|    ; 5 (0)               ; 0 (0)                     ; 0                 ; 0          ; 0    ; 0            ; |Multiplier|Mul_4bit:u1|altAdder:u5|FAdder:u1|FAdder_4bit:u0                ; FAdder_4bit  ; work         ;
;                |FAdder_1bit:u0| ; 1 (1)               ; 0 (0)                     ; 0                 ; 0          ; 0    ; 0            ; |Multiplier|Mul_4bit:u1|altAdder:u5|FAdder:u1|FAdder_4bit:u0|FAdder_1bit:u0 ; FAdder_1bit  ; work         ;
;                |FAdder_1bit:u1| ; 1 (1)               ; 0 (0)                     ; 0                 ; 0          ; 0    ; 0            ; |Multiplier|Mul_4bit:u1|altAdder:u5|FAdder:u1|FAdder_4bit:u0|FAdder_1bit:u1 ; FAdder_1bit  ; work         ;
;                |FAdder_1bit:u2| ; 2 (2)               ; 0 (0)                     ; 0                 ; 0          ; 0    ; 0            ; |Multiplier|Mul_4bit:u1|altAdder:u5|FAdder:u1|FAdder_4bit:u0|FAdder_1bit:u2 ; FAdder_1bit  ; work         ;
;                |FAdder_1bit:u3| ; 1 (1)               ; 0 (0)                     ; 0                 ; 0          ; 0    ; 0            ; |Multiplier|Mul_4bit:u1|altAdder:u5|FAdder:u1|FAdder_4bit:u0|FAdder_1bit:u3 ; FAdder_1bit  ; work         ;
;             |FAdder_4bit:u1|    ; 6 (0)               ; 0 (0)                     ; 0                 ; 0          ; 0    ; 0            ; |Multiplier|Mul_4bit:u1|altAdder:u5|FAdder:u1|FAdder_4bit:u1                ; FAdder_4bit  ; work         ;
;                |FAdder_1bit:u0| ; 2 (2)               ; 0 (0)                     ; 0                 ; 0          ; 0    ; 0            ; |Multiplier|Mul_4bit:u1|altAdder:u5|FAdder:u1|FAdder_4bit:u1|FAdder_1bit:u0 ; FAdder_1bit  ; work         ;
;                |FAdder_1bit:u1| ; 1 (1)               ; 0 (0)                     ; 0                 ; 0          ; 0    ; 0            ; |Multiplier|Mul_4bit:u1|altAdder:u5|FAdder:u1|FAdder_4bit:u1|FAdder_1bit:u1 ; FAdder_1bit  ; work         ;
;                |FAdder_1bit:u2| ; 2 (2)               ; 0 (0)                     ; 0                 ; 0          ; 0    ; 0            ; |Multiplier|Mul_4bit:u1|altAdder:u5|FAdder:u1|FAdder_4bit:u1|FAdder_1bit:u2 ; FAdder_1bit  ; work         ;
;                |FAdder_1bit:u3| ; 1 (1)               ; 0 (0)                     ; 0                 ; 0          ; 0    ; 0            ; |Multiplier|Mul_4bit:u1|altAdder:u5|FAdder:u1|FAdder_4bit:u1|FAdder_1bit:u3 ; FAdder_1bit  ; work         ;
;             |FAdder_4bit:u2|    ; 8 (0)               ; 0 (0)                     ; 0                 ; 0          ; 0    ; 0            ; |Multiplier|Mul_4bit:u1|altAdder:u5|FAdder:u1|FAdder_4bit:u2                ; FAdder_4bit  ; work         ;
;                |FAdder_1bit:u0| ; 2 (2)               ; 0 (0)                     ; 0                 ; 0          ; 0    ; 0            ; |Multiplier|Mul_4bit:u1|altAdder:u5|FAdder:u1|FAdder_4bit:u2|FAdder_1bit:u0 ; FAdder_1bit  ; work         ;
;                |FAdder_1bit:u1| ; 1 (1)               ; 0 (0)                     ; 0                 ; 0          ; 0    ; 0            ; |Multiplier|Mul_4bit:u1|altAdder:u5|FAdder:u1|FAdder_4bit:u2|FAdder_1bit:u1 ; FAdder_1bit  ; work         ;
;                |FAdder_1bit:u2| ; 1 (1)               ; 0 (0)                     ; 0                 ; 0          ; 0    ; 0            ; |Multiplier|Mul_4bit:u1|altAdder:u5|FAdder:u1|FAdder_4bit:u2|FAdder_1bit:u2 ; FAdder_1bit  ; work         ;
;                |FAdder_1bit:u3| ; 4 (4)               ; 0 (0)                     ; 0                 ; 0          ; 0    ; 0            ; |Multiplier|Mul_4bit:u1|altAdder:u5|FAdder:u1|FAdder_4bit:u2|FAdder_1bit:u3 ; FAdder_1bit  ; work         ;
;             |FAdder_4bit:u3|    ; 7 (0)               ; 0 (0)                     ; 0                 ; 0          ; 0    ; 0            ; |Multiplier|Mul_4bit:u1|altAdder:u5|FAdder:u1|FAdder_4bit:u3                ; FAdder_4bit  ; work         ;
;                |FAdder_1bit:u0| ; 1 (1)               ; 0 (0)                     ; 0                 ; 0          ; 0    ; 0            ; |Multiplier|Mul_4bit:u1|altAdder:u5|FAdder:u1|FAdder_4bit:u3|FAdder_1bit:u0 ; FAdder_1bit  ; work         ;
;                |FAdder_1bit:u1| ; 2 (2)               ; 0 (0)                     ; 0                 ; 0          ; 0    ; 0            ; |Multiplier|Mul_4bit:u1|altAdder:u5|FAdder:u1|FAdder_4bit:u3|FAdder_1bit:u1 ; FAdder_1bit  ; work         ;
;                |FAdder_1bit:u2| ; 1 (1)               ; 0 (0)                     ; 0                 ; 0          ; 0    ; 0            ; |Multiplier|Mul_4bit:u1|altAdder:u5|FAdder:u1|FAdder_4bit:u3|FAdder_1bit:u2 ; FAdder_1bit  ; work         ;
;                |FAdder_1bit:u3| ; 3 (3)               ; 0 (0)                     ; 0                 ; 0          ; 0    ; 0            ; |Multiplier|Mul_4bit:u1|altAdder:u5|FAdder:u1|FAdder_4bit:u3|FAdder_1bit:u3 ; FAdder_1bit  ; work         ;
;       |altAdder:u7|             ; 27 (0)              ; 0 (0)                     ; 0                 ; 0          ; 0    ; 0            ; |Multiplier|Mul_4bit:u1|altAdder:u7                                         ; altAdder     ; work         ;
;          |FAdder:u1|            ; 27 (0)              ; 0 (0)                     ; 0                 ; 0          ; 0    ; 0            ; |Multiplier|Mul_4bit:u1|altAdder:u7|FAdder:u1                               ; FAdder       ; work         ;
;             |FAdder_4bit:u0|    ; 6 (0)               ; 0 (0)                     ; 0                 ; 0          ; 0    ; 0            ; |Multiplier|Mul_4bit:u1|altAdder:u7|FAdder:u1|FAdder_4bit:u0                ; FAdder_4bit  ; work         ;
;                |FAdder_1bit:u0| ; 1 (1)               ; 0 (0)                     ; 0                 ; 0          ; 0    ; 0            ; |Multiplier|Mul_4bit:u1|altAdder:u7|FAdder:u1|FAdder_4bit:u0|FAdder_1bit:u0 ; FAdder_1bit  ; work         ;
;                |FAdder_1bit:u1| ; 1 (1)               ; 0 (0)                     ; 0                 ; 0          ; 0    ; 0            ; |Multiplier|Mul_4bit:u1|altAdder:u7|FAdder:u1|FAdder_4bit:u0|FAdder_1bit:u1 ; FAdder_1bit  ; work         ;
;                |FAdder_1bit:u2| ; 2 (2)               ; 0 (0)                     ; 0                 ; 0          ; 0    ; 0            ; |Multiplier|Mul_4bit:u1|altAdder:u7|FAdder:u1|FAdder_4bit:u0|FAdder_1bit:u2 ; FAdder_1bit  ; work         ;
;                |FAdder_1bit:u3| ; 2 (2)               ; 0 (0)                     ; 0                 ; 0          ; 0    ; 0            ; |Multiplier|Mul_4bit:u1|altAdder:u7|FAdder:u1|FAdder_4bit:u0|FAdder_1bit:u3 ; FAdder_1bit  ; work         ;
;             |FAdder_4bit:u1|    ; 7 (0)               ; 0 (0)                     ; 0                 ; 0          ; 0    ; 0            ; |Multiplier|Mul_4bit:u1|altAdder:u7|FAdder:u1|FAdder_4bit:u1                ; FAdder_4bit  ; work         ;
;                |FAdder_1bit:u0| ; 2 (2)               ; 0 (0)                     ; 0                 ; 0          ; 0    ; 0            ; |Multiplier|Mul_4bit:u1|altAdder:u7|FAdder:u1|FAdder_4bit:u1|FAdder_1bit:u0 ; FAdder_1bit  ; work         ;
;                |FAdder_1bit:u1| ; 2 (2)               ; 0 (0)                     ; 0                 ; 0          ; 0    ; 0            ; |Multiplier|Mul_4bit:u1|altAdder:u7|FAdder:u1|FAdder_4bit:u1|FAdder_1bit:u1 ; FAdder_1bit  ; work         ;
;                |FAdder_1bit:u2| ; 2 (2)               ; 0 (0)                     ; 0                 ; 0          ; 0    ; 0            ; |Multiplier|Mul_4bit:u1|altAdder:u7|FAdder:u1|FAdder_4bit:u1|FAdder_1bit:u2 ; FAdder_1bit  ; work         ;
;                |FAdder_1bit:u3| ; 1 (1)               ; 0 (0)                     ; 0                 ; 0          ; 0    ; 0            ; |Multiplier|Mul_4bit:u1|altAdder:u7|FAdder:u1|FAdder_4bit:u1|FAdder_1bit:u3 ; FAdder_1bit  ; work         ;
;             |FAdder_4bit:u2|    ; 6 (0)               ; 0 (0)                     ; 0                 ; 0          ; 0    ; 0            ; |Multiplier|Mul_4bit:u1|altAdder:u7|FAdder:u1|FAdder_4bit:u2                ; FAdder_4bit  ; work         ;
;                |FAdder_1bit:u0| ; 2 (2)               ; 0 (0)                     ; 0                 ; 0          ; 0    ; 0            ; |Multiplier|Mul_4bit:u1|altAdder:u7|FAdder:u1|FAdder_4bit:u2|FAdder_1bit:u0 ; FAdder_1bit  ; work         ;
;                |FAdder_1bit:u1| ; 1 (1)               ; 0 (0)                     ; 0                 ; 0          ; 0    ; 0            ; |Multiplier|Mul_4bit:u1|altAdder:u7|FAdder:u1|FAdder_4bit:u2|FAdder_1bit:u1 ; FAdder_1bit  ; work         ;
;                |FAdder_1bit:u2| ; 2 (2)               ; 0 (0)                     ; 0                 ; 0          ; 0    ; 0            ; |Multiplier|Mul_4bit:u1|altAdder:u7|FAdder:u1|FAdder_4bit:u2|FAdder_1bit:u2 ; FAdder_1bit  ; work         ;
;                |FAdder_1bit:u3| ; 1 (1)               ; 0 (0)                     ; 0                 ; 0          ; 0    ; 0            ; |Multiplier|Mul_4bit:u1|altAdder:u7|FAdder:u1|FAdder_4bit:u2|FAdder_1bit:u3 ; FAdder_1bit  ; work         ;
;             |FAdder_4bit:u3|    ; 8 (0)               ; 0 (0)                     ; 0                 ; 0          ; 0    ; 0            ; |Multiplier|Mul_4bit:u1|altAdder:u7|FAdder:u1|FAdder_4bit:u3                ; FAdder_4bit  ; work         ;
;                |FAdder_1bit:u0| ; 2 (2)               ; 0 (0)                     ; 0                 ; 0          ; 0    ; 0            ; |Multiplier|Mul_4bit:u1|altAdder:u7|FAdder:u1|FAdder_4bit:u3|FAdder_1bit:u0 ; FAdder_1bit  ; work         ;
;                |FAdder_1bit:u1| ; 1 (1)               ; 0 (0)                     ; 0                 ; 0          ; 0    ; 0            ; |Multiplier|Mul_4bit:u1|altAdder:u7|FAdder:u1|FAdder_4bit:u3|FAdder_1bit:u1 ; FAdder_1bit  ; work         ;
;                |FAdder_1bit:u2| ; 2 (2)               ; 0 (0)                     ; 0                 ; 0          ; 0    ; 0            ; |Multiplier|Mul_4bit:u1|altAdder:u7|FAdder:u1|FAdder_4bit:u3|FAdder_1bit:u2 ; FAdder_1bit  ; work         ;
;                |FAdder_1bit:u3| ; 3 (3)               ; 0 (0)                     ; 0                 ; 0          ; 0    ; 0            ; |Multiplier|Mul_4bit:u1|altAdder:u7|FAdder:u1|FAdder_4bit:u3|FAdder_1bit:u3 ; FAdder_1bit  ; work         ;
;    |Mul_4bit:u2|                ; 87 (0)              ; 0 (0)                     ; 0                 ; 0          ; 0    ; 0            ; |Multiplier|Mul_4bit:u2                                                     ; Mul_4bit     ; work         ;
;       |Mul_1bit:u1|             ; 3 (3)               ; 0 (0)                     ; 0                 ; 0          ; 0    ; 0            ; |Multiplier|Mul_4bit:u2|Mul_1bit:u1                                         ; Mul_1bit     ; work         ;
;       |Mul_1bit:u2|             ; 2 (2)               ; 0 (0)                     ; 0                 ; 0          ; 0    ; 0            ; |Multiplier|Mul_4bit:u2|Mul_1bit:u2                                         ; Mul_1bit     ; work         ;
;       |Mul_1bit:u4|             ; 4 (4)               ; 0 (0)                     ; 0                 ; 0          ; 0    ; 0            ; |Multiplier|Mul_4bit:u2|Mul_1bit:u4                                         ; Mul_1bit     ; work         ;
;       |Mul_1bit:u6|             ; 4 (4)               ; 0 (0)                     ; 0                 ; 0          ; 0    ; 0            ; |Multiplier|Mul_4bit:u2|Mul_1bit:u6                                         ; Mul_1bit     ; work         ;
;       |altAdder:u3|             ; 28 (0)              ; 0 (0)                     ; 0                 ; 0          ; 0    ; 0            ; |Multiplier|Mul_4bit:u2|altAdder:u3                                         ; altAdder     ; work         ;
;          |FAdder:u1|            ; 28 (0)              ; 0 (0)                     ; 0                 ; 0          ; 0    ; 0            ; |Multiplier|Mul_4bit:u2|altAdder:u3|FAdder:u1                               ; FAdder       ; work         ;
;             |FAdder_4bit:u0|    ; 7 (0)               ; 0 (0)                     ; 0                 ; 0          ; 0    ; 0            ; |Multiplier|Mul_4bit:u2|altAdder:u3|FAdder:u1|FAdder_4bit:u0                ; FAdder_4bit  ; work         ;
;                |FAdder_1bit:u0| ; 2 (2)               ; 0 (0)                     ; 0                 ; 0          ; 0    ; 0            ; |Multiplier|Mul_4bit:u2|altAdder:u3|FAdder:u1|FAdder_4bit:u0|FAdder_1bit:u0 ; FAdder_1bit  ; work         ;
;                |FAdder_1bit:u2| ; 1 (1)               ; 0 (0)                     ; 0                 ; 0          ; 0    ; 0            ; |Multiplier|Mul_4bit:u2|altAdder:u3|FAdder:u1|FAdder_4bit:u0|FAdder_1bit:u2 ; FAdder_1bit  ; work         ;
;                |FAdder_1bit:u3| ; 4 (4)               ; 0 (0)                     ; 0                 ; 0          ; 0    ; 0            ; |Multiplier|Mul_4bit:u2|altAdder:u3|FAdder:u1|FAdder_4bit:u0|FAdder_1bit:u3 ; FAdder_1bit  ; work         ;
;             |FAdder_4bit:u1|    ; 10 (0)              ; 0 (0)                     ; 0                 ; 0          ; 0    ; 0            ; |Multiplier|Mul_4bit:u2|altAdder:u3|FAdder:u1|FAdder_4bit:u1                ; FAdder_4bit  ; work         ;
;                |FAdder_1bit:u0| ; 3 (3)               ; 0 (0)                     ; 0                 ; 0          ; 0    ; 0            ; |Multiplier|Mul_4bit:u2|altAdder:u3|FAdder:u1|FAdder_4bit:u1|FAdder_1bit:u0 ; FAdder_1bit  ; work         ;
;                |FAdder_1bit:u1| ; 4 (4)               ; 0 (0)                     ; 0                 ; 0          ; 0    ; 0            ; |Multiplier|Mul_4bit:u2|altAdder:u3|FAdder:u1|FAdder_4bit:u1|FAdder_1bit:u1 ; FAdder_1bit  ; work         ;
;                |FAdder_1bit:u2| ; 1 (1)               ; 0 (0)                     ; 0                 ; 0          ; 0    ; 0            ; |Multiplier|Mul_4bit:u2|altAdder:u3|FAdder:u1|FAdder_4bit:u1|FAdder_1bit:u2 ; FAdder_1bit  ; work         ;
;                |FAdder_1bit:u3| ; 2 (2)               ; 0 (0)                     ; 0                 ; 0          ; 0    ; 0            ; |Multiplier|Mul_4bit:u2|altAdder:u3|FAdder:u1|FAdder_4bit:u1|FAdder_1bit:u3 ; FAdder_1bit  ; work         ;
;             |FAdder_4bit:u2|    ; 6 (0)               ; 0 (0)                     ; 0                 ; 0          ; 0    ; 0            ; |Multiplier|Mul_4bit:u2|altAdder:u3|FAdder:u1|FAdder_4bit:u2                ; FAdder_4bit  ; work         ;
;                |FAdder_1bit:u0| ; 1 (1)               ; 0 (0)                     ; 0                 ; 0          ; 0    ; 0            ; |Multiplier|Mul_4bit:u2|altAdder:u3|FAdder:u1|FAdder_4bit:u2|FAdder_1bit:u0 ; FAdder_1bit  ; work         ;
;                |FAdder_1bit:u1| ; 2 (2)               ; 0 (0)                     ; 0                 ; 0          ; 0    ; 0            ; |Multiplier|Mul_4bit:u2|altAdder:u3|FAdder:u1|FAdder_4bit:u2|FAdder_1bit:u1 ; FAdder_1bit  ; work         ;
;                |FAdder_1bit:u2| ; 1 (1)               ; 0 (0)                     ; 0                 ; 0          ; 0    ; 0            ; |Multiplier|Mul_4bit:u2|altAdder:u3|FAdder:u1|FAdder_4bit:u2|FAdder_1bit:u2 ; FAdder_1bit  ; work         ;
;                |FAdder_1bit:u3| ; 2 (2)               ; 0 (0)                     ; 0                 ; 0          ; 0    ; 0            ; |Multiplier|Mul_4bit:u2|altAdder:u3|FAdder:u1|FAdder_4bit:u2|FAdder_1bit:u3 ; FAdder_1bit  ; work         ;
;             |FAdder_4bit:u3|    ; 5 (0)               ; 0 (0)                     ; 0                 ; 0          ; 0    ; 0            ; |Multiplier|Mul_4bit:u2|altAdder:u3|FAdder:u1|FAdder_4bit:u3                ; FAdder_4bit  ; work         ;
;                |FAdder_1bit:u0| ; 1 (1)               ; 0 (0)                     ; 0                 ; 0          ; 0    ; 0            ; |Multiplier|Mul_4bit:u2|altAdder:u3|FAdder:u1|FAdder_4bit:u3|FAdder_1bit:u0 ; FAdder_1bit  ; work         ;
;                |FAdder_1bit:u1| ; 2 (2)               ; 0 (0)                     ; 0                 ; 0          ; 0    ; 0            ; |Multiplier|Mul_4bit:u2|altAdder:u3|FAdder:u1|FAdder_4bit:u3|FAdder_1bit:u1 ; FAdder_1bit  ; work         ;
;                |FAdder_1bit:u2| ; 1 (1)               ; 0 (0)                     ; 0                 ; 0          ; 0    ; 0            ; |Multiplier|Mul_4bit:u2|altAdder:u3|FAdder:u1|FAdder_4bit:u3|FAdder_1bit:u2 ; FAdder_1bit  ; work         ;
;                |FAdder_1bit:u3| ; 1 (1)               ; 0 (0)                     ; 0                 ; 0          ; 0    ; 0            ; |Multiplier|Mul_4bit:u2|altAdder:u3|FAdder:u1|FAdder_4bit:u3|FAdder_1bit:u3 ; FAdder_1bit  ; work         ;
;       |altAdder:u5|             ; 22 (0)              ; 0 (0)                     ; 0                 ; 0          ; 0    ; 0            ; |Multiplier|Mul_4bit:u2|altAdder:u5                                         ; altAdder     ; work         ;
;          |FAdder:u1|            ; 22 (0)              ; 0 (0)                     ; 0                 ; 0          ; 0    ; 0            ; |Multiplier|Mul_4bit:u2|altAdder:u5|FAdder:u1                               ; FAdder       ; work         ;
;             |FAdder_4bit:u0|    ; 4 (0)               ; 0 (0)                     ; 0                 ; 0          ; 0    ; 0            ; |Multiplier|Mul_4bit:u2|altAdder:u5|FAdder:u1|FAdder_4bit:u0                ; FAdder_4bit  ; work         ;
;                |FAdder_1bit:u0| ; 1 (1)               ; 0 (0)                     ; 0                 ; 0          ; 0    ; 0            ; |Multiplier|Mul_4bit:u2|altAdder:u5|FAdder:u1|FAdder_4bit:u0|FAdder_1bit:u0 ; FAdder_1bit  ; work         ;
;                |FAdder_1bit:u1| ; 2 (2)               ; 0 (0)                     ; 0                 ; 0          ; 0    ; 0            ; |Multiplier|Mul_4bit:u2|altAdder:u5|FAdder:u1|FAdder_4bit:u0|FAdder_1bit:u1 ; FAdder_1bit  ; work         ;
;                |FAdder_1bit:u2| ; 1 (1)               ; 0 (0)                     ; 0                 ; 0          ; 0    ; 0            ; |Multiplier|Mul_4bit:u2|altAdder:u5|FAdder:u1|FAdder_4bit:u0|FAdder_1bit:u2 ; FAdder_1bit  ; work         ;
;             |FAdder_4bit:u1|    ; 6 (0)               ; 0 (0)                     ; 0                 ; 0          ; 0    ; 0            ; |Multiplier|Mul_4bit:u2|altAdder:u5|FAdder:u1|FAdder_4bit:u1                ; FAdder_4bit  ; work         ;
;                |FAdder_1bit:u0| ; 2 (2)               ; 0 (0)                     ; 0                 ; 0          ; 0    ; 0            ; |Multiplier|Mul_4bit:u2|altAdder:u5|FAdder:u1|FAdder_4bit:u1|FAdder_1bit:u0 ; FAdder_1bit  ; work         ;
;                |FAdder_1bit:u1| ; 1 (1)               ; 0 (0)                     ; 0                 ; 0          ; 0    ; 0            ; |Multiplier|Mul_4bit:u2|altAdder:u5|FAdder:u1|FAdder_4bit:u1|FAdder_1bit:u1 ; FAdder_1bit  ; work         ;
;                |FAdder_1bit:u2| ; 2 (2)               ; 0 (0)                     ; 0                 ; 0          ; 0    ; 0            ; |Multiplier|Mul_4bit:u2|altAdder:u5|FAdder:u1|FAdder_4bit:u1|FAdder_1bit:u2 ; FAdder_1bit  ; work         ;
;                |FAdder_1bit:u3| ; 1 (1)               ; 0 (0)                     ; 0                 ; 0          ; 0    ; 0            ; |Multiplier|Mul_4bit:u2|altAdder:u5|FAdder:u1|FAdder_4bit:u1|FAdder_1bit:u3 ; FAdder_1bit  ; work         ;
;             |FAdder_4bit:u2|    ; 6 (0)               ; 0 (0)                     ; 0                 ; 0          ; 0    ; 0            ; |Multiplier|Mul_4bit:u2|altAdder:u5|FAdder:u1|FAdder_4bit:u2                ; FAdder_4bit  ; work         ;
;                |FAdder_1bit:u0| ; 2 (2)               ; 0 (0)                     ; 0                 ; 0          ; 0    ; 0            ; |Multiplier|Mul_4bit:u2|altAdder:u5|FAdder:u1|FAdder_4bit:u2|FAdder_1bit:u0 ; FAdder_1bit  ; work         ;
;                |FAdder_1bit:u1| ; 1 (1)               ; 0 (0)                     ; 0                 ; 0          ; 0    ; 0            ; |Multiplier|Mul_4bit:u2|altAdder:u5|FAdder:u1|FAdder_4bit:u2|FAdder_1bit:u1 ; FAdder_1bit  ; work         ;
;                |FAdder_1bit:u2| ; 2 (2)               ; 0 (0)                     ; 0                 ; 0          ; 0    ; 0            ; |Multiplier|Mul_4bit:u2|altAdder:u5|FAdder:u1|FAdder_4bit:u2|FAdder_1bit:u2 ; FAdder_1bit  ; work         ;
;                |FAdder_1bit:u3| ; 1 (1)               ; 0 (0)                     ; 0                 ; 0          ; 0    ; 0            ; |Multiplier|Mul_4bit:u2|altAdder:u5|FAdder:u1|FAdder_4bit:u2|FAdder_1bit:u3 ; FAdder_1bit  ; work         ;
;             |FAdder_4bit:u3|    ; 6 (0)               ; 0 (0)                     ; 0                 ; 0          ; 0    ; 0            ; |Multiplier|Mul_4bit:u2|altAdder:u5|FAdder:u1|FAdder_4bit:u3                ; FAdder_4bit  ; work         ;
;                |FAdder_1bit:u0| ; 2 (2)               ; 0 (0)                     ; 0                 ; 0          ; 0    ; 0            ; |Multiplier|Mul_4bit:u2|altAdder:u5|FAdder:u1|FAdder_4bit:u3|FAdder_1bit:u0 ; FAdder_1bit  ; work         ;
;                |FAdder_1bit:u1| ; 1 (1)               ; 0 (0)                     ; 0                 ; 0          ; 0    ; 0            ; |Multiplier|Mul_4bit:u2|altAdder:u5|FAdder:u1|FAdder_4bit:u3|FAdder_1bit:u1 ; FAdder_1bit  ; work         ;
;                |FAdder_1bit:u2| ; 2 (2)               ; 0 (0)                     ; 0                 ; 0          ; 0    ; 0            ; |Multiplier|Mul_4bit:u2|altAdder:u5|FAdder:u1|FAdder_4bit:u3|FAdder_1bit:u2 ; FAdder_1bit  ; work         ;
;                |FAdder_1bit:u3| ; 1 (1)               ; 0 (0)                     ; 0                 ; 0          ; 0    ; 0            ; |Multiplier|Mul_4bit:u2|altAdder:u5|FAdder:u1|FAdder_4bit:u3|FAdder_1bit:u3 ; FAdder_1bit  ; work         ;
;       |altAdder:u7|             ; 24 (0)              ; 0 (0)                     ; 0                 ; 0          ; 0    ; 0            ; |Multiplier|Mul_4bit:u2|altAdder:u7                                         ; altAdder     ; work         ;
;          |FAdder:u1|            ; 24 (0)              ; 0 (0)                     ; 0                 ; 0          ; 0    ; 0            ; |Multiplier|Mul_4bit:u2|altAdder:u7|FAdder:u1                               ; FAdder       ; work         ;
;             |FAdder_4bit:u0|    ; 7 (0)               ; 0 (0)                     ; 0                 ; 0          ; 0    ; 0            ; |Multiplier|Mul_4bit:u2|altAdder:u7|FAdder:u1|FAdder_4bit:u0                ; FAdder_4bit  ; work         ;
;                |FAdder_1bit:u0| ; 1 (1)               ; 0 (0)                     ; 0                 ; 0          ; 0    ; 0            ; |Multiplier|Mul_4bit:u2|altAdder:u7|FAdder:u1|FAdder_4bit:u0|FAdder_1bit:u0 ; FAdder_1bit  ; work         ;
;                |FAdder_1bit:u1| ; 2 (2)               ; 0 (0)                     ; 0                 ; 0          ; 0    ; 0            ; |Multiplier|Mul_4bit:u2|altAdder:u7|FAdder:u1|FAdder_4bit:u0|FAdder_1bit:u1 ; FAdder_1bit  ; work         ;
;                |FAdder_1bit:u2| ; 2 (2)               ; 0 (0)                     ; 0                 ; 0          ; 0    ; 0            ; |Multiplier|Mul_4bit:u2|altAdder:u7|FAdder:u1|FAdder_4bit:u0|FAdder_1bit:u2 ; FAdder_1bit  ; work         ;
;                |FAdder_1bit:u3| ; 2 (2)               ; 0 (0)                     ; 0                 ; 0          ; 0    ; 0            ; |Multiplier|Mul_4bit:u2|altAdder:u7|FAdder:u1|FAdder_4bit:u0|FAdder_1bit:u3 ; FAdder_1bit  ; work         ;
;             |FAdder_4bit:u1|    ; 6 (0)               ; 0 (0)                     ; 0                 ; 0          ; 0    ; 0            ; |Multiplier|Mul_4bit:u2|altAdder:u7|FAdder:u1|FAdder_4bit:u1                ; FAdder_4bit  ; work         ;
;                |FAdder_1bit:u0| ; 1 (1)               ; 0 (0)                     ; 0                 ; 0          ; 0    ; 0            ; |Multiplier|Mul_4bit:u2|altAdder:u7|FAdder:u1|FAdder_4bit:u1|FAdder_1bit:u0 ; FAdder_1bit  ; work         ;
;                |FAdder_1bit:u1| ; 2 (2)               ; 0 (0)                     ; 0                 ; 0          ; 0    ; 0            ; |Multiplier|Mul_4bit:u2|altAdder:u7|FAdder:u1|FAdder_4bit:u1|FAdder_1bit:u1 ; FAdder_1bit  ; work         ;
;                |FAdder_1bit:u2| ; 1 (1)               ; 0 (0)                     ; 0                 ; 0          ; 0    ; 0            ; |Multiplier|Mul_4bit:u2|altAdder:u7|FAdder:u1|FAdder_4bit:u1|FAdder_1bit:u2 ; FAdder_1bit  ; work         ;
;                |FAdder_1bit:u3| ; 2 (2)               ; 0 (0)                     ; 0                 ; 0          ; 0    ; 0            ; |Multiplier|Mul_4bit:u2|altAdder:u7|FAdder:u1|FAdder_4bit:u1|FAdder_1bit:u3 ; FAdder_1bit  ; work         ;
;             |FAdder_4bit:u2|    ; 6 (0)               ; 0 (0)                     ; 0                 ; 0          ; 0    ; 0            ; |Multiplier|Mul_4bit:u2|altAdder:u7|FAdder:u1|FAdder_4bit:u2                ; FAdder_4bit  ; work         ;
;                |FAdder_1bit:u0| ; 1 (1)               ; 0 (0)                     ; 0                 ; 0          ; 0    ; 0            ; |Multiplier|Mul_4bit:u2|altAdder:u7|FAdder:u1|FAdder_4bit:u2|FAdder_1bit:u0 ; FAdder_1bit  ; work         ;
;                |FAdder_1bit:u1| ; 2 (2)               ; 0 (0)                     ; 0                 ; 0          ; 0    ; 0            ; |Multiplier|Mul_4bit:u2|altAdder:u7|FAdder:u1|FAdder_4bit:u2|FAdder_1bit:u1 ; FAdder_1bit  ; work         ;
;                |FAdder_1bit:u2| ; 1 (1)               ; 0 (0)                     ; 0                 ; 0          ; 0    ; 0            ; |Multiplier|Mul_4bit:u2|altAdder:u7|FAdder:u1|FAdder_4bit:u2|FAdder_1bit:u2 ; FAdder_1bit  ; work         ;
;                |FAdder_1bit:u3| ; 2 (2)               ; 0 (0)                     ; 0                 ; 0          ; 0    ; 0            ; |Multiplier|Mul_4bit:u2|altAdder:u7|FAdder:u1|FAdder_4bit:u2|FAdder_1bit:u3 ; FAdder_1bit  ; work         ;
;             |FAdder_4bit:u3|    ; 5 (0)               ; 0 (0)                     ; 0                 ; 0          ; 0    ; 0            ; |Multiplier|Mul_4bit:u2|altAdder:u7|FAdder:u1|FAdder_4bit:u3                ; FAdder_4bit  ; work         ;
;                |FAdder_1bit:u0| ; 1 (1)               ; 0 (0)                     ; 0                 ; 0          ; 0    ; 0            ; |Multiplier|Mul_4bit:u2|altAdder:u7|FAdder:u1|FAdder_4bit:u3|FAdder_1bit:u0 ; FAdder_1bit  ; work         ;
;                |FAdder_1bit:u1| ; 2 (2)               ; 0 (0)                     ; 0                 ; 0          ; 0    ; 0            ; |Multiplier|Mul_4bit:u2|altAdder:u7|FAdder:u1|FAdder_4bit:u3|FAdder_1bit:u1 ; FAdder_1bit  ; work         ;
;                |FAdder_1bit:u2| ; 1 (1)               ; 0 (0)                     ; 0                 ; 0          ; 0    ; 0            ; |Multiplier|Mul_4bit:u2|altAdder:u7|FAdder:u1|FAdder_4bit:u3|FAdder_1bit:u2 ; FAdder_1bit  ; work         ;
;                |FAdder_1bit:u3| ; 1 (1)               ; 0 (0)                     ; 0                 ; 0          ; 0    ; 0            ; |Multiplier|Mul_4bit:u2|altAdder:u7|FAdder:u1|FAdder_4bit:u3|FAdder_1bit:u3 ; FAdder_1bit  ; work         ;
;    |Mul_4bit:u3|                ; 96 (0)              ; 0 (0)                     ; 0                 ; 0          ; 0    ; 0            ; |Multiplier|Mul_4bit:u3                                                     ; Mul_4bit     ; work         ;
;       |Mul_1bit:u1|             ; 4 (4)               ; 0 (0)                     ; 0                 ; 0          ; 0    ; 0            ; |Multiplier|Mul_4bit:u3|Mul_1bit:u1                                         ; Mul_1bit     ; work         ;
;       |Mul_1bit:u2|             ; 5 (5)               ; 0 (0)                     ; 0                 ; 0          ; 0    ; 0            ; |Multiplier|Mul_4bit:u3|Mul_1bit:u2                                         ; Mul_1bit     ; work         ;
;       |Mul_1bit:u4|             ; 8 (8)               ; 0 (0)                     ; 0                 ; 0          ; 0    ; 0            ; |Multiplier|Mul_4bit:u3|Mul_1bit:u4                                         ; Mul_1bit     ; work         ;
;       |Mul_1bit:u6|             ; 3 (3)               ; 0 (0)                     ; 0                 ; 0          ; 0    ; 0            ; |Multiplier|Mul_4bit:u3|Mul_1bit:u6                                         ; Mul_1bit     ; work         ;
;       |altAdder:u3|             ; 24 (0)              ; 0 (0)                     ; 0                 ; 0          ; 0    ; 0            ; |Multiplier|Mul_4bit:u3|altAdder:u3                                         ; altAdder     ; work         ;
;          |FAdder:u1|            ; 24 (0)              ; 0 (0)                     ; 0                 ; 0          ; 0    ; 0            ; |Multiplier|Mul_4bit:u3|altAdder:u3|FAdder:u1                               ; FAdder       ; work         ;
;             |FAdder_4bit:u0|    ; 4 (0)               ; 0 (0)                     ; 0                 ; 0          ; 0    ; 0            ; |Multiplier|Mul_4bit:u3|altAdder:u3|FAdder:u1|FAdder_4bit:u0                ; FAdder_4bit  ; work         ;
;                |FAdder_1bit:u0| ; 1 (1)               ; 0 (0)                     ; 0                 ; 0          ; 0    ; 0            ; |Multiplier|Mul_4bit:u3|altAdder:u3|FAdder:u1|FAdder_4bit:u0|FAdder_1bit:u0 ; FAdder_1bit  ; work         ;
;                |FAdder_1bit:u2| ; 2 (2)               ; 0 (0)                     ; 0                 ; 0          ; 0    ; 0            ; |Multiplier|Mul_4bit:u3|altAdder:u3|FAdder:u1|FAdder_4bit:u0|FAdder_1bit:u2 ; FAdder_1bit  ; work         ;
;                |FAdder_1bit:u3| ; 1 (1)               ; 0 (0)                     ; 0                 ; 0          ; 0    ; 0            ; |Multiplier|Mul_4bit:u3|altAdder:u3|FAdder:u1|FAdder_4bit:u0|FAdder_1bit:u3 ; FAdder_1bit  ; work         ;
;             |FAdder_4bit:u1|    ; 7 (0)               ; 0 (0)                     ; 0                 ; 0          ; 0    ; 0            ; |Multiplier|Mul_4bit:u3|altAdder:u3|FAdder:u1|FAdder_4bit:u1                ; FAdder_4bit  ; work         ;
;                |FAdder_1bit:u0| ; 2 (2)               ; 0 (0)                     ; 0                 ; 0          ; 0    ; 0            ; |Multiplier|Mul_4bit:u3|altAdder:u3|FAdder:u1|FAdder_4bit:u1|FAdder_1bit:u0 ; FAdder_1bit  ; work         ;
;                |FAdder_1bit:u1| ; 1 (1)               ; 0 (0)                     ; 0                 ; 0          ; 0    ; 0            ; |Multiplier|Mul_4bit:u3|altAdder:u3|FAdder:u1|FAdder_4bit:u1|FAdder_1bit:u1 ; FAdder_1bit  ; work         ;
;                |FAdder_1bit:u2| ; 2 (2)               ; 0 (0)                     ; 0                 ; 0          ; 0    ; 0            ; |Multiplier|Mul_4bit:u3|altAdder:u3|FAdder:u1|FAdder_4bit:u1|FAdder_1bit:u2 ; FAdder_1bit  ; work         ;
;                |FAdder_1bit:u3| ; 2 (2)               ; 0 (0)                     ; 0                 ; 0          ; 0    ; 0            ; |Multiplier|Mul_4bit:u3|altAdder:u3|FAdder:u1|FAdder_4bit:u1|FAdder_1bit:u3 ; FAdder_1bit  ; work         ;
;             |FAdder_4bit:u2|    ; 8 (0)               ; 0 (0)                     ; 0                 ; 0          ; 0    ; 0            ; |Multiplier|Mul_4bit:u3|altAdder:u3|FAdder:u1|FAdder_4bit:u2                ; FAdder_4bit  ; work         ;
;                |FAdder_1bit:u0| ; 1 (1)               ; 0 (0)                     ; 0                 ; 0          ; 0    ; 0            ; |Multiplier|Mul_4bit:u3|altAdder:u3|FAdder:u1|FAdder_4bit:u2|FAdder_1bit:u0 ; FAdder_1bit  ; work         ;
;                |FAdder_1bit:u1| ; 4 (4)               ; 0 (0)                     ; 0                 ; 0          ; 0    ; 0            ; |Multiplier|Mul_4bit:u3|altAdder:u3|FAdder:u1|FAdder_4bit:u2|FAdder_1bit:u1 ; FAdder_1bit  ; work         ;
;                |FAdder_1bit:u2| ; 1 (1)               ; 0 (0)                     ; 0                 ; 0          ; 0    ; 0            ; |Multiplier|Mul_4bit:u3|altAdder:u3|FAdder:u1|FAdder_4bit:u2|FAdder_1bit:u2 ; FAdder_1bit  ; work         ;
;                |FAdder_1bit:u3| ; 2 (2)               ; 0 (0)                     ; 0                 ; 0          ; 0    ; 0            ; |Multiplier|Mul_4bit:u3|altAdder:u3|FAdder:u1|FAdder_4bit:u2|FAdder_1bit:u3 ; FAdder_1bit  ; work         ;
;             |FAdder_4bit:u3|    ; 5 (0)               ; 0 (0)                     ; 0                 ; 0          ; 0    ; 0            ; |Multiplier|Mul_4bit:u3|altAdder:u3|FAdder:u1|FAdder_4bit:u3                ; FAdder_4bit  ; work         ;
;                |FAdder_1bit:u0| ; 1 (1)               ; 0 (0)                     ; 0                 ; 0          ; 0    ; 0            ; |Multiplier|Mul_4bit:u3|altAdder:u3|FAdder:u1|FAdder_4bit:u3|FAdder_1bit:u0 ; FAdder_1bit  ; work         ;
;                |FAdder_1bit:u1| ; 2 (2)               ; 0 (0)                     ; 0                 ; 0          ; 0    ; 0            ; |Multiplier|Mul_4bit:u3|altAdder:u3|FAdder:u1|FAdder_4bit:u3|FAdder_1bit:u1 ; FAdder_1bit  ; work         ;
;                |FAdder_1bit:u2| ; 2 (2)               ; 0 (0)                     ; 0                 ; 0          ; 0    ; 0            ; |Multiplier|Mul_4bit:u3|altAdder:u3|FAdder:u1|FAdder_4bit:u3|FAdder_1bit:u2 ; FAdder_1bit  ; work         ;
;       |altAdder:u5|             ; 28 (0)              ; 0 (0)                     ; 0                 ; 0          ; 0    ; 0            ; |Multiplier|Mul_4bit:u3|altAdder:u5                                         ; altAdder     ; work         ;
;          |FAdder:u1|            ; 28 (0)              ; 0 (0)                     ; 0                 ; 0          ; 0    ; 0            ; |Multiplier|Mul_4bit:u3|altAdder:u5|FAdder:u1                               ; FAdder       ; work         ;
;             |FAdder_4bit:u0|    ; 7 (0)               ; 0 (0)                     ; 0                 ; 0          ; 0    ; 0            ; |Multiplier|Mul_4bit:u3|altAdder:u5|FAdder:u1|FAdder_4bit:u0                ; FAdder_4bit  ; work         ;
;                |FAdder_1bit:u0| ; 2 (2)               ; 0 (0)                     ; 0                 ; 0          ; 0    ; 0            ; |Multiplier|Mul_4bit:u3|altAdder:u5|FAdder:u1|FAdder_4bit:u0|FAdder_1bit:u0 ; FAdder_1bit  ; work         ;
;                |FAdder_1bit:u1| ; 1 (1)               ; 0 (0)                     ; 0                 ; 0          ; 0    ; 0            ; |Multiplier|Mul_4bit:u3|altAdder:u5|FAdder:u1|FAdder_4bit:u0|FAdder_1bit:u1 ; FAdder_1bit  ; work         ;
;                |FAdder_1bit:u2| ; 2 (2)               ; 0 (0)                     ; 0                 ; 0          ; 0    ; 0            ; |Multiplier|Mul_4bit:u3|altAdder:u5|FAdder:u1|FAdder_4bit:u0|FAdder_1bit:u2 ; FAdder_1bit  ; work         ;
;                |FAdder_1bit:u3| ; 2 (2)               ; 0 (0)                     ; 0                 ; 0          ; 0    ; 0            ; |Multiplier|Mul_4bit:u3|altAdder:u5|FAdder:u1|FAdder_4bit:u0|FAdder_1bit:u3 ; FAdder_1bit  ; work         ;
;             |FAdder_4bit:u1|    ; 6 (0)               ; 0 (0)                     ; 0                 ; 0          ; 0    ; 0            ; |Multiplier|Mul_4bit:u3|altAdder:u5|FAdder:u1|FAdder_4bit:u1                ; FAdder_4bit  ; work         ;
;                |FAdder_1bit:u0| ; 2 (2)               ; 0 (0)                     ; 0                 ; 0          ; 0    ; 0            ; |Multiplier|Mul_4bit:u3|altAdder:u5|FAdder:u1|FAdder_4bit:u1|FAdder_1bit:u0 ; FAdder_1bit  ; work         ;
;                |FAdder_1bit:u1| ; 1 (1)               ; 0 (0)                     ; 0                 ; 0          ; 0    ; 0            ; |Multiplier|Mul_4bit:u3|altAdder:u5|FAdder:u1|FAdder_4bit:u1|FAdder_1bit:u1 ; FAdder_1bit  ; work         ;
;                |FAdder_1bit:u2| ; 2 (2)               ; 0 (0)                     ; 0                 ; 0          ; 0    ; 0            ; |Multiplier|Mul_4bit:u3|altAdder:u5|FAdder:u1|FAdder_4bit:u1|FAdder_1bit:u2 ; FAdder_1bit  ; work         ;
;                |FAdder_1bit:u3| ; 1 (1)               ; 0 (0)                     ; 0                 ; 0          ; 0    ; 0            ; |Multiplier|Mul_4bit:u3|altAdder:u5|FAdder:u1|FAdder_4bit:u1|FAdder_1bit:u3 ; FAdder_1bit  ; work         ;
;             |FAdder_4bit:u2|    ; 6 (0)               ; 0 (0)                     ; 0                 ; 0          ; 0    ; 0            ; |Multiplier|Mul_4bit:u3|altAdder:u5|FAdder:u1|FAdder_4bit:u2                ; FAdder_4bit  ; work         ;
;                |FAdder_1bit:u0| ; 2 (2)               ; 0 (0)                     ; 0                 ; 0          ; 0    ; 0            ; |Multiplier|Mul_4bit:u3|altAdder:u5|FAdder:u1|FAdder_4bit:u2|FAdder_1bit:u0 ; FAdder_1bit  ; work         ;
;                |FAdder_1bit:u1| ; 1 (1)               ; 0 (0)                     ; 0                 ; 0          ; 0    ; 0            ; |Multiplier|Mul_4bit:u3|altAdder:u5|FAdder:u1|FAdder_4bit:u2|FAdder_1bit:u1 ; FAdder_1bit  ; work         ;
;                |FAdder_1bit:u2| ; 2 (2)               ; 0 (0)                     ; 0                 ; 0          ; 0    ; 0            ; |Multiplier|Mul_4bit:u3|altAdder:u5|FAdder:u1|FAdder_4bit:u2|FAdder_1bit:u2 ; FAdder_1bit  ; work         ;
;                |FAdder_1bit:u3| ; 1 (1)               ; 0 (0)                     ; 0                 ; 0          ; 0    ; 0            ; |Multiplier|Mul_4bit:u3|altAdder:u5|FAdder:u1|FAdder_4bit:u2|FAdder_1bit:u3 ; FAdder_1bit  ; work         ;
;             |FAdder_4bit:u3|    ; 9 (0)               ; 0 (0)                     ; 0                 ; 0          ; 0    ; 0            ; |Multiplier|Mul_4bit:u3|altAdder:u5|FAdder:u1|FAdder_4bit:u3                ; FAdder_4bit  ; work         ;
;                |FAdder_1bit:u0| ; 2 (2)               ; 0 (0)                     ; 0                 ; 0          ; 0    ; 0            ; |Multiplier|Mul_4bit:u3|altAdder:u5|FAdder:u1|FAdder_4bit:u3|FAdder_1bit:u0 ; FAdder_1bit  ; work         ;
;                |FAdder_1bit:u1| ; 3 (3)               ; 0 (0)                     ; 0                 ; 0          ; 0    ; 0            ; |Multiplier|Mul_4bit:u3|altAdder:u5|FAdder:u1|FAdder_4bit:u3|FAdder_1bit:u1 ; FAdder_1bit  ; work         ;
;                |FAdder_1bit:u2| ; 2 (2)               ; 0 (0)                     ; 0                 ; 0          ; 0    ; 0            ; |Multiplier|Mul_4bit:u3|altAdder:u5|FAdder:u1|FAdder_4bit:u3|FAdder_1bit:u2 ; FAdder_1bit  ; work         ;
;                |FAdder_1bit:u3| ; 2 (2)               ; 0 (0)                     ; 0                 ; 0          ; 0    ; 0            ; |Multiplier|Mul_4bit:u3|altAdder:u5|FAdder:u1|FAdder_4bit:u3|FAdder_1bit:u3 ; FAdder_1bit  ; work         ;
;       |altAdder:u7|             ; 24 (0)              ; 0 (0)                     ; 0                 ; 0          ; 0    ; 0            ; |Multiplier|Mul_4bit:u3|altAdder:u7                                         ; altAdder     ; work         ;
;          |FAdder:u1|            ; 24 (0)              ; 0 (0)                     ; 0                 ; 0          ; 0    ; 0            ; |Multiplier|Mul_4bit:u3|altAdder:u7|FAdder:u1                               ; FAdder       ; work         ;
;             |FAdder_4bit:u0|    ; 5 (0)               ; 0 (0)                     ; 0                 ; 0          ; 0    ; 0            ; |Multiplier|Mul_4bit:u3|altAdder:u7|FAdder:u1|FAdder_4bit:u0                ; FAdder_4bit  ; work         ;
;                |FAdder_1bit:u0| ; 2 (2)               ; 0 (0)                     ; 0                 ; 0          ; 0    ; 0            ; |Multiplier|Mul_4bit:u3|altAdder:u7|FAdder:u1|FAdder_4bit:u0|FAdder_1bit:u0 ; FAdder_1bit  ; work         ;
;                |FAdder_1bit:u1| ; 1 (1)               ; 0 (0)                     ; 0                 ; 0          ; 0    ; 0            ; |Multiplier|Mul_4bit:u3|altAdder:u7|FAdder:u1|FAdder_4bit:u0|FAdder_1bit:u1 ; FAdder_1bit  ; work         ;
;                |FAdder_1bit:u3| ; 2 (2)               ; 0 (0)                     ; 0                 ; 0          ; 0    ; 0            ; |Multiplier|Mul_4bit:u3|altAdder:u7|FAdder:u1|FAdder_4bit:u0|FAdder_1bit:u3 ; FAdder_1bit  ; work         ;
;             |FAdder_4bit:u1|    ; 6 (0)               ; 0 (0)                     ; 0                 ; 0          ; 0    ; 0            ; |Multiplier|Mul_4bit:u3|altAdder:u7|FAdder:u1|FAdder_4bit:u1                ; FAdder_4bit  ; work         ;
;                |FAdder_1bit:u0| ; 1 (1)               ; 0 (0)                     ; 0                 ; 0          ; 0    ; 0            ; |Multiplier|Mul_4bit:u3|altAdder:u7|FAdder:u1|FAdder_4bit:u1|FAdder_1bit:u0 ; FAdder_1bit  ; work         ;
;                |FAdder_1bit:u1| ; 2 (2)               ; 0 (0)                     ; 0                 ; 0          ; 0    ; 0            ; |Multiplier|Mul_4bit:u3|altAdder:u7|FAdder:u1|FAdder_4bit:u1|FAdder_1bit:u1 ; FAdder_1bit  ; work         ;
;                |FAdder_1bit:u2| ; 1 (1)               ; 0 (0)                     ; 0                 ; 0          ; 0    ; 0            ; |Multiplier|Mul_4bit:u3|altAdder:u7|FAdder:u1|FAdder_4bit:u1|FAdder_1bit:u2 ; FAdder_1bit  ; work         ;
;                |FAdder_1bit:u3| ; 2 (2)               ; 0 (0)                     ; 0                 ; 0          ; 0    ; 0            ; |Multiplier|Mul_4bit:u3|altAdder:u7|FAdder:u1|FAdder_4bit:u1|FAdder_1bit:u3 ; FAdder_1bit  ; work         ;
;             |FAdder_4bit:u2|    ; 6 (0)               ; 0 (0)                     ; 0                 ; 0          ; 0    ; 0            ; |Multiplier|Mul_4bit:u3|altAdder:u7|FAdder:u1|FAdder_4bit:u2                ; FAdder_4bit  ; work         ;
;                |FAdder_1bit:u0| ; 1 (1)               ; 0 (0)                     ; 0                 ; 0          ; 0    ; 0            ; |Multiplier|Mul_4bit:u3|altAdder:u7|FAdder:u1|FAdder_4bit:u2|FAdder_1bit:u0 ; FAdder_1bit  ; work         ;
;                |FAdder_1bit:u1| ; 2 (2)               ; 0 (0)                     ; 0                 ; 0          ; 0    ; 0            ; |Multiplier|Mul_4bit:u3|altAdder:u7|FAdder:u1|FAdder_4bit:u2|FAdder_1bit:u1 ; FAdder_1bit  ; work         ;
;                |FAdder_1bit:u2| ; 1 (1)               ; 0 (0)                     ; 0                 ; 0          ; 0    ; 0            ; |Multiplier|Mul_4bit:u3|altAdder:u7|FAdder:u1|FAdder_4bit:u2|FAdder_1bit:u2 ; FAdder_1bit  ; work         ;
;                |FAdder_1bit:u3| ; 2 (2)               ; 0 (0)                     ; 0                 ; 0          ; 0    ; 0            ; |Multiplier|Mul_4bit:u3|altAdder:u7|FAdder:u1|FAdder_4bit:u2|FAdder_1bit:u3 ; FAdder_1bit  ; work         ;
;             |FAdder_4bit:u3|    ; 7 (0)               ; 0 (0)                     ; 0                 ; 0          ; 0    ; 0            ; |Multiplier|Mul_4bit:u3|altAdder:u7|FAdder:u1|FAdder_4bit:u3                ; FAdder_4bit  ; work         ;
;                |FAdder_1bit:u0| ; 2 (2)               ; 0 (0)                     ; 0                 ; 0          ; 0    ; 0            ; |Multiplier|Mul_4bit:u3|altAdder:u7|FAdder:u1|FAdder_4bit:u3|FAdder_1bit:u0 ; FAdder_1bit  ; work         ;
;                |FAdder_1bit:u1| ; 2 (2)               ; 0 (0)                     ; 0                 ; 0          ; 0    ; 0            ; |Multiplier|Mul_4bit:u3|altAdder:u7|FAdder:u1|FAdder_4bit:u3|FAdder_1bit:u1 ; FAdder_1bit  ; work         ;
;                |FAdder_1bit:u2| ; 1 (1)               ; 0 (0)                     ; 0                 ; 0          ; 0    ; 0            ; |Multiplier|Mul_4bit:u3|altAdder:u7|FAdder:u1|FAdder_4bit:u3|FAdder_1bit:u2 ; FAdder_1bit  ; work         ;
;                |FAdder_1bit:u3| ; 2 (2)               ; 0 (0)                     ; 0                 ; 0          ; 0    ; 0            ; |Multiplier|Mul_4bit:u3|altAdder:u7|FAdder:u1|FAdder_4bit:u3|FAdder_1bit:u3 ; FAdder_1bit  ; work         ;
;    |Mul_4bit:u4|                ; 92 (0)              ; 0 (0)                     ; 0                 ; 0          ; 0    ; 0            ; |Multiplier|Mul_4bit:u4                                                     ; Mul_4bit     ; work         ;
;       |Mul_1bit:u1|             ; 3 (3)               ; 0 (0)                     ; 0                 ; 0          ; 0    ; 0            ; |Multiplier|Mul_4bit:u4|Mul_1bit:u1                                         ; Mul_1bit     ; work         ;
;       |Mul_1bit:u2|             ; 3 (3)               ; 0 (0)                     ; 0                 ; 0          ; 0    ; 0            ; |Multiplier|Mul_4bit:u4|Mul_1bit:u2                                         ; Mul_1bit     ; work         ;
;       |Mul_1bit:u4|             ; 6 (6)               ; 0 (0)                     ; 0                 ; 0          ; 0    ; 0            ; |Multiplier|Mul_4bit:u4|Mul_1bit:u4                                         ; Mul_1bit     ; work         ;
;       |Mul_1bit:u6|             ; 2 (2)               ; 0 (0)                     ; 0                 ; 0          ; 0    ; 0            ; |Multiplier|Mul_4bit:u4|Mul_1bit:u6                                         ; Mul_1bit     ; work         ;
;       |altAdder:u3|             ; 30 (0)              ; 0 (0)                     ; 0                 ; 0          ; 0    ; 0            ; |Multiplier|Mul_4bit:u4|altAdder:u3                                         ; altAdder     ; work         ;
;          |FAdder:u1|            ; 30 (0)              ; 0 (0)                     ; 0                 ; 0          ; 0    ; 0            ; |Multiplier|Mul_4bit:u4|altAdder:u3|FAdder:u1                               ; FAdder       ; work         ;
;             |FAdder_4bit:u0|    ; 5 (0)               ; 0 (0)                     ; 0                 ; 0          ; 0    ; 0            ; |Multiplier|Mul_4bit:u4|altAdder:u3|FAdder:u1|FAdder_4bit:u0                ; FAdder_4bit  ; work         ;
;                |FAdder_1bit:u0| ; 1 (1)               ; 0 (0)                     ; 0                 ; 0          ; 0    ; 0            ; |Multiplier|Mul_4bit:u4|altAdder:u3|FAdder:u1|FAdder_4bit:u0|FAdder_1bit:u0 ; FAdder_1bit  ; work         ;
;                |FAdder_1bit:u2| ; 2 (2)               ; 0 (0)                     ; 0                 ; 0          ; 0    ; 0            ; |Multiplier|Mul_4bit:u4|altAdder:u3|FAdder:u1|FAdder_4bit:u0|FAdder_1bit:u2 ; FAdder_1bit  ; work         ;
;                |FAdder_1bit:u3| ; 2 (2)               ; 0 (0)                     ; 0                 ; 0          ; 0    ; 0            ; |Multiplier|Mul_4bit:u4|altAdder:u3|FAdder:u1|FAdder_4bit:u0|FAdder_1bit:u3 ; FAdder_1bit  ; work         ;
;             |FAdder_4bit:u1|    ; 11 (0)              ; 0 (0)                     ; 0                 ; 0          ; 0    ; 0            ; |Multiplier|Mul_4bit:u4|altAdder:u3|FAdder:u1|FAdder_4bit:u1                ; FAdder_4bit  ; work         ;
;                |FAdder_1bit:u0| ; 4 (4)               ; 0 (0)                     ; 0                 ; 0          ; 0    ; 0            ; |Multiplier|Mul_4bit:u4|altAdder:u3|FAdder:u1|FAdder_4bit:u1|FAdder_1bit:u0 ; FAdder_1bit  ; work         ;
;                |FAdder_1bit:u1| ; 3 (3)               ; 0 (0)                     ; 0                 ; 0          ; 0    ; 0            ; |Multiplier|Mul_4bit:u4|altAdder:u3|FAdder:u1|FAdder_4bit:u1|FAdder_1bit:u1 ; FAdder_1bit  ; work         ;
;                |FAdder_1bit:u2| ; 2 (2)               ; 0 (0)                     ; 0                 ; 0          ; 0    ; 0            ; |Multiplier|Mul_4bit:u4|altAdder:u3|FAdder:u1|FAdder_4bit:u1|FAdder_1bit:u2 ; FAdder_1bit  ; work         ;
;                |FAdder_1bit:u3| ; 2 (2)               ; 0 (0)                     ; 0                 ; 0          ; 0    ; 0            ; |Multiplier|Mul_4bit:u4|altAdder:u3|FAdder:u1|FAdder_4bit:u1|FAdder_1bit:u3 ; FAdder_1bit  ; work         ;
;             |FAdder_4bit:u2|    ; 8 (0)               ; 0 (0)                     ; 0                 ; 0          ; 0    ; 0            ; |Multiplier|Mul_4bit:u4|altAdder:u3|FAdder:u1|FAdder_4bit:u2                ; FAdder_4bit  ; work         ;
;                |FAdder_1bit:u0| ; 2 (2)               ; 0 (0)                     ; 0                 ; 0          ; 0    ; 0            ; |Multiplier|Mul_4bit:u4|altAdder:u3|FAdder:u1|FAdder_4bit:u2|FAdder_1bit:u0 ; FAdder_1bit  ; work         ;
;                |FAdder_1bit:u1| ; 2 (2)               ; 0 (0)                     ; 0                 ; 0          ; 0    ; 0            ; |Multiplier|Mul_4bit:u4|altAdder:u3|FAdder:u1|FAdder_4bit:u2|FAdder_1bit:u1 ; FAdder_1bit  ; work         ;
;                |FAdder_1bit:u2| ; 2 (2)               ; 0 (0)                     ; 0                 ; 0          ; 0    ; 0            ; |Multiplier|Mul_4bit:u4|altAdder:u3|FAdder:u1|FAdder_4bit:u2|FAdder_1bit:u2 ; FAdder_1bit  ; work         ;
;                |FAdder_1bit:u3| ; 2 (2)               ; 0 (0)                     ; 0                 ; 0          ; 0    ; 0            ; |Multiplier|Mul_4bit:u4|altAdder:u3|FAdder:u1|FAdder_4bit:u2|FAdder_1bit:u3 ; FAdder_1bit  ; work         ;
;             |FAdder_4bit:u3|    ; 6 (0)               ; 0 (0)                     ; 0                 ; 0          ; 0    ; 0            ; |Multiplier|Mul_4bit:u4|altAdder:u3|FAdder:u1|FAdder_4bit:u3                ; FAdder_4bit  ; work         ;
;                |FAdder_1bit:u0| ; 1 (1)               ; 0 (0)                     ; 0                 ; 0          ; 0    ; 0            ; |Multiplier|Mul_4bit:u4|altAdder:u3|FAdder:u1|FAdder_4bit:u3|FAdder_1bit:u0 ; FAdder_1bit  ; work         ;
;                |FAdder_1bit:u1| ; 2 (2)               ; 0 (0)                     ; 0                 ; 0          ; 0    ; 0            ; |Multiplier|Mul_4bit:u4|altAdder:u3|FAdder:u1|FAdder_4bit:u3|FAdder_1bit:u1 ; FAdder_1bit  ; work         ;
;                |FAdder_1bit:u2| ; 2 (2)               ; 0 (0)                     ; 0                 ; 0          ; 0    ; 0            ; |Multiplier|Mul_4bit:u4|altAdder:u3|FAdder:u1|FAdder_4bit:u3|FAdder_1bit:u2 ; FAdder_1bit  ; work         ;
;                |FAdder_1bit:u3| ; 1 (1)               ; 0 (0)                     ; 0                 ; 0          ; 0    ; 0            ; |Multiplier|Mul_4bit:u4|altAdder:u3|FAdder:u1|FAdder_4bit:u3|FAdder_1bit:u3 ; FAdder_1bit  ; work         ;
;       |altAdder:u5|             ; 26 (0)              ; 0 (0)                     ; 0                 ; 0          ; 0    ; 0            ; |Multiplier|Mul_4bit:u4|altAdder:u5                                         ; altAdder     ; work         ;
;          |FAdder:u1|            ; 26 (0)              ; 0 (0)                     ; 0                 ; 0          ; 0    ; 0            ; |Multiplier|Mul_4bit:u4|altAdder:u5|FAdder:u1                               ; FAdder       ; work         ;
;             |FAdder_4bit:u0|    ; 7 (0)               ; 0 (0)                     ; 0                 ; 0          ; 0    ; 0            ; |Multiplier|Mul_4bit:u4|altAdder:u5|FAdder:u1|FAdder_4bit:u0                ; FAdder_4bit  ; work         ;
;                |FAdder_1bit:u0| ; 2 (2)               ; 0 (0)                     ; 0                 ; 0          ; 0    ; 0            ; |Multiplier|Mul_4bit:u4|altAdder:u5|FAdder:u1|FAdder_4bit:u0|FAdder_1bit:u0 ; FAdder_1bit  ; work         ;
;                |FAdder_1bit:u1| ; 2 (2)               ; 0 (0)                     ; 0                 ; 0          ; 0    ; 0            ; |Multiplier|Mul_4bit:u4|altAdder:u5|FAdder:u1|FAdder_4bit:u0|FAdder_1bit:u1 ; FAdder_1bit  ; work         ;
;                |FAdder_1bit:u2| ; 2 (2)               ; 0 (0)                     ; 0                 ; 0          ; 0    ; 0            ; |Multiplier|Mul_4bit:u4|altAdder:u5|FAdder:u1|FAdder_4bit:u0|FAdder_1bit:u2 ; FAdder_1bit  ; work         ;
;                |FAdder_1bit:u3| ; 1 (1)               ; 0 (0)                     ; 0                 ; 0          ; 0    ; 0            ; |Multiplier|Mul_4bit:u4|altAdder:u5|FAdder:u1|FAdder_4bit:u0|FAdder_1bit:u3 ; FAdder_1bit  ; work         ;
;             |FAdder_4bit:u1|    ; 7 (0)               ; 0 (0)                     ; 0                 ; 0          ; 0    ; 0            ; |Multiplier|Mul_4bit:u4|altAdder:u5|FAdder:u1|FAdder_4bit:u1                ; FAdder_4bit  ; work         ;
;                |FAdder_1bit:u0| ; 2 (2)               ; 0 (0)                     ; 0                 ; 0          ; 0    ; 0            ; |Multiplier|Mul_4bit:u4|altAdder:u5|FAdder:u1|FAdder_4bit:u1|FAdder_1bit:u0 ; FAdder_1bit  ; work         ;
;                |FAdder_1bit:u1| ; 2 (2)               ; 0 (0)                     ; 0                 ; 0          ; 0    ; 0            ; |Multiplier|Mul_4bit:u4|altAdder:u5|FAdder:u1|FAdder_4bit:u1|FAdder_1bit:u1 ; FAdder_1bit  ; work         ;
;                |FAdder_1bit:u2| ; 1 (1)               ; 0 (0)                     ; 0                 ; 0          ; 0    ; 0            ; |Multiplier|Mul_4bit:u4|altAdder:u5|FAdder:u1|FAdder_4bit:u1|FAdder_1bit:u2 ; FAdder_1bit  ; work         ;
;                |FAdder_1bit:u3| ; 2 (2)               ; 0 (0)                     ; 0                 ; 0          ; 0    ; 0            ; |Multiplier|Mul_4bit:u4|altAdder:u5|FAdder:u1|FAdder_4bit:u1|FAdder_1bit:u3 ; FAdder_1bit  ; work         ;
;             |FAdder_4bit:u2|    ; 6 (0)               ; 0 (0)                     ; 0                 ; 0          ; 0    ; 0            ; |Multiplier|Mul_4bit:u4|altAdder:u5|FAdder:u1|FAdder_4bit:u2                ; FAdder_4bit  ; work         ;
;                |FAdder_1bit:u0| ; 1 (1)               ; 0 (0)                     ; 0                 ; 0          ; 0    ; 0            ; |Multiplier|Mul_4bit:u4|altAdder:u5|FAdder:u1|FAdder_4bit:u2|FAdder_1bit:u0 ; FAdder_1bit  ; work         ;
;                |FAdder_1bit:u1| ; 2 (2)               ; 0 (0)                     ; 0                 ; 0          ; 0    ; 0            ; |Multiplier|Mul_4bit:u4|altAdder:u5|FAdder:u1|FAdder_4bit:u2|FAdder_1bit:u1 ; FAdder_1bit  ; work         ;
;                |FAdder_1bit:u2| ; 1 (1)               ; 0 (0)                     ; 0                 ; 0          ; 0    ; 0            ; |Multiplier|Mul_4bit:u4|altAdder:u5|FAdder:u1|FAdder_4bit:u2|FAdder_1bit:u2 ; FAdder_1bit  ; work         ;
;                |FAdder_1bit:u3| ; 2 (2)               ; 0 (0)                     ; 0                 ; 0          ; 0    ; 0            ; |Multiplier|Mul_4bit:u4|altAdder:u5|FAdder:u1|FAdder_4bit:u2|FAdder_1bit:u3 ; FAdder_1bit  ; work         ;
;             |FAdder_4bit:u3|    ; 6 (0)               ; 0 (0)                     ; 0                 ; 0          ; 0    ; 0            ; |Multiplier|Mul_4bit:u4|altAdder:u5|FAdder:u1|FAdder_4bit:u3                ; FAdder_4bit  ; work         ;
;                |FAdder_1bit:u0| ; 2 (2)               ; 0 (0)                     ; 0                 ; 0          ; 0    ; 0            ; |Multiplier|Mul_4bit:u4|altAdder:u5|FAdder:u1|FAdder_4bit:u3|FAdder_1bit:u0 ; FAdder_1bit  ; work         ;
;                |FAdder_1bit:u1| ; 1 (1)               ; 0 (0)                     ; 0                 ; 0          ; 0    ; 0            ; |Multiplier|Mul_4bit:u4|altAdder:u5|FAdder:u1|FAdder_4bit:u3|FAdder_1bit:u1 ; FAdder_1bit  ; work         ;
;                |FAdder_1bit:u2| ; 2 (2)               ; 0 (0)                     ; 0                 ; 0          ; 0    ; 0            ; |Multiplier|Mul_4bit:u4|altAdder:u5|FAdder:u1|FAdder_4bit:u3|FAdder_1bit:u2 ; FAdder_1bit  ; work         ;
;                |FAdder_1bit:u3| ; 1 (1)               ; 0 (0)                     ; 0                 ; 0          ; 0    ; 0            ; |Multiplier|Mul_4bit:u4|altAdder:u5|FAdder:u1|FAdder_4bit:u3|FAdder_1bit:u3 ; FAdder_1bit  ; work         ;
;       |altAdder:u7|             ; 22 (0)              ; 0 (0)                     ; 0                 ; 0          ; 0    ; 0            ; |Multiplier|Mul_4bit:u4|altAdder:u7                                         ; altAdder     ; work         ;
;          |FAdder:u1|            ; 22 (0)              ; 0 (0)                     ; 0                 ; 0          ; 0    ; 0            ; |Multiplier|Mul_4bit:u4|altAdder:u7|FAdder:u1                               ; FAdder       ; work         ;
;             |FAdder_4bit:u0|    ; 6 (0)               ; 0 (0)                     ; 0                 ; 0          ; 0    ; 0            ; |Multiplier|Mul_4bit:u4|altAdder:u7|FAdder:u1|FAdder_4bit:u0                ; FAdder_4bit  ; work         ;
;                |FAdder_1bit:u0| ; 1 (1)               ; 0 (0)                     ; 0                 ; 0          ; 0    ; 0            ; |Multiplier|Mul_4bit:u4|altAdder:u7|FAdder:u1|FAdder_4bit:u0|FAdder_1bit:u0 ; FAdder_1bit  ; work         ;
;                |FAdder_1bit:u1| ; 2 (2)               ; 0 (0)                     ; 0                 ; 0          ; 0    ; 0            ; |Multiplier|Mul_4bit:u4|altAdder:u7|FAdder:u1|FAdder_4bit:u0|FAdder_1bit:u1 ; FAdder_1bit  ; work         ;
;                |FAdder_1bit:u2| ; 1 (1)               ; 0 (0)                     ; 0                 ; 0          ; 0    ; 0            ; |Multiplier|Mul_4bit:u4|altAdder:u7|FAdder:u1|FAdder_4bit:u0|FAdder_1bit:u2 ; FAdder_1bit  ; work         ;
;                |FAdder_1bit:u3| ; 2 (2)               ; 0 (0)                     ; 0                 ; 0          ; 0    ; 0            ; |Multiplier|Mul_4bit:u4|altAdder:u7|FAdder:u1|FAdder_4bit:u0|FAdder_1bit:u3 ; FAdder_1bit  ; work         ;
;             |FAdder_4bit:u1|    ; 6 (0)               ; 0 (0)                     ; 0                 ; 0          ; 0    ; 0            ; |Multiplier|Mul_4bit:u4|altAdder:u7|FAdder:u1|FAdder_4bit:u1                ; FAdder_4bit  ; work         ;
;                |FAdder_1bit:u0| ; 2 (2)               ; 0 (0)                     ; 0                 ; 0          ; 0    ; 0            ; |Multiplier|Mul_4bit:u4|altAdder:u7|FAdder:u1|FAdder_4bit:u1|FAdder_1bit:u0 ; FAdder_1bit  ; work         ;
;                |FAdder_1bit:u1| ; 1 (1)               ; 0 (0)                     ; 0                 ; 0          ; 0    ; 0            ; |Multiplier|Mul_4bit:u4|altAdder:u7|FAdder:u1|FAdder_4bit:u1|FAdder_1bit:u1 ; FAdder_1bit  ; work         ;
;                |FAdder_1bit:u2| ; 2 (2)               ; 0 (0)                     ; 0                 ; 0          ; 0    ; 0            ; |Multiplier|Mul_4bit:u4|altAdder:u7|FAdder:u1|FAdder_4bit:u1|FAdder_1bit:u2 ; FAdder_1bit  ; work         ;
;                |FAdder_1bit:u3| ; 1 (1)               ; 0 (0)                     ; 0                 ; 0          ; 0    ; 0            ; |Multiplier|Mul_4bit:u4|altAdder:u7|FAdder:u1|FAdder_4bit:u1|FAdder_1bit:u3 ; FAdder_1bit  ; work         ;
;             |FAdder_4bit:u2|    ; 6 (0)               ; 0 (0)                     ; 0                 ; 0          ; 0    ; 0            ; |Multiplier|Mul_4bit:u4|altAdder:u7|FAdder:u1|FAdder_4bit:u2                ; FAdder_4bit  ; work         ;
;                |FAdder_1bit:u0| ; 2 (2)               ; 0 (0)                     ; 0                 ; 0          ; 0    ; 0            ; |Multiplier|Mul_4bit:u4|altAdder:u7|FAdder:u1|FAdder_4bit:u2|FAdder_1bit:u0 ; FAdder_1bit  ; work         ;
;                |FAdder_1bit:u1| ; 1 (1)               ; 0 (0)                     ; 0                 ; 0          ; 0    ; 0            ; |Multiplier|Mul_4bit:u4|altAdder:u7|FAdder:u1|FAdder_4bit:u2|FAdder_1bit:u1 ; FAdder_1bit  ; work         ;
;                |FAdder_1bit:u2| ; 2 (2)               ; 0 (0)                     ; 0                 ; 0          ; 0    ; 0            ; |Multiplier|Mul_4bit:u4|altAdder:u7|FAdder:u1|FAdder_4bit:u2|FAdder_1bit:u2 ; FAdder_1bit  ; work         ;
;                |FAdder_1bit:u3| ; 1 (1)               ; 0 (0)                     ; 0                 ; 0          ; 0    ; 0            ; |Multiplier|Mul_4bit:u4|altAdder:u7|FAdder:u1|FAdder_4bit:u2|FAdder_1bit:u3 ; FAdder_1bit  ; work         ;
;             |FAdder_4bit:u3|    ; 4 (0)               ; 0 (0)                     ; 0                 ; 0          ; 0    ; 0            ; |Multiplier|Mul_4bit:u4|altAdder:u7|FAdder:u1|FAdder_4bit:u3                ; FAdder_4bit  ; work         ;
;                |FAdder_1bit:u0| ; 2 (2)               ; 0 (0)                     ; 0                 ; 0          ; 0    ; 0            ; |Multiplier|Mul_4bit:u4|altAdder:u7|FAdder:u1|FAdder_4bit:u3|FAdder_1bit:u0 ; FAdder_1bit  ; work         ;
;                |FAdder_1bit:u1| ; 2 (2)               ; 0 (0)                     ; 0                 ; 0          ; 0    ; 0            ; |Multiplier|Mul_4bit:u4|altAdder:u7|FAdder:u1|FAdder_4bit:u3|FAdder_1bit:u1 ; FAdder_1bit  ; work         ;
;    |mux2x1_16bit:v3|            ; 15 (15)             ; 0 (0)                     ; 0                 ; 0          ; 0    ; 0            ; |Multiplier|mux2x1_16bit:v3                                                 ; mux2x1_16bit ; work         ;
;    |mux2x1_16bit:v4|            ; 15 (15)             ; 0 (0)                     ; 0                 ; 0          ; 0    ; 0            ; |Multiplier|mux2x1_16bit:v4                                                 ; mux2x1_16bit ; work         ;
;    |mux2x1_16bit:v6|            ; 17 (17)             ; 0 (0)                     ; 0                 ; 0          ; 0    ; 0            ; |Multiplier|mux2x1_16bit:v6                                                 ; mux2x1_16bit ; work         ;
;    |mux2x1_16bit:v7|            ; 15 (15)             ; 0 (0)                     ; 0                 ; 0          ; 0    ; 0            ; |Multiplier|mux2x1_16bit:v7                                                 ; mux2x1_16bit ; work         ;
+---------------------------------+---------------------+---------------------------+-------------------+------------+------+--------------+-----------------------------------------------------------------------------+--------------+--------------+
Note: For table entries with two numbers listed, the numbers in parentheses indicate the number of resources of the given type used by the specific entity alone. The numbers listed outside of parentheses indicate the total resources of the given type used by the specific entity and all of its sub-entities in the hierarchy.


+------------------------------------------------------+
; General Register Statistics                          ;
+----------------------------------------------+-------+
; Statistic                                    ; Value ;
+----------------------------------------------+-------+
; Total registers                              ; 0     ;
; Number of registers using Synchronous Clear  ; 0     ;
; Number of registers using Synchronous Load   ; 0     ;
; Number of registers using Asynchronous Clear ; 0     ;
; Number of registers using Asynchronous Load  ; 0     ;
; Number of registers using Clock Enable       ; 0     ;
; Number of registers using Preset             ; 0     ;
+----------------------------------------------+-------+


+----------------------------------------------------------------------------------------------------------------+
; Port Connectivity Checks: "FAdder_32bit:v5"                                                                    ;
+------+--------+----------+-------------------------------------------------------------------------------------+
; Port ; Type   ; Severity ; Details                                                                             ;
+------+--------+----------+-------------------------------------------------------------------------------------+
; a    ; Input  ; Info     ; Stuck at GND                                                                        ;
; ci   ; Input  ; Info     ; Stuck at VCC                                                                        ;
; co   ; Output ; Info     ; Connected to dangling logic. Logic that only feeds a dangling port will be removed. ;
+------+--------+----------+-------------------------------------------------------------------------------------+


+----------------------------------------------------------------------------------------------------------------+
; Port Connectivity Checks: "FAdder_32bit:u7"                                                                    ;
+------+--------+----------+-------------------------------------------------------------------------------------+
; Port ; Type   ; Severity ; Details                                                                             ;
+------+--------+----------+-------------------------------------------------------------------------------------+
; ci   ; Input  ; Info     ; Stuck at GND                                                                        ;
; co   ; Output ; Info     ; Connected to dangling logic. Logic that only feeds a dangling port will be removed. ;
+------+--------+----------+-------------------------------------------------------------------------------------+


+---------------------------------------------------------------------------------------------------------------------+
; Port Connectivity Checks: "FAdder_32bit:u6"                                                                         ;
+-----------+--------+----------+-------------------------------------------------------------------------------------+
; Port      ; Type   ; Severity ; Details                                                                             ;
+-----------+--------+----------+-------------------------------------------------------------------------------------+
; a[31..28] ; Input  ; Info     ; Stuck at GND                                                                        ;
; a[7..0]   ; Input  ; Info     ; Stuck at GND                                                                        ;
; b[11..0]  ; Input  ; Info     ; Stuck at GND                                                                        ;
; ci        ; Input  ; Info     ; Stuck at GND                                                                        ;
; co        ; Output ; Info     ; Connected to dangling logic. Logic that only feeds a dangling port will be removed. ;
+-----------+--------+----------+-------------------------------------------------------------------------------------+


+---------------------------------------------------------------------------------------------------------------------+
; Port Connectivity Checks: "FAdder_32bit:u5"                                                                         ;
+-----------+--------+----------+-------------------------------------------------------------------------------------+
; Port      ; Type   ; Severity ; Details                                                                             ;
+-----------+--------+----------+-------------------------------------------------------------------------------------+
; a[31..20] ; Input  ; Info     ; Stuck at GND                                                                        ;
; b[31..24] ; Input  ; Info     ; Stuck at GND                                                                        ;
; b[3..0]   ; Input  ; Info     ; Stuck at GND                                                                        ;
; ci        ; Input  ; Info     ; Stuck at GND                                                                        ;
; co        ; Output ; Info     ; Connected to dangling logic. Logic that only feeds a dangling port will be removed. ;
+-----------+--------+----------+-------------------------------------------------------------------------------------+


+-----------------------------------------------------+
; Port Connectivity Checks: "Mul_4bit:u1|altAdder:u7" ;
+------+-------+----------+---------------------------+
; Port ; Type  ; Severity ; Details                   ;
+------+-------+----------+---------------------------+
; ci   ; Input ; Info     ; Stuck at GND              ;
+------+-------+----------+---------------------------+


+-----------------------------------------------------+
; Port Connectivity Checks: "Mul_4bit:u1|altAdder:u5" ;
+------+-------+----------+---------------------------+
; Port ; Type  ; Severity ; Details                   ;
+------+-------+----------+---------------------------+
; ci   ; Input ; Info     ; Stuck at GND              ;
+------+-------+----------+---------------------------+


+-----------------------------------------------------+
; Port Connectivity Checks: "Mul_4bit:u1|altAdder:u3" ;
+-------+-------+----------+--------------------------+
; Port  ; Type  ; Severity ; Details                  ;
+-------+-------+----------+--------------------------+
; a[15] ; Input ; Info     ; Stuck at GND             ;
; ci    ; Input ; Info     ; Stuck at GND             ;
+-------+-------+----------+--------------------------+


+----------------------------------------------------------------------------------------------------------------+
; Port Connectivity Checks: "FAdder:v2"                                                                          ;
+------+--------+----------+-------------------------------------------------------------------------------------+
; Port ; Type   ; Severity ; Details                                                                             ;
+------+--------+----------+-------------------------------------------------------------------------------------+
; a    ; Input  ; Info     ; Stuck at GND                                                                        ;
; ci   ; Input  ; Info     ; Stuck at VCC                                                                        ;
; co   ; Output ; Info     ; Connected to dangling logic. Logic that only feeds a dangling port will be removed. ;
+------+--------+----------+-------------------------------------------------------------------------------------+


+----------------------------------------------------------------------------------------------------------------+
; Port Connectivity Checks: "FAdder:v1"                                                                          ;
+------+--------+----------+-------------------------------------------------------------------------------------+
; Port ; Type   ; Severity ; Details                                                                             ;
+------+--------+----------+-------------------------------------------------------------------------------------+
; a    ; Input  ; Info     ; Stuck at GND                                                                        ;
; ci   ; Input  ; Info     ; Stuck at VCC                                                                        ;
; co   ; Output ; Info     ; Connected to dangling logic. Logic that only feeds a dangling port will be removed. ;
+------+--------+----------+-------------------------------------------------------------------------------------+


+-----------------------------------------------------+
; Post-Synthesis Netlist Statistics for Top Partition ;
+-----------------------+-----------------------------+
; Type                  ; Count                       ;
+-----------------------+-----------------------------+
; arriav_lcell_comb     ; 566                         ;
;     normal            ; 566                         ;
;         2 data inputs ; 95                          ;
;         3 data inputs ; 63                          ;
;         4 data inputs ; 118                         ;
;         5 data inputs ; 83                          ;
;         6 data inputs ; 207                         ;
; boundary_port         ; 64                          ;
;                       ;                             ;
; Max LUT depth         ; 17.00                       ;
; Average LUT depth     ; 16.08                       ;
+-----------------------+-----------------------------+


+-------------------------------+
; Elapsed Time Per Partition    ;
+----------------+--------------+
; Partition Name ; Elapsed Time ;
+----------------+--------------+
; Top            ; 00:00:11     ;
+----------------+--------------+


+-------------------------------+
; Analysis & Synthesis Messages ;
+-------------------------------+
Info: *******************************************************************
Info: Running Quartus Prime Analysis & Synthesis
    Info: Version 23.1std.0 Build 991 11/28/2023 SC Lite Edition
    Info: Processing started: Mon Jun 15 09:48:37 2026
Info: Command: quartus_map --read_settings_files=on --write_settings_files=off Multiplier -c Multiplier
Warning (18236): Number of processors has not been specified which may cause overloading on shared machines.  Set the global assignment NUM_PARALLEL_PROCESSORS in your QSF to an appropriate value for best performance.
Info (20030): Parallel compilation is enabled and will use 2 of the 2 processors detected
Info (12021): Found 18 design units, including 9 entities, in source file multiplier.vhd
    Info (12022): Found design unit 1: FAdder_1bit-behavior File: C:/Users/Kidus/Documents/GitHub/First_DSD/16-bit Calculator/Multiplier/Multiplier.vhd Line: 14
    Info (12022): Found design unit 2: FAdder_4bit-behavior File: C:/Users/Kidus/Documents/GitHub/First_DSD/16-bit Calculator/Multiplier/Multiplier.vhd Line: 35
    Info (12022): Found design unit 3: FAdder-behavior File: C:/Users/Kidus/Documents/GitHub/First_DSD/16-bit Calculator/Multiplier/Multiplier.vhd Line: 66
    Info (12022): Found design unit 4: altAdder-behavior File: C:/Users/Kidus/Documents/GitHub/First_DSD/16-bit Calculator/Multiplier/Multiplier.vhd Line: 105
    Info (12022): Found design unit 5: FAdder_32bit-behavior File: C:/Users/Kidus/Documents/GitHub/First_DSD/16-bit Calculator/Multiplier/Multiplier.vhd Line: 138
    Info (12022): Found design unit 6: mux2x1_16bit-behavior File: C:/Users/Kidus/Documents/GitHub/First_DSD/16-bit Calculator/Multiplier/Multiplier.vhd Line: 169
    Info (12022): Found design unit 7: Mul_1bit-behavior File: C:/Users/Kidus/Documents/GitHub/First_DSD/16-bit Calculator/Multiplier/Multiplier.vhd Line: 191
    Info (12022): Found design unit 8: Mul_4bit-behavior File: C:/Users/Kidus/Documents/GitHub/First_DSD/16-bit Calculator/Multiplier/Multiplier.vhd Line: 212
    Info (12022): Found design unit 9: Multiplier-behavior File: C:/Users/Kidus/Documents/GitHub/First_DSD/16-bit Calculator/Multiplier/Multiplier.vhd Line: 262
    Info (12023): Found entity 1: FAdder_1bit File: C:/Users/Kidus/Documents/GitHub/First_DSD/16-bit Calculator/Multiplier/Multiplier.vhd Line: 7
    Info (12023): Found entity 2: FAdder_4bit File: C:/Users/Kidus/Documents/GitHub/First_DSD/16-bit Calculator/Multiplier/Multiplier.vhd Line: 26
    Info (12023): Found entity 3: FAdder File: C:/Users/Kidus/Documents/GitHub/First_DSD/16-bit Calculator/Multiplier/Multiplier.vhd Line: 57
    Info (12023): Found entity 4: altAdder File: C:/Users/Kidus/Documents/GitHub/First_DSD/16-bit Calculator/Multiplier/Multiplier.vhd Line: 96
    Info (12023): Found entity 5: FAdder_32bit File: C:/Users/Kidus/Documents/GitHub/First_DSD/16-bit Calculator/Multiplier/Multiplier.vhd Line: 129
    Info (12023): Found entity 6: mux2x1_16bit File: C:/Users/Kidus/Documents/GitHub/First_DSD/16-bit Calculator/Multiplier/Multiplier.vhd Line: 161
    Info (12023): Found entity 7: Mul_1bit File: C:/Users/Kidus/Documents/GitHub/First_DSD/16-bit Calculator/Multiplier/Multiplier.vhd Line: 183
    Info (12023): Found entity 8: Mul_4bit File: C:/Users/Kidus/Documents/GitHub/First_DSD/16-bit Calculator/Multiplier/Multiplier.vhd Line: 204
    Info (12023): Found entity 9: Multiplier File: C:/Users/Kidus/Documents/GitHub/First_DSD/16-bit Calculator/Multiplier/Multiplier.vhd Line: 255
Info (12127): Elaborating entity "Multiplier" for the top level hierarchy
Warning (10036): Verilog HDL or VHDL warning at Multiplier.vhd(301): object "c0" assigned a value but never read File: C:/Users/Kidus/Documents/GitHub/First_DSD/16-bit Calculator/Multiplier/Multiplier.vhd Line: 301
Warning (10036): Verilog HDL or VHDL warning at Multiplier.vhd(301): object "c1" assigned a value but never read File: C:/Users/Kidus/Documents/GitHub/First_DSD/16-bit Calculator/Multiplier/Multiplier.vhd Line: 301
Warning (10036): Verilog HDL or VHDL warning at Multiplier.vhd(301): object "c2" assigned a value but never read File: C:/Users/Kidus/Documents/GitHub/First_DSD/16-bit Calculator/Multiplier/Multiplier.vhd Line: 301
Warning (10036): Verilog HDL or VHDL warning at Multiplier.vhd(301): object "c3" assigned a value but never read File: C:/Users/Kidus/Documents/GitHub/First_DSD/16-bit Calculator/Multiplier/Multiplier.vhd Line: 301
Warning (10036): Verilog HDL or VHDL warning at Multiplier.vhd(301): object "c4" assigned a value but never read File: C:/Users/Kidus/Documents/GitHub/First_DSD/16-bit Calculator/Multiplier/Multiplier.vhd Line: 301
Warning (10036): Verilog HDL or VHDL warning at Multiplier.vhd(301): object "c5" assigned a value but never read File: C:/Users/Kidus/Documents/GitHub/First_DSD/16-bit Calculator/Multiplier/Multiplier.vhd Line: 301
Info (12128): Elaborating entity "FAdder" for hierarchy "FAdder:v1" File: C:/Users/Kidus/Documents/GitHub/First_DSD/16-bit Calculator/Multiplier/Multiplier.vhd Line: 305
Info (12128): Elaborating entity "FAdder_4bit" for hierarchy "FAdder:v1|FAdder_4bit:u0" File: C:/Users/Kidus/Documents/GitHub/First_DSD/16-bit Calculator/Multiplier/Multiplier.vhd Line: 79
Info (12128): Elaborating entity "FAdder_1bit" for hierarchy "FAdder:v1|FAdder_4bit:u0|FAdder_1bit:u0" File: C:/Users/Kidus/Documents/GitHub/First_DSD/16-bit Calculator/Multiplier/Multiplier.vhd Line: 45
Info (12128): Elaborating entity "mux2x1_16bit" for hierarchy "mux2x1_16bit:v3" File: C:/Users/Kidus/Documents/GitHub/First_DSD/16-bit Calculator/Multiplier/Multiplier.vhd Line: 307
Info (12128): Elaborating entity "Mul_4bit" for hierarchy "Mul_4bit:u1" File: C:/Users/Kidus/Documents/GitHub/First_DSD/16-bit Calculator/Multiplier/Multiplier.vhd Line: 309
Info (12128): Elaborating entity "Mul_1bit" for hierarchy "Mul_4bit:u1|Mul_1bit:u1" File: C:/Users/Kidus/Documents/GitHub/First_DSD/16-bit Calculator/Multiplier/Multiplier.vhd Line: 233
Info (12128): Elaborating entity "altAdder" for hierarchy "Mul_4bit:u1|altAdder:u3" File: C:/Users/Kidus/Documents/GitHub/First_DSD/16-bit Calculator/Multiplier/Multiplier.vhd Line: 238
Info (12128): Elaborating entity "FAdder_32bit" for hierarchy "FAdder_32bit:u5" File: C:/Users/Kidus/Documents/GitHub/First_DSD/16-bit Calculator/Multiplier/Multiplier.vhd Line: 314
Info (286030): Timing-Driven Synthesis is running
Info (16010): Generating hard_block partition "hard_block:auto_generated_inst"
    Info (16011): Adding 0 node(s), including 0 DDIO, 0 PLL, 0 transceiver and 0 LCELL
Info (21057): Implemented 630 device resources after synthesis - the final resource count might be different
    Info (21058): Implemented 32 input pins
    Info (21059): Implemented 32 output pins
    Info (21061): Implemented 566 logic cells
Info: Quartus Prime Analysis & Synthesis was successful. 0 errors, 7 warnings
    Info: Peak virtual memory: 4862 megabytes
    Info: Processing ended: Mon Jun 15 09:49:08 2026
    Info: Elapsed time: 00:00:31
    Info: Total CPU time (on all processors): 00:00:32


